JvmtiExport can_access_local_variables 0
JvmtiExport can_hotswap_or_post_breakpoint 0
JvmtiExport can_post_on_exceptions 0
# 225 ciObject found
instanceKlass com/sun/beans/finder/InstanceFinder
instanceKlass java/beans/WeakIdentityMap
instanceKlass java/beans/ThreadGroupContext
instanceKlass org/apache/commons/lang/text/StrSubstitutor
instanceKlass com/netflix/config/DynamicProperty$DynamicPropertyListener
instanceKlass com/netflix/config/PropertyListener
instanceKlass com/netflix/config/DynamicProperty$CachedValue
instanceKlass com/netflix/config/DynamicProperty
instanceKlass com/netflix/config/ConfigurationBackedDynamicPropertySupportImpl
instanceKlass com/netflix/config/DynamicPropertySupport
instanceKlass com/netflix/config/PropertyWrapper
instanceKlass com/netflix/config/Property
instanceKlass com/netflix/config/DynamicPropertyFactory
instanceKlass com/netflix/config/ExpandedConfigurationListenerAdapter
instanceKlass org/springframework/boot/origin/SystemEnvironmentOrigin
instanceKlass org/apache/commons/configuration/PropertyConverter
instanceKlass com/netflix/config/ConfigurationBasedDeploymentContext$1
instanceKlass com/netflix/config/SimpleDeploymentContext
instanceKlass com/netflix/config/DeploymentContext
instanceKlass com/netflix/config/ConfigurationManager
instanceKlass org/apache/commons/configuration/FileSystemBased
instanceKlass org/apache/commons/configuration/FileConfiguration
instanceKlass com/netflix/config/sources/URLConfigurationSource
instanceKlass com/netflix/config/PolledConfigurationSource
instanceKlass com/netflix/config/AbstractPollingScheduler
instanceKlass com/netflix/config/ConcurrentCompositeConfiguration$1
instanceKlass org/springframework/beans/factory/annotation/InitDestroyAnnotationBeanPostProcessor$LifecycleElement
instanceKlass org/springframework/boot/actuate/endpoint/annotation/ReadOperation
instanceKlass org/springframework/util/ConcurrencyThrottleSupport
instanceKlass org/springframework/data/redis/connection/Message
instanceKlass org/springframework/data/redis/connection/util/ByteArrayWrapper
instanceKlass org/springframework/data/redis/listener/Topic
instanceKlass org/springframework/data/redis/listener/RedisMessageListenerContainer$SubscriptionTask$SubscriptionPresentCondition
instanceKlass org/springframework/data/redis/connection/MessageListener
instanceKlass org/springframework/data/redis/listener/RedisMessageListenerContainer$Condition
instanceKlass org/springframework/data/redis/listener/RedisMessageListenerContainer$SubscriptionTask
instanceKlass org/springframework/scheduling/SchedulingAwareRunnable
instanceKlass org/springframework/core/serializer/DefaultDeserializer
instanceKlass org/springframework/core/serializer/Deserializer
instanceKlass org/springframework/core/serializer/support/DeserializingConverter
instanceKlass org/springframework/core/serializer/DefaultSerializer
instanceKlass org/springframework/core/serializer/Serializer
instanceKlass org/springframework/core/serializer/support/SerializingConverter
instanceKlass org/springframework/data/redis/serializer/JdkSerializationRedisSerializer
instanceKlass org/springframework/data/redis/serializer/DefaultRedisElementWriter
instanceKlass org/springframework/data/redis/serializer/DefaultRedisElementReader
instanceKlass org/springframework/data/redis/serializer/DefaultSerializationPair
instanceKlass org/springframework/data/redis/serializer/RedisElementReader
instanceKlass org/springframework/data/redis/serializer/RedisElementWriter
instanceKlass org/springframework/data/redis/serializer/RedisSerializerToSerializationPairAdapter
instanceKlass org/springframework/data/redis/serializer/RedisSerializationContext$SerializationPair
instanceKlass org/springframework/data/redis/cache/CacheKeyPrefix$$Lambda$426
instanceKlass org/springframework/data/redis/cache/CacheKeyPrefix
instanceKlass org/springframework/data/redis/cache/RedisCacheConfiguration$$Lambda$425
instanceKlass org/springframework/cache/interceptor/SimpleKey
instanceKlass org/springframework/data/redis/cache/RedisCacheConfiguration$$Lambda$424
instanceKlass org/springframework/data/redis/cache/RedisCacheConfiguration
instanceKlass org/springframework/data/redis/cache/DefaultRedisCacheWriter
instanceKlass org/springframework/data/redis/cache/RedisCacheWriter
instanceKlass org/springframework/data/redis/cache/RedisCacheManager$RedisCacheManagerBuilder
instanceKlass com/petrel/common/entity/fish/FishingFish
instanceKlass com/petrel/common/config/FishRedisValue
instanceKlass com/petrel/common/entity/game/ControlUser
instanceKlass com/petrel/common/entity/game/ControlSpecial
instanceKlass com/petrel/common/entity/game/ControlVip
instanceKlass com/petrel/common/entity/game/ControlRoom
instanceKlass com/zebra/net/config/IRequestMapping
instanceKlass com/zebra/rpc/register/ServerRegistryRequest
instanceKlass com/petrel/slots/core/game/zzdzz/dto/ZzdzzInRoom
instanceKlass com/petrel/slots/core/game/szxz/dto/SzxzInRoom
instanceKlass com/petrel/common/entity/user/UserProcess
instanceKlass com/petrel/common/entity/record/InoutRoom
instanceKlass com/petrel/slots/core/game/wdls/dto/BkVo
instanceKlass com/petrel/slots/core/game/tjcs/service/TjcsBonusService
instanceKlass org/slf4j/Marker
instanceKlass com/petrel/slots/core/game/jsxs/dto/JsxsBonusVo
instanceKlass com/petrel/slots/core/game/ajyh/dto/AjyhBonusVo
instanceKlass com/zebra/net/session/Session
instanceKlass com/github/benmanes/caffeine/cache/Scheduler
instanceKlass com/github/benmanes/caffeine/cache/LinkedDeque$PeekingIterator
instanceKlass com/github/benmanes/caffeine/cache/Ticker
instanceKlass com/github/benmanes/caffeine/cache/BoundedLocalCache$$Lambda$423
instanceKlass com/github/benmanes/caffeine/cache/StripedBuffer
instanceKlass com/github/benmanes/caffeine/cache/Node
instanceKlass com/github/benmanes/caffeine/cache/References$InternalReference
instanceKlass com/github/benmanes/caffeine/cache/NodeFactory
instanceKlass com/github/benmanes/caffeine/cache/CacheWriter
instanceKlass java/util/concurrent/ForkJoinPool$CommonPoolForkJoinWorkerThreadFactory
instanceKlass java/util/concurrent/ForkJoinPool$1
instanceKlass java/util/concurrent/ForkJoinPool$DefaultForkJoinWorkerThreadFactory
instanceKlass java/util/concurrent/ForkJoinTask
instanceKlass java/util/concurrent/ForkJoinPool$WorkQueue
instanceKlass java/util/concurrent/ForkJoinPool$ForkJoinWorkerThreadFactory
instanceKlass com/github/benmanes/caffeine/base/UnsafeAccess
instanceKlass com/github/benmanes/caffeine/cache/LinkedDeque
instanceKlass com/github/benmanes/caffeine/cache/WriteOrderDeque$WriteOrder
instanceKlass com/github/benmanes/caffeine/cache/AccessOrderDeque$AccessOrder
instanceKlass com/github/benmanes/caffeine/cache/Buffer
instanceKlass com/github/benmanes/caffeine/cache/CacheLoader
instanceKlass com/github/benmanes/caffeine/cache/LocalCacheFactory
instanceKlass com/github/benmanes/caffeine/cache/Policy
instanceKlass com/github/benmanes/caffeine/cache/LocalCache
instanceKlass com/github/benmanes/caffeine/cache/BoundedLocalCache$BoundedLocalManualCache
instanceKlass com/github/benmanes/caffeine/cache/LocalManualCache
instanceKlass com/github/benmanes/caffeine/cache/Caffeine$$Lambda$422
instanceKlass com/github/benmanes/caffeine/cache/stats/ConcurrentStatsCounter
instanceKlass com/github/benmanes/caffeine/cache/stats/StatsCounter
instanceKlass com/github/benmanes/caffeine/cache/AsyncCacheLoader
instanceKlass com/github/benmanes/caffeine/cache/AsyncLoadingCache
instanceKlass com/github/benmanes/caffeine/cache/AsyncCache
instanceKlass com/github/benmanes/caffeine/cache/Expiry
instanceKlass com/github/benmanes/caffeine/cache/Weigher
instanceKlass com/github/benmanes/caffeine/cache/LoadingCache
instanceKlass com/petrel/slots/core/common/handler/CacheConfig$$Lambda$421
instanceKlass com/petrel/common/vo/EnterRoomVO
instanceKlass com/petrel/slots/core/game/rz/dto/KillRzVo
instanceKlass org/springframework/boot/task/TaskSchedulerBuilder$$Lambda$420
instanceKlass org/springframework/boot/task/TaskSchedulerBuilder$$Lambda$419
instanceKlass org/springframework/boot/context/properties/PropertyMapper$Source$$Lambda$418
instanceKlass org/springframework/boot/context/properties/PropertyMapper$Source$$Lambda$417
instanceKlass org/springframework/boot/context/properties/PropertyMapper$Source$$Lambda$416
instanceKlass org/springframework/boot/context/properties/PropertyMapper$Source$$Lambda$415
instanceKlass org/springframework/boot/task/TaskSchedulerBuilder$$Lambda$414
instanceKlass org/springframework/boot/task/TaskSchedulerBuilder$$Lambda$413
instanceKlass org/springframework/boot/task/TaskSchedulerBuilder$$Lambda$412
instanceKlass java/lang/invoke/LambdaForm$DMH
instanceKlass org/springframework/boot/context/properties/PropertyMapper$Source$$Lambda$411
instanceKlass org/springframework/boot/context/properties/PropertyMapper$NullPointerExceptionSafeSupplier
instanceKlass org/springframework/boot/context/properties/PropertyMapper$CachingSupplier
instanceKlass org/springframework/boot/context/properties/PropertyMapper$$Lambda$410
instanceKlass org/springframework/boot/context/properties/PropertyMapper$$Lambda$409
instanceKlass org/springframework/boot/context/properties/PropertyMapper$SourceOperator
instanceKlass org/springframework/boot/context/properties/PropertyMapper$Source
instanceKlass org/springframework/boot/context/properties/PropertyMapper$$Lambda$408
instanceKlass org/springframework/boot/context/properties/PropertyMapper
instanceKlass org/springframework/beans/factory/support/DefaultListableBeanFactory$$Lambda$407
instanceKlass org/springframework/beans/factory/support/DefaultListableBeanFactory$$Lambda$406
instanceKlass org/springframework/boot/task/TaskSchedulerBuilder$$Lambda$405
instanceKlass org/springframework/boot/task/TaskSchedulerCustomizer
instanceKlass com/petrel/slots/core/game/ygbh/dto/YgbhInRoom
instanceKlass com/petrel/slots/core/game/mnyys/dto/MnyysInRoom
instanceKlass com/petrel/slots/core/game/csll/dto/CsllBonusVo
instanceKlass org/springframework/beans/PropertyAccessorFactory
instanceKlass org/springframework/validation/MessageCodeFormatter
instanceKlass org/springframework/validation/DefaultMessageCodesResolver
instanceKlass org/springframework/validation/MessageCodesResolver
instanceKlass org/springframework/validation/DefaultBindingErrorProcessor
instanceKlass org/springframework/validation/AbstractErrors
instanceKlass org/springframework/validation/BindingErrorProcessor
instanceKlass org/springframework/validation/DataBinder
instanceKlass com/alibaba/nacos/spring/util/ObjectUtils$1
instanceKlass com/alibaba/nacos/spring/util/ObjectUtils
instanceKlass com/alibaba/nacos/api/config/annotation/NacosIgnore
instanceKlass com/alibaba/nacos/spring/util/NacosUtils$2
instanceKlass com/alibaba/nacos/spring/util/parse/DefaultYamlConfigParse$1
instanceKlass javax/xml/parsers/DocumentBuilder
instanceKlass javax/xml/parsers/DocumentBuilderFactory
instanceKlass com/alibaba/nacos/spring/util/parse/DefaultYamlConfigParse$MatchCallback
instanceKlass com/alibaba/nacos/spring/util/AbstractConfigParse
instanceKlass com/alibaba/nacos/spring/util/ConfigParse
instanceKlass com/alibaba/nacos/spring/util/ConfigParseUtils
instanceKlass com/alibaba/nacos/client/config/filter/impl/ConfigFilterChainManager$VirtualFilterChain
instanceKlass com/alibaba/nacos/client/config/impl/HttpSimpleClient$HttpResult
instanceKlass sun/net/www/http/KeepAliveStreamCleaner$2
instanceKlass sun/net/www/http/KeepAliveStreamCleaner$1
instanceKlass com/alibaba/nacos/common/utils/VersionUtils
instanceKlass sun/nio/fs/BasicFileAttributesHolder
instanceKlass sun/nio/fs/WindowsDirectoryStream$WindowsDirectoryIterator
instanceKlass sun/nio/fs/WindowsFileAttributes
instanceKlass java/nio/file/attribute/DosFileAttributes
instanceKlass java/nio/file/attribute/BasicFileAttributes
instanceKlass sun/nio/fs/NativeBuffer$Deallocator
instanceKlass sun/nio/fs/NativeBuffer
instanceKlass sun/nio/fs/NativeBuffers
instanceKlass sun/nio/fs/WindowsNativeDispatcher$BackupResult
instanceKlass sun/nio/fs/WindowsNativeDispatcher$CompletionStatus
instanceKlass sun/nio/fs/WindowsNativeDispatcher$AclInformation
instanceKlass sun/nio/fs/WindowsNativeDispatcher$Account
instanceKlass sun/nio/fs/WindowsNativeDispatcher$DiskFreeSpace
instanceKlass sun/nio/fs/WindowsNativeDispatcher$VolumeInformation
instanceKlass sun/nio/fs/WindowsNativeDispatcher$FirstStream
instanceKlass sun/nio/fs/WindowsNativeDispatcher$FirstFile
instanceKlass sun/nio/fs/WindowsNativeDispatcher$1
instanceKlass sun/nio/fs/WindowsNativeDispatcher
instanceKlass sun/nio/fs/WindowsDirectoryStream
instanceKlass java/nio/file/DirectoryStream
instanceKlass java/nio/file/Files$AcceptAllFilter
instanceKlass java/nio/file/DirectoryStream$Filter
instanceKlass java/nio/file/Files
instanceKlass sun/nio/fs/AbstractPath
instanceKlass sun/nio/fs/Util
instanceKlass sun/nio/fs/WindowsPathParser$Result
instanceKlass sun/nio/fs/WindowsPathParser
instanceKlass java/nio/file/FileSystem
instanceKlass java/nio/file/spi/FileSystemProvider
instanceKlass sun/nio/fs/DefaultFileSystemProvider
instanceKlass java/nio/file/FileSystems$DefaultFileSystemHolder$1
instanceKlass java/nio/file/FileSystems$DefaultFileSystemHolder
instanceKlass java/nio/file/FileSystems
instanceKlass sun/security/provider/SeedGenerator$1
instanceKlass sun/security/provider/SeedGenerator
instanceKlass sun/security/provider/SecureRandom$SeederHolder
instanceKlass java/security/SecureRandomSpi
instanceKlass java/util/UUID$Holder
instanceKlass com/alibaba/nacos/common/utils/UuidUtils
instanceKlass com/google/common/math/LongMath
instanceKlass com/google/common/util/concurrent/AbstractFuture$Failure
instanceKlass com/google/common/util/concurrent/AbstractFuture$Cancellation
instanceKlass com/google/common/util/concurrent/AbstractFuture$SetFuture
instanceKlass com/google/common/util/concurrent/Uninterruptibles
instanceKlass com/google/common/util/concurrent/RateLimiter$SleepingStopwatch
instanceKlass com/google/common/util/concurrent/RateLimiter
instanceKlass com/google/common/base/Stopwatch
instanceKlass com/google/common/util/concurrent/AbstractFuture$Waiter
instanceKlass com/google/common/util/concurrent/AbstractFuture$Listener
instanceKlass com/google/common/util/concurrent/AbstractFuture$UnsafeAtomicHelper$1
instanceKlass com/google/common/util/concurrent/AbstractFuture$AtomicHelper
instanceKlass com/google/common/util/concurrent/internal/InternalFutureFailureAccess
instanceKlass com/google/common/util/concurrent/AbstractFuture$Trusted
instanceKlass com/google/common/util/concurrent/ListenableFuture
instanceKlass com/google/common/cache/LocalCache$LoadingValueReference
instanceKlass com/google/common/base/CommonPattern
instanceKlass com/google/common/base/Platform$JdkPatternCompiler
instanceKlass com/google/common/base/PatternCompiler
instanceKlass com/google/common/base/Platform
instanceKlass com/alibaba/nacos/client/config/impl/Limiter$1
instanceKlass com/google/common/cache/LocalCache$AbstractReferenceEntry
instanceKlass java/util/concurrent/atomic/AtomicReferenceArray
instanceKlass com/google/common/cache/RemovalListener
instanceKlass com/google/common/cache/Weigher
instanceKlass com/google/common/base/Predicate
instanceKlass com/google/common/base/Equivalence
instanceKlass com/google/common/base/MoreObjects
instanceKlass com/google/common/cache/LocalCache$StrongValueReference
instanceKlass com/google/common/cache/LocalCache$1
instanceKlass com/google/common/cache/ReferenceEntry
instanceKlass com/google/common/cache/LocalCache$ValueReference
instanceKlass com/google/common/cache/CacheLoader
instanceKlass com/google/common/cache/LocalCache$LocalManualCache
instanceKlass com/google/common/cache/CacheBuilder$2
instanceKlass com/google/common/base/Preconditions
instanceKlass com/google/common/cache/CacheStats
instanceKlass com/google/common/base/Suppliers$SupplierOfInstance
instanceKlass com/google/common/base/Suppliers
instanceKlass com/google/common/cache/CacheBuilder$1
instanceKlass com/google/common/cache/AbstractCache$StatsCounter
instanceKlass com/google/common/cache/LoadingCache
instanceKlass com/google/common/cache/Cache
instanceKlass com/google/common/base/Ticker
instanceKlass com/google/common/base/Supplier
instanceKlass com/google/common/cache/CacheBuilder
instanceKlass com/alibaba/nacos/client/config/filter/impl/ConfigContext
instanceKlass com/alibaba/nacos/api/config/filter/IConfigContext
instanceKlass com/alibaba/nacos/client/config/impl/Limiter
instanceKlass com/alibaba/nacos/client/config/filter/impl/ConfigResponse
instanceKlass com/alibaba/nacos/client/identify/STSConfig$Singleton
instanceKlass com/alibaba/nacos/client/identify/STSConfig
instanceKlass com/alibaba/nacos/client/config/impl/ServerAddressIterator$RandomizedServerAddress
instanceKlass com/alibaba/nacos/client/config/impl/ServerAddressIterator
instanceKlass com/alibaba/nacos/client/config/utils/ParamUtils
instanceKlass io/prometheus/client/SimpleTimer$TimeProvider
instanceKlass io/prometheus/client/SimpleTimer
instanceKlass com/alibaba/nacos/client/config/impl/ManagerListenerWrap
instanceKlass io/prometheus/client/Histogram$Timer
instanceKlass io/prometheus/client/Striped64$Cell
instanceKlass io/prometheus/client/Striped64$1
instanceKlass io/prometheus/client/Histogram$Child
instanceKlass io/prometheus/client/Gauge$TimeProvider
instanceKlass com/alibaba/nacos/api/common/Constants
instanceKlass io/prometheus/client/Gauge$Child
instanceKlass io/prometheus/client/CollectorRegistry$1
instanceKlass io/prometheus/client/Collector$MetricFamilySamples
instanceKlass com/alibaba/nacos/client/config/impl/ClientWorker$LongPollingRunnable
instanceKlass io/prometheus/client/CollectorRegistry
instanceKlass io/prometheus/client/SimpleCollector$Builder
instanceKlass io/prometheus/client/Collector
instanceKlass io/prometheus/client/Collector$Describable
instanceKlass com/alibaba/nacos/client/monitor/MetricsMonitor
instanceKlass com/google/common/base/Converter
instanceKlass com/google/common/collect/ImmutableMap
instanceKlass com/google/common/collect/SortedMapDifference
instanceKlass com/google/common/collect/MapDifference
instanceKlass com/google/common/collect/UnmodifiableIterator
instanceKlass com/google/common/collect/Maps$EntryTransformer
instanceKlass com/google/common/collect/BiMap
instanceKlass com/google/common/base/Function
instanceKlass com/google/common/collect/Maps
instanceKlass com/alibaba/nacos/client/config/utils/MD5
instanceKlass com/alibaba/nacos/client/config/utils/JVMUtil
instanceKlass com/alibaba/nacos/client/config/utils/SnapShotSwitch
instanceKlass com/alibaba/nacos/client/config/impl/LocalConfigInfoProcessor
instanceKlass com/alibaba/nacos/client/config/impl/CacheData
instanceKlass com/alibaba/nacos/client/config/common/GroupKey
instanceKlass com/alibaba/nacos/spring/context/event/config/DelegatingEventPublishingListener
instanceKlass java/lang/StrictMath
instanceKlass com/alibaba/nacos/api/config/listener/AbstractListener
instanceKlass com/alibaba/nacos/spring/context/event/config/EventPublishingConfigService
instanceKlass com/alibaba/nacos/spring/metadata/NacosServiceMetaData
instanceKlass com/alibaba/nacos/client/config/impl/ClientWorker$3
instanceKlass com/alibaba/nacos/client/config/impl/ClientWorker$2
instanceKlass com/alibaba/nacos/client/config/impl/ClientWorker$1
instanceKlass com/alibaba/nacos/client/config/impl/ClientWorker
instanceKlass com/alibaba/nacos/client/config/http/ServerHttpAgent$2
instanceKlass com/alibaba/nacos/client/config/http/ServerHttpAgent$1
instanceKlass com/alibaba/fastjson/parser/deserializer/JSONPDeserializer
instanceKlass com/alibaba/fastjson/parser/deserializer/StackTraceElementDeserializer
instanceKlass java/util/concurrent/atomic/AtomicLongArray
instanceKlass com/alibaba/fastjson/serializer/AtomicCodec
instanceKlass java/util/concurrent/atomic/AtomicIntegerArray
instanceKlass com/alibaba/fastjson/serializer/ReferenceCodec
instanceKlass com/alibaba/fastjson/serializer/CharArrayCodec
instanceKlass com/alibaba/fastjson/serializer/BooleanCodec
instanceKlass com/alibaba/fastjson/serializer/FloatCodec
instanceKlass com/alibaba/fastjson/serializer/BigDecimalCodec
instanceKlass com/alibaba/fastjson/serializer/BigIntegerCodec
instanceKlass com/alibaba/fastjson/serializer/LongCodec
instanceKlass com/alibaba/fastjson/serializer/IntegerCodec
instanceKlass com/alibaba/fastjson/parser/deserializer/NumberDeserializer
instanceKlass com/alibaba/fastjson/serializer/CharacterCodec
instanceKlass com/alibaba/fastjson/serializer/StringCodec
instanceKlass com/alibaba/fastjson/parser/deserializer/JavaObjectDeserializer
instanceKlass com/alibaba/fastjson/serializer/CollectionCodec
instanceKlass com/alibaba/fastjson/parser/deserializer/MapDeserializer
instanceKlass javax/xml/datatype/XMLGregorianCalendar
instanceKlass com/alibaba/fastjson/parser/deserializer/TimeDeserializer
instanceKlass com/alibaba/fastjson/parser/deserializer/ContextObjectDeserializer
instanceKlass com/alibaba/fastjson/serializer/MiscCodec
instanceKlass com/alibaba/fastjson/serializer/BeanContext
instanceKlass com/alibaba/fastjson/parser/deserializer/ExtraTypeProvider
instanceKlass com/alibaba/fastjson/parser/deserializer/ExtraProcessable
instanceKlass com/alibaba/fastjson/parser/deserializer/ExtraProcessor
instanceKlass com/alibaba/fastjson/parser/deserializer/ParseProcess
instanceKlass com/alibaba/fastjson/parser/deserializer/AutowiredObjectDeserializer
instanceKlass com/alibaba/fastjson/parser/JSONToken
instanceKlass com/alibaba/fastjson/parser/ParseContext
instanceKlass com/alibaba/fastjson/parser/deserializer/JavaBeanDeserializer
instanceKlass com/alibaba/fastjson/serializer/SerializeConfig
instanceKlass com/alibaba/fastjson/serializer/SerialContext
instanceKlass com/alibaba/fastjson/serializer/ContextObjectSerializer
instanceKlass com/alibaba/fastjson/serializer/ValueFilter
instanceKlass com/alibaba/fastjson/serializer/PropertyPreFilter
instanceKlass com/alibaba/fastjson/serializer/PropertyFilter
instanceKlass com/alibaba/fastjson/serializer/NameFilter
instanceKlass com/alibaba/fastjson/serializer/BeforeFilter
instanceKlass com/alibaba/fastjson/serializer/AfterFilter
instanceKlass com/alibaba/fastjson/serializer/ContextValueFilter
instanceKlass com/alibaba/fastjson/serializer/LabelFilter
instanceKlass com/alibaba/fastjson/serializer/Labels
instanceKlass com/alibaba/fastjson/serializer/SerializeBeanInfo
instanceKlass com/alibaba/fastjson/serializer/SerializeFilterable
instanceKlass com/alibaba/fastjson/serializer/ObjectSerializer
instanceKlass com/alibaba/fastjson/util/JavaBeanInfo
instanceKlass com/alibaba/fastjson/util/ParameterizedTypeImpl
instanceKlass com/alibaba/fastjson/util/FieldInfo
instanceKlass com/alibaba/fastjson/TypeReference
instanceKlass com/alibaba/fastjson/JSONWriter
instanceKlass com/alibaba/fastjson/JSONReader
instanceKlass com/alibaba/fastjson/JSONPath
instanceKlass com/alibaba/fastjson/util/ASMClassLoader$1
instanceKlass com/alibaba/fastjson/parser/JSONLexerBase
instanceKlass com/alibaba/fastjson/parser/JSONLexer
instanceKlass com/alibaba/fastjson/parser/DefaultJSONParser
instanceKlass com/alibaba/fastjson/asm/MethodVisitor
instanceKlass com/alibaba/fastjson/parser/deserializer/ASMDeserializerFactory
instanceKlass com/alibaba/fastjson/asm/Opcodes
instanceKlass org/springframework/remoting/support/RemoteInvocationResult
instanceKlass org/springframework/remoting/support/RemoteInvocation
instanceKlass java/awt/Color
instanceKlass java/awt/Paint
instanceKlass java/awt/Transparency
instanceKlass java/awt/Font
instanceKlass java/awt/geom/Point2D
instanceKlass java/awt/geom/RectangularShape
instanceKlass java/awt/Shape
instanceKlass com/alibaba/fastjson/JSONPObject
instanceKlass com/alibaba/fastjson/serializer/JSONSerializable
instanceKlass java/util/concurrent/ConcurrentNavigableMap
instanceKlass com/alibaba/fastjson/util/TypeUtils
instanceKlass com/alibaba/fastjson/parser/SymbolTable
instanceKlass com/alibaba/fastjson/util/ASMUtils
instanceKlass com/alibaba/fastjson/util/IdentityHashMap$Entry
instanceKlass com/alibaba/fastjson/util/IdentityHashMap
instanceKlass com/alibaba/fastjson/parser/deserializer/FieldDeserializer
instanceKlass com/alibaba/fastjson/parser/deserializer/ObjectDeserializer
instanceKlass com/alibaba/fastjson/parser/ParserConfig
instanceKlass com/alibaba/fastjson/util/IOUtils$1
instanceKlass com/alibaba/fastjson/util/IOUtils
instanceKlass com/alibaba/fastjson/serializer/SerializeFilter
instanceKlass com/alibaba/fastjson/JSON
instanceKlass com/alibaba/fastjson/JSONAware
instanceKlass com/alibaba/fastjson/JSONStreamAware
instanceKlass sun/net/www/http/KeepAliveEntry
instanceKlass sun/net/www/http/KeepAliveCache$1
instanceKlass com/alibaba/nacos/common/utils/IoUtils
instanceKlass com/alibaba/nacos/client/naming/net/HttpClient$HttpResult
instanceKlass sun/net/www/http/Hurryable
instanceKlass java/net/Socket$2
instanceKlass sun/net/www/protocol/http/AuthCacheImpl
instanceKlass sun/net/www/protocol/http/AuthCache
instanceKlass sun/net/www/protocol/http/AuthCacheValue
instanceKlass sun/net/DefaultProgressMeteringPolicy
instanceKlass sun/net/ProgressMeteringPolicy
instanceKlass sun/net/ProgressMonitor
instanceKlass java/net/Socket$3
instanceKlass sun/net/NetHooks
instanceKlass java/net/SocksSocketImpl$3
instanceKlass java/net/InetSocketAddress$InetSocketAddressHolder
instanceKlass java/net/PlainSocketImpl$1
instanceKlass java/net/StandardSocketOptions$StdSocketOption
instanceKlass java/net/StandardSocketOptions
instanceKlass jdk/net/ExtendedSocketOptions$PlatformSocketOptions$1
instanceKlass jdk/net/ExtendedSocketOptions$PlatformSocketOptions
instanceKlass jdk/net/SocketFlow
instanceKlass jdk/net/ExtendedSocketOptions$ExtSocketOption
instanceKlass java/net/SocketOption
instanceKlass jdk/net/ExtendedSocketOptions
instanceKlass sun/net/ExtendedSocketOptions
instanceKlass java/net/AbstractPlainSocketImpl$1
instanceKlass java/net/SocketImpl
instanceKlass java/net/SocketOptions
instanceKlass java/net/SocksConsts
instanceKlass java/net/Socket
instanceKlass sun/net/www/http/HttpCapture$1
instanceKlass sun/net/www/http/HttpCapture
instanceKlass sun/net/www/http/KeepAliveKey
instanceKlass sun/net/NetworkClient$1
instanceKlass sun/net/NetworkClient
instanceKlass java/net/Proxy
instanceKlass sun/net/spi/DefaultProxySelector$3
instanceKlass sun/net/spi/DefaultProxySelector$NonProxyInfo
instanceKlass sun/net/spi/DefaultProxySelector$1
instanceKlass java/net/ProxySelector
instanceKlass sun/net/www/protocol/http/HttpURLConnection$7
instanceKlass java/net/ResponseCache
instanceKlass sun/net/www/protocol/http/HttpURLConnection$3
instanceKlass java/net/CookieHandler
instanceKlass sun/net/www/protocol/http/HttpURLConnection$2
instanceKlass java/util/ResourceBundle$Control$1
instanceKlass java/util/logging/Logger$1
instanceKlass sun/net/NetProperties$1
instanceKlass sun/net/NetProperties
instanceKlass sun/net/www/protocol/http/HttpURLConnection$$Lambda$404
instanceKlass sun/security/action/GetIntegerAction
instanceKlass com/alibaba/nacos/client/naming/net/HttpClient
instanceKlass org/apache/commons/codec/Charsets
instanceKlass org/apache/commons/lang3/math/NumberUtils
instanceKlass java/util/Timer$1
instanceKlass java/util/TaskQueue
instanceKlass java/util/Timer
instanceKlass java/util/TimerTask
instanceKlass com/alibaba/nacos/client/identify/CredentialWatcher
instanceKlass com/alibaba/nacos/client/identify/Credentials
instanceKlass com/alibaba/nacos/client/identify/SpasCredential
instanceKlass com/alibaba/nacos/client/identify/CredentialService
instanceKlass com/alibaba/nacos/client/identify/SpasCredentialLoader
instanceKlass java/security/Key
instanceKlass com/alibaba/nacos/client/config/impl/SpasAdapter
instanceKlass com/alibaba/nacos/client/config/http/ServerHttpAgent$3
instanceKlass com/alibaba/nacos/client/security/SecurityProxy
instanceKlass com/alibaba/nacos/client/config/impl/ServerListManager$1
instanceKlass com/alibaba/nacos/client/config/impl/EventDispatcher$AbstractEvent
instanceKlass com/alibaba/nacos/client/config/impl/ServerListManager
instanceKlass com/fasterxml/jackson/core/type/TypeReference
instanceKlass com/alibaba/nacos/client/config/http/ServerHttpAgent
instanceKlass com/alibaba/nacos/client/config/http/MetricsHttpAgent
instanceKlass com/alibaba/nacos/client/utils/ParamUtil$2
instanceKlass com/alibaba/nacos/client/utils/TenantUtil
instanceKlass com/alibaba/nacos/client/utils/StringUtils
instanceKlass com/alibaba/nacos/client/utils/TemplateUtils
instanceKlass com/alibaba/nacos/client/utils/ParamUtil$1
instanceKlass com/alibaba/nacos/client/config/impl/HttpSimpleClient
instanceKlass com/alibaba/nacos/client/utils/AppNameUtils
instanceKlass com/alibaba/nacos/client/utils/ParamUtil
instanceKlass com/google/common/collect/Lists
instanceKlass com/alibaba/nacos/client/config/filter/impl/ConfigFilterChainManager
instanceKlass com/alibaba/nacos/api/config/filter/IConfigFilterChain
instanceKlass sun/misc/FloatingDecimal$ASCIIToBinaryBuffer
instanceKlass ch/qos/logback/core/util/Duration
instanceKlass java/util/concurrent/RunnableScheduledFuture
instanceKlass java/util/concurrent/Executors$DefaultThreadFactory
instanceKlass ch/qos/logback/core/util/ExecutorServiceUtil$1
instanceKlass ch/qos/logback/core/util/ExecutorServiceUtil
instanceKlass com/alibaba/nacos/common/utils/ResourceUtils
instanceKlass org/apache/commons/lang3/StringUtils
instanceKlass com/alibaba/nacos/client/logging/AbstractNacosLogging
instanceKlass com/alibaba/nacos/client/utils/LogUtils
instanceKlass com/alibaba/nacos/api/config/filter/IConfigRequest
instanceKlass com/alibaba/nacos/api/config/filter/IConfigResponse
instanceKlass com/alibaba/nacos/client/config/http/HttpAgent
instanceKlass com/alibaba/nacos/client/config/NacosConfigService
instanceKlass com/alibaba/nacos/api/config/ConfigFactory
instanceKlass com/alibaba/nacos/api/NacosFactory
instanceKlass com/alibaba/nacos/spring/context/properties/config/NacosConfigurationPropertiesBinder
instanceKlass com/alibaba/nacos/api/config/annotation/NacosProperty
instanceKlass com/zebra/common/ServerInfoVO
instanceKlass com/zebra/common/ServerSingleInfoVO
instanceKlass com/zebra/common/ServerBriefInfo
instanceKlass org/springframework/core/io/support/EncodedResource
instanceKlass org/springframework/scripting/support/ResourceScriptSource
instanceKlass com/petrel/common/vo/jackpot/FakeJackpotRedisVO
instanceKlass com/petrel/common/vo/jackpot/RealJackpotRedisVO
instanceKlass com/petrel/common/entity/game/Game
instanceKlass com/petrel/common/vo/jackpot/JackpotConfigVO
instanceKlass com/petrel/common/entity/game/RoomProfile
instanceKlass com/petrel/common/entity/game/Room
instanceKlass org/springframework/data/redis/core/script/DefaultScriptExecutor
instanceKlass org/springframework/data/redis/core/types/RedisClientInfo
instanceKlass org/springframework/data/redis/connection/SortParameters
instanceKlass org/springframework/data/redis/core/BulkMapper
instanceKlass org/springframework/data/redis/core/query/SortQuery
instanceKlass org/springframework/data/redis/core/SessionCallback
instanceKlass org/springframework/boot/loader/data/RandomAccessDataFile$1
instanceKlass com/fasterxml/jackson/databind/jsontype/TypeSerializer
instanceKlass com/fasterxml/jackson/databind/jsontype/TypeDeserializer
instanceKlass com/fasterxml/jackson/databind/jsontype/TypeIdResolver
instanceKlass com/fasterxml/jackson/databind/jsontype/impl/StdTypeResolverBuilder
instanceKlass org/springframework/cache/support/NullValue
instanceKlass org/springframework/data/redis/serializer/GenericJackson2JsonRedisSerializer
instanceKlass org/springframework/data/redis/connection/RedisNode
instanceKlass org/springframework/data/redis/connection/NamedNode
instanceKlass org/springframework/data/redis/core/StreamObjectMapper$1
instanceKlass org/springframework/data/convert/DefaultTypeMapper$$Lambda$403
instanceKlass org/springframework/data/mapping/Alias
instanceKlass org/springframework/data/mapping/context/AbstractMappingContext$$Lambda$402
instanceKlass org/springframework/data/convert/MappingContextTypeInformationMapper
instanceKlass org/springframework/data/convert/SimpleTypeInformationMapper
instanceKlass org/springframework/data/convert/TypeInformationMapper
instanceKlass org/springframework/data/convert/CustomConversions$$Lambda$401
instanceKlass org/springframework/data/redis/core/convert/DefaultRedisTypeMapper$BucketTypeAliasAccessor
instanceKlass org/springframework/data/convert/TypeAliasAccessor
instanceKlass org/springframework/data/convert/DefaultTypeMapper
instanceKlass org/springframework/data/convert/ClassGeneratingEntityInstantiator$ObjectInstantiator
instanceKlass org/springframework/data/convert/ClassGeneratingEntityInstantiator$ObjectInstantiatorClassGenerator
instanceKlass org/springframework/data/convert/ClassGeneratingEntityInstantiator
instanceKlass org/springframework/data/convert/EntityInstantiator
instanceKlass org/springframework/data/convert/EntityInstantiators
instanceKlass org/springframework/util/comparator/NullSafeComparator
instanceKlass org/springframework/data/redis/hash/ObjectHashMapper$NoOpReferenceResolver
instanceKlass org/springframework/data/redis/hash/ObjectHashMapper$NoOpIndexResolver
instanceKlass org/springframework/data/redis/core/mapping/RedisMappingContext$ConfigAwareTimeToLiveAccessor
instanceKlass org/springframework/data/redis/core/mapping/RedisMappingContext$ConfigAwareKeySpaceResolver
instanceKlass org/springframework/data/mapping/context/PersistentPropertyPathFactory$$Lambda$400
instanceKlass org/springframework/data/mapping/PersistentPropertyPath
instanceKlass org/springframework/data/mapping/context/PersistentPropertyPathFactory
instanceKlass org/springframework/data/spel/EvaluationContextProvider$$Lambda$399
instanceKlass org/springframework/data/mapping/model/ClassGeneratingPropertyAccessorFactory$$Lambda$398
instanceKlass org/springframework/data/mapping/model/ClassGeneratingPropertyAccessorFactory
instanceKlass java/util/WeakHashMap$HashIterator
instanceKlass org/springframework/data/util/Streamable$$Lambda$397
instanceKlass org/springframework/data/convert/ConverterBuilder$ConverterAware
instanceKlass org/springframework/data/convert/ConverterBuilder$WritingConverterAware
instanceKlass org/springframework/data/convert/ConverterBuilder$ReadingConverterAware
instanceKlass org/springframework/data/convert/ConverterBuilder
instanceKlass org/springframework/data/convert/ReadingConverter
instanceKlass org/springframework/data/convert/WritingConverter
instanceKlass org/springframework/data/convert/CustomConversions$$Lambda$396
instanceKlass org/springframework/data/convert/CustomConversions$ConverterRegistration
instanceKlass org/springframework/data/convert/CustomConversions$$Lambda$395
instanceKlass org/springframework/data/convert/CustomConversions$$Lambda$394
instanceKlass org/springframework/data/convert/CustomConversions$$Lambda$393
instanceKlass org/springframework/data/convert/CustomConversions$$Lambda$392
instanceKlass org/springframework/data/convert/CustomConversions$ConversionTargetsCache
instanceKlass org/springframework/data/convert/CustomConversions$StoreConversions
instanceKlass org/springframework/data/mapping/model/SimpleTypeHolder$$Lambda$391
instanceKlass org/springframework/data/redis/core/convert/Jsr310Converters
instanceKlass org/springframework/data/redis/core/convert/BinaryConverters
instanceKlass org/springframework/data/redis/core/convert/BinaryConverters$BytesToEnumConverterFactory
instanceKlass org/springframework/data/redis/core/convert/BinaryConverters$BytesToNumberConverterFactory
instanceKlass org/springframework/data/redis/core/convert/BinaryConverters$StringBasedConverter
instanceKlass org/springframework/data/convert/ThreeTenBackPortConverters
instanceKlass org/springframework/data/convert/Jsr310Converters
instanceKlass org/springframework/data/convert/JodaTimeConverters
instanceKlass org/springframework/data/redis/hash/ObjectHashMapper
instanceKlass org/springframework/data/redis/connection/stream/MapRecord
instanceKlass org/springframework/data/redis/core/StreamObjectMapper
instanceKlass org/springframework/data/redis/connection/stream/Record
instanceKlass org/springframework/data/redis/core/Cursor
instanceKlass org/springframework/data/redis/core/ZSetOperations$TypedTuple
instanceKlass org/springframework/data/redis/core/AbstractOperations
instanceKlass org/springframework/data/redis/serializer/StringRedisSerializer
instanceKlass org/springframework/data/redis/connection/ReactiveNumberCommands
instanceKlass org/springframework/data/redis/connection/ReactiveKeyCommands
instanceKlass org/springframework/data/redis/connection/ReactivePubSubCommands
instanceKlass io/lettuce/core/cluster/api/reactive/RedisClusterReactiveCommands
instanceKlass io/lettuce/core/api/reactive/RedisStringReactiveCommands
instanceKlass io/lettuce/core/api/reactive/RedisStreamReactiveCommands
instanceKlass io/lettuce/core/api/reactive/RedisSortedSetReactiveCommands
instanceKlass io/lettuce/core/api/reactive/RedisSetReactiveCommands
instanceKlass io/lettuce/core/api/reactive/RedisServerReactiveCommands
instanceKlass io/lettuce/core/api/reactive/RedisScriptingReactiveCommands
instanceKlass io/lettuce/core/api/reactive/RedisListReactiveCommands
instanceKlass io/lettuce/core/api/reactive/RedisKeyReactiveCommands
instanceKlass io/lettuce/core/api/reactive/RedisHLLReactiveCommands
instanceKlass io/lettuce/core/api/reactive/RedisHashReactiveCommands
instanceKlass io/lettuce/core/api/reactive/RedisGeoReactiveCommands
instanceKlass io/lettuce/core/api/reactive/BaseRedisReactiveCommands
instanceKlass org/springframework/data/redis/connection/ReactiveScriptingCommands
instanceKlass org/springframework/data/redis/connection/ReactiveHyperLogLogCommands
instanceKlass org/springframework/data/redis/connection/ReactiveHashCommands
instanceKlass org/springframework/data/redis/connection/ReactiveListCommands
instanceKlass org/springframework/data/redis/connection/ReactiveServerCommands
instanceKlass org/springframework/data/redis/connection/ReactiveGeoCommands
instanceKlass org/springframework/data/redis/connection/ReactiveZSetCommands
instanceKlass org/springframework/data/redis/connection/ReactiveSetCommands
instanceKlass org/springframework/data/redis/connection/ReactiveStringCommands
instanceKlass org/springframework/data/redis/connection/ReactiveStreamCommands
instanceKlass io/lettuce/core/support/BasePoolConfig$Builder
instanceKlass io/lettuce/core/support/BasePoolConfig
instanceKlass io/lettuce/core/support/CommonsPool2ConfigConverter
instanceKlass io/lettuce/core/support/AsyncPool
instanceKlass org/springframework/data/redis/connection/lettuce/LettucePoolingConnectionProvider
instanceKlass org/springframework/data/redis/connection/lettuce/RedisClientProvider
instanceKlass org/springframework/data/redis/connection/lettuce/StandaloneConnectionProvider$1
instanceKlass org/springframework/data/redis/connection/lettuce/StandaloneConnectionProvider
instanceKlass org/springframework/data/redis/connection/lettuce/LettuceConnectionProvider$TargetAware
instanceKlass io/lettuce/core/output/StreamingOutput
instanceKlass org/springframework/data/redis/connection/lettuce/LettuceConnection$TypeHints
instanceKlass io/lettuce/core/codec/ByteArrayCodec
instanceKlass io/lettuce/core/codec/ToByteBufEncoder
instanceKlass io/lettuce/core/cluster/api/async/RedisClusterAsyncCommands
instanceKlass io/lettuce/core/api/async/RedisStringAsyncCommands
instanceKlass io/lettuce/core/api/async/RedisStreamAsyncCommands
instanceKlass io/lettuce/core/api/async/RedisSortedSetAsyncCommands
instanceKlass io/lettuce/core/api/async/RedisSetAsyncCommands
instanceKlass io/lettuce/core/api/async/RedisServerAsyncCommands
instanceKlass io/lettuce/core/api/async/RedisScriptingAsyncCommands
instanceKlass io/lettuce/core/api/async/RedisListAsyncCommands
instanceKlass io/lettuce/core/api/async/RedisKeyAsyncCommands
instanceKlass io/lettuce/core/api/async/RedisHLLAsyncCommands
instanceKlass io/lettuce/core/api/async/RedisHashAsyncCommands
instanceKlass io/lettuce/core/api/async/RedisGeoAsyncCommands
instanceKlass io/lettuce/core/api/async/BaseRedisAsyncCommands
instanceKlass io/lettuce/core/cluster/api/sync/RedisClusterCommands
instanceKlass io/lettuce/core/api/sync/RedisStringCommands
instanceKlass io/lettuce/core/api/sync/RedisStreamCommands
instanceKlass io/lettuce/core/api/sync/RedisSortedSetCommands
instanceKlass io/lettuce/core/api/sync/RedisSetCommands
instanceKlass io/lettuce/core/api/sync/RedisServerCommands
instanceKlass io/lettuce/core/api/sync/RedisScriptingCommands
instanceKlass io/lettuce/core/api/sync/RedisListCommands
instanceKlass io/lettuce/core/api/sync/RedisKeyCommands
instanceKlass io/lettuce/core/api/sync/RedisHLLCommands
instanceKlass io/lettuce/core/api/sync/RedisHashCommands
instanceKlass io/lettuce/core/api/sync/RedisGeoCommands
instanceKlass io/lettuce/core/api/sync/BaseRedisCommands
instanceKlass org/springframework/data/redis/connection/Subscription
instanceKlass org/springframework/data/redis/connection/FutureResult
instanceKlass org/springframework/data/redis/connection/lettuce/LettuceConnectionFactory$$Lambda$390
instanceKlass io/netty/channel/group/VoidChannelGroupFuture
instanceKlass io/netty/channel/group/DefaultChannelGroup$1
instanceKlass io/netty/channel/group/ChannelGroupFuture
instanceKlass io/netty/channel/ChannelFutureListener
instanceKlass io/lettuce/core/resource/SocketAddressResolver
instanceKlass io/netty/util/internal/ThreadExecutorMap$2
instanceKlass io/netty/util/concurrent/SingleThreadEventExecutor$4
instanceKlass io/netty/util/concurrent/AbstractEventExecutor$LazyRunnable
instanceKlass io/lettuce/core/event/metrics/DefaultCommandLatencyEventPublisher$$Lambda$389
instanceKlass java/lang/invoke/LambdaForm$DMH
instanceKlass io/lettuce/core/event/Event
instanceKlass io/lettuce/core/event/metrics/DefaultCommandLatencyEventPublisher
instanceKlass io/lettuce/core/metrics/DefaultCommandLatencyCollector$$Lambda$388
instanceKlass io/lettuce/core/metrics/CommandLatencyId
instanceKlass sun/nio/cs/Surrogate
instanceKlass sun/nio/cs/Surrogate$Parser
instanceKlass io/lettuce/core/protocol/LettuceCharsets
instanceKlass io/lettuce/core/metrics/DefaultCommandLatencyCollector$DefaultPauseDetectorWrapper
instanceKlass io/lettuce/core/metrics/DefaultCommandLatencyCollector$PauseDetectorWrapper$1
instanceKlass org/HdrHistogram/EncodableHistogram
instanceKlass org/HdrHistogram/ValueRecorder
instanceKlass org/LatencyUtils/PauseDetector
instanceKlass io/lettuce/core/internal/LettuceClassUtils
instanceKlass io/lettuce/core/metrics/DefaultCommandLatencyCollector$PauseDetectorWrapper
instanceKlass io/lettuce/core/metrics/DefaultCommandLatencyCollector$Latencies
instanceKlass io/lettuce/core/metrics/DefaultCommandLatencyCollector
instanceKlass io/lettuce/core/metrics/CommandLatencyCollector
instanceKlass io/lettuce/core/metrics/MetricCollector
instanceKlass reactor/util/concurrent/MpscLinkedQueue$LinkedQueueNode
instanceKlass reactor/util/concurrent/Queues$$Lambda$387
instanceKlass reactor/util/concurrent/Queues$$Lambda$386
instanceKlass reactor/util/concurrent/Queues$$Lambda$385
instanceKlass reactor/util/concurrent/Queues$$Lambda$384
instanceKlass reactor/util/concurrent/Queues$$Lambda$383
instanceKlass reactor/util/concurrent/Queues$$Lambda$382
instanceKlass reactor/util/concurrent/Queues$$Lambda$381
instanceKlass reactor/util/concurrent/Queues$ZeroQueue
instanceKlass reactor/util/concurrent/Queues
instanceKlass reactor/core/publisher/FluxCreate$SerializedSink
instanceKlass reactor/core/publisher/Operators$1
instanceKlass reactor/core/publisher/OnNextFailureStrategy
instanceKlass reactor/core/Fuseable$ConditionalSubscriber
instanceKlass reactor/core/publisher/Operators
instanceKlass reactor/util/context/Context0
instanceKlass reactor/util/context/CoreContext
instanceKlass java/util/concurrent/atomic/AtomicLongFieldUpdater$CASUpdater$1
instanceKlass java/util/function/LongConsumer
instanceKlass java/util/concurrent/atomic/AtomicLongFieldUpdater
instanceKlass reactor/util/context/Context
instanceKlass reactor/core/Disposables$AlwaysDisposable
instanceKlass reactor/core/Disposable$Composite
instanceKlass reactor/core/Disposable$Swap
instanceKlass reactor/core/Disposables
instanceKlass reactor/core/publisher/OperatorDisposables
instanceKlass reactor/core/publisher/FluxCreate$1
instanceKlass reactor/core/publisher/DirectProcessor$DirectInner
instanceKlass reactor/core/publisher/InnerProducer
instanceKlass reactor/core/publisher/Flux$$Lambda$380
instanceKlass reactor/core/publisher/Flux$$Lambda$379
instanceKlass java/lang/invoke/LambdaForm$DMH
instanceKlass java/lang/invoke/LambdaForm$DMH
instanceKlass reactor/core/publisher/Flux$$Lambda$378
instanceKlass reactor/core/publisher/Flux$$Lambda$377
instanceKlass reactor/core/publisher/Flux$$Lambda$376
instanceKlass reactor/util/function/Tuple2
instanceKlass reactor/util/function/Tuples
instanceKlass reactor/core/publisher/FluxSink
instanceKlass reactor/core/publisher/AssemblyOp
instanceKlass reactor/core/publisher/FluxOnAssembly$AssemblySnapshot
instanceKlass org/reactivestreams/Subscription
instanceKlass reactor/core/Fuseable$ScalarCallable
instanceKlass reactor/core/publisher/SourceProducer
instanceKlass reactor/core/publisher/SignalPeek
instanceKlass reactor/core/publisher/OptimizableOperator
instanceKlass reactor/core/Fuseable
instanceKlass reactor/core/CoreSubscriber
instanceKlass org/reactivestreams/Processor
instanceKlass org/reactivestreams/Subscriber
instanceKlass reactor/core/scheduler/Scheduler$Worker
instanceKlass reactor/core/scheduler/DelegateServiceScheduler
instanceKlass reactor/core/Scannable
instanceKlass reactor/util/Loggers$Slf4JLogger
instanceKlass reactor/util/Logger
instanceKlass reactor/util/Loggers$Slf4JLoggerFactory
instanceKlass reactor/util/Loggers$LoggerFactory
instanceKlass reactor/util/Loggers
instanceKlass reactor/core/scheduler/Schedulers$1
instanceKlass reactor/core/scheduler/Schedulers$$Lambda$375
instanceKlass reactor/core/scheduler/Schedulers$$Lambda$374
instanceKlass reactor/core/scheduler/Schedulers$$Lambda$373
instanceKlass reactor/core/scheduler/Schedulers$$Lambda$372
instanceKlass reactor/core/scheduler/Schedulers$$Lambda$371
instanceKlass reactor/core/scheduler/Schedulers$$Lambda$370
instanceKlass reactor/core/scheduler/Schedulers$$Lambda$369
instanceKlass reactor/core/scheduler/Schedulers$$Lambda$368
instanceKlass reactor/core/scheduler/Schedulers$$Lambda$367
instanceKlass reactor/core/scheduler/Scheduler
instanceKlass reactor/core/Disposable
instanceKlass reactor/core/scheduler/Schedulers$Factory
instanceKlass reactor/core/scheduler/Schedulers
instanceKlass io/lettuce/core/event/DefaultEventBus
instanceKlass io/netty/util/concurrent/FastThreadLocalRunnable
instanceKlass io/netty/util/internal/shaded/org/jctools/queues/CircularArrayOffsetCalculator
instanceKlass io/netty/util/internal/shaded/org/jctools/util/Pow2
instanceKlass io/netty/util/internal/shaded/org/jctools/util/RangeUtil
instanceKlass io/netty/util/internal/shaded/org/jctools/util/UnsafeAccess
instanceKlass io/netty/util/internal/PlatformDependent$Mpsc$1
instanceKlass io/netty/util/internal/PlatformDependent$Mpsc
instanceKlass io/netty/util/HashedWheelTimer$HashedWheelBucket
instanceKlass io/netty/util/HashedWheelTimer$Worker
instanceKlass io/netty/util/ResourceLeakDetectorFactory
instanceKlass io/netty/util/Timeout
instanceKlass io/netty/util/HashedWheelTimer
instanceKlass io/netty/util/concurrent/MultithreadEventExecutorGroup$1
instanceKlass io/netty/util/concurrent/DefaultEventExecutorChooserFactory$PowerOfTwoEventExecutorChooser
instanceKlass io/netty/util/internal/ThreadExecutorMap$1
instanceKlass io/netty/util/internal/ThreadExecutorMap$3
instanceKlass io/netty/util/internal/ThreadExecutorMap
instanceKlass io/netty/util/concurrent/GlobalEventExecutor$TaskRunner
instanceKlass java/util/concurrent/Executors$RunnableAdapter
instanceKlass io/netty/util/concurrent/GlobalEventExecutor$1
instanceKlass io/netty/util/concurrent/PromiseTask$SentinelRunnable
instanceKlass io/netty/util/internal/PriorityQueueNode
instanceKlass io/netty/util/internal/ThrowableUtil
instanceKlass io/netty/util/concurrent/DefaultPromise$CauseHolder
instanceKlass io/netty/util/concurrent/AbstractFuture
instanceKlass io/netty/util/concurrent/EventExecutorChooserFactory$EventExecutorChooser
instanceKlass io/netty/util/concurrent/DefaultEventExecutorChooserFactory
instanceKlass io/netty/util/concurrent/ThreadPerTaskExecutor
instanceKlass io/netty/util/concurrent/RejectedExecutionHandlers$1
instanceKlass io/netty/util/concurrent/RejectedExecutionHandlers
instanceKlass io/netty/util/concurrent/RejectedExecutionHandler
instanceKlass java/util/concurrent/atomic/AtomicIntegerFieldUpdater$AtomicIntegerFieldUpdaterImpl$1
instanceKlass java/util/concurrent/atomic/AtomicIntegerFieldUpdater
instanceKlass io/netty/util/concurrent/SingleThreadEventExecutor$1
instanceKlass io/netty/util/concurrent/AbstractScheduledEventExecutor$2
instanceKlass io/netty/util/concurrent/AbstractScheduledEventExecutor$1
instanceKlass io/netty/util/concurrent/ThreadProperties
instanceKlass io/netty/util/internal/PriorityQueue
instanceKlass io/netty/util/concurrent/ScheduledFuture
instanceKlass io/netty/util/concurrent/ProgressivePromise
instanceKlass io/netty/util/concurrent/ProgressiveFuture
instanceKlass io/netty/util/concurrent/OrderedEventExecutor
instanceKlass io/netty/util/concurrent/DefaultThreadFactory
instanceKlass io/netty/util/concurrent/EventExecutorChooserFactory
instanceKlass io/netty/util/concurrent/FutureListener
instanceKlass io/netty/util/concurrent/GenericFutureListener
instanceKlass java/util/concurrent/ScheduledFuture
instanceKlass java/util/concurrent/Delayed
instanceKlass io/netty/util/concurrent/AbstractEventExecutorGroup
instanceKlass io/lettuce/core/resource/DefaultEventLoopGroupProvider
instanceKlass io/lettuce/core/tracing/NoOpTracing$1
instanceKlass io/lettuce/core/tracing/Tracing$Endpoint
instanceKlass io/lettuce/core/tracing/TracerProvider
instanceKlass io/lettuce/core/tracing/TraceContextProvider
instanceKlass io/lettuce/core/tracing/Tracing
instanceKlass io/lettuce/core/event/DefaultEventPublisherOptions$Builder
instanceKlass io/lettuce/core/event/DefaultEventPublisherOptions
instanceKlass io/lettuce/core/metrics/DefaultCommandLatencyCollectorOptions$Builder
instanceKlass io/lettuce/core/metrics/CommandLatencyCollectorOptions$Builder
instanceKlass io/lettuce/core/metrics/DefaultCommandLatencyCollectorOptions
instanceKlass io/lettuce/core/event/EventPublisherOptions
instanceKlass io/lettuce/core/metrics/CommandLatencyCollectorOptions
instanceKlass io/lettuce/core/resource/DefaultClientResources$$Lambda$366
instanceKlass io/lettuce/core/resource/Delay$StatefulDelay
instanceKlass io/lettuce/core/resource/Delay
instanceKlass io/lettuce/core/ConnectionEvents
instanceKlass io/netty/buffer/PooledByteBufAllocatorMetric
instanceKlass io/netty/buffer/PoolChunkList
instanceKlass io/netty/buffer/PoolChunkListMetric
instanceKlass io/netty/buffer/PoolSubpage
instanceKlass io/netty/buffer/PoolSubpageMetric
instanceKlass java/util/concurrent/atomic/Striped64$Cell
instanceKlass io/netty/buffer/PoolArena
instanceKlass io/netty/buffer/PoolArenaMetric
instanceKlass io/netty/util/internal/UnpaddedInternalThreadLocalMap
instanceKlass io/netty/util/concurrent/FastThreadLocal
instanceKlass io/netty/buffer/PooledByteBufAllocator$1
instanceKlass io/netty/util/internal/StringUtil
instanceKlass io/netty/util/internal/CleanerJava6$1
instanceKlass io/netty/util/internal/CleanerJava6
instanceKlass io/netty/util/internal/PlatformDependent$2
instanceKlass io/netty/util/internal/PlatformDependent$1
instanceKlass sun/misc/VMNotification
instanceKlass io/netty/util/internal/PlatformDependent0$5
instanceKlass io/netty/util/internal/PlatformDependent0$4
instanceKlass io/netty/util/internal/PlatformDependent0$3
instanceKlass io/netty/util/internal/PlatformDependent0$2
instanceKlass io/netty/util/internal/ReflectionUtil
instanceKlass io/netty/util/internal/PlatformDependent0$1
instanceKlass java/nio/DirectByteBuffer$Deallocator
instanceKlass io/netty/util/internal/PlatformDependent0
instanceKlass io/netty/util/internal/LongCounter
instanceKlass io/netty/util/internal/shaded/org/jctools/queues/QueueProgressIndicators
instanceKlass io/netty/util/internal/shaded/org/jctools/queues/IndexedQueueSizeUtil$IndexedQueue
instanceKlass io/netty/util/internal/shaded/org/jctools/queues/MessagePassingQueue
instanceKlass io/netty/util/internal/PlatformDependent$ThreadLocalRandomProvider
instanceKlass io/netty/util/internal/Cleaner
instanceKlass io/netty/util/internal/PlatformDependent
instanceKlass io/netty/util/NettyRuntime$AvailableProcessorsHolder
instanceKlass io/netty/util/NettyRuntime
instanceKlass javax/security/cert/Certificate
instanceKlass java/security/cert/X509Extension
instanceKlass io/netty/util/AsciiString
instanceKlass io/netty/util/internal/EmptyArrays
instanceKlass io/netty/util/internal/SystemPropertyUtil
instanceKlass io/netty/util/internal/ObjectUtil
instanceKlass io/netty/util/internal/logging/AbstractInternalLogger
instanceKlass io/netty/util/internal/logging/InternalLogger
instanceKlass io/netty/util/internal/logging/InternalLoggerFactory
instanceKlass io/netty/util/ResourceLeakTracker
instanceKlass io/netty/util/ResourceLeak
instanceKlass io/netty/util/ResourceLeakDetector
instanceKlass io/netty/buffer/ByteBufAllocatorMetric
instanceKlass io/netty/buffer/ByteBuf
instanceKlass io/netty/util/ReferenceCounted
instanceKlass io/netty/channel/ChannelHandlerAdapter
instanceKlass io/netty/channel/ChannelInboundHandler
instanceKlass io/netty/channel/ChannelOutboundHandler
instanceKlass io/lettuce/core/protocol/HasQueuedCommands
instanceKlass io/lettuce/core/pubsub/StatefulRedisPubSubConnection
instanceKlass io/lettuce/core/RedisChannelHandler
instanceKlass io/lettuce/core/protocol/ConnectionFacade
instanceKlass io/lettuce/core/protocol/Endpoint
instanceKlass io/lettuce/core/RedisChannelWriter
instanceKlass io/lettuce/core/sentinel/api/StatefulRedisSentinelConnection
instanceKlass io/lettuce/core/protocol/ProtocolKeyword
instanceKlass io/lettuce/core/output/CommandOutput
instanceKlass io/lettuce/core/ConnectionBuilder
instanceKlass io/netty/channel/ChannelHandler
instanceKlass io/lettuce/core/ConnectionFuture
instanceKlass java/util/concurrent/CompletionStage
instanceKlass io/netty/channel/group/ChannelGroup
instanceKlass org/springframework/data/redis/connection/lettuce/LettuceConnectionFactory$$Lambda$365
instanceKlass org/springframework/data/redis/connection/lettuce/LettuceConnectionFactory$$Lambda$364
instanceKlass io/lettuce/core/RedisURI$$Lambda$363
instanceKlass io/lettuce/core/RedisURI$$Lambda$362
instanceKlass io/lettuce/core/RedisURI$$Lambda$361
instanceKlass io/lettuce/core/RedisURI$Builder$$Lambda$360
instanceKlass io/lettuce/core/RedisURI$Builder$$Lambda$359
instanceKlass io/lettuce/core/RedisURI$Builder$$Lambda$358
instanceKlass java/lang/invoke/LambdaForm$DMH
instanceKlass io/lettuce/core/RedisURI$Builder$$Lambda$357
instanceKlass org/springframework/data/redis/connection/lettuce/LettuceConnectionFactory$$Lambda$356
instanceKlass org/springframework/data/redis/connection/lettuce/LettuceConnectionFactory$$Lambda$355
instanceKlass org/springframework/data/redis/connection/lettuce/LettuceConnectionFactory$$Lambda$354
instanceKlass org/springframework/data/redis/connection/lettuce/LettuceConnectionFactory$$Lambda$353
instanceKlass io/lettuce/core/RedisURI$Builder$$Lambda$352
instanceKlass io/lettuce/core/RedisURI$Builder$$Lambda$351
instanceKlass java/net/SocketAddress
instanceKlass io/lettuce/core/LettuceStrings
instanceKlass io/lettuce/core/RedisURI$Builder
instanceKlass org/springframework/data/redis/connection/lettuce/LettuceConnectionFactory$$Lambda$350
instanceKlass java/util/function/IntSupplier
instanceKlass java/lang/invoke/LambdaForm$DMH
instanceKlass org/springframework/data/redis/connection/lettuce/LettuceConnectionFactory$$Lambda$349
instanceKlass org/springframework/data/redis/connection/RedisConfiguration$StaticMasterReplicaConfiguration
instanceKlass org/springframework/data/redis/connection/lettuce/LettuceReactiveRedisConnection
instanceKlass org/springframework/data/redis/connection/RedisSocketConfiguration
instanceKlass org/springframework/data/redis/connection/RedisConfiguration$DomainSocketConfiguration
instanceKlass org/springframework/data/redis/connection/RedisConfiguration$WithDomainSocket
instanceKlass io/lettuce/core/codec/RedisCodec
instanceKlass org/springframework/data/redis/connection/lettuce/LettuceConnectionFactory$SharedConnection
instanceKlass org/springframework/data/redis/connection/lettuce/LettuceConnectionFactory$MutableLettuceClientConfiguration
instanceKlass org/springframework/data/redis/connection/DefaultedRedisClusterConnection
instanceKlass org/springframework/data/redis/connection/ClusterCommandExecutor
instanceKlass io/lettuce/core/cluster/api/StatefulRedisClusterConnection
instanceKlass io/lettuce/core/api/StatefulRedisConnection
instanceKlass io/lettuce/core/api/StatefulConnection
instanceKlass io/lettuce/core/internal/AsyncCloseable
instanceKlass io/lettuce/core/RedisURI
instanceKlass io/lettuce/core/ConnectionPoint
instanceKlass org/springframework/data/redis/connection/RedisStandaloneConfiguration$$Lambda$348
instanceKlass org/springframework/data/redis/connection/lettuce/LettuceConverters$$Lambda$347
instanceKlass io/lettuce/core/TransactionResult
instanceKlass org/springframework/data/redis/connection/lettuce/LettuceConverters$$Lambda$346
instanceKlass org/springframework/data/redis/connection/convert/ListConverter
instanceKlass org/springframework/data/redis/connection/lettuce/LettuceConverters$$Lambda$345
instanceKlass org/springframework/data/geo/Point
instanceKlass io/lettuce/core/GeoCoordinates
instanceKlass org/springframework/data/redis/connection/lettuce/LettuceConverters$$Lambda$344
instanceKlass org/springframework/data/redis/connection/lettuce/LettuceConverters$2
instanceKlass org/springframework/data/redis/connection/lettuce/LettuceConverters$1
instanceKlass org/springframework/data/redis/connection/lettuce/LettuceConverters$$Lambda$343
instanceKlass org/springframework/data/redis/connection/lettuce/LettuceConverters$$Lambda$342
instanceKlass org/springframework/data/redis/connection/lettuce/LettuceConverters$$Lambda$341
instanceKlass org/springframework/data/redis/connection/lettuce/LettuceConverters$$Lambda$340
instanceKlass org/springframework/data/redis/connection/lettuce/LettuceConverters$$Lambda$339
instanceKlass org/springframework/data/redis/connection/lettuce/LettuceConverters$$Lambda$338
instanceKlass io/lettuce/core/Value
instanceKlass org/springframework/data/redis/connection/lettuce/LettuceConverters$$Lambda$337
instanceKlass org/springframework/data/redis/connection/lettuce/LettuceConverters$$Lambda$336
instanceKlass org/springframework/data/redis/connection/lettuce/LettuceConverters$$Lambda$335
instanceKlass org/springframework/data/redis/connection/lettuce/LettuceConverters$$Lambda$334
instanceKlass org/springframework/data/redis/connection/lettuce/LettuceConverters$$Lambda$333
instanceKlass org/springframework/data/redis/connection/lettuce/LettuceConverters$$Lambda$332
instanceKlass org/springframework/data/redis/connection/convert/StringToRedisClientInfoConverter
instanceKlass org/springframework/data/redis/connection/lettuce/LettuceExceptionConverter
instanceKlass org/springframework/data/redis/connection/convert/Converters$$Lambda$331
instanceKlass org/springframework/data/redis/connection/convert/Converters$1
instanceKlass org/springframework/data/redis/connection/convert/StringToDataTypeConverter
instanceKlass org/springframework/data/redis/connection/convert/LongToBooleanConverter
instanceKlass org/springframework/data/redis/connection/convert/StringToPropertiesConverter
instanceKlass org/springframework/data/redis/connection/RedisZSetCommands$Tuple
instanceKlass org/springframework/data/geo/Metric
instanceKlass org/springframework/data/redis/connection/convert/Converters
instanceKlass org/springframework/data/redis/PassThroughExceptionTranslationStrategy
instanceKlass org/springframework/data/redis/connection/lettuce/DefaultLettuceClientConfiguration
instanceKlass org/springframework/data/redis/connection/lettuce/DefaultLettucePoolingClientConfiguration
instanceKlass io/lettuce/core/internal/LettuceAssert
instanceKlass io/lettuce/core/ClientOptions$Builder
instanceKlass io/lettuce/core/TimeoutOptions$TimeoutSource
instanceKlass io/lettuce/core/TimeoutOptions$Builder
instanceKlass io/lettuce/core/TimeoutOptions
instanceKlass io/lettuce/core/SslOptions$Builder
instanceKlass io/lettuce/core/SslOptions
instanceKlass io/lettuce/core/SocketOptions$Builder
instanceKlass io/lettuce/core/SocketOptions
instanceKlass io/lettuce/core/ClientOptions
instanceKlass org/springframework/data/redis/connection/lettuce/LettuceClientConfiguration$LettuceSslClientConfigurationBuilder
instanceKlass org/springframework/data/redis/connection/lettuce/LettucePoolingClientConfiguration
instanceKlass org/springframework/data/redis/connection/RedisPassword$$Lambda$330
instanceKlass org/springframework/data/redis/connection/RedisPassword$$Lambda$329
instanceKlass org/springframework/data/redis/connection/RedisPassword$$Lambda$328
instanceKlass org/springframework/data/redis/connection/RedisStandaloneConfiguration$$Lambda$327
instanceKlass org/springframework/data/redis/connection/RedisPassword
instanceKlass org/apache/commons/pool2/impl/DefaultEvictionPolicy
instanceKlass org/apache/commons/pool2/impl/EvictionPolicy
instanceKlass sun/reflect/annotation/AnnotationInvocationHandler$1
instanceKlass org/springframework/core/convert/support/StringToNumberConverterFactory$StringToNumber
instanceKlass com/petrel/common/entity/user/Profile
instanceKlass com/petrel/common/entity/user/User
instanceKlass java/lang/reflect/WeakCache$LookupValue
instanceKlass feign/ReflectiveFeign$FeignInvocationHandler
instanceKlass feign/SynchronousMethodHandler
instanceKlass org/springframework/cloud/openfeign/support/SpringMvcContract$ConvertingExpanderFactory$$Lambda$326
instanceKlass feign/Param$Expander
instanceKlass java/util/stream/Collectors$$Lambda$325
instanceKlass java/util/stream/Collectors$$Lambda$324
instanceKlass java/util/stream/Collectors$$Lambda$323
instanceKlass java/util/stream/Collectors$$Lambda$322
instanceKlass feign/template/Template$$Lambda$321
instanceKlass org/springframework/core/annotation/AnnotationUtils$$Lambda$320
instanceKlass feign/template/Expression$$Lambda$319
instanceKlass feign/template/Expressions$$Lambda$318
instanceKlass feign/template/Expression
instanceKlass feign/template/Expressions
instanceKlass org/springframework/cloud/openfeign/support/SpringMvcContract$SimpleAnnotatedParameterContext
instanceKlass org/springframework/web/bind/annotation/RequestBody
instanceKlass feign/template/Literal
instanceKlass feign/template/TemplateChunk
instanceKlass feign/template/Template$ChunkTokenizer
instanceKlass feign/template/Template
instanceKlass feign/template/UriUtils
instanceKlass com/petrel/common/rest/game/BetBeforeResponse
instanceKlass com/petrel/common/rest/game/BetBeforeRequest
instanceKlass com/petrel/common/rest/game/BetAfterRequest
instanceKlass com/petrel/common/rest/game/SlotsEnterRoomResponse
instanceKlass com/petrel/common/rest/game/SlotsEnterRoomRequest
instanceKlass feign/ReflectiveFeign$BuildTemplateByResolvingArgs
instanceKlass feign/RequestTemplate$Factory
instanceKlass feign/ReflectiveFeign$ParseHandlersByName
instanceKlass feign/InvocationHandlerFactory$MethodHandler
instanceKlass feign/SynchronousMethodHandler$Factory
instanceKlass feign/Target$EmptyTarget
instanceKlass org/springframework/cloud/openfeign/HystrixTargeter
instanceKlass org/springframework/cloud/netflix/ribbon/RibbonClientConfiguration
instanceKlass com/netflix/client/config/IClientConfig
instanceKlass org/springframework/cloud/openfeign/ribbon/LoadBalancerFeignClient
instanceKlass feign/InvocationHandlerFactory$Default
instanceKlass feign/Util$$Lambda$317
instanceKlass feign/Util$$Lambda$316
instanceKlass feign/Util$$Lambda$315
instanceKlass feign/Util$$Lambda$314
instanceKlass feign/Util$$Lambda$313
instanceKlass feign/Util$$Lambda$312
instanceKlass feign/Util$$Lambda$311
instanceKlass feign/Util$$Lambda$310
instanceKlass feign/Util$$Lambda$309
instanceKlass feign/Util$$Lambda$308
instanceKlass feign/Types
instanceKlass feign/Types$WildcardTypeImpl
instanceKlass feign/Types$ParameterizedTypeImpl
instanceKlass feign/Util
instanceKlass feign/codec/ErrorDecoder$RetryAfterDecoder
instanceKlass feign/codec/ErrorDecoder$Default
instanceKlass feign/querymap/FieldQueryMapEncoder
instanceKlass feign/codec/StringDecoder
instanceKlass feign/Retryer$Default
instanceKlass feign/Client$Default
instanceKlass feign/Contract$Default$$Lambda$307
instanceKlass feign/HeaderMap
instanceKlass feign/Contract$Default$$Lambda$306
instanceKlass java/lang/invoke/LambdaForm$DMH
instanceKlass feign/QueryMap
instanceKlass feign/Contract$Default$$Lambda$305
instanceKlass feign/DeclarativeContract$ParameterAnnotationProcessor
instanceKlass java/lang/invoke/LambdaForm$DMH
instanceKlass feign/Param
instanceKlass feign/Contract$Default$$Lambda$304
instanceKlass feign/Contract$Default$$Lambda$303
instanceKlass feign/Body
instanceKlass feign/DeclarativeContract$$Lambda$302
instanceKlass feign/Contract$Default$$Lambda$301
instanceKlass feign/RequestLine
instanceKlass feign/DeclarativeContract$GuardedAnnotationProcessor
instanceKlass feign/DeclarativeContract$$Lambda$300
instanceKlass feign/Contract$Default$$Lambda$299
instanceKlass feign/DeclarativeContract$AnnotationProcessor
instanceKlass feign/Headers
instanceKlass java/io/ObjectOutput
instanceKlass org/springframework/core/env/Profiles
instanceKlass java/io/ObjectStreamConstants
instanceKlass java/io/ObjectInput
instanceKlass com/alibaba/nacos/spring/context/event/AnnotationListenerMethodProcessor$2
instanceKlass com/alibaba/nacos/spring/context/event/AnnotationListenerMethodProcessor$1
instanceKlass feign/ResponseMapper
instanceKlass feign/RequestInterceptor
instanceKlass feign/InvocationHandlerFactory
instanceKlass feign/codec/ErrorDecoder
instanceKlass feign/QueryMapEncoder
instanceKlass org/springframework/cloud/openfeign/DefaultFeignLoggerFactory
instanceKlass feign/Retryer$1
instanceKlass feign/MethodMetadata
instanceKlass org/springframework/cloud/openfeign/support/SpringMvcContract$ConvertingExpanderFactory
instanceKlass org/springframework/web/bind/annotation/RequestPart
instanceKlass org/springframework/cloud/openfeign/annotation/RequestPartParameterProcessor
instanceKlass org/springframework/cloud/openfeign/SpringQueryMap
instanceKlass org/springframework/cloud/openfeign/annotation/QueryMapParameterProcessor
instanceKlass org/springframework/web/bind/annotation/RequestHeader
instanceKlass org/springframework/cloud/openfeign/annotation/RequestHeaderParameterProcessor
instanceKlass org/springframework/web/bind/annotation/RequestParam
instanceKlass org/springframework/cloud/openfeign/annotation/RequestParamParameterProcessor
instanceKlass org/springframework/web/bind/annotation/PathVariable
instanceKlass org/springframework/cloud/openfeign/annotation/PathVariableParameterProcessor
instanceKlass org/springframework/web/bind/annotation/MatrixVariable
instanceKlass org/springframework/cloud/openfeign/annotation/MatrixVariableParameterProcessor
instanceKlass org/springframework/cloud/openfeign/AnnotatedParameterProcessor$AnnotatedParameterContext
instanceKlass feign/Contract$BaseContract
instanceKlass org/springframework/data/domain/Sort
instanceKlass feign/RequestTemplate
instanceKlass feign/form/UrlencodedFormContentProcessor
instanceKlass feign/form/multipart/AbstractWriter
instanceKlass feign/form/MultipartFormContentProcessor
instanceKlass feign/form/ContentProcessor
instanceKlass feign/codec/Encoder$Default
instanceKlass feign/form/multipart/Writer
instanceKlass feign/form/FormEncoder
instanceKlass org/springframework/cloud/openfeign/support/SpringEncoder
instanceKlass org/springframework/cloud/openfeign/support/PageableSpringEncoder
instanceKlass feign/Response
instanceKlass org/springframework/http/client/ClientHttpResponse
instanceKlass org/springframework/http/HttpInputMessage
instanceKlass org/springframework/cloud/openfeign/support/SpringDecoder
instanceKlass org/springframework/cloud/openfeign/support/ResponseEntityDecoder
instanceKlass feign/optionals/OptionalDecoder
instanceKlass org/springframework/cloud/openfeign/FeignFormatterRegistrar
instanceKlass org/springframework/cloud/openfeign/AnnotatedParameterProcessor
instanceKlass org/springframework/boot/autoconfigure/data/web/SpringDataWebProperties
instanceKlass feign/Logger
instanceKlass org/springframework/data/domain/Page
instanceKlass org/springframework/data/domain/Slice
instanceKlass org/springframework/data/domain/Pageable
instanceKlass feign/Retryer
instanceKlass feign/codec/Decoder
instanceKlass feign/Contract
instanceKlass feign/codec/Encoder
instanceKlass com/netflix/hystrix/AbstractCommand
instanceKlass com/netflix/hystrix/HystrixObservable
instanceKlass com/netflix/hystrix/HystrixInvokableInfo
instanceKlass com/netflix/hystrix/HystrixExecutable
instanceKlass com/netflix/hystrix/HystrixInvokable
instanceKlass org/springframework/cloud/openfeign/FeignClientsConfiguration$HystrixFeignConfiguration
instanceKlass org/springframework/cloud/openfeign/FeignLoggerFactory
instanceKlass java/util/function/BiPredicate
instanceKlass org/springframework/cloud/openfeign/FeignClientsConfiguration
instanceKlass com/petrel/common/entity/game/WinFree
instanceKlass com/petrel/slots/core/common/game/vo/BasePlayMsgs
instanceKlass org/springframework/core/LocalVariableTableParameterNameDiscoverer$$Lambda$298
instanceKlass com/zebra/net/proto/ZebraResponse
instanceKlass com/zebra/net/proto/ZebraRequest
instanceKlass com/petrel/slots/core/common/vo/StrategyGameVO
instanceKlass org/springframework/boot/actuate/autoconfigure/metrics/MeterRegistryConfigurer
instanceKlass org/springframework/boot/actuate/autoconfigure/metrics/MeterRegistryCustomizer
instanceKlass org/springframework/beans/factory/support/DefaultListableBeanFactory$DependencyObjectProvider
instanceKlass org/springframework/aop/IntroductionAdvisor
instanceKlass org/springframework/aop/IntroductionInfo
instanceKlass org/springframework/core/annotation/MergedAnnotationCollectors$$Lambda$297
instanceKlass org/springframework/core/annotation/MergedAnnotationCollectors$$Lambda$296
instanceKlass org/springframework/core/annotation/MergedAnnotationCollectors$$Lambda$295
instanceKlass org/springframework/core/annotation/MergedAnnotationCollectors$$Lambda$294
instanceKlass org/springframework/scheduling/annotation/ScheduledAnnotationBeanPostProcessor$$Lambda$293
instanceKlass org/springframework/scheduling/annotation/Schedules
instanceKlass org/springframework/aop/aspectj/AspectJProxyUtils
instanceKlass org/springframework/aop/framework/autoproxy/ProxyCreationContext
instanceKlass java/util/concurrent/CopyOnWriteArrayList$1
instanceKlass org/springframework/core/annotation/AnnotationUtils$$Lambda$292
instanceKlass org/aspectj/lang/annotation/Aspect
instanceKlass org/springframework/dao/support/PersistenceExceptionTranslationInterceptor
instanceKlass org/springframework/stereotype/Repository
instanceKlass org/springframework/aop/aspectj/annotation/AbstractAspectJAdvisorFactory$AspectJAnnotationParameterNameDiscoverer
instanceKlass java/util/Comparator$$Lambda$291
instanceKlass org/springframework/util/comparator/ComparableComparator
instanceKlass org/springframework/util/comparator/Comparators
instanceKlass org/springframework/aop/aspectj/annotation/ReflectiveAspectJAdvisorFactory$$Lambda$290
instanceKlass org/springframework/aop/aspectj/annotation/ReflectiveAspectJAdvisorFactory$$Lambda$289
instanceKlass org/springframework/util/comparator/InstanceComparator
instanceKlass org/springframework/core/convert/converter/ConvertingComparator
instanceKlass org/aspectj/lang/annotation/AfterThrowing
instanceKlass org/aspectj/lang/annotation/AfterReturning
instanceKlass org/aspectj/lang/annotation/After
instanceKlass org/aspectj/lang/annotation/Before
instanceKlass org/aspectj/lang/annotation/Around
instanceKlass org/aspectj/lang/annotation/Pointcut
instanceKlass org/springframework/aop/AfterReturningAdvice
instanceKlass org/springframework/aop/AfterAdvice
instanceKlass org/springframework/aop/MethodBeforeAdvice
instanceKlass org/springframework/aop/BeforeAdvice
instanceKlass org/springframework/aop/aspectj/AbstractAspectJAdvice
instanceKlass org/springframework/aop/aspectj/AspectJPrecedenceInformation
instanceKlass org/springframework/aop/aspectj/annotation/MetadataAwareAspectInstanceFactory
instanceKlass org/springframework/aop/aspectj/AspectInstanceFactory
instanceKlass org/springframework/aop/aspectj/annotation/AbstractAspectJAdvisorFactory
instanceKlass org/springframework/core/convert/support/NumberToNumberConverterFactory$NumberToNumber
instanceKlass sun/reflect/generics/reflectiveObjects/GenericArrayTypeImpl
instanceKlass org/springframework/aop/framework/adapter/ThrowsAdviceAdapter
instanceKlass org/springframework/aop/framework/adapter/AfterReturningAdviceAdapter
instanceKlass org/springframework/aop/framework/adapter/MethodBeforeAdviceAdapter
instanceKlass org/springframework/aop/framework/adapter/AdvisorAdapter
instanceKlass org/springframework/aop/framework/adapter/DefaultAdvisorAdapterRegistry
instanceKlass org/springframework/aop/framework/adapter/GlobalAdvisorAdapterRegistry
instanceKlass org/springframework/aop/aspectj/autoproxy/AspectJPrecedenceComparator
instanceKlass org/springframework/aop/framework/autoproxy/TargetSourceCreator
instanceKlass org/springframework/aop/framework/adapter/AdvisorAdapterRegistry
instanceKlass org/springframework/aop/TruePointcut
instanceKlass org/springframework/validation/beanvalidation/MethodValidationInterceptor
instanceKlass org/aopalliance/intercept/MethodInterceptor
instanceKlass org/aopalliance/intercept/Interceptor
instanceKlass org/springframework/aop/support/AbstractPointcutAdvisor
instanceKlass org/springframework/aop/PointcutAdvisor
instanceKlass org/springframework/aop/TrueMethodMatcher
instanceKlass org/springframework/aop/support/annotation/AnnotationClassFilter
instanceKlass org/springframework/aop/MethodMatcher
instanceKlass org/springframework/aop/ClassFilter
instanceKlass org/springframework/aop/support/annotation/AnnotationMatchingPointcut
instanceKlass org/springframework/aop/Advisor$1
instanceKlass javax/validation/metadata/BeanDescriptor
instanceKlass javax/validation/metadata/ElementDescriptor
instanceKlass org/aopalliance/intercept/MethodInvocation
instanceKlass org/aopalliance/intercept/Invocation
instanceKlass org/aopalliance/intercept/Joinpoint
instanceKlass org/springframework/aop/framework/JdkDynamicAopProxy
instanceKlass org/springframework/aop/framework/AopProxy
instanceKlass org/springframework/aop/framework/DefaultAopProxyFactory
instanceKlass org/springframework/aop/framework/DefaultAdvisorChainFactory
instanceKlass org/springframework/aop/target/EmptyTargetSource
instanceKlass org/springframework/aop/framework/AopProxyFactory
instanceKlass org/springframework/aop/framework/AdvisorChainFactory
instanceKlass org/springframework/context/annotation/ContextAnnotationAutowireCandidateResolver$1
instanceKlass org/springframework/core/annotation/TypeMappedAnnotation$$Lambda$288
instanceKlass com/petrel/slots/core/common/provide/ServerRegisterFeignService
instanceKlass com/petrel/slots/core/common/provide/GameFeignService
instanceKlass java/lang/Class$EnclosingMethodInfo
instanceKlass org/springframework/scheduling/config/ScheduledTask
instanceKlass org/springframework/scheduling/annotation/Scheduled
instanceKlass org/springframework/scheduling/config/Task
instanceKlass org/springframework/cglib/reflect/FastClassEmitter$4
instanceKlass org/springframework/cglib/core/Block
instanceKlass org/springframework/cglib/core/EmitUtils$14
instanceKlass org/springframework/cglib/core/EmitUtils$13
instanceKlass org/springframework/cglib/core/EmitUtils$12
instanceKlass org/springframework/cglib/core/EmitUtils$11
instanceKlass org/springframework/cglib/core/EmitUtils$10
instanceKlass org/springframework/cglib/reflect/FastClassEmitter$GetIndexCallback
instanceKlass org/springframework/cglib/reflect/FastClassEmitter$3
instanceKlass org/springframework/cglib/reflect/FastClassEmitter$1
instanceKlass org/springframework/cglib/reflect/FastClass
instanceKlass org/springframework/cglib/proxy/MethodProxy$FastClassInfo
instanceKlass com/alibaba/nacos/spring/context/annotation/config/NacosValueAnnotationBeanPostProcessor$2
instanceKlass org/springframework/core/annotation/AnnotationUtils$$Lambda$287
instanceKlass com/alibaba/nacos/spring/context/annotation/config/NacosValueAnnotationBeanPostProcessor$1
instanceKlass org/springframework/beans/factory/support/AbstractAutowireCapableBeanFactory$$Lambda$286
instanceKlass java/lang/invoke/LambdaForm$DMH
instanceKlass com/alibaba/spring/beans/factory/annotation/AbstractAnnotationBeanPostProcessor$2
instanceKlass org/springframework/core/annotation/AnnotatedElementUtils$$Lambda$285
instanceKlass com/alibaba/spring/util/AnnotationUtils
instanceKlass com/alibaba/spring/beans/factory/annotation/AbstractAnnotationBeanPostProcessor$1
instanceKlass com/alibaba/nacos/api/config/annotation/NacosValue
instanceKlass com/alibaba/nacos/api/annotation/NacosInjected
instanceKlass org/springframework/cloud/openfeign/FeignAutoConfiguration$DefaultFeignTargeterConfiguration
instanceKlass org/springframework/cloud/openfeign/FeignAutoConfiguration$HttpClientFeignConfiguration
instanceKlass org/springframework/cloud/openfeign/FeignAutoConfiguration$OkHttpFeignConfiguration
instanceKlass feign/Request$Body
instanceKlass feign/Request
instanceKlass com/netflix/loadbalancer/LoadBalancerContext
instanceKlass com/netflix/client/IClientConfigAware
instanceKlass org/springframework/cloud/configuration/CompatibilityPredicate
instanceKlass org/apache/http/client/methods/Configurable
instanceKlass org/apache/http/impl/client/CloseableHttpClient
instanceKlass org/apache/http/client/CredentialsProvider
instanceKlass org/apache/http/client/CookieStore
instanceKlass org/apache/http/client/RedirectStrategy
instanceKlass org/apache/http/conn/routing/HttpRoutePlanner
instanceKlass org/apache/http/conn/SchemePortResolver
instanceKlass org/apache/http/client/HttpRequestRetryHandler
instanceKlass org/apache/http/impl/execchain/ClientExecChain
instanceKlass org/apache/http/config/Lookup
instanceKlass org/apache/http/protocol/HttpProcessor
instanceKlass org/apache/http/HttpResponseInterceptor
instanceKlass org/apache/http/HttpRequestInterceptor
instanceKlass org/apache/http/client/UserTokenHandler
instanceKlass org/apache/http/client/AuthenticationStrategy
instanceKlass org/apache/http/conn/ConnectionKeepAliveStrategy
instanceKlass org/apache/http/ConnectionReuseStrategy
instanceKlass org/apache/http/conn/HttpClientConnectionManager
instanceKlass org/apache/http/conn/socket/LayeredConnectionSocketFactory
instanceKlass org/apache/http/conn/socket/ConnectionSocketFactory
instanceKlass javax/net/ssl/HostnameVerifier
instanceKlass okhttp3/WebSocket
instanceKlass okhttp3/Call
instanceKlass kotlin/annotation/MustBeDocumented
instanceKlass kotlin/annotation/Target
instanceKlass kotlin/annotation/Retention
instanceKlass org/springframework/http/HttpRequest
instanceKlass org/springframework/cloud/client/loadbalancer/LoadBalancerAutoConfiguration$RetryAutoConfiguration
instanceKlass org/springframework/cloud/client/loadbalancer/LoadBalancerAutoConfiguration$RetryInterceptorAutoConfiguration
instanceKlass org/springframework/cloud/client/loadbalancer/LoadBalancerRequest
instanceKlass org/springframework/boot/actuate/health/NamedContributor
instanceKlass org/springframework/util/concurrent/ListenableFuture
instanceKlass org/springframework/aop/aspectj/annotation/BeanFactoryAspectJAdvisorsBuilder
instanceKlass org/springframework/aop/aspectj/annotation/AspectJAdvisorFactory
instanceKlass org/springframework/aop/framework/autoproxy/BeanFactoryAdvisorRetrievalHelper
instanceKlass org/springframework/boot/autoconfigure/aop/AopAutoConfiguration$ClassProxyingConfiguration
instanceKlass org/springframework/data/redis/serializer/RedisSerializationContext
instanceKlass org/springframework/data/redis/core/ReactiveHashOperations
instanceKlass org/springframework/data/redis/core/ReactiveGeoOperations
instanceKlass org/springframework/data/redis/core/ReactiveHyperLogLogOperations
instanceKlass org/springframework/data/redis/core/ReactiveZSetOperations
instanceKlass org/springframework/data/redis/core/ReactiveStreamOperations
instanceKlass org/springframework/data/redis/core/ReactiveSetOperations
instanceKlass org/springframework/data/redis/core/ReactiveListOperations
instanceKlass org/springframework/data/redis/core/ReactiveValueOperations
instanceKlass org/springframework/data/redis/core/script/ReactiveScriptExecutor
instanceKlass org/springframework/boot/web/client/BasicAuthentication
instanceKlass org/springframework/web/client/ResponseErrorHandler
instanceKlass org/springframework/web/util/UriTemplateHandler
instanceKlass org/springframework/boot/web/client/RestTemplateBuilder$RequestFactoryCustomizer
instanceKlass org/springframework/boot/autoconfigure/http/JacksonHttpMessageConvertersConfiguration$MappingJackson2XmlHttpMessageConverterConfiguration
instanceKlass org/springframework/boot/autoconfigure/jackson/JacksonAutoConfiguration$JodaDateTimeJacksonConfiguration
instanceKlass com/google/gson/internal/Excluder
instanceKlass com/google/gson/TypeAdapterFactory
instanceKlass com/google/gson/stream/JsonReader
instanceKlass com/google/gson/stream/JsonWriter
instanceKlass com/google/gson/JsonElement
instanceKlass com/google/gson/TypeAdapter
instanceKlass org/springframework/boot/actuate/autoconfigure/metrics/cache/CacheMeterBinderProvidersConfiguration$EhCache2CacheMeterBinderProviderConfiguration
instanceKlass org/springframework/boot/actuate/autoconfigure/metrics/cache/CacheMeterBinderProvidersConfiguration$HazelcastCacheMeterBinderProviderConfiguration
instanceKlass org/springframework/boot/actuate/autoconfigure/metrics/cache/CacheMeterBinderProvidersConfiguration$JCacheCacheMeterBinderProviderConfiguration
instanceKlass java/lang/management/OperatingSystemMXBean
instanceKlass javax/annotation/meta/TypeQualifier
instanceKlass io/micrometer/core/lang/NonNullFields
instanceKlass javax/annotation/meta/TypeQualifierDefault
instanceKlass io/micrometer/core/lang/NonNullApi
instanceKlass io/micrometer/core/instrument/DistributionSummary
instanceKlass io/micrometer/core/instrument/FunctionCounter
instanceKlass io/micrometer/core/instrument/FunctionTimer
instanceKlass io/micrometer/core/instrument/LongTaskTimer
instanceKlass io/micrometer/core/instrument/Timer
instanceKlass io/micrometer/core/instrument/distribution/HistogramSupport
instanceKlass io/micrometer/core/instrument/Counter
instanceKlass io/micrometer/core/instrument/TimeGauge
instanceKlass io/micrometer/core/instrument/Gauge
instanceKlass io/micrometer/core/instrument/Meter
instanceKlass io/micrometer/core/instrument/distribution/pause/PauseDetector
instanceKlass io/micrometer/shaded/org/pcollections/PMap
instanceKlass org/springframework/boot/actuate/management/HeapDumpWebEndpoint$HeapDumper
instanceKlass org/springframework/boot/actuate/logging/LoggersEndpoint$LoggerLevels
instanceKlass org/aopalliance/aop/Advice
instanceKlass org/springframework/aop/Advisor
instanceKlass org/springframework/aop/Pointcut
instanceKlass org/springframework/context/support/DefaultMessageSourceResolvable
instanceKlass org/springframework/context/MessageSourceResolvable
instanceKlass org/springframework/core/task/TaskDecorator
instanceKlass org/springframework/boot/actuate/endpoint/invoke/OperationInvoker
instanceKlass com/fasterxml/jackson/databind/ser/FilterProvider
instanceKlass com/fasterxml/jackson/databind/ser/impl/SimpleBeanPropertyFilter
instanceKlass com/fasterxml/jackson/databind/ser/PropertyFilter
instanceKlass com/fasterxml/jackson/databind/ser/BeanPropertyFilter
instanceKlass org/springframework/boot/actuate/endpoint/annotation/EndpointExtension
instanceKlass org/springframework/boot/actuate/endpoint/web/annotation/EndpointWebExtension
instanceKlass io/lettuce/core/resource/DefaultClientResources$Builder
instanceKlass io/netty/util/concurrent/Promise
instanceKlass io/netty/util/concurrent/Future
instanceKlass io/netty/util/concurrent/EventExecutor
instanceKlass io/netty/util/concurrent/EventExecutorGroup
instanceKlass io/lettuce/core/resource/NettyCustomizer
instanceKlass io/lettuce/core/resource/DnsResolver
instanceKlass io/lettuce/core/event/metrics/MetricEventPublisher
instanceKlass io/lettuce/core/event/EventBus
instanceKlass io/netty/util/Timer
instanceKlass io/lettuce/core/resource/EventLoopGroupProvider
instanceKlass io/lettuce/core/resource/ClientResources$Builder
instanceKlass org/apache/commons/lang/exception/Nestable
instanceKlass org/apache/commons/lang/text/StrLookup
instanceKlass org/apache/commons/configuration/event/ConfigurationErrorListener
instanceKlass org/springframework/scheduling/config/ScheduledTaskRegistrar
instanceKlass org/springframework/data/redis/core/BoundGeoOperations
instanceKlass org/springframework/data/redis/core/HashOperations
instanceKlass org/springframework/data/redis/core/BoundHashOperations
instanceKlass org/springframework/data/redis/core/BoundStreamOperations
instanceKlass org/springframework/data/redis/core/BoundZSetOperations
instanceKlass org/springframework/data/redis/core/BoundValueOperations
instanceKlass org/springframework/data/redis/core/BoundSetOperations
instanceKlass org/springframework/data/redis/core/BoundListOperations
instanceKlass org/springframework/data/redis/core/BoundKeyOperations
instanceKlass org/springframework/data/redis/core/script/ScriptExecutor
instanceKlass org/springframework/data/redis/core/ClusterOperations
instanceKlass org/springframework/data/redis/core/HyperLogLogOperations
instanceKlass org/springframework/data/redis/core/GeoOperations
instanceKlass org/springframework/data/redis/core/ZSetOperations
instanceKlass org/springframework/data/redis/core/StreamOperations
instanceKlass org/springframework/data/redis/core/HashMapperProvider
instanceKlass org/springframework/data/redis/hash/HashMapper
instanceKlass org/springframework/data/redis/core/SetOperations
instanceKlass org/springframework/data/redis/core/ListOperations
instanceKlass org/springframework/data/redis/core/ValueOperations
instanceKlass org/springframework/data/redis/connection/lettuce/LettucePool
instanceKlass org/springframework/data/redis/connection/Pool
instanceKlass org/springframework/data/redis/connection/RedisSentinelConnection
instanceKlass org/springframework/data/redis/connection/RedisSentinelCommands
instanceKlass org/springframework/data/redis/connection/RedisClusterConnection
instanceKlass org/springframework/data/redis/connection/RedisClusterServerCommands
instanceKlass org/springframework/data/redis/connection/RedisClusterCommands
instanceKlass org/springframework/data/redis/connection/ReactiveRedisClusterConnection
instanceKlass org/springframework/data/redis/connection/ReactiveRedisConnection
instanceKlass org/springframework/data/redis/connection/lettuce/LettuceConnectionProvider
instanceKlass org/springframework/data/redis/connection/ClusterTopologyProvider
instanceKlass org/springframework/data/redis/connection/ClusterNodeResourceProvider
instanceKlass org/springframework/data/redis/ExceptionTranslationStrategy
instanceKlass com/github/benmanes/caffeine/cache/RemovalListener
instanceKlass com/petrel/slots/core/common/roller/ili/InRoom
instanceKlass org/springframework/scheduling/Trigger
instanceKlass com/petrel/slots/core/common/roller/ili/xml/IliXml
instanceKlass com/petrel/slots/core/common/roller/xml/BaseXml
instanceKlass com/zebra/common/ZebraBaseMessage
instanceKlass sun/security/provider/ByteArrayAccess
instanceKlass sun/security/util/MessageDigestSpi2
instanceKlass sun/security/jca/GetInstance$Instance
instanceKlass java/security/Provider$UString
instanceKlass java/security/Provider$Service
instanceKlass sun/security/provider/NativePRNG$NonBlocking
instanceKlass sun/security/provider/NativePRNG$Blocking
instanceKlass sun/security/provider/NativePRNG
instanceKlass sun/security/provider/SunEntries$1
instanceKlass sun/security/provider/SunEntries
instanceKlass sun/security/jca/ProviderConfig$2
instanceKlass sun/security/jca/ProviderList$2
instanceKlass sun/misc/FDBigInteger
instanceKlass sun/misc/FloatingDecimal$PreparedASCIIToBinaryBuffer
instanceKlass sun/misc/FloatingDecimal$ASCIIToBinaryConverter
instanceKlass sun/misc/FloatingDecimal$BinaryToASCIIBuffer
instanceKlass sun/misc/FloatingDecimal$ExceptionalBinaryToASCIIBuffer
instanceKlass sun/misc/FloatingDecimal$BinaryToASCIIConverter
instanceKlass sun/misc/FloatingDecimal
instanceKlass java/security/Provider$EngineDescription
instanceKlass java/security/Provider$ServiceKey
instanceKlass sun/security/jca/ProviderConfig
instanceKlass sun/security/jca/ProviderList
instanceKlass sun/security/jca/Providers
instanceKlass sun/security/jca/GetInstance
instanceKlass java/security/MessageDigestSpi
instanceKlass org/springframework/cglib/proxy/Enhancer$EnhancerFactoryData
instanceKlass org/springframework/cglib/proxy/MethodProxy$CreateInfo
instanceKlass org/springframework/cglib/proxy/MethodProxy
instanceKlass org/springframework/cglib/core/EmitUtils$6
instanceKlass java/util/DualPivotQuicksort
instanceKlass org/springframework/cglib/core/EmitUtils$5
instanceKlass org/springframework/cglib/proxy/MethodInterceptorGenerator$2
instanceKlass org/springframework/cglib/proxy/Enhancer$6
instanceKlass org/springframework/cglib/proxy/BridgeMethodResolver
instanceKlass org/springframework/cglib/core/MethodInfoTransformer
instanceKlass org/springframework/cglib/proxy/Enhancer$2
instanceKlass org/springframework/cglib/core/DuplicatesPredicate
instanceKlass org/springframework/cglib/core/RejectModifierPredicate
instanceKlass org/springframework/cglib/core/MethodWrapper$MethodWrapperKey
instanceKlass org/springframework/cglib/core/MethodWrapper
instanceKlass org/springframework/cglib/proxy/Factory
instanceKlass org/springframework/cglib/core/VisibilityPredicate
instanceKlass org/springframework/cglib/transform/TransformingClassGenerator
instanceKlass org/springframework/cglib/proxy/ProxyRefDispatcher
instanceKlass org/springframework/cglib/proxy/FixedValueGenerator
instanceKlass org/springframework/cglib/proxy/FixedValue
instanceKlass org/springframework/cglib/proxy/DispatcherGenerator
instanceKlass org/springframework/cglib/proxy/Dispatcher
instanceKlass org/springframework/cglib/proxy/LazyLoaderGenerator
instanceKlass org/springframework/cglib/proxy/LazyLoader
instanceKlass org/springframework/cglib/proxy/InvocationHandlerGenerator
instanceKlass org/springframework/cglib/proxy/InvocationHandler
instanceKlass org/springframework/cglib/proxy/MethodInterceptorGenerator$1
instanceKlass org/springframework/cglib/proxy/MethodInterceptorGenerator
instanceKlass org/springframework/cglib/proxy/NoOpGenerator
instanceKlass org/springframework/cglib/proxy/CallbackGenerator
instanceKlass org/springframework/cglib/proxy/CallbackInfo
instanceKlass org/springframework/cglib/core/ClassNameReader
instanceKlass org/springframework/cglib/core/DebuggingClassWriter$1
instanceKlass org/springframework/asm/Handler
instanceKlass org/springframework/cglib/core/EmitUtils$9
instanceKlass org/springframework/cglib/core/EmitUtils$8
instanceKlass org/springframework/cglib/core/Local
instanceKlass org/springframework/cglib/core/EmitUtils$7
instanceKlass org/springframework/asm/Edge
instanceKlass org/springframework/cglib/core/ClassEmitter$FieldInfo
instanceKlass org/springframework/cglib/core/LocalVariablesSorter$State
instanceKlass org/springframework/asm/Frame
instanceKlass org/springframework/cglib/core/EmitUtils$ArrayDelimiters
instanceKlass org/springframework/cglib/core/ProcessArrayCallback
instanceKlass org/springframework/cglib/core/EmitUtils$ParameterTyper
instanceKlass org/springframework/asm/Label
instanceKlass org/springframework/cglib/core/EmitUtils
instanceKlass org/springframework/cglib/core/ReflectUtils$4
instanceKlass org/springframework/cglib/core/ReflectUtils$5
instanceKlass java/lang/AssertionStatusDirectives
instanceKlass org/springframework/cglib/core/ReflectUtils$3
instanceKlass org/springframework/cglib/core/ReflectUtils$2
instanceKlass org/springframework/cglib/core/ReflectUtils$1
instanceKlass org/springframework/cglib/core/MethodInfo
instanceKlass org/springframework/cglib/core/ReflectUtils
instanceKlass org/springframework/cglib/core/ClassInfo
instanceKlass org/springframework/asm/ByteVector
instanceKlass org/springframework/asm/Symbol
instanceKlass org/springframework/asm/SymbolTable
instanceKlass org/springframework/asm/ModuleVisitor
instanceKlass org/springframework/asm/RecordComponentVisitor
instanceKlass org/springframework/asm/FieldVisitor
instanceKlass org/springframework/cglib/core/AsmApi
instanceKlass org/springframework/cglib/core/Constants
instanceKlass org/springframework/cglib/core/internal/LoadingCache$2
instanceKlass org/springframework/cglib/core/internal/LoadingCache$1
instanceKlass org/springframework/cglib/core/internal/LoadingCache
instanceKlass org/springframework/cglib/core/AbstractClassGenerator$ClassLoaderData$3
instanceKlass org/springframework/cglib/core/AbstractClassGenerator$ClassLoaderData$1
instanceKlass org/springframework/cglib/core/AbstractClassGenerator$ClassLoaderData$2
instanceKlass org/springframework/cglib/core/internal/Function
instanceKlass org/springframework/cglib/core/AbstractClassGenerator$ClassLoaderData
instanceKlass org/springframework/cglib/core/internal/CustomizerRegistry
instanceKlass org/springframework/cglib/core/DefaultNamingPolicy
instanceKlass org/springframework/cglib/core/DefaultGeneratorStrategy
instanceKlass org/springframework/cglib/core/KeyFactory$4
instanceKlass org/springframework/cglib/core/KeyFactory$3
instanceKlass org/springframework/cglib/core/KeyFactory$2
instanceKlass org/springframework/cglib/core/KeyFactory$1
instanceKlass org/springframework/cglib/core/Signature
instanceKlass org/springframework/cglib/core/CollectionUtils
instanceKlass org/springframework/cglib/core/TypeUtils
instanceKlass org/springframework/cglib/core/HashCodeCustomizer
instanceKlass org/springframework/cglib/core/FieldTypeCustomizer
instanceKlass org/springframework/cglib/core/Customizer
instanceKlass org/springframework/cglib/core/KeyFactory
instanceKlass org/springframework/cglib/proxy/Enhancer$EnhancerKey
instanceKlass org/springframework/cglib/core/AbstractClassGenerator$Source
instanceKlass org/springframework/cglib/proxy/Enhancer$1
instanceKlass org/springframework/cglib/core/ObjectSwitchCallback
instanceKlass org/springframework/cglib/core/Transformer
instanceKlass org/springframework/cglib/proxy/CallbackGenerator$Context
instanceKlass org/springframework/cglib/core/ProcessSwitchCallback
instanceKlass org/springframework/cglib/core/Predicate
instanceKlass org/springframework/cglib/core/KeyFactoryCustomizer
instanceKlass org/springframework/cglib/core/AbstractClassGenerator
instanceKlass org/springframework/cglib/core/ClassGenerator
instanceKlass org/springframework/objenesis/instantiator/ObjectInstantiator
instanceKlass org/springframework/objenesis/strategy/BaseInstantiatorStrategy
instanceKlass org/springframework/objenesis/strategy/InstantiatorStrategy
instanceKlass org/springframework/objenesis/SpringObjenesis
instanceKlass org/springframework/objenesis/Objenesis
instanceKlass org/springframework/context/annotation/ConfigurationClassEnhancer$ConditionalCallbackFilter
instanceKlass org/springframework/cglib/proxy/NoOp$1
instanceKlass org/springframework/cglib/proxy/NoOp
instanceKlass org/springframework/context/annotation/ConfigurationClassEnhancer$BeanFactoryAwareMethodInterceptor
instanceKlass org/springframework/context/annotation/ConfigurationClassEnhancer$BeanMethodInterceptor
instanceKlass org/springframework/context/annotation/ConfigurationClassEnhancer$ConditionalCallback
instanceKlass org/springframework/cglib/proxy/MethodInterceptor
instanceKlass org/springframework/cglib/proxy/Callback
instanceKlass org/springframework/cglib/proxy/CallbackFilter
instanceKlass org/springframework/cglib/core/GeneratorStrategy
instanceKlass org/springframework/cglib/core/NamingPolicy
instanceKlass org/springframework/context/annotation/ConfigurationClassEnhancer
instanceKlass org/springframework/cloud/context/scope/StandardScopeCache
instanceKlass org/springframework/cloud/context/scope/GenericScope$BeanLifecycleWrapperCache
instanceKlass org/springframework/cloud/context/scope/ScopeCache
instanceKlass org/springframework/boot/actuate/autoconfigure/web/server/ManagementContextAutoConfiguration
instanceKlass org/springframework/boot/actuate/autoconfigure/web/server/ManagementServerProperties$Servlet
instanceKlass org/springframework/boot/web/server/Ssl
instanceKlass org/springframework/boot/actuate/autoconfigure/endpoint/web/WebEndpointProperties$Exposure
instanceKlass org/springframework/transaction/support/AbstractPlatformTransactionManager
instanceKlass org/springframework/boot/autoconfigure/task/TaskSchedulingProperties$Shutdown
instanceKlass org/springframework/boot/autoconfigure/task/TaskSchedulingProperties$Pool
instanceKlass org/springframework/data/keyvalue/core/KeyValueCallback
instanceKlass org/springframework/data/keyvalue/core/IdentifierGenerator
instanceKlass org/springframework/data/redis/core/TimeToLive
instanceKlass org/springframework/data/redis/core/RedisKeyValueAdapter$RedisUpdateObject
instanceKlass org/springframework/data/util/CloseableIterator
instanceKlass org/springframework/data/redis/core/RedisCallback
instanceKlass org/springframework/data/keyvalue/core/QueryEngine
instanceKlass org/springframework/data/mapping/Association
instanceKlass org/springframework/data/redis/core/PartialUpdate$PropertyUpdate
instanceKlass org/springframework/data/redis/core/PartialUpdate
instanceKlass org/springframework/data/redis/core/convert/Bucket
instanceKlass org/springframework/data/mapping/PersistentPropertyAccessor
instanceKlass org/springframework/data/redis/core/convert/RedisData
instanceKlass org/springframework/data/mapping/model/ParameterValueProvider
instanceKlass org/springframework/data/mapping/model/PropertyValueProvider
instanceKlass org/springframework/data/redis/core/convert/IndexResolver
instanceKlass org/springframework/data/redis/core/convert/RedisTypeMapper
instanceKlass org/springframework/data/convert/TypeMapper
instanceKlass org/springframework/data/mapping/model/SimpleTypeHolder
instanceKlass org/springframework/data/mapping/model/Property
instanceKlass org/springframework/data/mapping/model/AbstractPersistentProperty
instanceKlass org/springframework/data/redis/core/mapping/RedisPersistentEntity
instanceKlass org/springframework/data/redis/core/TimeToLiveAccessor
instanceKlass org/springframework/data/keyvalue/core/mapping/KeySpaceResolver
instanceKlass org/springframework/data/mapping/PersistentProperty
instanceKlass org/springframework/data/keyvalue/core/mapping/KeyValuePersistentEntity
instanceKlass org/springframework/data/mapping/model/MutablePersistentEntity
instanceKlass org/springframework/data/util/TypeInformation
instanceKlass org/springframework/data/mapping/PersistentEntity
instanceKlass org/springframework/data/spel/EvaluationContextProvider
instanceKlass org/springframework/data/mapping/model/PersistentPropertyAccessorFactory
instanceKlass org/springframework/boot/autoconfigure/http/HttpProperties$Encoding
instanceKlass com/google/gson/FieldNamingStrategy
instanceKlass org/springframework/boot/actuate/autoconfigure/metrics/MetricsProperties$Web
instanceKlass org/springframework/boot/actuate/autoconfigure/metrics/MetricsProperties$Distribution
instanceKlass org/springframework/boot/actuate/autoconfigure/info/InfoContributorProperties$Git
instanceKlass org/springframework/boot/autoconfigure/info/ProjectInfoProperties$Build
instanceKlass org/springframework/boot/autoconfigure/info/ProjectInfoProperties$Git
instanceKlass org/springframework/boot/context/properties/DeprecatedConfigurationProperty
instanceKlass org/springframework/boot/autoconfigure/task/TaskExecutionProperties$Shutdown
instanceKlass org/springframework/boot/autoconfigure/task/TaskExecutionProperties$Pool
instanceKlass org/springframework/boot/autoconfigure/data/redis/RedisProperties$Lettuce
instanceKlass org/springframework/boot/autoconfigure/data/redis/RedisProperties$Cluster
instanceKlass org/springframework/boot/autoconfigure/data/redis/RedisProperties$Jedis
instanceKlass org/springframework/cloud/openfeign/FeignClientProperties$FeignClientConfiguration
instanceKlass feign/Target$HardCodedTarget
instanceKlass feign/Target
instanceKlass feign/Feign$Builder
instanceKlass com/alibaba/nacos/api/config/annotation/NacosConfigListener
instanceKlass com/alibaba/nacos/api/config/convert/NacosConfigConverter
instanceKlass org/springframework/boot/actuate/autoconfigure/web/server/ManagementServerProperties
instanceKlass org/springframework/boot/actuate/autoconfigure/endpoint/web/WebEndpointProperties
instanceKlass org/springframework/cloud/openfeign/support/DefaultGzipDecoderConfiguration
instanceKlass org/springframework/cloud/openfeign/FeignClientProperties
instanceKlass org/springframework/cloud/openfeign/FeignAutoConfiguration$HystrixFeignTargeterConfiguration
instanceKlass org/springframework/cloud/openfeign/Targeter
instanceKlass feign/Request$Options
instanceKlass org/springframework/cloud/openfeign/ribbon/FeignRibbonClientAutoConfiguration
instanceKlass org/springframework/cloud/openfeign/ribbon/CachingSpringLoadBalancerFactory
instanceKlass org/springframework/cloud/openfeign/ribbon/OkHttpFeignLoadBalancedConfiguration
instanceKlass org/springframework/cloud/openfeign/ribbon/HttpClientFeignLoadBalancedConfiguration
instanceKlass org/springframework/cloud/openfeign/support/FeignHttpClientProperties
instanceKlass org/springframework/cloud/openfeign/FeignAutoConfiguration
instanceKlass org/springframework/cloud/openfeign/ribbon/DefaultFeignLoadBalancedConfiguration
instanceKlass org/springframework/cloud/configuration/CompositeCompatibilityVerifier
instanceKlass org/springframework/cloud/configuration/SpringBootVersionVerifier
instanceKlass org/springframework/cloud/configuration/CompatibilityVerifier
instanceKlass org/springframework/cloud/configuration/CompatibilityVerifierAutoConfiguration
instanceKlass org/springframework/cloud/configuration/CompatibilityVerifierProperties
instanceKlass org/springframework/cloud/commons/util/UtilAutoConfiguration
instanceKlass org/springframework/cloud/commons/httpclient/HttpClientConfiguration
instanceKlass org/springframework/cloud/commons/httpclient/ApacheHttpClientFactory
instanceKlass org/apache/http/impl/client/HttpClientBuilder
instanceKlass org/springframework/cloud/commons/httpclient/HttpClientConfiguration$ApacheHttpClientConfiguration
instanceKlass org/springframework/cloud/commons/httpclient/ApacheHttpClientConnectionManagerFactory
instanceKlass org/springframework/cloud/commons/httpclient/OkHttpClientFactory
instanceKlass okhttp3/OkHttpClient$Builder
instanceKlass org/springframework/cloud/commons/httpclient/HttpClientConfiguration$OkHttpClientConfiguration
instanceKlass org/springframework/cloud/client/serviceregistry/ServiceRegistryAutoConfiguration
instanceKlass org/springframework/cloud/client/serviceregistry/ServiceRegistryAutoConfiguration$ServiceRegistryEndpointConfiguration
instanceKlass org/springframework/cloud/commons/httpclient/OkHttpClientConnectionPoolFactory
instanceKlass org/springframework/cloud/client/serviceregistry/endpoint/ServiceRegistryEndpoint
instanceKlass org/springframework/cloud/client/loadbalancer/LoadBalancerRetryProperties
instanceKlass org/springframework/cloud/client/loadbalancer/LoadBalancerInterceptor
instanceKlass org/springframework/http/client/ClientHttpRequestInterceptor
instanceKlass org/springframework/cloud/client/loadbalancer/LoadBalancerRequestFactory
instanceKlass org/springframework/cloud/client/loadbalancer/LoadBalancerAutoConfiguration$LoadBalancerInterceptorConfig
instanceKlass org/springframework/cloud/client/loadbalancer/RestTemplateCustomizer
instanceKlass org/springframework/cloud/client/loadbalancer/AsyncLoadBalancerAutoConfiguration$AsyncRestTemplateCustomizerConfig
instanceKlass org/springframework/cloud/client/loadbalancer/AsyncLoadBalancerInterceptor
instanceKlass org/springframework/http/client/AsyncClientHttpRequestInterceptor
instanceKlass org/springframework/cloud/client/loadbalancer/AsyncRestTemplateCustomizer
instanceKlass org/springframework/cloud/client/loadbalancer/AsyncLoadBalancerAutoConfiguration$LoadBalancerInterceptorConfig
instanceKlass org/springframework/cloud/client/hypermedia/RemoteResource
instanceKlass org/springframework/cloud/client/ReactiveCommonsClientAutoConfiguration
instanceKlass org/springframework/cloud/client/discovery/health/DiscoveryClientHealthIndicator
instanceKlass org/springframework/cloud/client/discovery/health/DiscoveryCompositeHealthContributor
instanceKlass org/springframework/boot/actuate/health/CompositeHealthContributor
instanceKlass org/springframework/cloud/client/CommonsClientAutoConfiguration$DiscoveryLoadBalancerConfiguration
instanceKlass org/springframework/cloud/client/discovery/health/DiscoveryHealthIndicator
instanceKlass org/springframework/cloud/client/discovery/health/DiscoveryClientHealthIndicatorProperties
instanceKlass org/springframework/cloud/client/CommonsClientAutoConfiguration$ActuatorConfiguration
instanceKlass org/springframework/cloud/client/discovery/simple/SimpleDiscoveryProperties
instanceKlass org/springframework/cloud/client/discovery/composite/CompositeDiscoveryClient
instanceKlass org/springframework/cloud/client/discovery/composite/CompositeDiscoveryClientAutoConfiguration
instanceKlass org/springframework/cloud/client/actuator/FeaturesEndpoint
instanceKlass org/springframework/cloud/client/discovery/noop/NoopDiscoveryClientAutoConfiguration
instanceKlass org/springframework/cloud/autoconfigure/RefreshEndpointAutoConfiguration
instanceKlass org/springframework/cloud/autoconfigure/RestartEndpointWithIntegrationConfiguration
instanceKlass org/springframework/cloud/autoconfigure/PauseResumeEndpointsConfiguration
instanceKlass org/springframework/cloud/autoconfigure/RestartEndpointWithoutIntegrationConfiguration
instanceKlass org/springframework/cloud/context/restart/RestartEndpoint
instanceKlass org/springframework/cloud/endpoint/RefreshEndpoint
instanceKlass org/springframework/cloud/autoconfigure/RefreshEndpointAutoConfiguration$RefreshEndpointConfiguration
instanceKlass org/springframework/transaction/reactive/TransactionalOperator
instanceKlass org/springframework/transaction/ReactiveTransactionManager
instanceKlass org/springframework/boot/autoconfigure/transaction/TransactionAutoConfiguration
instanceKlass org/springframework/boot/autoconfigure/transaction/TransactionManagerCustomizers
instanceKlass org/springframework/boot/autoconfigure/transaction/TransactionProperties
instanceKlass org/springframework/boot/autoconfigure/transaction/PlatformTransactionManagerCustomizer
instanceKlass org/springframework/boot/autoconfigure/data/neo4j/Neo4jDataAutoConfiguration
instanceKlass org/springframework/boot/autoconfigure/jdbc/DataSourceTransactionManagerAutoConfiguration
instanceKlass org/springframework/boot/autoconfigure/transaction/jta/JtaAutoConfiguration
instanceKlass org/springframework/boot/task/TaskSchedulerBuilder
instanceKlass java/util/concurrent/ScheduledExecutorService
instanceKlass org/springframework/boot/autoconfigure/task/TaskSchedulingAutoConfiguration
instanceKlass org/springframework/data/redis/core/convert/ReferenceResolverImpl
instanceKlass org/springframework/data/redis/core/convert/ReferenceResolver
instanceKlass org/springframework/boot/autoconfigure/data/redis/RedisRepositoriesAutoConfiguration
instanceKlass org/springframework/scheduling/annotation/SchedulingConfigurer
instanceKlass org/springframework/boot/autoconfigure/task/TaskSchedulingProperties
instanceKlass org/springframework/data/repository/config/RepositoryConfigurationSourceSupport$$Lambda$284
instanceKlass org/springframework/data/util/Streamable$$Lambda$283
instanceKlass org/springframework/util/MethodInvoker
instanceKlass org/springframework/beans/factory/support/ConstructorResolver$ConstructorPropertiesChecker
instanceKlass org/springframework/beans/factory/support/AutowireUtils$$Lambda$282
instanceKlass org/springframework/beans/factory/support/AutowireUtils
instanceKlass org/springframework/beans/Mergeable
instanceKlass org/springframework/beans/factory/config/RuntimeBeanNameReference
instanceKlass org/springframework/data/repository/config/RepositoryConfigurationSourceSupport$$Lambda$281
instanceKlass org/springframework/data/repository/config/RepositoryConfigurationSourceSupport$$Lambda$280
instanceKlass org/springframework/data/repository/NoRepositoryBean
instanceKlass org/springframework/data/repository/RepositoryDefinition
instanceKlass org/springframework/data/repository/Repository
instanceKlass org/springframework/data/repository/config/AnnotationRepositoryConfigurationSource$$Lambda$279
instanceKlass org/springframework/data/util/LazyStreamable
instanceKlass org/springframework/data/util/Streamable
instanceKlass org/springframework/data/repository/config/AnnotationRepositoryConfigurationSource$$Lambda$278
instanceKlass org/springframework/data/util/Lazy$$Lambda$277
instanceKlass java/lang/invoke/LambdaForm$DMH
instanceKlass org/springframework/data/util/Lazy
instanceKlass org/springframework/data/repository/config/CustomRepositoryImplementationDetector$$Lambda$276
instanceKlass org/springframework/data/repository/config/ImplementationLookupConfiguration
instanceKlass org/springframework/data/repository/config/RepositoryConfigurationSourceSupport$SpringImplementationDetectionConfiguration
instanceKlass org/springframework/data/repository/config/CustomRepositoryImplementationDetector
instanceKlass org/springframework/data/repository/config/FragmentMetadata
instanceKlass org/springframework/data/repository/config/RepositoryBeanDefinitionBuilder
instanceKlass org/springframework/data/keyvalue/repository/config/KeyValueRepositoryConfigurationExtension$$Lambda$275
instanceKlass org/springframework/data/keyvalue/core/KeyValueTemplate
instanceKlass org/springframework/data/keyvalue/core/KeyValueOperations
instanceKlass org/springframework/data/keyvalue/repository/config/KeyValueRepositoryConfigurationExtension$$Lambda$274
instanceKlass org/springframework/data/keyvalue/core/AbstractKeyValueAdapter
instanceKlass org/springframework/data/keyvalue/core/KeyValueAdapter
instanceKlass org/springframework/data/redis/repository/configuration/RedisRepositoryConfigurationExtension$$Lambda$273
instanceKlass org/springframework/data/redis/core/convert/MappingRedisConverter
instanceKlass org/springframework/data/redis/core/convert/RedisConverter
instanceKlass org/springframework/data/convert/EntityConverter
instanceKlass org/springframework/data/convert/EntityWriter
instanceKlass org/springframework/data/convert/EntityReader
instanceKlass org/springframework/data/redis/repository/configuration/RedisRepositoryConfigurationExtension$$Lambda$272
instanceKlass org/springframework/data/redis/repository/configuration/RedisRepositoryConfigurationExtension$$Lambda$271
instanceKlass org/springframework/data/convert/CustomConversions
instanceKlass org/springframework/data/redis/repository/configuration/RedisRepositoryConfigurationExtension$$Lambda$270
instanceKlass org/springframework/data/redis/core/convert/MappingConfiguration
instanceKlass org/springframework/data/repository/config/RepositoryConfigurationSource$$Lambda$269
instanceKlass org/springframework/data/mapping/context/AbstractMappingContext
instanceKlass org/springframework/data/mapping/context/MappingContext
instanceKlass org/springframework/data/redis/repository/configuration/RedisRepositoryConfigurationExtension$$Lambda$268
instanceKlass org/springframework/data/repository/config/AnnotationRepositoryConfigurationSource$$Lambda$267
instanceKlass org/slf4j/helpers/FormattingTuple
instanceKlass org/slf4j/helpers/MessageFormatter
instanceKlass org/springframework/data/repository/config/RepositoryConfiguration
instanceKlass org/springframework/data/repository/config/RepositoryConfigurationExtensionSupport
instanceKlass org/springframework/data/repository/core/support/RepositoryFactorySupport
instanceKlass java/util/stream/MatchOps$$Lambda$266
instanceKlass org/springframework/data/repository/config/AnnotationRepositoryConfigurationSource$$Lambda$265
instanceKlass org/springframework/data/repository/query/parser/AbstractQueryCreator
instanceKlass org/springframework/data/keyvalue/repository/query/KeyValuePartTreeQuery
instanceKlass org/springframework/data/repository/query/RepositoryQuery
instanceKlass org/springframework/data/repository/config/RepositoryBeanDefinitionRegistrarSupport
instanceKlass org/springframework/data/repository/config/SpringDataAnnotationBeanNameGenerator
instanceKlass org/springframework/data/repository/config/RepositoryBeanNameGenerator
instanceKlass org/springframework/data/config/ConfigurationUtils
instanceKlass org/springframework/data/repository/config/ImplementationDetectionConfiguration
instanceKlass org/springframework/data/keyvalue/repository/config/QueryCreatorType
instanceKlass org/springframework/data/redis/core/convert/KeyspaceConfiguration
instanceKlass org/springframework/data/redis/core/index/IndexConfiguration
instanceKlass org/springframework/data/redis/core/index/ConfigurableIndexDefinitionProvider
instanceKlass org/springframework/data/redis/core/index/IndexDefinitionRegistry
instanceKlass org/springframework/data/redis/core/index/IndexDefinitionProvider
instanceKlass org/springframework/data/repository/config/DefaultRepositoryBaseClass
instanceKlass org/springframework/boot/autoconfigure/data/redis/RedisRepositoriesRegistrar$EnableRedisRepositoriesConfiguration
instanceKlass org/springframework/data/repository/config/RepositoryConfigurationDelegate
instanceKlass org/springframework/data/repository/core/support/RepositoryFactoryBeanSupport
instanceKlass org/springframework/data/repository/core/support/RepositoryFactoryInformation
instanceKlass org/springframework/boot/autoconfigure/dao/PersistenceExceptionTranslationAutoConfiguration
instanceKlass org/springframework/boot/autoconfigure/context/ConfigurationPropertiesAutoConfiguration
instanceKlass org/springframework/boot/autoconfigure/aop/AopAutoConfiguration
instanceKlass org/springframework/boot/autoconfigure/aop/AopAutoConfiguration$AspectJAutoProxyingConfiguration
instanceKlass org/springframework/boot/autoconfigure/aop/AopAutoConfiguration$AspectJAutoProxyingConfiguration$CglibAutoProxyConfiguration
instanceKlass org/springframework/boot/actuate/autoconfigure/web/mappings/MappingsEndpointAutoConfiguration
instanceKlass org/springframework/aop/config/AopConfigUtils
instanceKlass org/springframework/boot/actuate/web/mappings/MappingsEndpoint
instanceKlass org/springframework/boot/actuate/autoconfigure/trace/http/HttpTraceEndpointAutoConfiguration
instanceKlass org/springframework/boot/actuate/autoconfigure/trace/http/HttpTraceAutoConfiguration
instanceKlass org/springframework/boot/actuate/autoconfigure/scheduling/ScheduledTasksEndpointAutoConfiguration
instanceKlass org/springframework/boot/actuate/autoconfigure/health/AbstractCompositeHealthContributorConfiguration
instanceKlass org/springframework/boot/autoconfigure/data/redis/RedisReactiveAutoConfiguration
instanceKlass org/springframework/boot/actuate/autoconfigure/metrics/web/client/HttpClientMetricsAutoConfiguration
instanceKlass org/springframework/boot/actuate/metrics/web/client/DefaultRestTemplateExchangeTagsProvider
instanceKlass org/springframework/boot/actuate/metrics/web/client/MetricsRestTemplateCustomizer
instanceKlass org/springframework/boot/web/client/RestTemplateCustomizer
instanceKlass org/springframework/boot/actuate/metrics/AutoTimer
instanceKlass org/springframework/boot/actuate/autoconfigure/metrics/web/client/WebClientMetricsConfiguration
instanceKlass org/springframework/boot/actuate/autoconfigure/metrics/web/client/RestTemplateMetricsConfiguration
instanceKlass org/springframework/boot/actuate/metrics/web/client/RestTemplateExchangeTagsProvider
instanceKlass org/springframework/boot/autoconfigure/web/client/RestTemplateAutoConfiguration
instanceKlass org/springframework/boot/web/client/RestTemplateBuilder
instanceKlass org/springframework/boot/autoconfigure/http/HttpMessageConvertersAutoConfiguration
instanceKlass org/springframework/boot/autoconfigure/http/HttpMessageConverters
instanceKlass org/springframework/boot/autoconfigure/http/JsonbHttpMessageConvertersConfiguration
instanceKlass org/springframework/boot/autoconfigure/http/GsonHttpMessageConvertersConfiguration
instanceKlass org/springframework/boot/autoconfigure/jsonb/JsonbAutoConfiguration
instanceKlass org/springframework/boot/autoconfigure/http/JacksonHttpMessageConvertersConfiguration
instanceKlass org/springframework/boot/autoconfigure/http/JacksonHttpMessageConvertersConfiguration$MappingJackson2HttpMessageConverterConfiguration
instanceKlass org/springframework/boot/autoconfigure/http/HttpMessageConvertersAutoConfiguration$StringHttpMessageConverterConfiguration
instanceKlass org/springframework/boot/autoconfigure/jackson/JacksonAutoConfiguration
instanceKlass org/springframework/boot/autoconfigure/http/HttpProperties
instanceKlass org/springframework/boot/autoconfigure/jackson/JacksonAutoConfiguration$JacksonObjectMapperConfiguration
instanceKlass org/springframework/boot/autoconfigure/jackson/JacksonAutoConfiguration$ParameterNamesModuleConfiguration
instanceKlass org/springframework/boot/autoconfigure/jackson/JacksonAutoConfiguration$JacksonObjectMapperBuilderConfiguration
instanceKlass org/springframework/boot/autoconfigure/jackson/JacksonAutoConfiguration$Jackson2ObjectMapperBuilderCustomizerConfiguration$StandardJackson2ObjectMapperBuilderCustomizer
instanceKlass org/springframework/boot/autoconfigure/jackson/Jackson2ObjectMapperBuilderCustomizer
instanceKlass org/springframework/boot/autoconfigure/jackson/JacksonAutoConfiguration$Jackson2ObjectMapperBuilderCustomizerConfiguration
instanceKlass org/springframework/boot/autoconfigure/jackson/JacksonProperties
instanceKlass org/springframework/boot/autoconfigure/gson/GsonAutoConfiguration$StandardGsonBuilderCustomizer
instanceKlass org/springframework/boot/autoconfigure/gson/GsonBuilderCustomizer
instanceKlass org/springframework/boot/autoconfigure/gson/GsonAutoConfiguration
instanceKlass com/google/gson/GsonBuilder
instanceKlass org/springframework/boot/autoconfigure/gson/GsonProperties
instanceKlass org/springframework/boot/actuate/autoconfigure/metrics/cache/CacheMetricsAutoConfiguration
instanceKlass org/springframework/boot/actuate/metrics/cache/CacheMetricsRegistrar
instanceKlass org/springframework/boot/actuate/autoconfigure/metrics/cache/CacheMetricsRegistrarConfiguration
instanceKlass org/springframework/boot/actuate/autoconfigure/metrics/cache/CacheMeterBinderProvidersConfiguration
instanceKlass org/springframework/boot/actuate/metrics/cache/CaffeineCacheMeterBinderProvider
instanceKlass org/springframework/boot/actuate/autoconfigure/metrics/cache/CacheMeterBinderProvidersConfiguration$CaffeineCacheMeterBinderProviderConfiguration
instanceKlass org/springframework/boot/actuate/metrics/cache/CacheMeterBinderProvider
instanceKlass io/micrometer/core/instrument/binder/system/FileDescriptorMetrics
instanceKlass io/micrometer/core/instrument/binder/system/ProcessorMetrics
instanceKlass org/springframework/boot/actuate/autoconfigure/metrics/SystemMetricsAutoConfiguration
instanceKlass io/micrometer/core/instrument/binder/system/UptimeMetrics
instanceKlass org/springframework/boot/actuate/autoconfigure/metrics/MetricsEndpointAutoConfiguration
instanceKlass org/springframework/boot/actuate/autoconfigure/metrics/LogbackMetricsAutoConfiguration
instanceKlass io/micrometer/core/instrument/binder/logging/LogbackMetrics
instanceKlass io/micrometer/core/instrument/binder/jvm/ClassLoaderMetrics
instanceKlass io/micrometer/core/instrument/binder/jvm/JvmThreadMetrics
instanceKlass io/micrometer/core/instrument/binder/jvm/JvmMemoryMetrics
instanceKlass org/springframework/boot/actuate/autoconfigure/metrics/JvmMetricsAutoConfiguration
instanceKlass io/micrometer/core/instrument/binder/jvm/JvmGcMetrics
instanceKlass org/springframework/boot/actuate/autoconfigure/metrics/CompositeMeterRegistryConfiguration
instanceKlass org/springframework/boot/actuate/autoconfigure/metrics/NoOpMeterRegistryConfiguration
instanceKlass org/springframework/boot/actuate/autoconfigure/metrics/export/simple/SimpleMetricsExportAutoConfiguration
instanceKlass io/micrometer/core/instrument/simple/SimpleConfig
instanceKlass io/micrometer/core/instrument/config/MeterRegistryConfig
instanceKlass org/springframework/boot/actuate/autoconfigure/metrics/export/simple/SimpleProperties
instanceKlass org/springframework/boot/actuate/autoconfigure/metrics/PropertiesMeterFilter
instanceKlass io/micrometer/core/instrument/config/MeterFilter
instanceKlass org/springframework/boot/actuate/autoconfigure/metrics/MeterRegistryPostProcessor
instanceKlass org/springframework/boot/actuate/autoconfigure/metrics/MetricsAutoConfiguration
instanceKlass org/springframework/boot/actuate/autoconfigure/metrics/CompositeMeterRegistryAutoConfiguration
instanceKlass org/springframework/boot/actuate/autoconfigure/metrics/MetricsProperties
instanceKlass org/springframework/boot/actuate/autoconfigure/management/ThreadDumpEndpointAutoConfiguration
instanceKlass org/springframework/boot/actuate/autoconfigure/management/HeapDumpWebEndpointAutoConfiguration
instanceKlass org/springframework/boot/actuate/autoconfigure/logging/LoggersEndpointAutoConfiguration
instanceKlass org/springframework/boot/actuate/autoconfigure/logging/LogFileWebEndpointAutoConfiguration
instanceKlass org/springframework/boot/actuate/autoconfigure/logging/LogFileWebEndpointProperties
instanceKlass org/springframework/boot/actuate/autoconfigure/info/InfoEndpointAutoConfiguration
instanceKlass org/springframework/boot/actuate/info/InfoPropertiesInfoContributor
instanceKlass org/springframework/boot/actuate/info/EnvironmentInfoContributor
instanceKlass org/springframework/boot/actuate/info/InfoContributor
instanceKlass org/springframework/boot/actuate/autoconfigure/info/InfoContributorAutoConfiguration
instanceKlass org/springframework/boot/actuate/autoconfigure/health/HealthEndpointAutoConfiguration
instanceKlass org/springframework/boot/info/InfoProperties
instanceKlass org/springframework/boot/autoconfigure/condition/OnBeanCondition$SingleCandidateSpec$$Lambda$264
instanceKlass org/springframework/boot/actuate/autoconfigure/info/InfoContributorProperties
instanceKlass org/springframework/boot/autoconfigure/info/ProjectInfoAutoConfiguration
instanceKlass org/springframework/boot/autoconfigure/info/ProjectInfoProperties
instanceKlass org/springframework/boot/actuate/autoconfigure/health/HealthEndpointReactiveWebExtensionConfiguration
instanceKlass org/springframework/boot/actuate/autoconfigure/health/HealthEndpointWebExtensionConfiguration
instanceKlass org/springframework/boot/actuate/autoconfigure/health/ReactiveHealthEndpointConfiguration
instanceKlass org/springframework/boot/actuate/autoconfigure/health/HealthProperties
instanceKlass org/springframework/boot/actuate/health/HealthEndpointGroups
instanceKlass org/springframework/boot/actuate/health/HttpCodeStatusMapper
instanceKlass org/springframework/boot/actuate/autoconfigure/health/HealthEndpointConfiguration
instanceKlass org/springframework/boot/actuate/health/StatusAggregator
instanceKlass org/springframework/boot/actuate/autoconfigure/health/HealthContributorRegistryHealthIndicatorRegistryAdapter
instanceKlass org/springframework/boot/actuate/health/HealthIndicatorRegistry
instanceKlass org/springframework/boot/actuate/health/HealthContributorRegistry
instanceKlass org/springframework/boot/actuate/autoconfigure/health/LegacyHealthEndpointCompatibilityConfiguration
instanceKlass org/springframework/boot/actuate/autoconfigure/health/ReactiveHealthContributorRegistryReactiveHealthIndicatorRegistryAdapter
instanceKlass org/springframework/boot/actuate/health/ReactiveHealthContributorRegistry
instanceKlass org/springframework/boot/actuate/health/ContributorRegistry
instanceKlass org/springframework/boot/actuate/health/NamedContributors
instanceKlass org/springframework/boot/actuate/autoconfigure/health/HealthIndicatorProperties
instanceKlass org/springframework/boot/actuate/autoconfigure/health/LegacyHealthEndpointCompatibilityConfiguration$LegacyReactiveHealthEndpointCompatibilityConfiguration
instanceKlass org/springframework/boot/actuate/health/ReactiveHealthIndicatorRegistry
instanceKlass org/springframework/boot/actuate/health/HealthStatusHttpMapper
instanceKlass org/springframework/boot/actuate/autoconfigure/health/LegacyHealthEndpointAdaptersConfiguration
instanceKlass org/springframework/boot/actuate/health/AbstractHealthIndicator
instanceKlass org/springframework/boot/actuate/autoconfigure/system/DiskSpaceHealthContributorAutoConfiguration
instanceKlass org/springframework/boot/actuate/health/HealthAggregator
instanceKlass org/springframework/boot/actuate/autoconfigure/system/DiskSpaceHealthIndicatorProperties
instanceKlass org/springframework/boot/actuate/autoconfigure/health/HealthContributorAutoConfiguration
instanceKlass org/springframework/boot/actuate/env/EnvironmentEndpointWebExtension
instanceKlass org/springframework/boot/actuate/autoconfigure/env/EnvironmentEndpointAutoConfiguration
instanceKlass org/springframework/cloud/autoconfigure/LifecycleMvcEndpointAutoConfiguration
instanceKlass org/springframework/boot/autoconfigure/web/servlet/WebMvcAutoConfiguration
instanceKlass org/springframework/validation/beanvalidation/SpringValidatorAdapter
instanceKlass org/springframework/validation/SmartValidator
instanceKlass org/springframework/boot/autoconfigure/validation/ValidationAutoConfiguration
instanceKlass org/springframework/boot/autoconfigure/task/TaskExecutionAutoConfiguration
instanceKlass org/springframework/boot/task/TaskExecutorBuilder
instanceKlass org/springframework/boot/autoconfigure/task/TaskExecutionProperties
instanceKlass org/springframework/boot/actuate/endpoint/invoker/cache/CachingOperationInvokerAdvisor
instanceKlass org/springframework/boot/actuate/endpoint/invoke/OperationInvokerAdvisor
instanceKlass org/springframework/boot/actuate/endpoint/invoke/ParameterValueMapper
instanceKlass org/springframework/boot/actuate/autoconfigure/context/properties/ConfigurationPropertiesReportEndpointAutoConfiguration
instanceKlass org/springframework/boot/actuate/autoconfigure/context/properties/ConfigurationPropertiesReportEndpointProperties
instanceKlass org/springframework/boot/actuate/autoconfigure/condition/ConditionsReportEndpointAutoConfiguration
instanceKlass org/springframework/boot/actuate/cache/CachesEndpointWebExtension
instanceKlass org/springframework/boot/actuate/autoconfigure/cache/CachesEndpointAutoConfiguration
instanceKlass org/springframework/boot/autoconfigure/cache/CacheAutoConfiguration
instanceKlass org/springframework/boot/autoconfigure/data/redis/RedisAutoConfiguration
instanceKlass org/springframework/data/redis/connection/RedisClusterConfiguration
instanceKlass org/springframework/data/redis/connection/RedisConfiguration$ClusterConfiguration
instanceKlass org/springframework/data/redis/connection/RedisSentinelConfiguration
instanceKlass org/springframework/data/redis/connection/RedisConfiguration$SentinelConfiguration
instanceKlass org/springframework/data/redis/connection/RedisStandaloneConfiguration
instanceKlass org/springframework/data/redis/connection/RedisConfiguration$WithDatabaseIndex
instanceKlass org/springframework/data/redis/connection/RedisConfiguration$WithPassword
instanceKlass org/springframework/data/redis/connection/RedisConfiguration$WithHostAndPort
instanceKlass org/springframework/data/redis/connection/RedisConfiguration
instanceKlass org/springframework/boot/autoconfigure/data/redis/RedisProperties$Sentinel
instanceKlass org/springframework/boot/autoconfigure/data/redis/RedisConnectionConfiguration$ConnectionInfo
instanceKlass org/springframework/boot/autoconfigure/data/redis/RedisProperties
instanceKlass org/springframework/boot/autoconfigure/data/redis/LettuceClientConfigurationBuilderCustomizer
instanceKlass io/lettuce/core/resource/DefaultClientResources
instanceKlass org/springframework/boot/autoconfigure/data/redis/RedisProperties$Pool
instanceKlass org/springframework/data/redis/connection/lettuce/LettuceClientConfiguration$LettuceClientConfigurationBuilder
instanceKlass org/springframework/boot/autoconfigure/data/redis/RedisConnectionConfiguration
instanceKlass io/lettuce/core/resource/ClientResources
instanceKlass org/springframework/cloud/endpoint/event/RefreshEventListener
instanceKlass org/springframework/cloud/context/refresh/ContextRefresher
instanceKlass org/springframework/cloud/logging/LoggingRebinder
instanceKlass org/springframework/cloud/autoconfigure/RefreshAutoConfiguration
instanceKlass org/springframework/cloud/autoconfigure/RefreshAutoConfiguration$RefreshScopeBeanDefinitionEnhancer
instanceKlass org/springframework/boot/autoconfigure/orm/jpa/HibernateJpaAutoConfiguration
instanceKlass org/springframework/boot/actuate/autoconfigure/beans/BeansEndpointAutoConfiguration
instanceKlass org/springframework/boot/actuate/autoconfigure/audit/AuditEventsEndpointAutoConfiguration
instanceKlass org/springframework/boot/actuate/autoconfigure/audit/AuditAutoConfiguration
instanceKlass com/alibaba/cloud/nacos/ribbon/RibbonNacosAutoConfiguration
instanceKlass com/alibaba/cloud/nacos/ribbon/NacosRibbonClientConfiguration
instanceKlass org/springframework/cloud/netflix/ribbon/RibbonClientSpecification
instanceKlass org/springframework/cloud/netflix/ribbon/RibbonApplicationContextInitializer
instanceKlass org/springframework/cloud/context/named/NamedContextFactory
instanceKlass org/springframework/cloud/netflix/ribbon/PropertiesFactory
instanceKlass org/springframework/cloud/client/actuator/HasFeatures
instanceKlass org/springframework/cloud/client/loadbalancer/LoadBalancedRetryFactory
instanceKlass org/springframework/cloud/netflix/ribbon/RibbonAutoConfiguration
instanceKlass org/springframework/cloud/client/loadbalancer/LoadBalancerClient
instanceKlass org/springframework/cloud/client/loadbalancer/ServiceInstanceChooser
instanceKlass org/springframework/cloud/netflix/ribbon/ServerIntrospectorProperties
instanceKlass org/springframework/cloud/netflix/ribbon/RibbonEagerLoadProperties
instanceKlass org/springframework/cloud/client/loadbalancer/AsyncLoadBalancerAutoConfiguration
instanceKlass org/springframework/cloud/client/loadbalancer/LoadBalancerAutoConfiguration
instanceKlass org/springframework/cloud/client/serviceregistry/AbstractAutoServiceRegistration
instanceKlass org/springframework/cloud/client/serviceregistry/AutoServiceRegistration
instanceKlass com/alibaba/cloud/nacos/registry/NacosRegistration
instanceKlass org/springframework/cloud/client/serviceregistry/Registration
instanceKlass org/springframework/cloud/client/ServiceInstance
instanceKlass com/alibaba/cloud/nacos/registry/NacosServiceRegistry
instanceKlass org/springframework/cloud/client/serviceregistry/ServiceRegistry
instanceKlass com/alibaba/cloud/nacos/registry/NacosServiceRegistryAutoConfiguration
instanceKlass org/springframework/cloud/client/serviceregistry/AutoServiceRegistrationAutoConfiguration
instanceKlass com/alibaba/cloud/nacos/endpoint/NacosDiscoveryEndpointAutoConfiguration
instanceKlass com/alibaba/cloud/nacos/endpoint/NacosDiscoveryEndpoint
instanceKlass org/springframework/cloud/client/discovery/DiscoveryClient
instanceKlass com/alibaba/cloud/nacos/discovery/NacosDiscoveryClientConfiguration
instanceKlass com/alibaba/cloud/nacos/discovery/NacosWatch
instanceKlass org/springframework/cloud/client/CommonsClientAutoConfiguration
instanceKlass org/springframework/cloud/client/discovery/simple/SimpleDiscoveryClientAutoConfiguration
instanceKlass com/alibaba/cloud/nacos/discovery/NacosServiceDiscovery
instanceKlass com/alibaba/cloud/nacos/discovery/NacosDiscoveryAutoConfiguration
instanceKlass org/springframework/cloud/netflix/archaius/ArchaiusAutoConfiguration
instanceKlass org/springframework/cloud/netflix/archaius/ArchaiusAutoConfiguration$ArchaiusEndpointConfiguration
instanceKlass org/springframework/cloud/netflix/archaius/ArchaiusAutoConfiguration$PropagateEventsConfiguration
instanceKlass org/springframework/cloud/netflix/archaius/ArchaiusEndpoint
instanceKlass org/springframework/boot/autoconfigure/condition/OnBeanCondition$$Lambda$263
instanceKlass org/springframework/cloud/client/serviceregistry/AutoServiceRegistrationConfiguration
instanceKlass org/springframework/beans/factory/config/ConstructorArgumentValues$$Lambda$262
instanceKlass org/springframework/beans/factory/config/ConstructorArgumentValues$$Lambda$261
instanceKlass org/springframework/beans/factory/config/ConstructorArgumentValues$$Lambda$260
instanceKlass org/springframework/data/redis/core/script/DefaultRedisScript
instanceKlass org/springframework/data/redis/core/script/RedisScript
instanceKlass org/springframework/data/redis/core/RedisAccessor
instanceKlass org/springframework/data/redis/listener/RedisMessageListenerContainer
instanceKlass org/springframework/context/SmartLifecycle
instanceKlass org/springframework/context/Phased
instanceKlass org/springframework/data/redis/connection/lettuce/LettuceConnectionFactory
instanceKlass org/springframework/scripting/ScriptSource
instanceKlass org/springframework/data/redis/serializer/RedisSerializer
instanceKlass org/springframework/data/redis/connection/lettuce/LettuceClientConfiguration
instanceKlass com/petrel/common/vo/SlotsUserSessionVO
instanceKlass com/petrel/slots/core/common/handler/UserInfoManager
instanceKlass org/springframework/cloud/client/serviceregistry/AutoServiceRegistrationProperties
instanceKlass org/springframework/cloud/openfeign/FeignClientFactoryBean
instanceKlass org/springframework/cloud/openfeign/FeignClientSpecification
instanceKlass org/springframework/cloud/context/named/NamedContextFactory$Specification
instanceKlass org/springframework/beans/factory/config/ConstructorArgumentValues$ValueHolder
instanceKlass org/springframework/beans/factory/config/ConstructorArgumentValues
instanceKlass org/springframework/boot/autoconfigure/AutoConfigurationPackages$BasePackages
instanceKlass org/springframework/boot/autoconfigure/AutoConfigurationPackages
instanceKlass org/springframework/boot/autoconfigure/AutoConfigurationPackages$PackageImport
instanceKlass com/alibaba/nacos/spring/context/annotation/config/NacosPropertySource
instanceKlass com/alibaba/nacos/spring/context/annotation/config/NacosPropertySources
instanceKlass com/alibaba/nacos/api/naming/NamingMaintainService
instanceKlass com/alibaba/nacos/api/naming/NamingService
instanceKlass com/alibaba/nacos/api/config/ConfigService
instanceKlass com/alibaba/nacos/spring/factory/CacheableEventPublishingNacosServiceFactory$AbstractCreateWorker
instanceKlass com/alibaba/nacos/spring/factory/CacheableEventPublishingNacosServiceFactory
instanceKlass com/alibaba/nacos/spring/util/config/NacosConfigLoader
instanceKlass com/alibaba/nacos/spring/context/event/DeferredApplicationEventPublisher
instanceKlass com/alibaba/spring/util/ClassUtils
instanceKlass com/alibaba/nacos/api/config/listener/Listener
instanceKlass com/alibaba/nacos/spring/context/event/LoggingNacosConfigMetadataEventListener
instanceKlass com/alibaba/nacos/spring/beans/factory/annotation/AbstractNacosServiceBeanBuilder
instanceKlass com/alibaba/nacos/spring/util/NacosBeanUtils$1
instanceKlass com/alibaba/nacos/spring/context/constants/NacosConstants
instanceKlass com/alibaba/nacos/spring/core/env/AbstractNacosPropertySourceBuilder
instanceKlass com/alibaba/nacos/spring/core/env/NacosPropertySourcePostProcessor
instanceKlass com/alibaba/nacos/spring/context/event/AnnotationListenerMethodProcessor
instanceKlass com/alibaba/nacos/spring/context/properties/config/NacosConfigurationPropertiesBindingPostProcessor
instanceKlass org/apache/commons/lang3/ArrayUtils
instanceKlass com/petrel/slots/core/common/config/JackportConfig
instanceKlass com/alibaba/spring/util/BeanUtils$2
instanceKlass com/alibaba/spring/util/BeanUtils$1
instanceKlass com/zebra/rpc/server/ZebraApplication
instanceKlass com/zebra/rpc/register/SpringContextBeanUtil
instanceKlass com/zebra/rpc/register/ServerRegistryService
instanceKlass com/zebra/rpc/register/ServerRegistryHandlerService
instanceKlass com/zebra/net/client/RegistryHandlerService
instanceKlass com/zebra/rpc/register/ServerRedisService
instanceKlass com/zebra/rpc/server/ZebraUserEEServer
instanceKlass com/zebra/rpc/register/ServerRedisConfig
instanceKlass com/zebra/rpc/server/ZebraServerRegisterService
instanceKlass com/zebra/net/servers/ZebraRegisterService
instanceKlass com/zebra/rpc/register/LoadBalanceService
instanceKlass com/petrel/common/dc/redis/GameRoomRedisService
instanceKlass com/petrel/common/dc/redis/FishingRedisService
instanceKlass com/petrel/common/dc/redis/ControlRedisService
instanceKlass com/petrel/common/dc/redis/UserProfileRedisService
instanceKlass com/petrel/common/dc/redis/LoginoutRedisService
instanceKlass com/petrel/common/dc/redis/EnterRoomCheckService
instanceKlass com/petrel/common/config/SpringContextBean
instanceKlass com/petrel/common/config/RedisSourceProperties
instanceKlass com/petrel/common/config/RedisSourceConfiguration
instanceKlass com/petrel/slots/all/StartInitialize
instanceKlass com/petrel/slots/all/StartAfterInitialize
instanceKlass com/petrel/slots/core/game/zzdzz/service/ZzdzzBonusService
instanceKlass com/petrel/slots/core/game/szxz/service/SzxzBonusService
instanceKlass com/petrel/slots/core/game/gef/service/GefBonusService
instanceKlass com/petrel/slots/core/game/fkymr/service/FkymrBonusService
instanceKlass com/petrel/slots/core/game/csll/service/CsllBonusService
instanceKlass com/petrel/slots/core/game/ajyh/service/AjyhBonusService
instanceKlass com/petrel/slots/core/common/service/GameServerStartService
instanceKlass com/petrel/slots/core/common/handler/EnterExitRoomHandler
instanceKlass com/petrel/slots/core/common/handler/CacheConfig
instanceKlass com/petrel/slots/core/game/wdls/service/WdlsBonusService
instanceKlass com/petrel/slots/core/game/shz/service/ShzBonusService
instanceKlass com/petrel/slots/core/game/rz/service/KillRzService
instanceKlass com/petrel/slots/core/game/jsxs/service/JsxsBounsService
instanceKlass com/petrel/slots/core/game/cjlb/service/CjlbBonusService
instanceKlass com/petrel/slots/core/common/service/JackportService
instanceKlass com/petrel/slots/core/common/service/EnterExitRoomService
instanceKlass com/petrel/slots/core/common/service/CacheServer
instanceKlass com/petrel/slots/core/common/handler/InitializePlayHandlerMapping
instanceKlass com/petrel/slots/core/common/service/BetService
instanceKlass com/petrel/slots/core/common/quarze/PushJackpot
instanceKlass com/petrel/slots/core/common/handler/ConnectionHandlerService
instanceKlass com/zebra/net/servers/ZebraHandlerService
instanceKlass com/petrel/slots/core/common/game/BiBeiService
instanceKlass com/petrel/slots/core/game/zzqqq/service/ZzqqqBonusService
instanceKlass com/petrel/slots/core/game/ygbh/service/YgbhBonusService
instanceKlass com/petrel/slots/core/game/mnyys/service/MnyysBonusService
instanceKlass sun/nio/cs/UTF_8$1
instanceKlass com/petrel/slots/core/common/game/BaseGameService
instanceKlass com/petrel/slots/core/common/handler/AbstractBetHandler
instanceKlass com/petrel/slots/core/common/handler/BetHandler
instanceKlass com/petrel/slots/core/common/config/NacosConfiguration
instanceKlass com/alibaba/spring/util/BeanUtils
instanceKlass com/alibaba/nacos/spring/factory/ApplicationContextHolder
instanceKlass com/alibaba/nacos/spring/util/PropertiesPlaceholderResolver
instanceKlass com/alibaba/nacos/spring/factory/NacosServiceFactory
instanceKlass com/alibaba/nacos/spring/util/NacosBeanUtils
instanceKlass com/alibaba/nacos/spring/util/NacosUtils
instanceKlass org/springframework/boot/web/reactive/context/ConfigurableReactiveWebApplicationContext
instanceKlass org/springframework/boot/web/reactive/context/ReactiveWebApplicationContext
instanceKlass org/springframework/boot/actuate/autoconfigure/web/server/ConditionalOnManagementPort
instanceKlass feign/hystrix/HystrixFeign
instanceKlass org/apache/http/client/HttpClient
instanceKlass okhttp3/OkHttpClient
instanceKlass okhttp3/WebSocket$Factory
instanceKlass okhttp3/Call$Factory
instanceKlass org/springframework/boot/actuate/health/ReactiveHealthIndicator
instanceKlass org/springframework/boot/actuate/health/ReactiveHealthContributor
instanceKlass org/springframework/boot/actuate/health/HealthIndicator
instanceKlass org/springframework/boot/actuate/health/HealthContributor
instanceKlass org/springframework/cloud/client/ConditionalOnDiscoveryHealthIndicatorEnabled
instanceKlass org/springframework/transaction/annotation/AbstractTransactionManagementConfiguration
instanceKlass org/springframework/context/annotation/AutoProxyRegistrar
instanceKlass org/springframework/transaction/annotation/TransactionManagementConfigurationSelector$1
instanceKlass org/springframework/context/annotation/AdviceModeImportSelector
instanceKlass org/springframework/transaction/annotation/EnableTransactionManagement
instanceKlass org/springframework/data/web/config/EnableSpringDataWebSupport$QuerydslActivator
instanceKlass org/springframework/data/web/config/EnableSpringDataWebSupport$SpringDataWebConfigurationImportSelector
instanceKlass org/springframework/data/web/config/EnableSpringDataWebSupport
instanceKlass org/springframework/data/repository/config/RepositoryConfigurationExtension
instanceKlass org/springframework/data/repository/config/RepositoryConfigurationSourceSupport
instanceKlass org/springframework/data/repository/config/RepositoryConfigurationSource
instanceKlass org/springframework/boot/autoconfigure/data/AbstractRepositoryConfigurationSourceSupport
instanceKlass org/springframework/context/annotation/AspectJAutoProxyRegistrar
instanceKlass org/springframework/context/annotation/EnableAspectJAutoProxy
instanceKlass org/aspectj/weaver/ShadowMunger
instanceKlass org/aspectj/weaver/IHasPosition
instanceKlass org/aspectj/util/PartialOrder$PartialComparable
instanceKlass org/springframework/boot/actuate/trace/http/HttpTraceEndpoint
instanceKlass org/springframework/boot/actuate/scheduling/ScheduledTasksEndpoint
instanceKlass com/github/benmanes/caffeine/cache/Cache
instanceKlass org/springframework/cache/ehcache/EhCacheCache
instanceKlass org/springframework/cache/support/AbstractValueAdaptingCache
instanceKlass org/springframework/cache/Cache
instanceKlass org/springframework/boot/actuate/metrics/MetricsEndpoint
instanceKlass org/springframework/boot/actuate/management/ThreadDumpEndpoint
instanceKlass org/springframework/boot/actuate/management/HeapDumpWebEndpoint
instanceKlass org/springframework/boot/actuate/logging/LoggersEndpoint
instanceKlass org/springframework/boot/actuate/endpoint/annotation/DiscovererEndpointFilter
instanceKlass org/springframework/boot/actuate/endpoint/EndpointFilter
instanceKlass org/springframework/boot/actuate/endpoint/annotation/FilteredEndpoint
instanceKlass org/springframework/boot/actuate/endpoint/web/annotation/WebEndpoint
instanceKlass org/springframework/boot/actuate/logging/LogFileWebEndpoint
instanceKlass org/springframework/boot/actuate/info/InfoEndpoint
instanceKlass org/springframework/boot/actuate/autoconfigure/info/ConditionalOnEnabledInfoContributor
instanceKlass reactor/core/publisher/Mono
instanceKlass org/springframework/boot/actuate/health/HealthEndpointSupport
instanceKlass org/springframework/boot/autoconfigure/validation/PrimaryDefaultValidatorPostProcessor
instanceKlass org/springframework/web/context/ConfigurableWebEnvironment
instanceKlass org/springframework/boot/autoconfigure/condition/OnWebApplicationCondition$1
instanceKlass org/springframework/boot/actuate/context/properties/ConfigurationPropertiesReportEndpoint
instanceKlass org/springframework/boot/actuate/context/ShutdownEndpoint
instanceKlass org/springframework/boot/actuate/autoconfigure/condition/ConditionsReportEndpoint
instanceKlass org/springframework/boot/actuate/cache/CachesEndpoint
instanceKlass org/springframework/cache/caffeine/CaffeineCacheManager
instanceKlass com/github/benmanes/caffeine/cache/Caffeine
instanceKlass org/springframework/cache/support/AbstractCacheManager
instanceKlass org/springframework/boot/autoconfigure/cache/CacheConfigurations$$Lambda$259
instanceKlass org/springframework/boot/autoconfigure/cache/NoOpCacheConfiguration
instanceKlass org/springframework/boot/autoconfigure/cache/SimpleCacheConfiguration
instanceKlass org/springframework/boot/autoconfigure/cache/CaffeineCacheConfiguration
instanceKlass org/springframework/boot/autoconfigure/cache/RedisCacheConfiguration
instanceKlass org/springframework/boot/autoconfigure/cache/CouchbaseCacheConfiguration
instanceKlass org/springframework/boot/autoconfigure/cache/JCacheCacheConfiguration
instanceKlass org/springframework/boot/autoconfigure/cache/InfinispanCacheConfiguration
instanceKlass org/springframework/boot/autoconfigure/cache/HazelcastCacheConfiguration
instanceKlass org/springframework/boot/autoconfigure/cache/EhCacheCacheConfiguration
instanceKlass org/springframework/boot/autoconfigure/cache/GenericCacheConfiguration
instanceKlass org/springframework/boot/autoconfigure/cache/CacheConfigurations
instanceKlass org/springframework/boot/autoconfigure/cache/CacheAutoConfiguration$CacheConfigurationImportSelector
instanceKlass org/springframework/data/redis/connection/AbstractRedisConnection
instanceKlass org/springframework/data/redis/connection/DefaultedRedisConnection
instanceKlass org/springframework/data/redis/connection/RedisConnection
instanceKlass org/springframework/data/redis/connection/RedisCommands
instanceKlass org/springframework/data/redis/connection/RedisHyperLogLogCommands
instanceKlass org/springframework/data/redis/connection/RedisGeoCommands
instanceKlass org/springframework/data/redis/connection/RedisScriptingCommands
instanceKlass org/springframework/data/redis/connection/RedisStreamCommands
instanceKlass org/springframework/data/redis/connection/RedisServerCommands
instanceKlass org/springframework/data/redis/connection/RedisConnectionCommands
instanceKlass org/springframework/data/redis/connection/RedisPubSubCommands
instanceKlass org/springframework/data/redis/connection/RedisTxCommands
instanceKlass org/springframework/data/redis/connection/RedisHashCommands
instanceKlass org/springframework/data/redis/connection/RedisZSetCommands
instanceKlass org/springframework/data/redis/connection/RedisSetCommands
instanceKlass org/springframework/data/redis/connection/RedisListCommands
instanceKlass org/springframework/data/redis/connection/RedisStringCommands
instanceKlass org/springframework/data/redis/connection/RedisKeyCommands
instanceKlass org/apache/commons/pool2/BaseObject
instanceKlass org/apache/commons/pool2/UsageTracking
instanceKlass org/apache/commons/pool2/impl/GenericObjectPoolMXBean
instanceKlass org/apache/commons/pool2/ObjectPool
instanceKlass io/lettuce/core/AbstractRedisClient
instanceKlass org/springframework/boot/actuate/beans/BeansEndpoint
instanceKlass org/springframework/boot/convert/DelimitedStringToCollectionConverter$$Lambda$258
instanceKlass org/springframework/boot/convert/DelimitedStringToCollectionConverter$$Lambda$257
instanceKlass org/springframework/boot/convert/DelimitedStringToCollectionConverter$$Lambda$256
instanceKlass org/springframework/boot/context/properties/bind/CollectionBinder$$Lambda$255
instanceKlass org/springframework/boot/actuate/autoconfigure/endpoint/condition/OnAvailableEndpointCondition$ExposureInformation
instanceKlass org/springframework/boot/actuate/endpoint/EndpointId
instanceKlass org/springframework/boot/actuate/audit/AuditEventsEndpoint
instanceKlass com/netflix/client/ClientRequest
instanceKlass org/springframework/cloud/netflix/ribbon/RibbonAutoConfiguration$ConditionalOnRibbonRestClient
instanceKlass com/netflix/client/IClient
instanceKlass org/springframework/http/client/support/AsyncHttpAccessor
instanceKlass org/springframework/web/client/AsyncRestOperations
instanceKlass com/netflix/ribbon/Ribbon
instanceKlass org/springframework/boot/autoconfigure/condition/AbstractNestedCondition$MemberOutcomes
instanceKlass org/springframework/boot/autoconfigure/condition/AbstractNestedCondition$MemberConditions$$Lambda$254
instanceKlass org/springframework/boot/autoconfigure/condition/AbstractNestedCondition$MemberMatchOutcomes
instanceKlass org/springframework/boot/autoconfigure/condition/AbstractNestedCondition$MemberConditions
instanceKlass org/springframework/boot/actuate/endpoint/annotation/Endpoint
instanceKlass com/alibaba/cloud/nacos/NacosDiscoveryProperties
instanceKlass org/apache/commons/configuration/ConfigurationBuilder
instanceKlass org/apache/commons/configuration/event/EventSource
instanceKlass org/apache/commons/configuration/event/ConfigurationListener
instanceKlass com/netflix/config/AggregatedConfiguration
instanceKlass org/apache/commons/configuration/Configuration
instanceKlass org/springframework/boot/autoconfigure/AutoConfigurationImportSelector$AutoConfigurationGroup$$Lambda$253
instanceKlass org/springframework/boot/autoconfigure/AutoConfigurationSorter$AutoConfigurationClasses$$Lambda$252
instanceKlass org/springframework/boot/autoconfigure/AutoConfigurationSorter$$Lambda$251
instanceKlass org/springframework/boot/autoconfigure/condition/ConditionalOnResource
instanceKlass org/springframework/boot/actuate/autoconfigure/endpoint/condition/ConditionalOnAvailableEndpoint
instanceKlass org/springframework/cloud/client/ConditionalOnReactiveDiscoveryEnabled
instanceKlass org/springframework/cloud/client/ConditionalOnBlockingDiscoveryEnabled
instanceKlass org/springframework/boot/actuate/autoconfigure/health/ConditionalOnEnabledHealthIndicator
instanceKlass org/springframework/boot/actuate/autoconfigure/endpoint/condition/ConditionalOnEnabledEndpoint
instanceKlass org/springframework/cloud/netflix/ribbon/RibbonClientConfigurationRegistrar
instanceKlass org/springframework/cloud/netflix/ribbon/RibbonClient
instanceKlass org/springframework/cloud/netflix/ribbon/RibbonClients
instanceKlass com/alibaba/cloud/nacos/ribbon/ConditionalOnRibbonNacos
instanceKlass org/springframework/boot/autoconfigure/AutoConfigureAfter
instanceKlass org/springframework/boot/autoconfigure/AutoConfigureBefore
instanceKlass com/alibaba/cloud/nacos/ConditionalOnNacosDiscoveryEnabled
instanceKlass sun/misc/ProxyGenerator$1
instanceKlass org/springframework/cloud/client/ConditionalOnDiscoveryEnabled
instanceKlass org/springframework/boot/autoconfigure/AutoConfigurationSorter$AutoConfigurationClass
instanceKlass org/springframework/boot/autoconfigure/AutoConfigurationSorter$AutoConfigurationClasses
instanceKlass org/springframework/boot/autoconfigure/AutoConfigurationSorter
instanceKlass org/springframework/boot/autoconfigure/AutoConfigurationImportSelector$AutoConfigurationGroup$$Lambda$250
instanceKlass org/springframework/boot/autoconfigure/AutoConfigurationImportSelector$AutoConfigurationGroup$$Lambda$249
instanceKlass org/springframework/boot/autoconfigure/AutoConfigurationImportSelector$AutoConfigurationGroup$$Lambda$248
instanceKlass org/springframework/boot/autoconfigure/AutoConfigurationImportSelector$AutoConfigurationGroup$$Lambda$247
instanceKlass org/springframework/boot/autoconfigure/AutoConfigurationImportSelector$AutoConfigurationGroup$$Lambda$246
instanceKlass org/springframework/boot/autoconfigure/condition/ConditionEvaluationReportAutoConfigurationImportListener
instanceKlass org/springframework/boot/autoconfigure/AutoConfigurationImportListener
instanceKlass feign/Client
instanceKlass org/springframework/boot/actuate/trace/http/HttpTraceRepository
instanceKlass io/micrometer/core/instrument/Clock
instanceKlass org/springframework/boot/actuate/audit/AuditEventRepository
instanceKlass org/springframework/cache/interceptor/AbstractCacheInvoker
instanceKlass org/springframework/cloud/context/environment/EnvironmentManager
instanceKlass org/springframework/ui/context/ThemeSource
instanceKlass org/springframework/web/context/ConfigurableWebApplicationContext
instanceKlass org/springframework/web/context/WebApplicationContext
instanceKlass org/springframework/boot/autoconfigure/condition/ConditionalOnWebApplication
instanceKlass feign/Feign
instanceKlass com/netflix/loadbalancer/ILoadBalancer
instanceKlass org/springframework/data/redis/connection/RedisConnectionFactory
instanceKlass io/micrometer/core/instrument/binder/tomcat/TomcatMetrics
instanceKlass io/micrometer/core/instrument/binder/jetty/JettyServerThreadPoolMetrics
instanceKlass io/micrometer/core/annotation/Timed
instanceKlass io/micrometer/core/instrument/binder/logging/Log4j2Metrics
instanceKlass io/micrometer/core/instrument/binder/kafka/KafkaConsumerMetrics
instanceKlass io/micrometer/core/instrument/binder/MeterBinder
instanceKlass io/micrometer/core/instrument/MeterRegistry
instanceKlass org/springframework/mail/javamail/JavaMailSenderImpl
instanceKlass org/springframework/mail/javamail/JavaMailSender
instanceKlass org/springframework/mail/MailSender
instanceKlass org/springframework/oxm/Unmarshaller
instanceKlass org/springframework/oxm/Marshaller
instanceKlass org/springframework/http/ReactiveHttpInputMessage
instanceKlass org/springframework/http/server/reactive/HttpHandler
instanceKlass org/springframework/http/client/support/HttpAccessor
instanceKlass org/springframework/web/client/RestOperations
instanceKlass javax/validation/executable/ExecutableValidator
instanceKlass org/springframework/transaction/PlatformTransactionManager
instanceKlass org/springframework/transaction/TransactionManager
instanceKlass org/springframework/scheduling/TaskScheduler
instanceKlass org/springframework/util/CustomizableThreadCreator
instanceKlass org/springframework/scheduling/SchedulingTaskExecutor
instanceKlass org/springframework/core/task/AsyncListenableTaskExecutor
instanceKlass org/springframework/core/task/AsyncTaskExecutor
instanceKlass org/springframework/core/task/TaskExecutor
instanceKlass io/netty/buffer/AbstractByteBufAllocator
instanceKlass io/netty/buffer/ByteBufAllocator
instanceKlass io/netty/buffer/ByteBufAllocatorMetricProvider
instanceKlass javax/activation/MimeType
instanceKlass org/springframework/jmx/support/MBeanRegistrationSupport
instanceKlass org/springframework/jmx/export/MBeanExportOperations
instanceKlass org/springframework/http/codec/CodecConfigurer
instanceKlass org/springframework/web/servlet/config/annotation/WebMvcConfigurer
instanceKlass org/springframework/data/web/PageableHandlerMethodArgumentResolverSupport
instanceKlass org/springframework/data/web/PageableArgumentResolver
instanceKlass org/springframework/web/method/support/HandlerMethodArgumentResolver
instanceKlass org/springframework/data/redis/repository/configuration/EnableRedisRepositories
instanceKlass org/springframework/data/redis/core/ReactiveRedisTemplate
instanceKlass org/springframework/data/redis/core/ReactiveRedisOperations
instanceKlass org/springframework/data/redis/connection/ReactiveRedisConnectionFactory
instanceKlass org/springframework/dao/support/PersistenceExceptionTranslator
instanceKlass reactor/core/publisher/Flux
instanceKlass reactor/core/CorePublisher
instanceKlass org/reactivestreams/Publisher
instanceKlass org/springframework/data/redis/core/RedisOperations
instanceKlass javax/naming/ldap/LdapContext
instanceKlass javax/naming/directory/DirContext
instanceKlass org/springframework/aop/framework/ProxyConfig
instanceKlass org/springframework/cache/CacheManager
instanceKlass javax/sql/DataSource
instanceKlass java/sql/Wrapper
instanceKlass javax/sql/CommonDataSource
instanceKlass org/springframework/boot/actuate/env/EnvironmentEndpoint
instanceKlass org/springframework/boot/actuate/autoconfigure/env/EnvironmentEndpointProperties
instanceKlass org/springframework/boot/actuate/health/HealthComponent
instanceKlass org/springframework/boot/actuate/autoconfigure/endpoint/EndpointAutoConfiguration
instanceKlass org/springframework/cloud/context/scope/GenericScope
instanceKlass org/springframework/beans/factory/config/Scope
instanceKlass org/springframework/boot/autoconfigure/condition/OnClassCondition$ThreadedOutcomesResolver$$Lambda$245
instanceKlass org/springframework/boot/autoconfigure/condition/OnClassCondition$ThreadedOutcomesResolver
instanceKlass org/springframework/boot/autoconfigure/condition/OnClassCondition$StandardOutcomesResolver
instanceKlass org/springframework/boot/autoconfigure/AutoConfigurationImportSelector$$Lambda$244
instanceKlass org/springframework/boot/autoconfigure/AutoConfigurationImportSelector$$Lambda$243
instanceKlass org/springframework/boot/autoconfigure/AutoConfigurationMetadataLoader$PropertiesAutoConfigurationMetadata
instanceKlass org/springframework/boot/autoconfigure/AutoConfigurationMetadata
instanceKlass org/springframework/boot/autoconfigure/AutoConfigurationMetadataLoader
instanceKlass org/springframework/boot/autoconfigure/AutoConfigurationImportSelector$AutoConfigurationGroup$$Lambda$242
instanceKlass org/springframework/boot/autoconfigure/condition/OnPropertyCondition$Spec
instanceKlass org/springframework/boot/autoconfigure/condition/OnPropertyCondition$$Lambda$241
instanceKlass org/springframework/boot/autoconfigure/AutoConfigurationImportSelector$AutoConfigurationGroup
instanceKlass org/springframework/scheduling/annotation/ScheduledAnnotationBeanPostProcessor
instanceKlass org/springframework/scheduling/config/ScheduledTaskHolder
instanceKlass org/springframework/boot/autoconfigure/AutoConfigurationImportSelector$AutoConfigurationEntry
instanceKlass org/springframework/core/annotation/TypeMappedAnnotation$$Lambda$240
instanceKlass org/springframework/web/bind/annotation/GetMapping
instanceKlass org/springframework/web/bind/annotation/ResponseBody
instanceKlass org/springframework/web/bind/annotation/Mapping
instanceKlass org/springframework/web/bind/annotation/RequestMapping
instanceKlass org/springframework/web/bind/annotation/PostMapping
instanceKlass org/springframework/cloud/openfeign/FeignClient
instanceKlass com/alibaba/nacos/api/config/annotation/NacosConfigurationProperties
instanceKlass org/junit/Test
instanceKlass com/petrel/slots/core/common/handler/SlotsHandler
instanceKlass org/springframework/stereotype/Service
instanceKlass org/springframework/core/type/AnnotationMetadata$$Lambda$239
instanceKlass com/alibaba/nacos/spring/context/annotation/config/NacosConfigBeanDefinitionRegistrar
instanceKlass com/alibaba/nacos/api/annotation/NacosProperties
instanceKlass com/alibaba/nacos/spring/context/annotation/config/EnableNacosConfig
instanceKlass org/springframework/util/AntPathMatcher$AntPathStringMatcher
instanceKlass org/springframework/cloud/openfeign/FeignClientsRegistrar
instanceKlass org/springframework/scheduling/annotation/SchedulingConfiguration
instanceKlass org/springframework/boot/autoconfigure/AutoConfigurationPackages$Registrar
instanceKlass org/springframework/boot/autoconfigure/AutoConfigurationExcludeFilter
instanceKlass org/springframework/boot/context/TypeExcludeFilter
instanceKlass org/springframework/boot/autoconfigure/AutoConfigurationPackage
instanceKlass org/springframework/cloud/commons/util/SpringFactoryImportSelector
instanceKlass java/lang/annotation/Repeatable
instanceKlass org/springframework/context/annotation/ComponentScan$Filter
instanceKlass org/springframework/cloud/openfeign/EnableFeignClients
instanceKlass org/springframework/scheduling/annotation/EnableScheduling
instanceKlass org/springframework/boot/autoconfigure/EnableAutoConfiguration
instanceKlass org/springframework/boot/SpringBootConfiguration
instanceKlass org/springframework/boot/autoconfigure/SpringBootApplication
instanceKlass org/springframework/cloud/client/discovery/EnableDiscoveryClient
instanceKlass ch/qos/logback/core/pattern/SpacePadder
instanceKlass org/springframework/beans/factory/config/NamedBeanHolder
instanceKlass org/springframework/beans/factory/NamedBean
instanceKlass org/springframework/cloud/bootstrap/encrypt/EnvironmentDecryptApplicationInitializer$$Lambda$238
instanceKlass org/springframework/boot/builder/ParentContextApplicationContextInitializer$EventPublisher
instanceKlass org/springframework/boot/SpringApplicationBannerPrinter$PrintedBanner
instanceKlass java/io/Console$2
instanceKlass sun/misc/JavaIOAccess
instanceKlass java/io/Console$1
instanceKlass java/io/Console
instanceKlass org/springframework/boot/SpringBootVersion
instanceKlass org/springframework/boot/SpringApplicationBannerPrinter$Banners
instanceKlass org/springframework/boot/SpringBootBanner
instanceKlass org/springframework/boot/SpringApplicationBannerPrinter
instanceKlass org/springframework/boot/EnvironmentConverter
instanceKlass org/springframework/boot/context/properties/bind/MapBinder$EntryBinder$$Lambda$237
instanceKlass org/springframework/util/SystemPropertyUtils$SystemPropertyPlaceholderResolver
instanceKlass org/springframework/util/SystemPropertyUtils
instanceKlass java/util/Collections$2
instanceKlass org/springframework/boot/env/OriginTrackedPropertiesLoader$CharacterReader
instanceKlass org/springframework/boot/env/OriginTrackedPropertiesLoader
instanceKlass org/springframework/cloud/bootstrap/BootstrapApplicationListener$DelegatingEnvironmentDecryptApplicationInitializer
instanceKlass org/springframework/cloud/bootstrap/BootstrapApplicationListener$BootstrapMarkerConfiguration
instanceKlass org/springframework/cloud/bootstrap/BootstrapApplicationListener$CloseContextOnFailureApplicationListener
instanceKlass org/springframework/cloud/bootstrap/BootstrapApplicationListener$AncestorInitializer
instanceKlass org/springframework/util/StopWatch$TaskInfo
instanceKlass org/springframework/util/ConcurrentReferenceHashMap$EntryIterator
instanceKlass java/util/AbstractMap$1$1
instanceKlass org/springframework/beans/CachedIntrospectionResults$$Lambda$236
instanceKlass org/springframework/beans/CachedIntrospectionResults$$Lambda$235
instanceKlass org/springframework/beans/CachedIntrospectionResults$$Lambda$234
instanceKlass org/springframework/context/support/LiveBeansView
instanceKlass org/springframework/context/support/LiveBeansViewMBean
instanceKlass org/springframework/boot/autoconfigure/condition/ConditionEvaluationReport$$Lambda$233
instanceKlass org/springframework/boot/autoconfigure/condition/ConditionEvaluationReport$$Lambda$232
instanceKlass java/lang/invoke/LambdaForm$MH
instanceKlass java/lang/invoke/LambdaForm$DMH
instanceKlass java/lang/invoke/LambdaForm$DMH
instanceKlass org/springframework/context/support/DefaultLifecycleProcessor$$Lambda$231
instanceKlass java/lang/invoke/LambdaForm$DMH
instanceKlass org/springframework/context/support/DefaultLifecycleProcessor
instanceKlass org/springframework/core/annotation/AnnotatedElementUtils$$Lambda$230
instanceKlass org/springframework/core/MethodIntrospector$$Lambda$229
instanceKlass java/lang/invoke/LambdaForm$DMH
instanceKlass org/springframework/core/MethodIntrospector
instanceKlass org/springframework/context/event/EventListenerMethodProcessor$$Lambda$228
instanceKlass org/springframework/core/MethodIntrospector$MetadataLookup
instanceKlass org/springframework/context/event/EventListener
instanceKlass org/springframework/aop/scope/ScopedObject
instanceKlass org/springframework/aop/RawTargetAccess
instanceKlass org/springframework/aop/framework/autoproxy/AutoProxyUtils
instanceKlass org/springframework/aop/scope/ScopedProxyUtils
instanceKlass org/springframework/core/BridgeMethodResolver$$Lambda$227
instanceKlass org/springframework/core/BridgeMethodResolver$$Lambda$226
instanceKlass org/springframework/jmx/export/annotation/ManagedAttribute
instanceKlass org/springframework/jmx/export/annotation/ManagedOperation
instanceKlass org/springframework/beans/factory/support/ConstructorResolver$ArgumentsHolder
instanceKlass org/springframework/cloud/bootstrap/encrypt/EncryptionBootstrapConfiguration$FailsafeTextEncryptor
instanceKlass org/springframework/core/SimpleAliasRegistry$$Lambda$225
instanceKlass org/springframework/boot/context/properties/ConfigurationPropertiesBinder$$Lambda$224
instanceKlass java/lang/invoke/LambdaForm$DMH
instanceKlass org/springframework/beans/factory/annotation/BeanFactoryAnnotationUtils
instanceKlass org/springframework/boot/context/properties/ConversionServiceDeducer$Factory
instanceKlass org/springframework/core/NestedExceptionUtils
instanceKlass org/springframework/boot/context/properties/ConversionServiceDeducer
instanceKlass java/util/stream/SortedOps
instanceKlass org/springframework/core/OrderComparator$$Lambda$223
instanceKlass java/lang/invoke/LambdaForm$DMH
instanceKlass org/springframework/beans/factory/support/DefaultListableBeanFactory$FactoryAwareOrderSourceProvider
instanceKlass org/springframework/beans/factory/support/DefaultListableBeanFactory$$Lambda$222
instanceKlass org/springframework/beans/factory/support/DefaultListableBeanFactory$1
instanceKlass org/springframework/beans/factory/support/DefaultListableBeanFactory$BeanObjectProvider
instanceKlass org/springframework/boot/context/properties/ConfigurationPropertiesBindHandlerAdvisor
instanceKlass org/springframework/core/annotation/SynthesizedMergedAnnotationInvocationHandler$$Lambda$221
instanceKlass org/springframework/boot/context/properties/bind/AbstractBindHandler
instanceKlass org/springframework/validation/annotation/Validated
instanceKlass org/springframework/core/annotation/SynthesizedAnnotation
instanceKlass org/springframework/core/annotation/SynthesizedMergedAnnotationInvocationHandler
instanceKlass java/util/concurrent/ConcurrentHashMap$MapEntry
instanceKlass org/springframework/cloud/bootstrap/config/PropertySourceLocator
instanceKlass org/springframework/core/SerializableTypeWrapper$FieldTypeProvider
instanceKlass org/springframework/core/annotation/AnnotatedElementUtils$AnnotatedElementForAnnotations
instanceKlass org/springframework/core/annotation/AnnotationUtils$$Lambda$220
instanceKlass org/springframework/beans/factory/annotation/InjectionMetadata$InjectedElement
instanceKlass org/springframework/beans/factory/annotation/AutowiredAnnotationBeanPostProcessor$$Lambda$219
instanceKlass org/springframework/beans/factory/SmartFactoryBean
instanceKlass org/springframework/beans/factory/annotation/AutowiredAnnotationBeanPostProcessor$$Lambda$218
instanceKlass org/springframework/beans/factory/annotation/Lookup
instanceKlass org/springframework/context/weaving/LoadTimeWeaverAware
instanceKlass org/springframework/context/support/MessageSourceSupport
instanceKlass org/springframework/context/HierarchicalMessageSource
instanceKlass org/springframework/boot/context/properties/ConfigurationPropertiesBean
instanceKlass org/springframework/beans/factory/annotation/AutowiredAnnotationBeanPostProcessor$$Lambda$217
instanceKlass org/springframework/beans/factory/annotation/AutowiredAnnotationBeanPostProcessor$$Lambda$216
instanceKlass org/springframework/context/annotation/CommonAnnotationBeanPostProcessor$$Lambda$215
instanceKlass org/springframework/context/annotation/CommonAnnotationBeanPostProcessor$$Lambda$214
instanceKlass org/springframework/util/ReflectionUtils$FieldCallback
instanceKlass org/springframework/beans/factory/annotation/InjectionMetadata
instanceKlass javax/annotation/Nonnull
instanceKlass org/springframework/lang/Nullable
instanceKlass org/springframework/beans/factory/annotation/InitDestroyAnnotationBeanPostProcessor$$Lambda$213
instanceKlass org/springframework/boot/context/properties/ConfigurationPropertiesJsr303Validator
instanceKlass org/springframework/boot/context/properties/PropertySourcesDeducer
instanceKlass org/springframework/util/ReflectionUtils$$Lambda$212
instanceKlass javax/annotation/PreDestroy
instanceKlass javax/annotation/PostConstruct
instanceKlass javax/naming/Context
instanceKlass org/springframework/jndi/JndiTemplate
instanceKlass org/springframework/jndi/JndiAccessor
instanceKlass javax/xml/ws/WebServiceRef
instanceKlass javax/inject/Inject
instanceKlass org/springframework/beans/factory/annotation/Autowired
instanceKlass org/springframework/context/support/PostProcessorRegistrationDelegate$BeanPostProcessorChecker
instanceKlass java/util/concurrent/ConcurrentHashMap$Traverser
instanceKlass org/springframework/beans/factory/support/AbstractBeanFactory$$Lambda$211
instanceKlass org/springframework/context/expression/CachedExpressionEvaluator
instanceKlass org/springframework/jmx/export/annotation/ManagedResource
instanceKlass org/springframework/beans/factory/annotation/InitDestroyAnnotationBeanPostProcessor$LifecycleMetadata
instanceKlass org/springframework/beans/factory/support/MethodOverride
instanceKlass org/springframework/core/SimpleAliasRegistry$$Lambda$210
instanceKlass org/springframework/beans/factory/config/BeanDefinitionVisitor
instanceKlass org/springframework/context/support/PropertySourcesPlaceholderConfigurer$$Lambda$209
instanceKlass org/springframework/context/annotation/ImportAware
instanceKlass org/springframework/context/annotation/ConfigurationClassEnhancer$EnhancedConfiguration
instanceKlass org/springframework/util/DefaultPropertiesPersister
instanceKlass org/springframework/beans/factory/support/ConstructorResolver
instanceKlass org/springframework/cloud/bootstrap/encrypt/KeyProperties$KeyStore
instanceKlass org/springframework/boot/autoconfigure/context/PropertyPlaceholderAutoConfiguration
instanceKlass org/springframework/core/io/support/PropertiesLoaderSupport
instanceKlass org/springframework/cloud/context/properties/ConfigurationPropertiesRebinder
instanceKlass org/springframework/cloud/autoconfigure/ConfigurationPropertiesRebinderAutoConfiguration
instanceKlass org/springframework/cloud/context/properties/ConfigurationPropertiesBeans
instanceKlass org/springframework/boot/autoconfigure/condition/ConditionalOnSingleCandidate
instanceKlass org/springframework/core/annotation/AnnotatedElementUtils
instanceKlass org/springframework/context/annotation/BeanAnnotationHelper
instanceKlass org/springframework/cloud/bootstrap/encrypt/EnvironmentDecryptApplicationInitializer
instanceKlass org/springframework/cloud/bootstrap/encrypt/EncryptionBootstrapConfiguration
instanceKlass org/springframework/util/ReflectionUtils$$Lambda$208
instanceKlass org/springframework/beans/factory/support/AbstractAutowireCapableBeanFactory$$Lambda$207
instanceKlass org/springframework/cloud/bootstrap/config/PropertySourceBootstrapConfiguration
instanceKlass org/springframework/boot/autoconfigure/condition/OnBeanCondition$MatchResult
instanceKlass org/springframework/boot/autoconfigure/condition/OnBeanCondition$Spec$$Lambda$206
instanceKlass org/springframework/core/type/StandardMethodMetadata
instanceKlass org/springframework/core/annotation/AnnotationAttributes$$Lambda$205
instanceKlass org/springframework/cloud/bootstrap/encrypt/KeyProperties
instanceKlass org/springframework/boot/context/properties/ConstructorBinding
instanceKlass org/springframework/boot/context/properties/ConfigurationPropertiesBindConstructorProvider
instanceKlass org/springframework/boot/context/properties/ConfigurationPropertiesBeanRegistrar$$Lambda$204
instanceKlass org/springframework/boot/context/properties/ConfigurationProperties
instanceKlass org/springframework/boot/context/properties/EnableConfigurationPropertiesRegistrar$$Lambda$203
instanceKlass org/springframework/boot/context/properties/EnableConfigurationPropertiesRegistrar$$Lambda$202
instanceKlass org/springframework/boot/context/properties/EnableConfigurationPropertiesRegistrar$$Lambda$201
instanceKlass org/springframework/boot/context/properties/ConfigurationPropertiesBeanRegistrar
instanceKlass org/springframework/boot/context/properties/ConfigurationBeanFactoryMetadata
instanceKlass org/springframework/boot/context/properties/ConfigurationPropertiesBeanDefinitionValidator
instanceKlass org/springframework/boot/context/properties/ConfigurationPropertiesBinder$Factory
instanceKlass org/springframework/validation/Validator
instanceKlass org/springframework/boot/context/properties/ConfigurationPropertiesBinder
instanceKlass org/springframework/boot/context/properties/ConfigurationPropertiesBindingPostProcessor
instanceKlass org/springframework/cloud/bootstrap/config/PropertySourceBootstrapProperties
instanceKlass org/springframework/context/annotation/ConfigurationClassBeanDefinitionReader$$Lambda$200
instanceKlass org/springframework/context/annotation/ConfigurationClassBeanDefinitionReader$$Lambda$199
instanceKlass org/springframework/context/annotation/ConfigurationClassBeanDefinitionReader$TrackedConditionEvaluator
instanceKlass org/springframework/boot/autoconfigure/condition/OnBeanCondition$Spec
instanceKlass org/springframework/context/annotation/ConfigurationMethod
instanceKlass org/springframework/security/rsa/crypto/RsaSecretEncryptor
instanceKlass org/springframework/security/rsa/crypto/RsaKeyHolder
instanceKlass org/springframework/security/crypto/encrypt/BytesEncryptor
instanceKlass org/springframework/boot/autoconfigure/condition/ConditionalOnMissingClass
instanceKlass org/springframework/security/crypto/encrypt/TextEncryptor
instanceKlass org/springframework/boot/autoconfigure/condition/ConditionEvaluationReport$ConditionAndOutcome
instanceKlass org/springframework/boot/autoconfigure/condition/ConditionEvaluationReport$ConditionAndOutcomes
instanceKlass org/springframework/boot/autoconfigure/condition/ConditionOutcome
instanceKlass org/springframework/boot/autoconfigure/condition/ConditionMessage$ItemsBuilder
instanceKlass org/springframework/boot/autoconfigure/condition/ConditionMessage$Builder
instanceKlass org/springframework/boot/autoconfigure/condition/ConditionMessage
instanceKlass org/springframework/boot/autoconfigure/condition/OnClassCondition$OutcomesResolver
instanceKlass org/springframework/core/annotation/MergedAnnotationCollectors$$Lambda$198
instanceKlass java/lang/invoke/LambdaForm$DMH
instanceKlass org/springframework/core/annotation/TypeMappedAnnotation$$Lambda$197
instanceKlass org/springframework/core/annotation/MergedAnnotationCollectors$$Lambda$196
instanceKlass org/springframework/core/annotation/MergedAnnotationCollectors$$Lambda$195
instanceKlass org/springframework/core/annotation/MergedAnnotationCollectors$$Lambda$194
instanceKlass java/util/function/Function$$Lambda$193
instanceKlass org/springframework/core/annotation/MergedAnnotationCollectors
instanceKlass org/springframework/core/type/AnnotatedTypeMetadata$$Lambda$192
instanceKlass org/springframework/core/type/AnnotatedTypeMetadata$$Lambda$191
instanceKlass org/springframework/core/annotation/MergedAnnotationPredicates$UniquePredicate
instanceKlass org/springframework/core/annotation/MergedAnnotationPredicates
instanceKlass org/springframework/core/type/AnnotatedTypeMetadata$$Lambda$190
instanceKlass java/lang/invoke/LambdaForm$DMH
instanceKlass org/springframework/core/annotation/MergedAnnotationsCollection$AnnotationsSpliterator
instanceKlass org/springframework/context/annotation/ConfigurationClassParser$DeferredImportSelectorGroupingHandler$$Lambda$189
instanceKlass org/springframework/context/annotation/DeferredImportSelector$Group$Entry
instanceKlass java/util/stream/Nodes$ArrayNode
instanceKlass java/util/stream/Node$Builder
instanceKlass java/util/stream/Node$OfDouble
instanceKlass java/util/stream/Node$OfLong
instanceKlass java/util/stream/Node$OfInt
instanceKlass java/util/stream/Node$OfPrimitive
instanceKlass java/util/stream/Nodes$EmptyNode
instanceKlass java/util/stream/Node
instanceKlass java/util/stream/Nodes
instanceKlass org/springframework/cloud/bootstrap/BootstrapImportSelector$$Lambda$188
instanceKlass java/util/function/IntFunction
instanceKlass org/springframework/cloud/bootstrap/BootstrapImportSelector$$Lambda$187
instanceKlass org/springframework/boot/autoconfigure/AutoConfigureOrder
instanceKlass org/springframework/core/type/classreading/MergedAnnotationReadingVisitor$$Lambda$186
instanceKlass org/springframework/boot/autoconfigure/condition/ConditionalOnMissingBean
instanceKlass org/springframework/context/annotation/ConfigurationCondition
instanceKlass org/springframework/boot/autoconfigure/condition/ConditionalOnBean
instanceKlass org/springframework/core/type/classreading/SimpleMethodMetadataReadingVisitor$Source
instanceKlass org/springframework/core/type/classreading/SimpleMethodMetadataReadingVisitor$$Lambda$185
instanceKlass org/springframework/core/type/classreading/SimpleMethodMetadataReadingVisitor$$Lambda$184
instanceKlass org/springframework/boot/context/properties/EnableConfigurationPropertiesRegistrar
instanceKlass org/springframework/context/annotation/ImportBeanDefinitionRegistrar
instanceKlass org/springframework/boot/context/properties/EnableConfigurationProperties
instanceKlass org/springframework/core/type/classreading/SimpleAnnotationMetadata
instanceKlass org/springframework/core/annotation/MergedAnnotationsCollection
instanceKlass org/springframework/core/type/classreading/SimpleAnnotationMetadataReadingVisitor$$Lambda$183
instanceKlass org/springframework/core/type/classreading/SimpleMethodMetadata
instanceKlass org/springframework/core/type/MethodMetadata
instanceKlass org/springframework/boot/autoconfigure/AutoConfigurationImportSelector
instanceKlass org/springframework/boot/context/annotation/DeterminableImports
instanceKlass org/springframework/boot/autoconfigure/ImportAutoConfiguration
instanceKlass org/springframework/boot/autoconfigure/condition/ConditionalOnProperty
instanceKlass org/springframework/core/annotation/TypeMappedAnnotation$$Lambda$182
instanceKlass org/springframework/boot/autoconfigure/condition/SpringBootCondition
instanceKlass org/springframework/boot/autoconfigure/AutoConfigurationImportFilter
instanceKlass org/springframework/core/type/classreading/MergedAnnotationReadingVisitor$$Lambda$181
instanceKlass org/springframework/boot/autoconfigure/condition/ConditionalOnClass
instanceKlass org/springframework/asm/Type
instanceKlass org/springframework/asm/AnnotationVisitor
instanceKlass org/springframework/core/type/classreading/SimpleAnnotationMetadataReadingVisitor$$Lambda$180
instanceKlass org/springframework/core/type/classreading/SimpleAnnotationMetadataReadingVisitor$$Lambda$179
instanceKlass org/springframework/core/type/classreading/SimpleAnnotationMetadataReadingVisitor$Source
instanceKlass org/springframework/asm/Context
instanceKlass org/springframework/asm/Attribute
instanceKlass org/springframework/asm/ClassReader
instanceKlass org/springframework/asm/MethodVisitor
instanceKlass org/springframework/core/type/classreading/SimpleMetadataReader
instanceKlass org/springframework/cloud/bootstrap/BootstrapImportSelector$OrderedAnnotatedElement
instanceKlass org/springframework/cloud/bootstrap/BootstrapConfiguration
instanceKlass org/springframework/context/annotation/ConfigurationClassParser$DefaultDeferredImportSelectorGroup
instanceKlass org/springframework/context/annotation/DeferredImportSelector$Group
instanceKlass org/springframework/context/annotation/ConfigurationClassParser$DeferredImportSelectorGroupingHandler$$Lambda$178
instanceKlass org/springframework/context/annotation/ConfigurationClassParser$DeferredImportSelectorGrouping
instanceKlass org/springframework/context/annotation/ConfigurationClassParser$DeferredImportSelectorHandler$$Lambda$177
instanceKlass org/springframework/context/annotation/ConfigurationClassParser$DeferredImportSelectorGroupingHandler
instanceKlass org/springframework/context/annotation/ParserStrategyUtils
instanceKlass org/springframework/context/annotation/ComponentScans
instanceKlass org/springframework/context/annotation/PropertySource
instanceKlass org/springframework/context/annotation/PropertySources
instanceKlass org/springframework/context/annotation/ConfigurationClass
instanceKlass org/springframework/context/annotation/ComponentScanAnnotationParser
instanceKlass org/springframework/context/annotation/ConfigurationClassParser$SourceClass
instanceKlass org/springframework/context/annotation/ConfigurationClassParser$DeferredImportSelectorHandler
instanceKlass org/springframework/context/annotation/ConfigurationClassParser$$Lambda$176
instanceKlass org/springframework/context/annotation/ConfigurationClassParser$DeferredImportSelectorHolder
instanceKlass org/springframework/context/annotation/ConfigurationClassParser$$Lambda$175
instanceKlass org/springframework/core/io/support/DefaultPropertySourceFactory
instanceKlass org/springframework/beans/factory/parsing/Problem
instanceKlass org/springframework/context/annotation/ImportRegistry
instanceKlass org/springframework/core/io/support/PropertySourceFactory
instanceKlass org/springframework/context/annotation/ConfigurationClassParser
instanceKlass org/springframework/context/annotation/ConfigurationClassPostProcessor$$Lambda$174
instanceKlass org/springframework/core/annotation/AnnotationUtils
instanceKlass org/springframework/context/annotation/Bean
instanceKlass org/springframework/beans/BeanMetadataAttribute
instanceKlass org/springframework/aop/framework/AopInfrastructureBean
instanceKlass org/springframework/context/annotation/ImportResource
instanceKlass org/springframework/core/Conventions
instanceKlass org/springframework/context/annotation/ConfigurationClassUtils
instanceKlass org/springframework/beans/AbstractNestablePropertyAccessor$PropertyTokenHolder
instanceKlass org/springframework/beans/factory/config/TypedStringValue
instanceKlass org/springframework/context/annotation/ConfigurationClassBeanDefinitionReader
instanceKlass org/springframework/core/convert/Property
instanceKlass org/springframework/core/BridgeMethodResolver
instanceKlass java/beans/SimpleBeanInfo
instanceKlass com/sun/beans/WildcardTypeImpl
instanceKlass com/sun/beans/TypeResolver
instanceKlass java/beans/MethodRef
instanceKlass com/sun/beans/util/Cache$CacheEntry
instanceKlass com/sun/beans/util/Cache
instanceKlass com/sun/beans/finder/AbstractFinder
instanceKlass com/sun/beans/finder/ClassFinder
instanceKlass org/springframework/beans/ExtendedBeanInfo
instanceKlass java/beans/BeanInfo
instanceKlass org/springframework/beans/ExtendedBeanInfoFactory
instanceKlass org/springframework/beans/BeanInfoFactory
instanceKlass org/springframework/beans/CachedIntrospectionResults
instanceKlass org/springframework/beans/PropertyAccessorUtils
instanceKlass org/springframework/beans/factory/support/DefaultSingletonBeanRegistry$$Lambda$173
instanceKlass org/springframework/beans/factory/support/DefaultSingletonBeanRegistry$$Lambda$172
instanceKlass org/springframework/beans/factory/support/DisposableBeanAdapter
instanceKlass org/springframework/beans/factory/InitializingBean
instanceKlass org/springframework/expression/spel/support/StandardTypeConverter
instanceKlass org/springframework/expression/spel/support/StandardTypeLocator
instanceKlass org/springframework/context/expression/BeanFactoryResolver
instanceKlass org/springframework/context/expression/EnvironmentAccessor
instanceKlass org/springframework/context/expression/MapAccessor
instanceKlass org/springframework/expression/spel/CompilablePropertyAccessor
instanceKlass org/springframework/asm/Opcodes
instanceKlass org/springframework/context/expression/BeanFactoryAccessor
instanceKlass org/springframework/expression/spel/support/ReflectivePropertyAccessor
instanceKlass org/springframework/context/expression/BeanExpressionContextAccessor
instanceKlass org/springframework/expression/TypedValue
instanceKlass org/springframework/expression/spel/support/StandardOperatorOverloader
instanceKlass org/springframework/expression/spel/support/StandardTypeComparator
instanceKlass org/springframework/expression/OperatorOverloader
instanceKlass org/springframework/expression/TypeComparator
instanceKlass org/springframework/expression/spel/support/StandardEvaluationContext
instanceKlass org/springframework/expression/common/LiteralExpression
instanceKlass org/springframework/beans/factory/config/AutowiredPropertyMarker
instanceKlass org/springframework/beans/factory/support/BeanDefinitionValueResolver
instanceKlass org/springframework/beans/factory/support/AbstractAutowireCapableBeanFactory$$Lambda$171
instanceKlass org/springframework/core/io/ContextResource
instanceKlass org/springframework/beans/AbstractNestablePropertyAccessor$PropertyHandler
instanceKlass org/springframework/beans/factory/parsing/PassThroughSourceExtractor
instanceKlass org/springframework/beans/factory/support/AbstractBeanFactory$$Lambda$170
instanceKlass org/springframework/beans/factory/support/NullBean
instanceKlass org/springframework/beans/factory/BeanFactoryUtils$$Lambda$169
instanceKlass org/springframework/context/annotation/ComponentScan
instanceKlass org/springframework/beans/factory/config/RuntimeBeanReference
instanceKlass org/springframework/beans/factory/config/BeanReference
instanceKlass org/springframework/beans/MutablePropertyValues
instanceKlass org/springframework/beans/factory/support/BeanDefinitionBuilder
instanceKlass org/springframework/boot/autoconfigure/SharedMetadataReaderFactoryContextInitializer$CachingMetadataReaderFactoryPostProcessor$$Lambda$168
instanceKlass org/springframework/boot/autoconfigure/SharedMetadataReaderFactoryContextInitializer$SharedMetadataReaderFactoryBean
instanceKlass org/springframework/context/support/PostProcessorRegistrationDelegate
instanceKlass org/springframework/context/support/ApplicationListenerDetector
instanceKlass org/springframework/context/MessageSourceAware
instanceKlass org/springframework/context/ApplicationEventPublisherAware
instanceKlass org/springframework/beans/factory/config/BeanExpressionContext
instanceKlass org/springframework/beans/factory/config/EmbeddedValueResolver
instanceKlass org/springframework/util/StringValueResolver
instanceKlass org/springframework/context/support/ApplicationContextAwareProcessor
instanceKlass org/springframework/beans/support/ResourceEditorRegistrar
instanceKlass org/springframework/expression/spel/SpelParserConfiguration
instanceKlass org/springframework/expression/Expression
instanceKlass org/springframework/expression/common/TemplateAwareExpressionParser
instanceKlass org/springframework/context/expression/StandardBeanExpressionResolver$1
instanceKlass org/springframework/expression/EvaluationContext
instanceKlass org/springframework/expression/TypeConverter
instanceKlass org/springframework/expression/TypeLocator
instanceKlass org/springframework/expression/BeanResolver
instanceKlass org/springframework/expression/PropertyAccessor
instanceKlass org/springframework/expression/ExpressionParser
instanceKlass org/springframework/expression/ParserContext
instanceKlass org/springframework/context/expression/StandardBeanExpressionResolver
instanceKlass org/springframework/boot/context/config/ConfigFileApplicationListener$PropertySourceOrderingPostProcessor
instanceKlass org/springframework/boot/logging/DeferredLog$1
instanceKlass org/springframework/beans/factory/support/BeanDefinitionReaderUtils
instanceKlass org/springframework/context/annotation/Description
instanceKlass org/springframework/context/annotation/Role
instanceKlass org/springframework/context/annotation/DependsOn
instanceKlass org/springframework/context/annotation/Primary
instanceKlass org/springframework/context/annotation/Lazy
instanceKlass org/springframework/core/type/AnnotationMetadata$$Lambda$167
instanceKlass org/springframework/core/type/AnnotationMetadata$$Lambda$166
instanceKlass org/springframework/core/type/AnnotationMetadata$$Lambda$165
instanceKlass org/springframework/core/annotation/AbstractMergedAnnotation$$Lambda$164
instanceKlass org/springframework/core/annotation/TypeMappedAnnotation$$Lambda$163
instanceKlass java/util/stream/Collectors$$Lambda$162
instanceKlass java/util/stream/Collectors$$Lambda$161
instanceKlass org/springframework/core/type/AnnotationMetadata$$Lambda$160
instanceKlass org/springframework/core/type/AnnotationMetadata$$Lambda$159
instanceKlass org/springframework/core/type/AnnotationMetadata$$Lambda$158
instanceKlass org/springframework/core/annotation/TypeMappedAnnotations$Aggregate
instanceKlass org/springframework/core/annotation/TypeMappedAnnotations$AggregatesCollector
instanceKlass org/springframework/core/annotation/TypeMappedAnnotations$AggregatesSpliterator
instanceKlass org/springframework/core/annotation/AnnotationTypeMappings$$Lambda$157
instanceKlass org/springframework/context/annotation/ScopeMetadata
instanceKlass org/springframework/context/annotation/Conditional
instanceKlass org/springframework/core/type/StandardClassMetadata
instanceKlass org/springframework/core/type/AnnotationMetadata
instanceKlass org/springframework/core/type/ClassMetadata
instanceKlass org/springframework/core/annotation/AnnotationTypeMapping$$Lambda$156
instanceKlass org/springframework/core/annotation/AnnotationTypeMapping$$Lambda$155
instanceKlass org/springframework/core/annotation/TypeMappedAnnotations$IsPresent
instanceKlass org/springframework/cloud/bootstrap/BootstrapImportSelector
instanceKlass org/springframework/context/annotation/DeferredImportSelector
instanceKlass org/springframework/context/annotation/ImportSelector
instanceKlass org/springframework/context/annotation/Import
instanceKlass org/springframework/context/annotation/Configuration
instanceKlass org/springframework/util/xml/XmlValidationModeDetector
instanceKlass org/springframework/util/xml/SimpleSaxErrorHandler
instanceKlass org/springframework/beans/factory/xml/DefaultDocumentLoader
instanceKlass org/springframework/beans/factory/parsing/NullSourceExtractor
instanceKlass org/springframework/beans/factory/parsing/EmptyReaderEventListener
instanceKlass org/springframework/beans/factory/parsing/FailFastProblemReporter
instanceKlass org/springframework/beans/factory/xml/DefaultBeanDefinitionDocumentReader
instanceKlass org/springframework/beans/factory/xml/BeanDefinitionDocumentReader
instanceKlass org/springframework/beans/factory/support/DefaultBeanNameGenerator
instanceKlass org/springframework/core/Constants
instanceKlass org/springframework/beans/factory/xml/NamespaceHandlerResolver
instanceKlass org/springframework/beans/factory/xml/DocumentLoader
instanceKlass org/springframework/beans/factory/parsing/SourceExtractor
instanceKlass org/springframework/beans/factory/parsing/ReaderEventListener
instanceKlass org/springframework/beans/factory/parsing/ProblemReporter
instanceKlass org/springframework/beans/factory/support/AbstractBeanDefinitionReader
instanceKlass org/springframework/beans/factory/support/BeanDefinitionReader
instanceKlass org/springframework/beans/factory/FactoryBean
instanceKlass org/springframework/beans/factory/BeanFactoryUtils
instanceKlass org/springframework/boot/autoconfigure/logging/ConditionEvaluationReportLoggingListener$ConditionEvaluationReportListener
instanceKlass org/springframework/boot/rsocket/context/RSocketPortInfoApplicationContextInitializer$Listener
instanceKlass org/springframework/boot/context/ConfigurationWarningsApplicationContextInitializer$ComponentScanPackageCheck
instanceKlass org/springframework/boot/context/ConfigurationWarningsApplicationContextInitializer$Check
instanceKlass org/springframework/boot/context/ConfigurationWarningsApplicationContextInitializer$ConfigurationWarningsPostProcessor
instanceKlass org/springframework/boot/context/ContextIdApplicationContextInitializer$ContextId
instanceKlass org/springframework/boot/autoconfigure/SharedMetadataReaderFactoryContextInitializer$CachingMetadataReaderFactoryPostProcessor
instanceKlass org/springframework/beans/factory/support/DefaultListableBeanFactory$$Lambda$154
instanceKlass org/springframework/beans/factory/support/DefaultListableBeanFactory$$Lambda$153
instanceKlass org/springframework/boot/autoconfigure/condition/ConditionEvaluationReport$AncestorsMatchedCondition
instanceKlass org/springframework/context/annotation/Condition
instanceKlass org/springframework/boot/autoconfigure/condition/ConditionEvaluationReport
instanceKlass org/springframework/core/log/LogMessage
instanceKlass org/springframework/validation/BindingResult
instanceKlass org/springframework/validation/Errors
instanceKlass org/springframework/boot/diagnostics/AbstractFailureAnalyzer
instanceKlass org/springframework/boot/diagnostics/FailureAnalyzer
instanceKlass org/springframework/boot/diagnostics/FailureAnalyzers
instanceKlass org/springframework/boot/SpringBootExceptionReporter
instanceKlass org/springframework/context/index/CandidateComponentsIndexLoader$$Lambda$152
instanceKlass org/springframework/context/index/CandidateComponentsIndex
instanceKlass org/springframework/context/index/CandidateComponentsIndexLoader
instanceKlass org/springframework/core/io/DefaultResourceLoader$$Lambda$151
instanceKlass org/springframework/core/type/classreading/MetadataReader
instanceKlass org/springframework/core/type/classreading/SimpleMetadataReaderFactory
instanceKlass org/springframework/core/io/support/ResourcePatternUtils
instanceKlass javax/inject/Named
instanceKlass javax/annotation/ManagedBean
instanceKlass org/springframework/stereotype/Indexed
instanceKlass org/springframework/stereotype/Component
instanceKlass org/springframework/core/type/filter/AbstractTypeHierarchyTraversingFilter
instanceKlass org/springframework/core/type/filter/TypeFilter
instanceKlass org/springframework/beans/factory/support/BeanDefinitionDefaults
instanceKlass org/springframework/core/type/classreading/MetadataReaderFactory
instanceKlass org/springframework/context/annotation/ClassPathScanningCandidateComponentProvider
instanceKlass org/springframework/context/event/DefaultEventListenerFactory
instanceKlass org/springframework/context/event/EventListenerFactory
instanceKlass org/springframework/context/event/EventListenerMethodProcessor
instanceKlass org/springframework/beans/factory/SmartInitializingSingleton
instanceKlass org/springframework/beans/factory/annotation/InitDestroyAnnotationBeanPostProcessor
instanceKlass org/springframework/beans/factory/config/DestructionAwareBeanPostProcessor
instanceKlass org/springframework/beans/factory/config/InstantiationAwareBeanPostProcessorAdapter
instanceKlass org/springframework/beans/factory/config/SmartInstantiationAwareBeanPostProcessor
instanceKlass org/springframework/beans/factory/config/InstantiationAwareBeanPostProcessor
instanceKlass org/springframework/beans/factory/support/MergedBeanDefinitionPostProcessor
instanceKlass org/springframework/beans/factory/config/BeanDefinitionHolder
instanceKlass org/springframework/beans/factory/support/DefaultListableBeanFactory$$Lambda$150
instanceKlass org/springframework/beans/factory/support/DefaultListableBeanFactory$$Lambda$149
instanceKlass org/springframework/beans/factory/support/MethodOverrides
instanceKlass org/springframework/context/annotation/ConfigurationClassPostProcessor
instanceKlass org/springframework/context/EnvironmentAware
instanceKlass org/springframework/context/ResourceLoaderAware
instanceKlass org/springframework/beans/factory/support/BeanDefinitionRegistryPostProcessor
instanceKlass javax/inject/Qualifier
instanceKlass org/springframework/beans/factory/annotation/Qualifier
instanceKlass org/springframework/aop/TargetSource
instanceKlass javax/annotation/Resource
instanceKlass org/springframework/context/annotation/AnnotationConfigUtils
instanceKlass org/springframework/context/annotation/ConditionEvaluator$ConditionContextImpl
instanceKlass org/springframework/context/annotation/ConditionContext
instanceKlass org/springframework/context/annotation/ConditionEvaluator
instanceKlass org/springframework/context/annotation/Scope
instanceKlass org/springframework/context/annotation/AnnotationScopeMetadataResolver
instanceKlass org/springframework/context/annotation/AnnotationBeanNameGenerator
instanceKlass org/springframework/beans/factory/annotation/AnnotatedBeanDefinition
instanceKlass org/springframework/core/type/AnnotatedTypeMetadata
instanceKlass org/springframework/context/annotation/ScopeMetadataResolver
instanceKlass org/springframework/context/annotation/AnnotatedBeanDefinitionReader
instanceKlass org/springframework/beans/factory/support/SimpleAutowireCandidateResolver
instanceKlass org/springframework/beans/factory/BeanNameAware
instanceKlass org/springframework/asm/ClassVisitor
instanceKlass org/springframework/core/LocalVariableTableParameterNameDiscoverer
instanceKlass org/springframework/core/StandardReflectionParameterNameDiscoverer
instanceKlass org/springframework/core/PrioritizedParameterNameDiscoverer
instanceKlass org/springframework/beans/factory/support/SimpleInstantiationStrategy
instanceKlass javax/inject/Provider
instanceKlass org/springframework/beans/factory/ObjectProvider
instanceKlass org/springframework/beans/factory/ObjectFactory
instanceKlass org/springframework/core/OrderComparator$OrderSourceProvider
instanceKlass org/springframework/beans/factory/support/AutowireCandidateResolver
instanceKlass org/springframework/core/AttributeAccessorSupport
instanceKlass org/springframework/util/ReflectionUtils$MethodCallback
instanceKlass org/springframework/beans/factory/InjectionPoint
instanceKlass org/springframework/beans/PropertyValues
instanceKlass org/springframework/beans/BeanWrapper
instanceKlass org/springframework/beans/ConfigurablePropertyAccessor
instanceKlass org/springframework/beans/PropertyAccessor
instanceKlass org/springframework/core/ParameterNameDiscoverer
instanceKlass org/springframework/beans/factory/support/InstantiationStrategy
instanceKlass org/springframework/beans/factory/DisposableBean
instanceKlass org/springframework/core/SimpleAliasRegistry
instanceKlass org/springframework/beans/factory/config/ConfigurableListableBeanFactory
instanceKlass org/springframework/beans/factory/config/ConfigurableBeanFactory
instanceKlass org/springframework/beans/factory/config/SingletonBeanRegistry
instanceKlass org/springframework/beans/factory/config/BeanDefinition
instanceKlass org/springframework/beans/BeanMetadataElement
instanceKlass org/springframework/core/AttributeAccessor
instanceKlass org/springframework/beans/factory/config/AutowireCapableBeanFactory
instanceKlass org/springframework/context/LifecycleProcessor
instanceKlass org/springframework/core/SmartClassLoader
instanceKlass org/springframework/beans/factory/config/BeanPostProcessor
instanceKlass org/springframework/beans/PropertyEditorRegistrar
instanceKlass org/springframework/beans/factory/config/BeanExpressionResolver
instanceKlass org/springframework/context/annotation/AnnotationConfigRegistry
instanceKlass java/util/stream/Sink$ChainedInt
instanceKlass org/springframework/boot/convert/LenientObjectToEnumConverterFactory$LenientToEnumConverter$$Lambda$148
instanceKlass org/springframework/boot/convert/LenientObjectToEnumConverterFactory$LenientToEnumConverter$$Lambda$147
instanceKlass java/util/function/IntUnaryOperator
instanceKlass org/springframework/boot/convert/LenientObjectToEnumConverterFactory$LenientToEnumConverter$$Lambda$146
instanceKlass org/springframework/boot/convert/LenientObjectToEnumConverterFactory$LenientToEnumConverter
instanceKlass org/springframework/boot/convert/LenientObjectToEnumConverterFactory$$Lambda$145
instanceKlass org/springframework/boot/ApplicationRunner
instanceKlass org/springframework/boot/CommandLineRunner
instanceKlass org/springframework/boot/Banner
instanceKlass org/springframework/boot/SpringBootExceptionHandler
instanceKlass org/springframework/boot/BeanDefinitionLoader
instanceKlass org/springframework/beans/factory/support/BeanDefinitionRegistry
instanceKlass org/springframework/core/AliasRegistry
instanceKlass org/springframework/beans/factory/support/BeanNameGenerator
instanceKlass org/springframework/boot/ExitCodeGenerator
instanceKlass org/springframework/context/ConfigurableApplicationContext
instanceKlass org/springframework/context/Lifecycle
instanceKlass org/springframework/boot/context/logging/LoggingApplicationListener$$Lambda$144
instanceKlass org/springframework/boot/context/logging/LoggingApplicationListener$$Lambda$143
instanceKlass org/springframework/boot/context/logging/LoggingApplicationListener$$Lambda$142
instanceKlass org/springframework/boot/context/logging/LoggingApplicationListener$$Lambda$141
instanceKlass org/springframework/boot/context/properties/bind/MapBinder$EntryBinder
instanceKlass org/springframework/boot/context/properties/bind/MapBinder$$Lambda$140
instanceKlass ch/qos/logback/core/rolling/helper/FileFilterUtil$3
instanceKlass ch/qos/logback/core/util/CharSequenceState
instanceKlass ch/qos/logback/core/util/CharSequenceToRegexMapper
instanceKlass ch/qos/logback/core/util/DatePatternToRegexUtil
instanceKlass sun/util/locale/provider/TimeZoneNameUtility$TimeZoneNameGetter
instanceKlass sun/util/locale/provider/TimeZoneNameUtility
instanceKlass ch/qos/logback/core/rolling/helper/RollingCalendar$1
instanceKlass ch/qos/logback/core/rolling/helper/Compressor$1
instanceKlass java/io/FilenameFilter
instanceKlass ch/qos/logback/core/rolling/helper/FileFilterUtil
instanceKlass ch/qos/logback/core/rolling/helper/MonoTypedConverter
instanceKlass ch/qos/logback/core/util/DefaultInvocationGate
instanceKlass ch/qos/logback/core/util/InvocationGate
instanceKlass ch/qos/logback/core/rolling/helper/ArchiveRemover
instanceKlass ch/qos/logback/core/rolling/TimeBasedFileNamingAndTriggeringPolicy
instanceKlass ch/qos/logback/core/rolling/RollingPolicy
instanceKlass ch/qos/logback/core/rolling/TriggeringPolicy
instanceKlass ch/qos/logback/core/util/FileSize
instanceKlass ch/qos/logback/classic/pattern/TargetLengthBasedClassNameAbbreviator
instanceKlass ch/qos/logback/core/pattern/ConverterUtil
instanceKlass ch/qos/logback/classic/pattern/Abbreviator
instanceKlass ch/qos/logback/core/pattern/FormatInfo
instanceKlass ch/qos/logback/core/pattern/util/AsIsEscapeUtil
instanceKlass ch/qos/logback/core/pattern/parser/OptionTokenizer
instanceKlass ch/qos/logback/core/pattern/parser/TokenStream$1
instanceKlass ch/qos/logback/core/pattern/util/RestrictedEscapeUtil
instanceKlass ch/qos/logback/core/pattern/parser/TokenStream
instanceKlass ch/qos/logback/classic/pattern/EnsureExceptionHandling
instanceKlass ch/qos/logback/core/pattern/parser/Token
instanceKlass ch/qos/logback/core/pattern/parser/Node
instanceKlass ch/qos/logback/core/pattern/PostCompileProcessor
instanceKlass ch/qos/logback/core/joran/spi/NoAutoStart
instanceKlass ch/qos/logback/core/joran/spi/NoAutoStartUtil
instanceKlass ch/qos/logback/core/joran/action/IADataForBasicProperty
instanceKlass ch/qos/logback/core/joran/action/NestedBasicPropertyIA$1
instanceKlass ch/qos/logback/core/joran/action/IADataForComplexProperty
instanceKlass ch/qos/logback/core/joran/action/NestedComplexPropertyIA$1
instanceKlass ch/qos/logback/core/joran/util/PropertySetter$1
instanceKlass ch/qos/logback/core/joran/util/StringToObjectConverter
instanceKlass ch/qos/logback/core/joran/util/beans/BeanDescription
instanceKlass ch/qos/logback/core/joran/util/beans/BeanUtil
instanceKlass ch/qos/logback/classic/jul/JULHelper
instanceKlass ch/qos/logback/core/joran/action/ActionUtil$1
instanceKlass java/util/Vector$Itr
instanceKlass ch/qos/logback/core/pattern/util/RegularEscapeUtil
instanceKlass ch/qos/logback/core/pattern/util/IEscapeUtil
instanceKlass ch/qos/logback/core/joran/action/ActionUtil
instanceKlass ch/qos/logback/core/subst/NodeToStringTransformer$1
instanceKlass ch/qos/logback/core/subst/Node
instanceKlass ch/qos/logback/core/subst/Parser$1
instanceKlass ch/qos/logback/core/subst/Parser
instanceKlass ch/qos/logback/core/subst/Token
instanceKlass ch/qos/logback/core/subst/Tokenizer$1
instanceKlass ch/qos/logback/core/subst/Tokenizer
instanceKlass ch/qos/logback/core/subst/NodeToStringTransformer
instanceKlass ch/qos/logback/core/net/ssl/SecureRandomFactoryBean
instanceKlass ch/qos/logback/core/net/ssl/TrustManagerFactoryFactoryBean
instanceKlass ch/qos/logback/core/net/ssl/KeyManagerFactoryFactoryBean
instanceKlass ch/qos/logback/core/net/ssl/KeyStoreFactoryBean
instanceKlass ch/qos/logback/core/net/ssl/SSLContextFactoryBean
instanceKlass ch/qos/logback/core/net/ssl/SSLComponent
instanceKlass ch/qos/logback/core/net/ssl/SSLNestedComponentRegistryRules
instanceKlass ch/qos/logback/core/boolex/EventEvaluator
instanceKlass ch/qos/logback/core/joran/spi/HostClassAndPropertyDouble
instanceKlass ch/qos/logback/classic/util/DefaultNestedComponentRules
instanceKlass ch/qos/logback/core/joran/spi/EventPlayer
instanceKlass ch/qos/logback/core/joran/spi/DefaultNestedComponentRegistry
instanceKlass ch/qos/logback/core/joran/spi/Interpreter
instanceKlass com/sun/jmx/mbeanserver/Util
instanceKlass javax/management/ObjectName$Property
instanceKlass com/sun/jmx/mbeanserver/GetPropertyAction
instanceKlass javax/management/ObjectName
instanceKlass javax/management/QueryExp
instanceKlass ch/qos/logback/classic/spi/PlatformInfo
instanceKlass ch/qos/logback/core/sift/AppenderFactory
instanceKlass org/xml/sax/helpers/AttributesImpl
instanceKlass ch/qos/logback/core/joran/event/SaxEvent
instanceKlass org/apache/xerces/impl/Constants$ArrayEnumeration
instanceKlass org/apache/xerces/impl/Constants
instanceKlass org/apache/xerces/parsers/AbstractSAXParser$LocatorProxy
instanceKlass org/apache/xerces/util/XMLSymbols
instanceKlass org/apache/xerces/util/XMLChar
instanceKlass org/apache/xerces/xni/parser/XMLInputSource
instanceKlass org/apache/xerces/util/ErrorHandlerWrapper
instanceKlass org/apache/xerces/util/EntityResolverWrapper
instanceKlass org/apache/xerces/parsers/AbstractSAXParser$AttributesProxy
instanceKlass org/apache/xerces/impl/msg/XMLMessageFormatter
instanceKlass org/apache/xerces/impl/XMLVersionDetector
instanceKlass org/apache/xerces/impl/validation/ValidationManager
instanceKlass org/apache/xerces/impl/dv/dtd/NMTOKENDatatypeValidator
instanceKlass org/apache/xerces/impl/dv/dtd/NOTATIONDatatypeValidator
instanceKlass org/apache/xerces/impl/dv/dtd/ENTITYDatatypeValidator
instanceKlass org/apache/xerces/impl/dv/dtd/ListDatatypeValidator
instanceKlass org/apache/xerces/impl/dv/dtd/IDREFDatatypeValidator
instanceKlass org/apache/xerces/impl/dv/dtd/IDDatatypeValidator
instanceKlass org/apache/xerces/impl/dv/dtd/StringDatatypeValidator
instanceKlass org/apache/xerces/impl/dv/DatatypeValidator
instanceKlass org/apache/xerces/impl/dv/SecuritySupport12$3
instanceKlass org/apache/xerces/impl/dv/SecuritySupport12$2
instanceKlass org/apache/xerces/impl/dv/SecuritySupport12$1
instanceKlass org/apache/xerces/impl/dv/SecuritySupport
instanceKlass org/apache/xerces/impl/dv/ObjectFactory
instanceKlass org/apache/xerces/impl/dv/DTDDVFactory
instanceKlass org/apache/xerces/impl/dtd/DTDGrammarBucket
instanceKlass org/apache/xerces/impl/dtd/XMLAttributeDecl
instanceKlass org/apache/xerces/impl/dtd/XMLSimpleType
instanceKlass org/apache/xerces/impl/dtd/XMLElementDecl
instanceKlass org/apache/xerces/impl/validation/ValidationState
instanceKlass org/apache/xerces/xni/grammars/XMLGrammarDescription
instanceKlass org/apache/xerces/impl/dv/ValidationContext
instanceKlass org/apache/xerces/impl/validation/EntityState
instanceKlass org/apache/xerces/impl/dtd/XMLEntityDecl
instanceKlass org/apache/xerces/impl/XMLDocumentScannerImpl$TrailingMiscDispatcher
instanceKlass org/apache/xerces/impl/XMLDocumentScannerImpl$DTDDispatcher
instanceKlass org/apache/xerces/impl/XMLDocumentScannerImpl$PrologDispatcher
instanceKlass org/apache/xerces/impl/XMLDocumentScannerImpl$XMLDeclDispatcher
instanceKlass org/apache/xerces/util/NamespaceSupport
instanceKlass org/apache/xerces/util/AugmentationsImpl$AugmentationsItemsContainer
instanceKlass org/apache/xerces/util/AugmentationsImpl
instanceKlass org/apache/xerces/util/XMLAttributesImpl$Attribute
instanceKlass org/apache/xerces/util/XMLAttributesImpl
instanceKlass org/apache/xerces/impl/XMLDocumentFragmentScannerImpl$FragmentContentDispatcher
instanceKlass org/apache/xerces/xni/QName
instanceKlass org/apache/xerces/impl/XMLDocumentFragmentScannerImpl$ElementStack
instanceKlass org/apache/xerces/xni/NamespaceContext
instanceKlass org/apache/xerces/impl/XMLDocumentFragmentScannerImpl$Dispatcher
instanceKlass org/apache/xerces/xni/Augmentations
instanceKlass org/apache/xerces/xni/XMLAttributes
instanceKlass org/apache/xerces/xni/XMLString
instanceKlass org/apache/xerces/impl/XMLErrorReporter
instanceKlass org/apache/xerces/util/XMLResourceIdentifierImpl
instanceKlass org/apache/xerces/impl/XMLEntityScanner
instanceKlass org/apache/xerces/impl/XMLEntityManager$Entity
instanceKlass org/apache/xerces/xni/XMLResourceIdentifier
instanceKlass org/apache/xerces/util/URI
instanceKlass org/apache/xerces/impl/XMLEntityManager
instanceKlass org/apache/xerces/util/SymbolTable$Entry
instanceKlass org/apache/xerces/xni/grammars/XMLGrammarPool
instanceKlass org/apache/xerces/util/SymbolTable
instanceKlass org/apache/xerces/xni/XMLLocator
instanceKlass org/apache/xerces/impl/dtd/XMLDTDValidator
instanceKlass java/io/RandomAccessFile$1
instanceKlass org/apache/xerces/xni/grammars/XMLGrammarLoader
instanceKlass org/apache/xerces/impl/dtd/XMLDTDProcessor
instanceKlass org/apache/xerces/xni/parser/XMLDTDContentModelFilter
instanceKlass org/apache/xerces/xni/parser/XMLDTDFilter
instanceKlass org/apache/xerces/xni/parser/XMLDTDScanner
instanceKlass org/apache/xerces/util/MessageFormatter
instanceKlass org/apache/xerces/impl/XMLScanner
instanceKlass org/apache/xerces/impl/XMLEntityHandler
instanceKlass org/apache/xerces/impl/dtd/XMLDTDValidatorFilter
instanceKlass org/apache/xerces/xni/parser/XMLDocumentFilter
instanceKlass org/apache/xerces/xni/parser/XMLDocumentScanner
instanceKlass org/apache/xerces/xni/parser/XMLDocumentSource
instanceKlass org/apache/xerces/xni/parser/XMLDTDContentModelSource
instanceKlass org/apache/xerces/xni/parser/XMLDTDSource
instanceKlass org/apache/xerces/xni/parser/XMLComponent
instanceKlass org/apache/xerces/util/ParserConfigurationSettings
instanceKlass org/apache/xerces/xni/parser/XMLPullParserConfiguration
instanceKlass org/apache/xerces/xni/parser/XMLParserConfiguration
instanceKlass org/apache/xerces/xni/parser/XMLComponentManager
instanceKlass org/apache/xerces/parsers/SecuritySupport12$6
instanceKlass org/apache/xerces/parsers/SecuritySupport12$7
instanceKlass org/apache/xerces/parsers/SecuritySupport12$4
instanceKlass org/apache/xerces/parsers/SecuritySupport12$3
instanceKlass org/apache/xerces/parsers/SecuritySupport12$2
instanceKlass org/apache/xerces/parsers/SecuritySupport12$1
instanceKlass org/apache/xerces/parsers/SecuritySupport
instanceKlass org/apache/xerces/parsers/ObjectFactory
instanceKlass org/xml/sax/Attributes
instanceKlass org/xml/sax/AttributeList
instanceKlass org/apache/xerces/xni/parser/XMLEntityResolver
instanceKlass org/apache/xerces/xni/parser/XMLErrorHandler
instanceKlass org/apache/xerces/parsers/XMLParser
instanceKlass org/apache/xerces/xni/XMLDTDContentModelHandler
instanceKlass org/apache/xerces/xni/XMLDTDHandler
instanceKlass org/apache/xerces/xni/XMLDocumentHandler
instanceKlass org/xml/sax/Parser
instanceKlass org/apache/xerces/xs/PSVIProvider
instanceKlass org/apache/xerces/jaxp/JAXPConstants
instanceKlass javax/xml/parsers/SAXParser
instanceKlass javax/xml/parsers/FactoryFinder$1
instanceKlass javax/xml/parsers/SecuritySupport$5
instanceKlass javax/xml/parsers/SecuritySupport$2
instanceKlass javax/xml/parsers/SecuritySupport
instanceKlass javax/xml/parsers/FactoryFinder
instanceKlass javax/xml/parsers/SAXParserFactory
instanceKlass ch/qos/logback/core/spi/ContextAwareImpl
instanceKlass ch/qos/logback/core/joran/spi/ElementPath
instanceKlass org/xml/sax/helpers/DefaultHandler
instanceKlass ch/qos/logback/core/joran/util/ConfigurationWatchListUtil
instanceKlass ch/qos/logback/core/joran/event/InPlayListener
instanceKlass ch/qos/logback/core/joran/spi/RuleStore
instanceKlass ch/qos/logback/core/LifeCycleManager
instanceKlass org/springframework/boot/logging/LoggingInitializationContext
instanceKlass org/springframework/boot/logging/LoggerGroup
instanceKlass org/springframework/boot/logging/LoggerGroups$$Lambda$139
instanceKlass org/springframework/boot/logging/LoggerGroups
instanceKlass org/springframework/boot/logging/LogFile
instanceKlass sun/management/RuntimeImpl
instanceKlass java/lang/management/RuntimeMXBean
instanceKlass java/lang/management/PlatformManagedObject
instanceKlass sun/management/VMManagementImpl
instanceKlass sun/management/VMManagement
instanceKlass sun/management/ManagementFactoryHelper$4
instanceKlass sun/management/ManagementFactoryHelper
instanceKlass java/lang/management/ManagementFactory
instanceKlass org/springframework/boot/system/ApplicationPid
instanceKlass org/springframework/boot/logging/LoggingSystemProperties
instanceKlass org/springframework/boot/ansi/AnsiElement
instanceKlass org/springframework/boot/context/config/AnsiOutputApplicationListener$$Lambda$138
instanceKlass java/lang/invoke/LambdaForm$DMH
instanceKlass org/springframework/boot/ansi/AnsiOutput
instanceKlass java/util/stream/ForEachOps$ForEachOp
instanceKlass java/util/stream/ForEachOps
instanceKlass org/springframework/boot/context/config/ConfigFileApplicationListener$Loader$$Lambda$137
instanceKlass org/springframework/boot/context/config/ConfigFileApplicationListener$Loader$$Lambda$136
instanceKlass org/springframework/boot/context/config/ConfigFileApplicationListener$Loader$$Lambda$135
instanceKlass java/util/LinkedList$LLSpliterator
instanceKlass org/springframework/boot/context/config/ConfigFileApplicationListener$Loader$$Lambda$134
instanceKlass org/springframework/boot/context/config/ConfigFileApplicationListener$Loader$$Lambda$133
instanceKlass java/lang/invoke/LambdaForm$BMH
instanceKlass org/springframework/boot/context/config/ConfigFileApplicationListener$Loader$$Lambda$132
instanceKlass org/springframework/boot/context/config/ConfigFileApplicationListener$Loader$$Lambda$131
instanceKlass org/springframework/boot/context/config/ConfigFileApplicationListener$Loader$$Lambda$130
instanceKlass java/lang/invoke/LambdaForm$DMH
instanceKlass org/springframework/boot/context/config/ConfigFileApplicationListener$Loader$$Lambda$129
instanceKlass org/springframework/beans/factory/config/YamlProcessor$$Lambda$128
instanceKlass java/util/Map$Entry$$Lambda$127
instanceKlass java/util/Comparator$$Lambda$126
instanceKlass org/springframework/core/SortedProperties$$Lambda$125
instanceKlass org/springframework/beans/factory/config/YamlProcessor$$Lambda$124
instanceKlass org/springframework/boot/origin/OriginTrackedValue
instanceKlass org/springframework/boot/origin/TextResourceOrigin
instanceKlass org/springframework/boot/origin/TextResourceOrigin$Location
instanceKlass java/util/TreeMap$NavigableSubMap$SubMapIterator
instanceKlass java/util/Collections$ReverseComparator
instanceKlass org/springframework/boot/env/OriginTrackedYamlLoader$OriginTrackingConstructor$$Lambda$123
instanceKlass org/yaml/snakeyaml/parser/ParserImpl$ParseDocumentStart
instanceKlass org/yaml/snakeyaml/nodes/NodeTuple
instanceKlass org/yaml/snakeyaml/events/ImplicitTuple
instanceKlass org/yaml/snakeyaml/parser/ParserImpl$ParseBlockMappingValue
instanceKlass org/yaml/snakeyaml/parser/ParserImpl$ParseBlockMappingKey
instanceKlass org/yaml/snakeyaml/resolver/Resolver$1
instanceKlass org/yaml/snakeyaml/parser/ParserImpl$ParseBlockMappingFirstKey
instanceKlass org/yaml/snakeyaml/parser/ParserImpl$ParseBlockNode
instanceKlass org/yaml/snakeyaml/parser/ParserImpl$ParseDocumentEnd
instanceKlass org/yaml/snakeyaml/scanner/SimpleKey
instanceKlass org/yaml/snakeyaml/scanner/Constant
instanceKlass org/yaml/snakeyaml/parser/ParserImpl$ParseImplicitDocumentStart
instanceKlass org/yaml/snakeyaml/Yaml$YamlIterable
instanceKlass org/yaml/snakeyaml/Yaml$1
instanceKlass org/yaml/snakeyaml/parser/ParserImpl$ParseStreamStart
instanceKlass org/yaml/snakeyaml/parser/VersionTagsTuple
instanceKlass org/yaml/snakeyaml/error/Mark
instanceKlass org/yaml/snakeyaml/util/ArrayStack
instanceKlass org/yaml/snakeyaml/tokens/Token
instanceKlass org/yaml/snakeyaml/scanner/ScannerImpl
instanceKlass org/yaml/snakeyaml/reader/StreamReader
instanceKlass org/yaml/snakeyaml/events/Event
instanceKlass org/yaml/snakeyaml/parser/Production
instanceKlass org/yaml/snakeyaml/scanner/Scanner
instanceKlass org/yaml/snakeyaml/parser/ParserImpl
instanceKlass org/yaml/snakeyaml/composer/Composer
instanceKlass org/yaml/snakeyaml/emitter/Emitable
instanceKlass org/yaml/snakeyaml/parser/Parser
instanceKlass org/yaml/snakeyaml/LoaderOptions
instanceKlass org/yaml/snakeyaml/resolver/ResolverTuple
instanceKlass org/springframework/boot/autoconfigure/BackgroundPreinitializer$CharsetInitializer
instanceKlass org/springframework/boot/autoconfigure/BackgroundPreinitializer$JacksonInitializer
instanceKlass org/springframework/http/converter/json/Jackson2ObjectMapperBuilder$$Lambda$122
instanceKlass org/springframework/http/converter/json/Jackson2ObjectMapperBuilder$$Lambda$121
instanceKlass org/yaml/snakeyaml/representer/Representer$RepresentJavaBean
instanceKlass org/springframework/http/converter/json/Jackson2ObjectMapperBuilder$$Lambda$120
instanceKlass org/yaml/snakeyaml/representer/SafeRepresenter$RepresentEnum
instanceKlass java/lang/invoke/LambdaForm$DMH
instanceKlass org/yaml/snakeyaml/representer/SafeRepresenter$RepresentDate
instanceKlass org/yaml/snakeyaml/representer/SafeRepresenter$RepresentArray
instanceKlass com/fasterxml/jackson/databind/deser/ValueInstantiators$Base
instanceKlass org/yaml/snakeyaml/representer/SafeRepresenter$RepresentIterator
instanceKlass org/yaml/snakeyaml/representer/SafeRepresenter$RepresentSet
instanceKlass org/yaml/snakeyaml/representer/SafeRepresenter$RepresentMap
instanceKlass com/fasterxml/jackson/databind/deser/Deserializers$Base
instanceKlass com/fasterxml/jackson/databind/util/ArrayBuilders
instanceKlass com/fasterxml/jackson/databind/ObjectMapper$1
instanceKlass com/fasterxml/jackson/datatype/jdk8/PackageVersion
instanceKlass com/fasterxml/jackson/databind/module/SimpleKeyDeserializers
instanceKlass com/fasterxml/jackson/datatype/jsr310/ser/ZonedDateTimeSerializer$$Lambda$119
instanceKlass com/fasterxml/jackson/datatype/jsr310/ser/ZonedDateTimeSerializer$$Lambda$118
instanceKlass java/lang/invoke/LambdaForm$DMH
instanceKlass com/fasterxml/jackson/datatype/jsr310/ser/ZonedDateTimeSerializer$$Lambda$117
instanceKlass com/fasterxml/jackson/datatype/jsr310/ser/OffsetDateTimeSerializer$$Lambda$116
instanceKlass com/fasterxml/jackson/datatype/jsr310/ser/OffsetDateTimeSerializer$$Lambda$115
instanceKlass org/yaml/snakeyaml/representer/SafeRepresenter$RepresentList
instanceKlass org/yaml/snakeyaml/representer/SafeRepresenter$RepresentNumber
instanceKlass org/yaml/snakeyaml/representer/SafeRepresenter$RepresentPrimitiveArray
instanceKlass org/yaml/snakeyaml/representer/SafeRepresenter$RepresentByteArray
instanceKlass org/yaml/snakeyaml/representer/SafeRepresenter$RepresentUuid
instanceKlass org/yaml/snakeyaml/representer/SafeRepresenter$RepresentBoolean
instanceKlass org/yaml/snakeyaml/representer/SafeRepresenter$RepresentString
instanceKlass com/fasterxml/jackson/datatype/jsr310/ser/OffsetDateTimeSerializer$$Lambda$114
instanceKlass java/lang/invoke/LambdaForm$DMH
instanceKlass com/fasterxml/jackson/datatype/jsr310/ser/InstantSerializer$$Lambda$113
instanceKlass java/util/function/ToIntFunction
instanceKlass com/fasterxml/jackson/datatype/jsr310/ser/InstantSerializer$$Lambda$112
instanceKlass com/fasterxml/jackson/datatype/jsr310/ser/InstantSerializer$$Lambda$111
instanceKlass java/util/function/ToLongFunction
instanceKlass java/lang/invoke/LambdaForm$DMH
instanceKlass com/fasterxml/jackson/databind/ser/Serializers$Base
instanceKlass com/fasterxml/jackson/databind/type/ClassKey
instanceKlass org/yaml/snakeyaml/representer/SafeRepresenter$RepresentNull
instanceKlass com/fasterxml/jackson/databind/module/SimpleDeserializers
instanceKlass com/fasterxml/jackson/datatype/jsr310/deser/InstantDeserializer$$Lambda$110
instanceKlass com/fasterxml/jackson/datatype/jsr310/deser/InstantDeserializer$$Lambda$109
instanceKlass org/yaml/snakeyaml/serializer/NumberAnchorGenerator
instanceKlass com/fasterxml/jackson/datatype/jsr310/deser/InstantDeserializer$$Lambda$108
instanceKlass com/fasterxml/jackson/datatype/jsr310/deser/InstantDeserializer$$Lambda$107
instanceKlass com/fasterxml/jackson/datatype/jsr310/deser/InstantDeserializer$$Lambda$106
instanceKlass com/fasterxml/jackson/datatype/jsr310/deser/InstantDeserializer$$Lambda$105
instanceKlass org/yaml/snakeyaml/serializer/AnchorGenerator
instanceKlass com/fasterxml/jackson/datatype/jsr310/deser/InstantDeserializer$$Lambda$104
instanceKlass org/yaml/snakeyaml/DumperOptions
instanceKlass com/fasterxml/jackson/datatype/jsr310/deser/InstantDeserializer$$Lambda$103
instanceKlass com/fasterxml/jackson/datatype/jsr310/deser/InstantDeserializer$$Lambda$102
instanceKlass com/fasterxml/jackson/datatype/jsr310/deser/InstantDeserializer$$Lambda$101
instanceKlass com/fasterxml/jackson/datatype/jsr310/deser/InstantDeserializer$FromDecimalArguments
instanceKlass org/yaml/snakeyaml/representer/Represent
instanceKlass com/fasterxml/jackson/datatype/jsr310/deser/InstantDeserializer$$Lambda$100
instanceKlass org/yaml/snakeyaml/representer/BaseRepresenter
instanceKlass com/fasterxml/jackson/datatype/jsr310/deser/InstantDeserializer$FromIntegerArguments
instanceKlass com/fasterxml/jackson/datatype/jsr310/deser/InstantDeserializer$$Lambda$99
instanceKlass org/yaml/snakeyaml/util/PlatformFeatureDetector
instanceKlass org/yaml/snakeyaml/introspector/Property
instanceKlass org/yaml/snakeyaml/introspector/PropertyUtils
instanceKlass org/yaml/snakeyaml/constructor/Constructor$ConstructSequence
instanceKlass com/fasterxml/jackson/core/Version
instanceKlass org/yaml/snakeyaml/constructor/Constructor$ConstructMapping
instanceKlass com/fasterxml/jackson/core/util/VersionUtil
instanceKlass com/fasterxml/jackson/datatype/jsr310/PackageVersion
instanceKlass org/yaml/snakeyaml/constructor/Constructor$ConstructYamlObject
instanceKlass org/yaml/snakeyaml/constructor/SafeConstructor$ConstructYamlMap
instanceKlass org/yaml/snakeyaml/constructor/SafeConstructor$ConstructYamlSeq
instanceKlass org/yaml/snakeyaml/constructor/SafeConstructor$ConstructYamlSet
instanceKlass org/yaml/snakeyaml/external/com/google/gdata/util/common/base/UnicodeEscaper
instanceKlass org/yaml/snakeyaml/external/com/google/gdata/util/common/base/Escaper
instanceKlass org/yaml/snakeyaml/util/UriEncoder
instanceKlass org/yaml/snakeyaml/nodes/Tag
instanceKlass org/yaml/snakeyaml/TypeDescription
instanceKlass org/yaml/snakeyaml/constructor/AbstractConstruct
instanceKlass org/yaml/snakeyaml/constructor/Construct
instanceKlass org/yaml/snakeyaml/nodes/Node
instanceKlass org/springframework/boot/env/OriginTrackedYamlLoader$$Lambda$98
instanceKlass org/springframework/beans/factory/config/YamlProcessor$MatchCallback
instanceKlass org/yaml/snakeyaml/constructor/BaseConstructor
instanceKlass org/yaml/snakeyaml/resolver/Resolver
instanceKlass org/springframework/beans/factory/config/YamlProcessor
instanceKlass org/yaml/snakeyaml/Yaml
instanceKlass org/springframework/boot/context/config/ConfigFileApplicationListener$DocumentsCacheKey
instanceKlass com/fasterxml/jackson/databind/type/TypeModifier
instanceKlass com/fasterxml/jackson/databind/ser/BeanSerializerModifier
instanceKlass com/fasterxml/jackson/databind/ser/Serializers
instanceKlass com/fasterxml/jackson/databind/cfg/SerializerFactoryConfig
instanceKlass java/nio/channels/WritableByteChannel
instanceKlass org/springframework/core/io/WritableResource
instanceKlass org/springframework/boot/context/config/ConfigFileApplicationListener$Loader$$Lambda$97
instanceKlass java/lang/invoke/LambdaForm$DMH
instanceKlass org/springframework/boot/context/config/ConfigFileApplicationListener$Loader$$Lambda$96
instanceKlass java/lang/invoke/LambdaForm$DMH
instanceKlass org/springframework/boot/context/config/ConfigFileApplicationListener$Loader$$Lambda$95
instanceKlass java/lang/invoke/LambdaForm$DMH
instanceKlass java/lang/invoke/LambdaForm$MH
instanceKlass java/lang/invoke/LambdaForm$DMH
instanceKlass java/lang/invoke/LambdaForm$DMH
instanceKlass org/springframework/boot/context/config/ConfigFileApplicationListener$Loader$$Lambda$94
instanceKlass org/springframework/boot/context/config/ConfigFileApplicationListener$DocumentConsumer
instanceKlass java/lang/invoke/LambdaForm$DMH
instanceKlass org/springframework/boot/context/config/ConfigFileApplicationListener$Document
instanceKlass org/springframework/boot/context/config/ConfigFileApplicationListener$Loader$$Lambda$93
instanceKlass org/springframework/boot/context/config/ConfigFileApplicationListener$Loader$$Lambda$92
instanceKlass org/springframework/boot/context/config/ConfigFileApplicationListener$DocumentFilterFactory
instanceKlass org/springframework/boot/context/config/ConfigFileApplicationListener$DocumentFilter
instanceKlass org/springframework/boot/context/config/ConfigFileApplicationListener$Loader$$Lambda$91
instanceKlass org/springframework/boot/logging/DeferredLog$Line
instanceKlass org/springframework/boot/context/config/ConfigFileApplicationListener$Loader$$Lambda$90
instanceKlass java/lang/invoke/LambdaForm$DMH
instanceKlass org/springframework/boot/context/config/ConfigFileApplicationListener$Loader$$Lambda$89
instanceKlass java/lang/invoke/LambdaForm$DMH
instanceKlass org/springframework/boot/context/properties/source/SpringConfigurationPropertySource$$Lambda$88
instanceKlass org/springframework/boot/context/config/ConfigFileApplicationListener$Profile
instanceKlass org/springframework/boot/context/config/ConfigFileApplicationListener$Loader$$Lambda$87
instanceKlass org/springframework/core/CollectionFactory
instanceKlass org/springframework/boot/convert/Delimiter
instanceKlass org/springframework/util/AntPathMatcher$PathSeparatorPatternCache
instanceKlass org/springframework/util/AntPathMatcher
instanceKlass com/fasterxml/jackson/databind/ser/std/StdJdkSerializers
instanceKlass com/fasterxml/jackson/databind/ser/std/NumberSerializers
instanceKlass com/fasterxml/jackson/databind/deser/DeserializerCache
instanceKlass com/fasterxml/jackson/databind/KeyDeserializer
instanceKlass com/fasterxml/jackson/databind/deser/std/StdKeyDeserializers
instanceKlass com/fasterxml/jackson/databind/deser/KeyDeserializers
instanceKlass com/fasterxml/jackson/databind/deser/ValueInstantiators
instanceKlass com/fasterxml/jackson/databind/AbstractTypeResolver
instanceKlass com/fasterxml/jackson/databind/deser/BeanDeserializerModifier
instanceKlass com/fasterxml/jackson/databind/cfg/DeserializerFactoryConfig
instanceKlass com/fasterxml/jackson/databind/PropertyName
instanceKlass com/fasterxml/jackson/databind/deser/Deserializers
instanceKlass com/fasterxml/jackson/annotation/ObjectIdGenerator
instanceKlass com/fasterxml/jackson/databind/deser/ValueInstantiator$Gettable
instanceKlass com/fasterxml/jackson/databind/deser/ResolvableDeserializer
instanceKlass com/fasterxml/jackson/databind/deser/ContextualDeserializer
instanceKlass com/fasterxml/jackson/databind/JsonDeserializer
instanceKlass com/fasterxml/jackson/databind/deser/NullValueProvider
instanceKlass com/fasterxml/jackson/databind/ser/SerializerCache
instanceKlass com/fasterxml/jackson/databind/ser/ResolvableSerializer
instanceKlass com/fasterxml/jackson/databind/ser/ContextualSerializer
instanceKlass com/fasterxml/jackson/databind/jsonschema/SchemaAware
instanceKlass com/fasterxml/jackson/databind/JsonSerializer
instanceKlass com/fasterxml/jackson/databind/jsonFormatVisitors/JsonFormatVisitable
instanceKlass com/fasterxml/jackson/databind/node/JsonNodeFactory
instanceKlass com/fasterxml/jackson/databind/node/JsonNodeCreator
instanceKlass com/fasterxml/jackson/databind/cfg/ContextAttributes
instanceKlass com/fasterxml/jackson/core/util/Separators
instanceKlass com/fasterxml/jackson/core/util/DefaultPrettyPrinter$NopIndenter
instanceKlass com/fasterxml/jackson/databind/cfg/ConfigFeature
instanceKlass com/fasterxml/jackson/databind/cfg/ConfigOverride
instanceKlass com/fasterxml/jackson/annotation/JsonFormat$Features
instanceKlass com/fasterxml/jackson/annotation/JsonFormat$Value
instanceKlass com/fasterxml/jackson/databind/introspect/VisibilityChecker$Std
instanceKlass com/fasterxml/jackson/annotation/JsonSetter$Value
instanceKlass com/fasterxml/jackson/annotation/JsonInclude$Value
instanceKlass com/fasterxml/jackson/annotation/JacksonAnnotationValue
instanceKlass com/fasterxml/jackson/databind/cfg/ConfigOverrides
instanceKlass com/fasterxml/jackson/databind/introspect/AnnotatedClass$Creators
instanceKlass com/fasterxml/jackson/databind/introspect/AnnotationCollector$NoAnnotations
instanceKlass com/fasterxml/jackson/databind/util/Annotations
instanceKlass com/fasterxml/jackson/databind/introspect/AnnotationCollector
instanceKlass com/fasterxml/jackson/databind/introspect/AnnotatedClassResolver
instanceKlass com/fasterxml/jackson/databind/BeanDescription
instanceKlass com/fasterxml/jackson/databind/cfg/MapperConfig
instanceKlass com/fasterxml/jackson/databind/introspect/SimpleMixInResolver
instanceKlass com/fasterxml/jackson/databind/introspect/ClassIntrospector$MixInResolver
instanceKlass com/fasterxml/jackson/databind/util/RootNameLookup
instanceKlass com/fasterxml/jackson/core/sym/ByteQuadsCanonicalizer$TableInfo
instanceKlass com/fasterxml/jackson/core/sym/ByteQuadsCanonicalizer
instanceKlass com/fasterxml/jackson/core/sym/CharsToNameCanonicalizer$Bucket
instanceKlass com/fasterxml/jackson/core/sym/CharsToNameCanonicalizer$TableInfo
instanceKlass com/fasterxml/jackson/core/sym/CharsToNameCanonicalizer
instanceKlass com/fasterxml/jackson/core/io/CharTypes
instanceKlass com/fasterxml/jackson/core/io/JsonStringEncoder
instanceKlass com/fasterxml/jackson/core/io/SerializedString
instanceKlass org/springframework/util/PathMatcher
instanceKlass com/fasterxml/jackson/core/util/DefaultPrettyPrinter
instanceKlass com/fasterxml/jackson/core/util/Instantiatable
instanceKlass org/springframework/core/io/support/PathMatchingResourcePatternResolver
instanceKlass com/fasterxml/jackson/core/async/ByteArrayFeeder
instanceKlass com/fasterxml/jackson/core/async/NonBlockingInputFeeder
instanceKlass org/springframework/boot/context/properties/bind/PropertySourcesPlaceholdersResolver$$Lambda$86
instanceKlass java/lang/invoke/LambdaForm$MH
instanceKlass java/lang/invoke/LambdaForm$DMH
instanceKlass java/lang/invoke/LambdaForm$DMH
instanceKlass org/springframework/boot/context/properties/bind/Binder$$Lambda$85
instanceKlass java/lang/invoke/LambdaForm$DMH
instanceKlass java/util/stream/StreamSpliterators$WrappingSpliterator$$Lambda$84
instanceKlass java/util/function/BooleanSupplier
instanceKlass java/util/stream/StreamSpliterators$WrappingSpliterator$$Lambda$83
instanceKlass java/util/stream/AbstractSpinedBuffer
instanceKlass com/fasterxml/jackson/core/TSFBuilder
instanceKlass com/fasterxml/jackson/core/SerializableString
instanceKlass java/util/Spliterators$1Adapter
instanceKlass java/util/stream/StreamSpliterators$AbstractWrappingSpliterator
instanceKlass java/util/stream/AbstractPipeline$$Lambda$82
instanceKlass org/springframework/boot/context/properties/source/FilteredConfigurationPropertiesSource
instanceKlass com/fasterxml/jackson/core/Base64Variant
instanceKlass org/springframework/boot/context/properties/bind/IndexedElementsBinder$$Lambda$81
instanceKlass com/fasterxml/jackson/core/Base64Variants
instanceKlass org/springframework/boot/context/properties/bind/ArrayBinder$$Lambda$80
instanceKlass org/springframework/boot/context/properties/bind/AggregateBinder$AggregateSupplier
instanceKlass org/springframework/boot/context/properties/bind/Binder$$Lambda$79
instanceKlass org/springframework/boot/context/properties/bind/Binder$$Lambda$78
instanceKlass org/springframework/boot/context/properties/bind/AggregateElementBinder
instanceKlass org/springframework/boot/context/config/ConfigFileApplicationListener$Loader$$Lambda$77
instanceKlass java/lang/invoke/LambdaForm$DMH
instanceKlass org/springframework/boot/env/YamlPropertySourceLoader
instanceKlass com/fasterxml/jackson/databind/type/TypeBindings
instanceKlass org/springframework/boot/env/PropertiesPropertySourceLoader
instanceKlass org/springframework/boot/env/PropertySourceLoader
instanceKlass com/fasterxml/jackson/databind/type/TypeParser
instanceKlass org/springframework/boot/context/config/ConfigFileApplicationListener$Loader
instanceKlass java/util/Random
instanceKlass java/net/InetAddress$CacheEntry
instanceKlass sun/net/InetAddressCachePolicy$2
instanceKlass sun/net/InetAddressCachePolicy$1
instanceKlass sun/net/InetAddressCachePolicy
instanceKlass com/fasterxml/jackson/databind/type/TypeFactory
instanceKlass java/net/Inet4AddressImpl
instanceKlass com/fasterxml/jackson/databind/cfg/BaseSettings
instanceKlass com/fasterxml/jackson/databind/util/LRUMap
instanceKlass java/beans/ConstructorProperties
instanceKlass java/beans/Transient
instanceKlass com/fasterxml/jackson/databind/util/ClassUtil$Ctor
instanceKlass java/util/concurrent/locks/LockSupport
instanceKlass com/fasterxml/jackson/databind/util/ClassUtil
instanceKlass java/util/concurrent/FutureTask$WaitNode
instanceKlass java/util/concurrent/FutureTask
instanceKlass java/util/concurrent/RunnableFuture
instanceKlass java/util/concurrent/Future
instanceKlass com/fasterxml/jackson/databind/ext/Java7Support
instanceKlass org/springframework/cloud/commons/util/InetUtils$$Lambda$76
instanceKlass com/fasterxml/jackson/annotation/JsonMerge
instanceKlass java/util/concurrent/Callable
instanceKlass com/fasterxml/jackson/databind/annotation/JsonDeserialize
instanceKlass org/springframework/cloud/commons/util/InetUtils$HostInfo
instanceKlass com/fasterxml/jackson/annotation/JsonManagedReference
instanceKlass com/fasterxml/jackson/annotation/JsonBackReference
instanceKlass com/fasterxml/jackson/annotation/JsonUnwrapped
instanceKlass com/fasterxml/jackson/annotation/JsonRawValue
instanceKlass com/fasterxml/jackson/annotation/JsonTypeInfo
instanceKlass com/fasterxml/jackson/annotation/JsonFormat
instanceKlass com/fasterxml/jackson/annotation/JsonView
instanceKlass com/fasterxml/jackson/databind/annotation/JsonSerialize
instanceKlass com/fasterxml/jackson/databind/introspect/ConcreteBeanPropertyBase
instanceKlass com/fasterxml/jackson/databind/BeanProperty
instanceKlass com/fasterxml/jackson/databind/introspect/BeanPropertyDefinition
instanceKlass com/fasterxml/jackson/databind/util/Named
instanceKlass com/fasterxml/jackson/core/type/ResolvedType
instanceKlass com/fasterxml/jackson/databind/introspect/TypeResolutionContext
instanceKlass com/fasterxml/jackson/databind/introspect/Annotated
instanceKlass com/fasterxml/jackson/databind/introspect/VisibilityChecker
instanceKlass com/fasterxml/jackson/databind/introspect/ClassIntrospector
instanceKlass com/fasterxml/jackson/core/JsonParser
instanceKlass com/fasterxml/jackson/databind/Module$SetupContext
instanceKlass com/fasterxml/jackson/databind/JsonSerializable$Base
instanceKlass com/fasterxml/jackson/databind/JsonSerializable
instanceKlass com/fasterxml/jackson/core/TreeNode
instanceKlass com/fasterxml/jackson/databind/jsontype/TypeResolverBuilder
instanceKlass com/fasterxml/jackson/databind/jsontype/PolymorphicTypeValidator
instanceKlass com/fasterxml/jackson/databind/AnnotationIntrospector
instanceKlass com/fasterxml/jackson/databind/ser/SerializerFactory
instanceKlass com/fasterxml/jackson/databind/deser/DeserializerFactory
instanceKlass com/fasterxml/jackson/databind/DatabindContext
instanceKlass com/fasterxml/jackson/databind/jsontype/SubtypeResolver
instanceKlass com/fasterxml/jackson/core/TokenStreamFactory
instanceKlass com/fasterxml/jackson/databind/cfg/HandlerInstantiator
instanceKlass com/fasterxml/jackson/databind/Module
instanceKlass org/springframework/http/converter/json/Jackson2ObjectMapperBuilder
instanceKlass com/fasterxml/jackson/core/PrettyPrinter
instanceKlass com/fasterxml/jackson/core/util/DefaultPrettyPrinter$Indenter
instanceKlass org/springframework/http/converter/GenericHttpMessageConverter
instanceKlass org/springframework/http/converter/xml/Jaxb2RootElementHttpMessageConverter$$Lambda$75
instanceKlass org/xml/sax/helpers/LocatorImpl
instanceKlass org/xml/sax/Locator
instanceKlass javax/xml/transform/SourceLocator
instanceKlass org/apache/xml/utils/DefaultErrorHandler
instanceKlass org/xml/sax/ErrorHandler
instanceKlass javax/xml/transform/ErrorListener
instanceKlass org/xml/sax/ext/DeclHandler
instanceKlass javax/xml/transform/Transformer
instanceKlass org/xml/sax/XMLFilter
instanceKlass org/xml/sax/XMLReader
instanceKlass org/apache/xml/utils/DOMHelper
instanceKlass javax/xml/transform/sax/TransformerHandler
instanceKlass org/xml/sax/DTDHandler
instanceKlass org/xml/sax/ext/LexicalHandler
instanceKlass javax/xml/transform/sax/TemplatesHandler
instanceKlass org/xml/sax/ContentHandler
instanceKlass javax/xml/transform/FactoryFinder$1
instanceKlass javax/xml/transform/SecuritySupport$5
instanceKlass javax/xml/transform/SecuritySupport$2
instanceKlass javax/xml/transform/SecuritySupport
instanceKlass javax/xml/transform/FactoryFinder
instanceKlass javax/xml/transform/TransformerFactory
instanceKlass javax/xml/transform/stream/StreamSource
instanceKlass javax/xml/transform/stax/StAXSource
instanceKlass javax/xml/transform/sax/SAXSource
instanceKlass javax/xml/transform/dom/DOMSource
instanceKlass org/springframework/http/converter/xml/SourceHttpMessageConverter$$Lambda$74
instanceKlass javax/xml/stream/XMLResolver
instanceKlass java/lang/invoke/LambdaForm$DMH
instanceKlass org/springframework/http/converter/xml/SourceHttpMessageConverter$$Lambda$73
instanceKlass org/xml/sax/EntityResolver
instanceKlass java/lang/invoke/LambdaForm$DMH
instanceKlass sun/invoke/util/VerifyAccess$1
instanceKlass org/xml/sax/InputSource
instanceKlass org/w3c/dom/Node
instanceKlass javax/xml/transform/Result
instanceKlass org/springframework/core/log/CompositeLog$$Lambda$72
instanceKlass org/springframework/core/log/CompositeLog$$Lambda$71
instanceKlass org/springframework/core/log/CompositeLog$$Lambda$70
instanceKlass org/springframework/core/log/CompositeLog$$Lambda$69
instanceKlass org/springframework/core/log/CompositeLog$$Lambda$68
instanceKlass org/springframework/core/log/CompositeLog$$Lambda$67
instanceKlass java/lang/invoke/LambdaForm$DMH
instanceKlass org/apache/commons/logging/impl/NoOpLog
instanceKlass org/springframework/core/log/CompositeLog
instanceKlass org/springframework/core/log/LogDelegateFactory
instanceKlass org/springframework/http/HttpLogging
instanceKlass org/springframework/http/converter/AbstractHttpMessageConverter
instanceKlass com/google/gson/Gson
instanceKlass com/fasterxml/jackson/core/JsonGenerator
instanceKlass com/fasterxml/jackson/core/TreeCodec
instanceKlass com/fasterxml/jackson/core/Versioned
instanceKlass javax/xml/bind/Binder
instanceKlass org/springframework/util/MimeType$SpecificityComparator
instanceKlass org/springframework/http/MediaType$$Lambda$66
instanceKlass org/springframework/util/MimeType$$Lambda$65
instanceKlass java/lang/invoke/LambdaForm$DMH
instanceKlass org/springframework/util/LinkedCaseInsensitiveMap
instanceKlass org/springframework/util/MimeType
instanceKlass org/springframework/http/HttpOutputMessage
instanceKlass org/springframework/http/HttpMessage
instanceKlass org/springframework/http/converter/FormHttpMessageConverter
instanceKlass org/springframework/http/converter/HttpMessageConverter
instanceKlass org/springframework/boot/autoconfigure/BackgroundPreinitializer$MessageConverterInitializer
instanceKlass org/hibernate/validator/internal/util/privilegedactions/SetContextClassLoader
instanceKlass org/hibernate/validator/internal/util/ConcurrentReferenceHashMap$HashEntry
instanceKlass org/hibernate/validator/messageinterpolation/AbstractMessageInterpolator
instanceKlass org/hibernate/validator/constraintvalidation/HibernateConstraintValidatorInitializationContext
instanceKlass org/hibernate/validator/internal/engine/ValidatorFactoryImpl$ValidatorFactoryScopedContext
instanceKlass org/hibernate/validator/internal/metadata/aggregated/rule/MethodConfigurationRule
instanceKlass org/hibernate/validator/internal/engine/MethodValidationConfiguration
instanceKlass org/hibernate/validator/internal/util/StringHelper
instanceKlass org/hibernate/validator/internal/metadata/core/AnnotationProcessingOptionsImpl
instanceKlass org/hibernate/validator/internal/metadata/core/AnnotationProcessingOptions
instanceKlass org/hibernate/validator/cfg/context/ConstraintDefinitionContext
instanceKlass org/hibernate/validator/cfg/context/TypeConstraintMappingContext
instanceKlass org/hibernate/validator/cfg/context/AnnotationIgnoreOptions
instanceKlass org/hibernate/validator/cfg/context/AnnotationProcessingOptions
instanceKlass org/hibernate/validator/cfg/context/ConstructorTarget
instanceKlass org/hibernate/validator/cfg/context/MethodTarget
instanceKlass org/hibernate/validator/cfg/context/PropertyTarget
instanceKlass org/hibernate/validator/cfg/context/ConstraintMappingTarget
instanceKlass org/hibernate/validator/cfg/context/ConstraintDefinitionTarget
instanceKlass org/hibernate/validator/cfg/context/TypeTarget
instanceKlass org/hibernate/validator/cfg/context/Constrainable
instanceKlass org/hibernate/validator/internal/cfg/context/DefaultConstraintMapping
instanceKlass org/hibernate/validator/internal/engine/ValidatorFactoryImpl$DefaultConstraintMappingBuilder
instanceKlass org/hibernate/validator/internal/engine/ServiceLoaderBasedConstraintMappingContributor
instanceKlass com/fasterxml/classmate/Filter
instanceKlass org/hibernate/validator/internal/util/ExecutableHelper
instanceKlass com/fasterxml/classmate/util/ResolvedTypeCache
instanceKlass com/fasterxml/classmate/util/ClassKey
instanceKlass com/fasterxml/classmate/TypeBindings
instanceKlass com/fasterxml/classmate/members/RawMember
instanceKlass com/fasterxml/classmate/ResolvedType
instanceKlass com/fasterxml/classmate/TypeResolver
instanceKlass java/nio/file/attribute/FileTime
instanceKlass java/net/NetworkInterface$1checkedAddresses
instanceKlass java/net/NetworkInterface$2
instanceKlass org/hibernate/validator/internal/util/TypeResolutionHelper
instanceKlass org/hibernate/validator/internal/constraintvalidators/hv/URLValidator
instanceKlass org/hibernate/validator/constraints/URL
instanceKlass org/hibernate/validator/internal/constraintvalidators/hv/UniqueElementsValidator
instanceKlass org/hibernate/validator/constraints/UniqueElements
instanceKlass org/hibernate/validator/constraints/ScriptAssert
instanceKlass org/hibernate/validator/internal/constraintvalidators/hv/SafeHtmlValidator
instanceKlass org/hibernate/validator/constraints/SafeHtml
instanceKlass org/hibernate/validator/internal/constraintvalidators/hv/AbstractScriptAssertValidator
instanceKlass org/hibernate/validator/constraints/ParameterScriptAssert
instanceKlass org/hibernate/validator/internal/constraintvalidators/hv/NotBlankValidator
instanceKlass org/hibernate/validator/constraints/NotBlank
instanceKlass org/hibernate/validator/constraints/pl/PESEL
instanceKlass org/hibernate/validator/constraints/pl/NIP
instanceKlass org/hibernate/validator/constraints/pl/REGON
instanceKlass org/hibernate/validator/constraints/Mod11Check
instanceKlass org/hibernate/validator/constraints/Mod10Check
instanceKlass org/hibernate/validator/constraints/LuhnCheck
instanceKlass java/lang/Deprecated
instanceKlass org/hibernate/validator/internal/constraintvalidators/hv/ModCheckBase
instanceKlass org/hibernate/validator/constraints/ModCheck
instanceKlass org/hibernate/validator/internal/constraintvalidators/hv/CodePointLengthValidator
instanceKlass org/hibernate/validator/constraints/CodePointLength
instanceKlass org/hibernate/validator/internal/constraintvalidators/hv/LengthValidator
instanceKlass org/hibernate/validator/constraints/Length
instanceKlass org/hibernate/validator/constraints/Email
instanceKlass org/hibernate/validator/internal/constraintvalidators/hv/EANValidator
instanceKlass org/hibernate/validator/constraints/EAN
instanceKlass org/hibernate/validator/internal/constraintvalidators/hv/time/DurationMinValidator
instanceKlass org/hibernate/validator/constraints/time/DurationMin
instanceKlass org/hibernate/validator/internal/constraintvalidators/hv/time/DurationMaxValidator
instanceKlass org/hibernate/validator/constraints/time/DurationMax
instanceKlass org/hibernate/validator/internal/constraintvalidators/hv/br/CPFValidator
instanceKlass org/hibernate/validator/constraints/br/CPF
instanceKlass org/hibernate/validator/internal/constraintvalidators/hv/br/CNPJValidator
instanceKlass org/hibernate/validator/constraints/br/CNPJ
instanceKlass javax/validation/constraints/Size
instanceKlass org/hibernate/validator/internal/constraintvalidators/bv/size/SizeValidatorForArraysOfPrimitives
instanceKlass org/hibernate/validator/internal/constraintvalidators/bv/size/SizeValidatorForMap
instanceKlass org/hibernate/validator/internal/constraintvalidators/bv/size/SizeValidatorForArray
instanceKlass org/hibernate/validator/internal/constraintvalidators/bv/size/SizeValidatorForCollection
instanceKlass org/hibernate/validator/internal/constraintvalidators/bv/size/SizeValidatorForCharSequence
instanceKlass org/hibernate/validator/internal/constraintvalidators/bv/number/sign/PositiveOrZeroValidatorForNumber
instanceKlass org/hibernate/validator/internal/constraintvalidators/bv/number/sign/PositiveOrZeroValidatorForByte
instanceKlass org/hibernate/validator/internal/constraintvalidators/bv/number/sign/PositiveOrZeroValidatorForShort
instanceKlass org/hibernate/validator/internal/constraintvalidators/bv/number/sign/PositiveOrZeroValidatorForInteger
instanceKlass org/hibernate/validator/internal/constraintvalidators/bv/number/sign/PositiveOrZeroValidatorForLong
instanceKlass org/hibernate/validator/internal/constraintvalidators/bv/number/sign/PositiveOrZeroValidatorForFloat
instanceKlass org/hibernate/validator/internal/constraintvalidators/bv/number/sign/PositiveOrZeroValidatorForDouble
instanceKlass org/hibernate/validator/internal/constraintvalidators/bv/number/sign/PositiveOrZeroValidatorForBigInteger
instanceKlass org/hibernate/validator/internal/constraintvalidators/bv/number/sign/PositiveOrZeroValidatorForBigDecimal
instanceKlass javax/validation/constraints/PositiveOrZero
instanceKlass org/hibernate/validator/internal/constraintvalidators/bv/number/sign/PositiveValidatorForNumber
instanceKlass org/hibernate/validator/internal/constraintvalidators/bv/number/sign/PositiveValidatorForByte
instanceKlass org/hibernate/validator/internal/constraintvalidators/bv/number/sign/PositiveValidatorForShort
instanceKlass org/hibernate/validator/internal/constraintvalidators/bv/number/sign/PositiveValidatorForInteger
instanceKlass org/hibernate/validator/internal/constraintvalidators/bv/number/sign/PositiveValidatorForLong
instanceKlass org/hibernate/validator/internal/constraintvalidators/bv/number/sign/PositiveValidatorForFloat
instanceKlass org/hibernate/validator/internal/constraintvalidators/bv/number/sign/PositiveValidatorForDouble
instanceKlass org/hibernate/validator/internal/constraintvalidators/bv/number/sign/PositiveValidatorForBigInteger
instanceKlass org/hibernate/validator/internal/constraintvalidators/bv/number/sign/PositiveValidatorForBigDecimal
instanceKlass javax/validation/constraints/Positive
instanceKlass org/hibernate/validator/internal/constraintvalidators/bv/PatternValidator
instanceKlass javax/validation/constraints/Pattern
instanceKlass javax/validation/constraints/PastOrPresent
instanceKlass javax/validation/constraints/Past
instanceKlass org/hibernate/validator/internal/constraintvalidators/bv/NullValidator
instanceKlass javax/validation/constraints/Null
instanceKlass org/hibernate/validator/internal/constraintvalidators/bv/NotNullValidator
instanceKlass javax/validation/constraints/NotNull
instanceKlass javax/validation/constraints/NotEmpty
instanceKlass org/hibernate/validator/internal/constraintvalidators/bv/notempty/NotEmptyValidatorForArraysOfShort
instanceKlass org/hibernate/validator/internal/constraintvalidators/bv/notempty/NotEmptyValidatorForArraysOfLong
instanceKlass org/hibernate/validator/internal/constraintvalidators/bv/notempty/NotEmptyValidatorForArraysOfInt
instanceKlass org/hibernate/validator/internal/constraintvalidators/bv/notempty/NotEmptyValidatorForArraysOfFloat
instanceKlass org/hibernate/validator/internal/constraintvalidators/bv/notempty/NotEmptyValidatorForArraysOfDouble
instanceKlass org/hibernate/validator/internal/constraintvalidators/bv/notempty/NotEmptyValidatorForArraysOfChar
instanceKlass org/hibernate/validator/internal/constraintvalidators/bv/notempty/NotEmptyValidatorForArraysOfByte
instanceKlass org/hibernate/validator/internal/constraintvalidators/bv/notempty/NotEmptyValidatorForArraysOfBoolean
instanceKlass org/hibernate/validator/internal/constraintvalidators/bv/notempty/NotEmptyValidatorForMap
instanceKlass org/hibernate/validator/internal/constraintvalidators/bv/notempty/NotEmptyValidatorForArray
instanceKlass org/hibernate/validator/internal/constraintvalidators/bv/notempty/NotEmptyValidatorForCollection
instanceKlass org/hibernate/validator/internal/constraintvalidators/bv/notempty/NotEmptyValidatorForCharSequence
instanceKlass org/hibernate/validator/internal/constraintvalidators/bv/NotBlankValidator
instanceKlass javax/validation/constraints/NotBlank
instanceKlass org/hibernate/validator/internal/constraintvalidators/bv/number/sign/NegativeOrZeroValidatorForNumber
instanceKlass org/hibernate/validator/internal/constraintvalidators/bv/number/sign/NegativeOrZeroValidatorForByte
instanceKlass org/hibernate/validator/internal/constraintvalidators/bv/number/sign/NegativeOrZeroValidatorForShort
instanceKlass org/hibernate/validator/internal/constraintvalidators/bv/number/sign/NegativeOrZeroValidatorForInteger
instanceKlass org/hibernate/validator/internal/constraintvalidators/bv/number/sign/NegativeOrZeroValidatorForLong
instanceKlass org/hibernate/validator/internal/constraintvalidators/bv/number/sign/NegativeOrZeroValidatorForFloat
instanceKlass org/hibernate/validator/internal/constraintvalidators/bv/number/sign/NegativeOrZeroValidatorForDouble
instanceKlass org/hibernate/validator/internal/constraintvalidators/bv/number/sign/NegativeOrZeroValidatorForBigInteger
instanceKlass org/hibernate/validator/internal/constraintvalidators/bv/number/sign/NegativeOrZeroValidatorForBigDecimal
instanceKlass java/net/DefaultInterface
instanceKlass javax/validation/constraints/NegativeOrZero
instanceKlass java/net/Inet6Address$Inet6AddressHolder
instanceKlass org/hibernate/validator/internal/constraintvalidators/bv/number/sign/NegativeValidatorForNumber
instanceKlass org/hibernate/validator/internal/constraintvalidators/bv/number/sign/NegativeValidatorForByte
instanceKlass java/net/InetAddress$2
instanceKlass org/hibernate/validator/internal/constraintvalidators/bv/number/sign/NegativeValidatorForShort
instanceKlass sun/net/spi/nameservice/NameService
instanceKlass java/net/Inet6AddressImpl
instanceKlass java/net/InetAddressImpl
instanceKlass org/hibernate/validator/internal/constraintvalidators/bv/number/sign/NegativeValidatorForInteger
instanceKlass java/net/InetAddressImplFactory
instanceKlass org/hibernate/validator/internal/constraintvalidators/bv/number/sign/NegativeValidatorForLong
instanceKlass java/net/InetAddress$Cache
instanceKlass org/hibernate/validator/internal/constraintvalidators/bv/number/sign/NegativeValidatorForFloat
instanceKlass java/net/InetAddress$InetAddressHolder
instanceKlass java/net/InetAddress$1
instanceKlass org/hibernate/validator/internal/constraintvalidators/bv/number/sign/NegativeValidatorForDouble
instanceKlass java/net/InterfaceAddress
instanceKlass org/hibernate/validator/internal/constraintvalidators/bv/number/sign/NegativeValidatorForBigInteger
instanceKlass org/hibernate/validator/internal/constraintvalidators/bv/number/sign/NegativeValidatorForBigDecimal
instanceKlass javax/validation/constraints/Negative
instanceKlass org/hibernate/validator/internal/constraintvalidators/bv/MinValidatorForCharSequence
instanceKlass org/hibernate/validator/internal/constraintvalidators/bv/number/bound/AbstractMinValidator
instanceKlass javax/validation/constraints/Min
instanceKlass java/net/NetworkInterface$1
instanceKlass java/net/NetworkInterface
instanceKlass org/hibernate/validator/internal/constraintvalidators/bv/MaxValidatorForCharSequence
instanceKlass java/util/concurrent/ThreadPoolExecutor$AbortPolicy
instanceKlass java/util/concurrent/RejectedExecutionHandler
instanceKlass org/hibernate/validator/internal/constraintvalidators/bv/number/bound/AbstractMaxValidator
instanceKlass java/util/concurrent/AbstractExecutorService
instanceKlass javax/validation/constraints/Max
instanceKlass java/util/concurrent/Executors
instanceKlass org/springframework/cloud/commons/util/InetUtils$$Lambda$64
instanceKlass org/hibernate/validator/internal/constraintvalidators/hv/ISBNValidator
instanceKlass java/util/concurrent/ThreadFactory
instanceKlass org/hibernate/validator/constraints/ISBN
instanceKlass org/springframework/cloud/commons/util/InetUtils
instanceKlass javax/validation/constraints/FutureOrPresent
instanceKlass org/springframework/boot/context/properties/bind/BindResult
instanceKlass java/time/chrono/ChronoLocalDateImpl
instanceKlass java/util/ArrayList$ArrayListSpliterator
instanceKlass javax/validation/constraints/Future
instanceKlass org/hibernate/validator/internal/constraintvalidators/bv/time/AbstractJavaTimeValidator
instanceKlass org/hibernate/validator/internal/constraintvalidators/bv/time/AbstractInstantBasedTimeValidator
instanceKlass org/hibernate/validator/constraintvalidation/HibernateConstraintValidator
instanceKlass org/hibernate/validator/internal/constraintvalidators/AbstractEmailValidator
instanceKlass javax/validation/constraints/Email
instanceKlass org/hibernate/validator/internal/metadata/core/ConstraintHelper$$Lambda$63
instanceKlass org/hibernate/validator/internal/constraintvalidators/bv/DigitsValidatorForNumber
instanceKlass org/hibernate/validator/internal/constraintvalidators/bv/DigitsValidatorForCharSequence
instanceKlass javax/validation/constraints/Digits
instanceKlass org/hibernate/validator/internal/constraintvalidators/bv/DecimalMinValidatorForCharSequence
instanceKlass org/hibernate/validator/internal/constraintvalidators/bv/number/bound/decimal/AbstractDecimalMinValidator
instanceKlass javax/validation/constraints/DecimalMin
instanceKlass java/util/stream/Collectors$$Lambda$62
instanceKlass java/util/stream/Collectors$$Lambda$61
instanceKlass java/util/stream/Collectors$$Lambda$60
instanceKlass org/hibernate/validator/internal/metadata/core/ConstraintHelper$$Lambda$59
instanceKlass org/hibernate/validator/internal/constraintvalidators/bv/DecimalMaxValidatorForCharSequence
instanceKlass org/hibernate/validator/internal/constraintvalidators/bv/number/bound/decimal/AbstractDecimalMaxValidator
instanceKlass org/springframework/beans/factory/annotation/Value
instanceKlass javax/validation/constraints/DecimalMax
instanceKlass org/hibernate/validator/internal/constraintvalidators/bv/AssertTrueValidator
instanceKlass javax/validation/constraints/AssertTrue
instanceKlass javax/validation/constraintvalidation/SupportedValidationTarget
instanceKlass org/hibernate/validator/internal/engine/constraintvalidation/ClassBasedValidatorDescriptor
instanceKlass org/hibernate/validator/internal/engine/constraintvalidation/ConstraintValidatorDescriptor
instanceKlass org/hibernate/validator/internal/constraintvalidators/bv/AssertFalseValidator
instanceKlass javax/validation/ConstraintValidator
instanceKlass javax/validation/constraints/AssertFalse
instanceKlass org/hibernate/validator/internal/metadata/core/ConstraintHelper$ValidatorDescriptorMap
instanceKlass org/hibernate/validator/internal/metadata/core/ConstraintHelper
instanceKlass org/hibernate/validator/internal/engine/valueextraction/ValueExtractorResolver
instanceKlass java/util/stream/ReduceOps$Box
instanceKlass java/util/stream/ReduceOps$AccumulatingSink
instanceKlass java/util/stream/ReduceOps$ReduceOp
instanceKlass java/util/stream/ReduceOps
instanceKlass java/util/stream/Collectors$$Lambda$58
instanceKlass java/util/stream/Collectors$$Lambda$57
instanceKlass java/util/function/BinaryOperator
instanceKlass java/util/stream/Collectors$$Lambda$56
instanceKlass org/springframework/boot/context/properties/bind/JavaBeanBinder$BeanProperty$$Lambda$55
instanceKlass org/springframework/core/SerializableTypeWrapper$MethodInvokeTypeProvider
instanceKlass java/lang/reflect/Proxy$1
instanceKlass java/lang/reflect/Proxy$KeyX
instanceKlass org/springframework/core/SerializableTypeWrapper$TypeProxyInvocationHandler
instanceKlass org/springframework/core/GraalDetector
instanceKlass sun/reflect/generics/tree/MethodTypeSignature
instanceKlass sun/reflect/generics/tree/VoidDescriptor
instanceKlass org/springframework/core/SerializableTypeWrapper$MethodParameterTypeProvider
instanceKlass java/lang/invoke/LambdaForm$MH
instanceKlass java/lang/invoke/LambdaForm$DMH
instanceKlass org/springframework/core/MethodParameter$$Lambda$54
instanceKlass java/lang/invoke/LambdaForm$DMH
instanceKlass org/springframework/core/MethodParameter
instanceKlass org/springframework/boot/context/properties/bind/JavaBeanBinder$Bean$$Lambda$53
instanceKlass org/springframework/boot/context/properties/bind/JavaBeanBinder$BeanSupplier
instanceKlass org/springframework/boot/context/properties/bind/JavaBeanBinder$Bean$$Lambda$52
instanceKlass org/springframework/boot/context/properties/bind/JavaBeanBinder$Bean$$Lambda$51
instanceKlass org/springframework/boot/context/properties/bind/DataObjectPropertyName
instanceKlass org/springframework/boot/context/properties/bind/JavaBeanBinder$Bean$$Lambda$50
instanceKlass java/beans/FeatureDescriptor
instanceKlass com/sun/beans/WeakCache
instanceKlass java/beans/Introspector
instanceKlass org/springframework/boot/context/properties/bind/JavaBeanBinder$Bean$$Lambda$49
instanceKlass java/util/function/BiConsumer
instanceKlass java/lang/invoke/LambdaForm$DMH
instanceKlass java/util/stream/Collectors$$Lambda$48
instanceKlass java/util/stream/Collectors$CollectorImpl
instanceKlass java/util/stream/Collector
instanceKlass java/util/stream/Collectors
instanceKlass org/hibernate/validator/internal/engine/ConfigurationImpl$$Lambda$47
instanceKlass java/util/HashMap$HashMapSpliterator
instanceKlass java/lang/invoke/LambdaForm$DMH
instanceKlass org/springframework/boot/context/properties/bind/JavaBeanBinder$BeanProperty
instanceKlass org/springframework/boot/context/properties/bind/JavaBeanBinder$Bean
instanceKlass org/springframework/boot/context/properties/bind/ValueObjectBinder$ValueObject
instanceKlass java/lang/invoke/LambdaForm$MH
instanceKlass org/springframework/boot/context/properties/bind/Binder$$Lambda$46
instanceKlass java/lang/invoke/LambdaForm$MH
instanceKlass org/springframework/boot/context/properties/bind/Binder$$Lambda$45
instanceKlass org/springframework/boot/context/properties/bind/DataObjectPropertyBinder
instanceKlass java/util/OptionalLong
instanceKlass org/springframework/boot/context/properties/source/SpringIterableConfigurationPropertySource$$Lambda$44
instanceKlass java/lang/invoke/LambdaForm$DMH
instanceKlass org/springframework/boot/context/properties/bind/BindConverter$CompositeConversionService
instanceKlass org/springframework/beans/TypeConverterDelegate
instanceKlass org/springframework/beans/PropertyEditorRegistrySupport
instanceKlass org/springframework/beans/PropertyEditorRegistry
instanceKlass org/springframework/beans/TypeConverter
instanceKlass org/springframework/boot/context/properties/bind/BindConverter$TypeConverterConverter
instanceKlass java/beans/PropertyEditorSupport
instanceKlass java/beans/PropertyEditor
instanceKlass org/hibernate/validator/internal/engine/valueextraction/OptionalLongValueExtractor
instanceKlass java/util/OptionalDouble
instanceKlass org/springframework/boot/context/properties/bind/BindConverter
instanceKlass org/springframework/boot/context/properties/bind/Binder$Context
instanceKlass org/springframework/boot/context/properties/bind/Bindable$$Lambda$43
instanceKlass org/springframework/boot/context/properties/bind/Bindable$$Lambda$42
instanceKlass org/springframework/boot/context/properties/bind/JavaBeanBinder
instanceKlass org/springframework/boot/context/properties/bind/ValueObjectBinder
instanceKlass org/springframework/boot/context/properties/bind/DataObjectBinder
instanceKlass org/springframework/boot/context/properties/bind/DefaultBindConstructorProvider
instanceKlass org/springframework/boot/context/properties/bind/BindConstructorProvider
instanceKlass org/springframework/boot/context/properties/bind/BindHandler$1
instanceKlass org/springframework/boot/context/properties/bind/BindHandler
instanceKlass org/springframework/boot/context/properties/bind/PropertySourcesPlaceholdersResolver
instanceKlass org/hibernate/validator/internal/engine/valueextraction/OptionalDoubleValueExtractor
instanceKlass org/hibernate/validator/internal/engine/valueextraction/AnnotatedObject
instanceKlass java/util/OptionalInt
instanceKlass org/hibernate/validator/internal/engine/valueextraction/OptionalIntValueExtractor
instanceKlass org/hibernate/validator/internal/engine/valueextraction/OptionalValueExtractor
instanceKlass org/hibernate/validator/internal/engine/valueextraction/IterableValueExtractor
instanceKlass org/hibernate/validator/internal/engine/valueextraction/MapKeyExtractor
instanceKlass org/hibernate/validator/internal/engine/valueextraction/MapValueExtractor
instanceKlass org/hibernate/validator/internal/engine/valueextraction/ListValueExtractor
instanceKlass org/hibernate/validator/internal/engine/valueextraction/ObjectArrayValueExtractor
instanceKlass sun/reflect/generics/tree/BooleanSignature
instanceKlass org/hibernate/validator/internal/engine/valueextraction/BooleanArrayValueExtractor
instanceKlass org/hibernate/validator/internal/engine/valueextraction/CharArrayValueExtractor
instanceKlass sun/reflect/generics/tree/DoubleSignature
instanceKlass org/hibernate/validator/internal/engine/valueextraction/DoubleArrayValueExtractor
instanceKlass sun/reflect/generics/tree/FloatSignature
instanceKlass org/hibernate/validator/internal/engine/valueextraction/FloatArrayValueExtractor
instanceKlass sun/reflect/generics/tree/LongSignature
instanceKlass org/hibernate/validator/internal/engine/valueextraction/LongArrayValueExtractor
instanceKlass sun/reflect/generics/tree/IntSignature
instanceKlass org/hibernate/validator/internal/engine/valueextraction/IntArrayValueExtractor
instanceKlass sun/reflect/generics/tree/ShortSignature
instanceKlass org/hibernate/validator/internal/engine/valueextraction/ShortArrayValueExtractor
instanceKlass org/hibernate/validator/internal/engine/valueextraction/ArrayElement
instanceKlass java/lang/reflect/AnnotatedArrayType
instanceKlass sun/reflect/generics/tree/ByteSignature
instanceKlass org/hibernate/validator/internal/engine/valueextraction/ByteArrayValueExtractor
instanceKlass org/hibernate/validator/internal/engine/valueextraction/ReadOnlySetPropertyValueExtractor
instanceKlass javafx/beans/binding/SetExpression
instanceKlass javafx/beans/value/ObservableSetValue
instanceKlass javafx/beans/value/WritableSetValue
instanceKlass javafx/collections/ObservableSet
instanceKlass org/hibernate/validator/internal/engine/valueextraction/SetPropertyValueExtractor
instanceKlass org/hibernate/validator/internal/engine/valueextraction/ReadOnlyMapPropertyKeyExtractor
instanceKlass org/hibernate/validator/internal/engine/valueextraction/MapPropertyKeyExtractor
instanceKlass org/hibernate/validator/internal/engine/valueextraction/ReadOnlyMapPropertyValueExtractor
instanceKlass javafx/beans/binding/MapExpression
instanceKlass javafx/beans/value/ObservableMapValue
instanceKlass javafx/beans/value/WritableMapValue
instanceKlass javafx/collections/ObservableMap
instanceKlass org/hibernate/validator/internal/engine/valueextraction/MapPropertyValueExtractor
instanceKlass org/hibernate/validator/internal/engine/valueextraction/ReadOnlyListPropertyValueExtractor
instanceKlass javafx/beans/binding/ListExpression
instanceKlass javafx/beans/value/ObservableListValue
instanceKlass javafx/beans/value/ObservableObjectValue
instanceKlass javafx/beans/value/WritableListValue
instanceKlass javafx/collections/ObservableList
instanceKlass javafx/beans/value/WritableObjectValue
instanceKlass javafx/beans/property/Property
instanceKlass javafx/beans/value/WritableValue
instanceKlass javafx/beans/property/ReadOnlyProperty
instanceKlass org/hibernate/validator/internal/engine/valueextraction/ListPropertyValueExtractor
instanceKlass javax/validation/valueextraction/UnwrapByDefault
instanceKlass java/lang/reflect/AnnotatedWildcardType
instanceKlass sun/reflect/ClassDefiner$1
instanceKlass sun/reflect/ClassDefiner
instanceKlass sun/reflect/MethodAccessorGenerator$1
instanceKlass sun/reflect/Label$PatchInfo
instanceKlass sun/reflect/Label
instanceKlass sun/reflect/UTF8
instanceKlass sun/reflect/ClassFileAssembler
instanceKlass sun/reflect/ByteVectorImpl
instanceKlass sun/reflect/ByteVector
instanceKlass sun/reflect/ByteVectorFactory
instanceKlass sun/reflect/AccessorGenerator
instanceKlass sun/reflect/ClassFileConstants
instanceKlass org/hibernate/validator/internal/util/TypeHelper
instanceKlass org/hibernate/validator/internal/engine/valueextraction/ValueExtractorDescriptor$Key
instanceKlass org/hibernate/validator/internal/util/ReflectionHelper
instanceKlass java/lang/reflect/AnnotatedParameterizedType
instanceKlass javax/validation/valueextraction/ExtractedValue
instanceKlass sun/reflect/annotation/TypeAnnotation$TypeAnnotationTargetInfo
instanceKlass sun/reflect/annotation/TypeAnnotation$LocationInfo$Location
instanceKlass sun/reflect/annotation/TypeAnnotation$LocationInfo
instanceKlass sun/reflect/annotation/AnnotatedTypeFactory$AnnotatedTypeBaseImpl
instanceKlass sun/reflect/annotation/AnnotatedTypeFactory
instanceKlass sun/reflect/annotation/TypeAnnotation
instanceKlass sun/reflect/annotation/TypeAnnotationParser
instanceKlass org/hibernate/validator/internal/engine/valueextraction/ValueExtractorDescriptor
instanceKlass org/hibernate/validator/internal/engine/valueextraction/ObservableValueValueExtractor
instanceKlass javafx/beans/value/ObservableValue
instanceKlass javafx/beans/Observable
instanceKlass org/hibernate/validator/internal/engine/valueextraction/ValueExtractorManager
instanceKlass javax/validation/Validator
instanceKlass org/hibernate/validator/HibernateValidatorContext
instanceKlass org/hibernate/validator/spi/cfg/ConstraintMappingContributor
instanceKlass org/hibernate/validator/spi/cfg/ConstraintMappingContributor$ConstraintMappingBuilder
instanceKlass org/hibernate/validator/spi/scripting/ScriptEvaluatorFactory
instanceKlass javax/validation/ValidatorContext
instanceKlass org/hibernate/validator/internal/engine/ValidatorFactoryImpl
instanceKlass org/hibernate/validator/HibernateValidatorFactory
instanceKlass org/hibernate/validator/internal/xml/config/BootstrapConfigurationImpl
instanceKlass javax/validation/BootstrapConfiguration
instanceKlass org/hibernate/validator/internal/xml/config/ResourceLoaderHelper
instanceKlass javax/xml/transform/Source
instanceKlass org/springframework/boot/context/properties/bind/AggregateBinder
instanceKlass org/springframework/boot/context/properties/bind/BindContext
instanceKlass org/springframework/boot/context/properties/bind/PlaceholdersResolver
instanceKlass org/hibernate/validator/internal/xml/config/ValidationXmlParser
instanceKlass org/springframework/boot/context/properties/bind/Binder
instanceKlass org/hibernate/validator/internal/util/privilegedactions/GetInstancesFromServiceLoader
instanceKlass javax/validation/valueextraction/ValueExtractor
instanceKlass org/springframework/cloud/commons/util/InetUtilsProperties
instanceKlass org/hibernate/validator/internal/util/privilegedactions/GetClassLoader
instanceKlass org/hibernate/validator/internal/engine/DefaultClockProvider
instanceKlass org/hibernate/validator/internal/engine/DefaultParameterNameProvider
instanceKlass org/springframework/boot/env/SpringApplicationJsonEnvironmentPostProcessor$$Lambda$41
instanceKlass org/hibernate/validator/internal/engine/constraintvalidation/ConstraintValidatorFactoryImpl
instanceKlass java/lang/invoke/LambdaForm$DMH
instanceKlass org/hibernate/validator/internal/engine/resolver/TraverseAllTraversableResolver
instanceKlass org/springframework/boot/env/SpringApplicationJsonEnvironmentPostProcessor$$Lambda$40
instanceKlass org/springframework/boot/env/SpringApplicationJsonEnvironmentPostProcessor$$Lambda$39
instanceKlass org/springframework/boot/env/SpringApplicationJsonEnvironmentPostProcessor$JsonPropertyValue
instanceKlass org/hibernate/validator/internal/util/privilegedactions/LoadClass
instanceKlass java/util/Spliterators$ArraySpliterator
instanceKlass org/springframework/boot/reactor/DebugAgentEnvironmentPostProcessor
instanceKlass javax/validation/TraversableResolver
instanceKlass org/springframework/boot/env/SystemEnvironmentPropertySourceEnvironmentPostProcessor
instanceKlass org/hibernate/validator/internal/engine/resolver/TraversableResolvers
instanceKlass org/springframework/boot/env/SpringApplicationJsonEnvironmentPostProcessor
instanceKlass org/hibernate/validator/internal/util/Contracts
instanceKlass org/springframework/cloud/client/HostInfoEnvironmentPostProcessor
instanceKlass java/lang/reflect/AnnotatedType
instanceKlass org/hibernate/validator/internal/util/privilegedactions/GetMethod
instanceKlass org/springframework/boot/context/properties/source/ConfigurationProperty
instanceKlass org/springframework/boot/origin/OriginProvider
instanceKlass org/hibernate/validator/resourceloading/PlatformResourceBundleLocator
instanceKlass org/hibernate/validator/internal/xml/config/ValidationBootstrapParameters
instanceKlass org/hibernate/validator/internal/engine/MethodValidationConfiguration$Builder
instanceKlass org/springframework/boot/origin/PropertySourceOrigin
instanceKlass org/springframework/boot/origin/Origin
instanceKlass org/hibernate/validator/internal/util/CollectionHelper
instanceKlass org/springframework/cloud/bootstrap/BootstrapImportSelectorConfiguration
instanceKlass org/apache/logging/slf4j/SLF4JLogger$1
instanceKlass org/jboss/logging/Log4j2LoggerProvider
instanceKlass org/apache/logging/log4j/spi/LoggerRegistry$ConcurrentMapFactory
instanceKlass org/apache/logging/log4j/spi/LoggerRegistry$MapFactory
instanceKlass org/apache/logging/log4j/spi/LoggerRegistry
instanceKlass org/apache/logging/slf4j/SLF4JLoggerContext
instanceKlass org/apache/logging/log4j/spi/LoggerContext
instanceKlass org/apache/logging/slf4j/MDCContextMap
instanceKlass org/apache/logging/log4j/spi/CleanableThreadContextMap
instanceKlass org/apache/logging/log4j/spi/ThreadContextMap2
instanceKlass org/apache/logging/log4j/spi/ThreadContextMap
instanceKlass org/apache/logging/slf4j/SLF4JLoggerContextFactory
instanceKlass org/apache/logging/log4j/util/ProviderUtil
instanceKlass java/util/RegularEnumSet$EnumSetIterator
instanceKlass org/springframework/boot/builder/SpringApplicationBuilder
instanceKlass org/springframework/boot/context/properties/source/ConfigurationPropertyName$$Lambda$38
instanceKlass org/springframework/boot/context/properties/source/ConfigurationPropertyName$ElementCharPredicate
instanceKlass java/lang/invoke/LambdaForm$DMH
instanceKlass org/springframework/boot/builder/ParentContextApplicationContextInitializer
instanceKlass java/util/stream/Sink$OfInt
instanceKlass java/util/function/IntConsumer
instanceKlass java/util/Spliterators$IntIteratorSpliterator
instanceKlass java/lang/CharSequence$1CharIterator
instanceKlass java/util/PrimitiveIterator$OfInt
instanceKlass java/util/PrimitiveIterator
instanceKlass java/util/stream/MatchOps$$Lambda$37
instanceKlass java/util/stream/MatchOps$BooleanTerminalSink
instanceKlass java/util/stream/MatchOps$MatchOp
instanceKlass java/util/stream/MatchOps
instanceKlass org/springframework/boot/context/properties/source/SystemEnvironmentPropertyMapper$$Lambda$36
instanceKlass java/util/function/IntPredicate
instanceKlass java/lang/invoke/LambdaForm$DMH
instanceKlass java/util/stream/IntStream
instanceKlass org/apache/logging/log4j/Level
instanceKlass org/apache/logging/log4j/util/Strings
instanceKlass java/lang/CharSequence$$Lambda$35
instanceKlass org/springframework/boot/context/properties/source/SystemEnvironmentPropertyMapper$$Lambda$34
instanceKlass org/springframework/boot/context/properties/source/SystemEnvironmentPropertyMapper
instanceKlass org/springframework/boot/context/properties/source/SpringIterableConfigurationPropertySource$Cache
instanceKlass org/springframework/boot/context/properties/source/SpringIterableConfigurationPropertySource$CacheKey
instanceKlass org/springframework/boot/context/properties/source/DefaultPropertyMapper$LastMapping
instanceKlass org/springframework/boot/context/properties/source/SpringConfigurationPropertySource$$Lambda$33
instanceKlass org/springframework/boot/context/properties/source/DefaultPropertyMapper
instanceKlass org/springframework/boot/context/properties/source/PropertyMapping
instanceKlass org/springframework/boot/context/properties/source/SpringConfigurationPropertySource$DelegatingPropertyMapper
instanceKlass org/springframework/boot/context/properties/source/IterableConfigurationPropertySource
instanceKlass org/springframework/boot/context/properties/source/PropertyMapper
instanceKlass org/springframework/boot/context/properties/source/SpringConfigurationPropertySource
instanceKlass org/springframework/boot/context/properties/source/SpringConfigurationPropertySources$$Lambda$32
instanceKlass org/springframework/boot/context/properties/source/SpringConfigurationPropertySources$SourcesIterator
instanceKlass java/util/concurrent/ConcurrentLinkedQueue$Node
instanceKlass org/springframework/boot/context/properties/source/ConfigurationPropertySource
instanceKlass java/util/concurrent/locks/ReentrantReadWriteLock$WriteLock
instanceKlass java/util/concurrent/locks/ReentrantReadWriteLock$ReadLock
instanceKlass sun/nio/ch/Interruptible
instanceKlass java/util/concurrent/locks/ReentrantReadWriteLock
instanceKlass org/apache/logging/log4j/message/ExitMessage
instanceKlass org/apache/logging/log4j/message/EntryMessage
instanceKlass org/apache/logging/log4j/message/FlowMessage
instanceKlass org/apache/logging/log4j/message/DefaultFlowMessageFactory
instanceKlass org/apache/logging/log4j/message/FlowMessageFactory
instanceKlass java/util/ArrayList$SubList$1
instanceKlass org/apache/logging/log4j/util/PropertySource$Util
instanceKlass java/util/Collections$UnmodifiableMap$UnmodifiableEntrySet$1
instanceKlass org/apache/logging/log4j/util/PropertiesUtil$Environment$2
instanceKlass java/util/TreeMap$PrivateEntryIterator
instanceKlass org/apache/logging/log4j/util/SystemPropertiesPropertySource
instanceKlass org/apache/logging/log4j/util/EnvironmentPropertySource
instanceKlass org/apache/logging/log4j/util/PropertiesUtil$Environment$1
instanceKlass org/apache/logging/log4j/util/PropertySource$Comparator
instanceKlass java/util/NavigableSet
instanceKlass java/util/SortedSet
instanceKlass org/apache/logging/log4j/util/LoaderUtil$ThreadContextClassLoaderGetter
instanceKlass org/apache/logging/log4j/util/LoaderUtil
instanceKlass org/apache/logging/log4j/util/PropertiesPropertySource
instanceKlass org/apache/logging/log4j/util/BiConsumer
instanceKlass org/apache/logging/log4j/util/PropertiesUtil$Environment
instanceKlass org/apache/logging/log4j/util/PropertySource
instanceKlass org/apache/logging/log4j/util/PropertiesUtil
instanceKlass org/apache/logging/log4j/util/Constants
instanceKlass org/apache/logging/log4j/message/AbstractMessageFactory
instanceKlass org/apache/logging/log4j/message/ReusableMessageFactory
instanceKlass org/apache/logging/log4j/MarkerManager$Log4jMarker
instanceKlass org/apache/logging/log4j/util/StringBuilderFormattable
instanceKlass org/apache/logging/log4j/Marker
instanceKlass org/apache/logging/log4j/MarkerManager
instanceKlass java/util/concurrent/locks/ReadWriteLock
instanceKlass org/apache/logging/log4j/message/MessageFactory2
instanceKlass org/apache/logging/log4j/message/Message
instanceKlass org/apache/logging/log4j/spi/AbstractLogger
instanceKlass org/apache/logging/log4j/spi/LocationAwareLogger
instanceKlass org/apache/logging/log4j/message/MessageFactory
instanceKlass org/apache/logging/log4j/spi/LoggerContextFactory
instanceKlass org/apache/logging/log4j/LogManager
instanceKlass org/jboss/logging/LoggerProvider
instanceKlass org/jboss/logging/LoggerProviders
instanceKlass org/jboss/logging/DelegatingBasicLogger
instanceKlass org/springframework/boot/context/properties/source/SpringConfigurationPropertySources
instanceKlass org/springframework/boot/context/properties/source/ConfigurationPropertySources
instanceKlass org/springframework/core/convert/support/ConversionUtils
instanceKlass org/springframework/core/convert/support/GenericConversionService$ConverterCacheKey
instanceKlass org/springframework/core/env/AbstractPropertyResolver$$Lambda$31
instanceKlass org/jboss/logging/SecurityActions
instanceKlass org/springframework/util/PropertyPlaceholderHelper$PlaceholderResolver
instanceKlass org/springframework/util/PropertyPlaceholderHelper
instanceKlass java/util/concurrent/CopyOnWriteArrayList$COWIterator
instanceKlass org/springframework/boot/convert/LenientObjectToEnumConverterFactory
instanceKlass org/jboss/logging/LoggingLocale
instanceKlass org/jboss/logging/Logger
instanceKlass org/hibernate/validator/internal/util/logging/Log
instanceKlass org/jboss/logging/BasicLogger
instanceKlass org/hibernate/validator/internal/util/logging/LoggerFactory
instanceKlass org/hibernate/validator/internal/util/Version
instanceKlass org/hibernate/validator/cfg/ConstraintMapping
instanceKlass javax/validation/MessageInterpolator
instanceKlass org/springframework/core/io/DefaultResourceLoader
instanceKlass javax/validation/ClockProvider
instanceKlass javax/validation/ParameterNameProvider
instanceKlass javax/validation/ConstraintValidatorFactory
instanceKlass org/hibernate/validator/spi/resourceloading/ResourceBundleLocator
instanceKlass org/hibernate/validator/internal/engine/ConfigurationImpl
instanceKlass javax/validation/spi/ConfigurationState
instanceKlass org/hibernate/validator/HibernateValidatorConfiguration
instanceKlass org/springframework/boot/convert/StringToFileConverter
instanceKlass javax/validation/ValidatorFactory
instanceKlass org/springframework/boot/convert/NumberToDataSizeConverter
instanceKlass javax/validation/Configuration
instanceKlass org/hibernate/validator/HibernateValidator
instanceKlass org/springframework/util/unit/DataSize
instanceKlass javax/validation/spi/ValidationProvider
instanceKlass org/springframework/boot/convert/StringToDataSizeConverter
instanceKlass org/springframework/boot/convert/DurationToNumberConverter
instanceKlass org/springframework/boot/convert/NumberToDurationConverter
instanceKlass javax/validation/Validation$GetValidationProviderListAction
instanceKlass org/springframework/boot/convert/DurationToStringConverter
instanceKlass javax/validation/Validation$DefaultValidationProviderResolver
instanceKlass org/springframework/boot/convert/StringToDurationConverter
instanceKlass javax/validation/ValidationProviderResolver
instanceKlass org/springframework/boot/convert/DelimitedStringToCollectionConverter
instanceKlass org/springframework/boot/convert/DelimitedStringToArrayConverter
instanceKlass javax/validation/Validation$GenericBootstrapImpl
instanceKlass javax/validation/spi/BootstrapState
instanceKlass org/springframework/boot/convert/CollectionToDelimitedStringConverter
instanceKlass org/springframework/boot/convert/ArrayToDelimitedStringConverter
instanceKlass org/springframework/boot/convert/IsoOffsetFormatter
instanceKlass javax/validation/bootstrap/ProviderSpecificBootstrap
instanceKlass java/net/InetAddress
instanceKlass javax/validation/bootstrap/GenericBootstrap
instanceKlass org/springframework/boot/convert/InetAddressFormatter
instanceKlass javax/validation/Validation
instanceKlass java/lang/invoke/LambdaForm$MH
instanceKlass org/springframework/format/support/FormattingConversionService$$Lambda$30
instanceKlass org/springframework/boot/autoconfigure/BackgroundPreinitializer$ValidationInitializer
instanceKlass sun/reflect/generics/tree/ArrayTypeSignature
instanceKlass sun/reflect/generics/tree/CharSignature
instanceKlass org/springframework/boot/convert/CharArrayFormatter
instanceKlass org/springframework/format/annotation/DateTimeFormat
instanceKlass org/springframework/format/datetime/standard/MonthDayFormatter
instanceKlass java/time/MonthDay
instanceKlass org/springframework/format/datetime/standard/YearMonthFormatter
instanceKlass java/time/YearMonth
instanceKlass org/springframework/format/datetime/standard/MonthFormatter
instanceKlass org/springframework/format/datetime/standard/YearFormatter
instanceKlass java/time/Year
instanceKlass org/springframework/format/datetime/standard/DurationFormatter
instanceKlass org/springframework/format/datetime/standard/PeriodFormatter
instanceKlass org/springframework/format/datetime/standard/InstantFormatter
instanceKlass java/time/OffsetTime
instanceKlass org/springframework/format/support/FormattingConversionService$ParserConverter
instanceKlass org/springframework/format/support/FormattingConversionService$PrinterConverter
instanceKlass org/springframework/format/datetime/standard/TemporalAccessorParser
instanceKlass org/springframework/format/datetime/standard/TemporalAccessorPrinter
instanceKlass java/time/format/DateTimeFormatterBuilder$LocalizedPrinterParser
instanceKlass java/time/format/DateTimeFormatter$$Lambda$29
instanceKlass java/time/format/DateTimeFormatter$$Lambda$28
instanceKlass java/time/Period
instanceKlass java/time/chrono/ChronoPeriod
instanceKlass java/time/format/DateTimeFormatterBuilder$TextPrinterParser
instanceKlass java/time/format/DateTimeTextProvider$1
instanceKlass java/time/format/DateTimeTextProvider
instanceKlass java/util/AbstractMap$SimpleImmutableEntry
instanceKlass java/time/format/DateTimeTextProvider$LocaleStore
instanceKlass java/time/format/DateTimeFormatterBuilder$InstantPrinterParser
instanceKlass java/time/format/DateTimeFormatterBuilder$StringLiteralPrinterParser
instanceKlass java/time/format/DateTimeFormatterBuilder$ZoneIdPrinterParser
instanceKlass java/time/format/DateTimeFormatterBuilder$FractionPrinterParser
instanceKlass java/time/format/DateTimeFormatterBuilder$OffsetIdPrinterParser
instanceKlass java/time/format/DecimalStyle
instanceKlass java/time/format/DateTimeFormatterBuilder$CompositePrinterParser
instanceKlass java/time/format/DateTimeFormatterBuilder$CharLiteralPrinterParser
instanceKlass java/time/format/DateTimeFormatterBuilder$NumberPrinterParser
instanceKlass java/time/format/DateTimeFormatterBuilder$DateTimePrinterParser
instanceKlass java/time/format/DateTimeFormatterBuilder$2
instanceKlass java/time/temporal/IsoFields
instanceKlass java/time/format/DateTimeFormatterBuilder$$Lambda$27
instanceKlass java/time/temporal/TemporalQuery
instanceKlass java/lang/invoke/LambdaForm$DMH
instanceKlass java/time/format/DateTimeFormatterBuilder
instanceKlass java/time/format/DateTimeFormatter
instanceKlass org/springframework/format/datetime/standard/DateTimeFormatterRegistrar$1
instanceKlass org/springframework/format/datetime/standard/DateTimeConverters$InstantToLongConverter
instanceKlass org/springframework/format/datetime/standard/DateTimeConverters$LongToInstantConverter
instanceKlass org/springframework/format/datetime/standard/DateTimeConverters$CalendarToInstantConverter
instanceKlass org/springframework/format/datetime/standard/DateTimeConverters$CalendarToLocalDateTimeConverter
instanceKlass org/springframework/format/datetime/standard/DateTimeConverters$CalendarToLocalTimeConverter
instanceKlass org/springframework/format/datetime/standard/DateTimeConverters$CalendarToLocalDateConverter
instanceKlass org/springframework/format/datetime/standard/DateTimeConverters$CalendarToOffsetDateTimeConverter
instanceKlass org/springframework/format/datetime/standard/DateTimeConverters$CalendarToZonedDateTimeConverter
instanceKlass org/springframework/format/datetime/standard/DateTimeConverters$OffsetDateTimeToInstantConverter
instanceKlass org/springframework/format/datetime/standard/DateTimeConverters$OffsetDateTimeToZonedDateTimeConverter
instanceKlass org/springframework/format/datetime/standard/DateTimeConverters$OffsetDateTimeToLocalDateTimeConverter
instanceKlass org/springframework/format/datetime/standard/DateTimeConverters$OffsetDateTimeToLocalTimeConverter
instanceKlass org/springframework/format/datetime/standard/DateTimeConverters$OffsetDateTimeToLocalDateConverter
instanceKlass org/springframework/format/datetime/standard/DateTimeConverters$ZonedDateTimeToInstantConverter
instanceKlass java/time/OffsetDateTime
instanceKlass org/springframework/format/datetime/standard/DateTimeConverters$ZonedDateTimeToOffsetDateTimeConverter
instanceKlass org/springframework/format/datetime/standard/DateTimeConverters$ZonedDateTimeToLocalDateTimeConverter
instanceKlass org/springframework/format/datetime/standard/DateTimeConverters$ZonedDateTimeToLocalTimeConverter
instanceKlass org/springframework/format/datetime/standard/DateTimeConverters$ZonedDateTimeToLocalDateConverter
instanceKlass org/springframework/format/datetime/standard/DateTimeConverters$LocalDateTimeToLocalTimeConverter
instanceKlass org/springframework/format/datetime/standard/DateTimeConverters$LocalDateTimeToLocalDateConverter
instanceKlass org/springframework/format/datetime/DateFormatterRegistrar$LongToCalendarConverter
instanceKlass org/springframework/format/datetime/DateFormatterRegistrar$LongToDateConverter
instanceKlass org/springframework/format/datetime/DateFormatterRegistrar$CalendarToLongConverter
instanceKlass org/springframework/format/datetime/DateFormatterRegistrar$CalendarToDateConverter
instanceKlass org/springframework/format/datetime/DateFormatterRegistrar$DateToCalendarConverter
instanceKlass org/springframework/format/datetime/DateFormatterRegistrar$DateToLongConverter
instanceKlass org/springframework/format/datetime/DateFormatterRegistrar
instanceKlass org/springframework/format/datetime/standard/DateTimeConverters
instanceKlass org/springframework/format/datetime/standard/DateTimeFormatterFactory
instanceKlass org/springframework/format/datetime/standard/DateTimeFormatterRegistrar
instanceKlass org/springframework/format/FormatterRegistrar
instanceKlass org/springframework/format/support/FormattingConversionService$AnnotationParserConverter
instanceKlass org/springframework/format/support/FormattingConversionService$AnnotationPrinterConverter
instanceKlass org/springframework/util/NumberUtils
instanceKlass org/springframework/core/GenericTypeResolver$$Lambda$26
instanceKlass org/springframework/format/annotation/NumberFormat
instanceKlass org/springframework/core/GenericTypeResolver
instanceKlass org/springframework/context/support/EmbeddedValueResolutionSupport
instanceKlass org/springframework/core/convert/support/ObjectToOptionalConverter
instanceKlass org/springframework/core/convert/support/FallbackObjectToStringConverter
instanceKlass org/springframework/core/convert/support/IdToEntityConverter
instanceKlass org/springframework/core/convert/support/ObjectToObjectConverter
instanceKlass org/springframework/core/convert/support/ZonedDateTimeToCalendarConverter
instanceKlass org/springframework/core/convert/support/ZoneIdToTimeZoneConverter
instanceKlass org/springframework/core/convert/support/StringToTimeZoneConverter
instanceKlass org/springframework/core/convert/support/ByteBufferConverter
instanceKlass org/springframework/core/convert/TypeDescriptor$AnnotatedElementAdapter
instanceKlass org/springframework/core/convert/TypeDescriptor
instanceKlass org/springframework/core/convert/support/StreamConverter
instanceKlass org/springframework/core/convert/support/ObjectToCollectionConverter
instanceKlass org/springframework/core/convert/support/CollectionToObjectConverter
instanceKlass org/springframework/core/convert/support/StringToCollectionConverter
instanceKlass org/springframework/core/convert/support/ObjectToArrayConverter
instanceKlass org/springframework/core/convert/support/ArrayToObjectConverter
instanceKlass org/springframework/core/convert/support/StringToArrayConverter
instanceKlass org/springframework/core/convert/support/CollectionToStringConverter
instanceKlass org/springframework/core/convert/support/ArrayToStringConverter
instanceKlass org/springframework/core/convert/support/MapToMapConverter
instanceKlass org/springframework/core/convert/support/CollectionToCollectionConverter
instanceKlass org/springframework/core/convert/support/ArrayToArrayConverter
instanceKlass org/springframework/core/convert/support/CollectionToArrayConverter
instanceKlass org/springframework/core/convert/support/ArrayToCollectionConverter
instanceKlass java/util/UUID
instanceKlass org/springframework/core/convert/support/StringToUUIDConverter
instanceKlass org/springframework/core/convert/support/PropertiesToStringConverter
instanceKlass org/springframework/core/convert/support/StringToPropertiesConverter
instanceKlass org/springframework/core/convert/support/StringToCurrencyConverter
instanceKlass org/springframework/core/convert/support/StringToCharsetConverter
instanceKlass org/springframework/core/convert/support/StringToLocaleConverter
instanceKlass org/springframework/core/convert/support/IntegerToEnumConverterFactory
instanceKlass sun/reflect/generics/tree/Wildcard
instanceKlass sun/reflect/generics/tree/BottomSignature
instanceKlass org/springframework/core/convert/support/AbstractConditionalEnumConverter
instanceKlass org/springframework/core/convert/support/StringToEnumConverterFactory
instanceKlass org/springframework/core/convert/support/StringToBooleanConverter
instanceKlass org/springframework/core/convert/support/CharacterToNumberFactory
instanceKlass org/springframework/core/convert/support/NumberToCharacterConverter
instanceKlass org/springframework/core/convert/support/StringToCharacterConverter
instanceKlass org/springframework/core/convert/support/GenericConversionService$ConverterAdapter
instanceKlass org/springframework/core/convert/support/ObjectToStringConverter
instanceKlass org/springframework/core/convert/support/StringToNumberConverterFactory
instanceKlass org/springframework/core/convert/support/GenericConversionService$Converters$$Lambda$25
instanceKlass org/springframework/core/convert/support/GenericConversionService$ConvertersForPair
instanceKlass org/springframework/core/convert/converter/GenericConverter$ConvertiblePair
instanceKlass org/springframework/format/AnnotationFormatterFactory
instanceKlass org/springframework/boot/autoconfigure/BackgroundPreinitializer$ConversionServiceInitializer
instanceKlass org/springframework/core/convert/support/GenericConversionService$ConverterFactoryAdapter
instanceKlass org/springframework/core/convert/converter/ConditionalGenericConverter
instanceKlass org/springframework/core/convert/support/NumberToNumberConverterFactory
instanceKlass org/springframework/core/convert/converter/ConditionalConverter
instanceKlass org/springframework/core/convert/support/GenericConversionService$Converters
instanceKlass org/springframework/core/convert/support/GenericConversionService$NoOpConverter
instanceKlass org/springframework/core/convert/converter/ConverterFactory
instanceKlass org/springframework/core/convert/converter/Converter
instanceKlass org/springframework/format/Formatter
instanceKlass org/springframework/format/Parser
instanceKlass org/springframework/format/Printer
instanceKlass org/springframework/core/convert/converter/GenericConverter
instanceKlass org/springframework/core/convert/support/GenericConversionService
instanceKlass org/springframework/context/EmbeddedValueResolverAware
instanceKlass org/springframework/format/FormatterRegistry
instanceKlass org/springframework/core/SpringProperties
instanceKlass org/springframework/core/convert/support/ConfigurableConversionService
instanceKlass org/springframework/core/convert/converter/ConverterRegistry
instanceKlass org/springframework/core/convert/ConversionService
instanceKlass org/springframework/core/env/AbstractPropertyResolver
instanceKlass org/springframework/core/env/MutablePropertySources
instanceKlass java/util/Collections$1
instanceKlass org/springframework/core/env/PropertySources
instanceKlass org/springframework/core/env/AbstractEnvironment
instanceKlass org/springframework/boot/SpringApplication$1
instanceKlass org/springframework/core/env/CommandLineArgs
instanceKlass org/springframework/core/env/SimpleCommandLineArgsParser
instanceKlass org/springframework/boot/DefaultApplicationArguments
instanceKlass org/springframework/boot/autoconfigure/BackgroundPreinitializer$1
instanceKlass sun/util/logging/LoggingSupport$2
instanceKlass java/util/logging/Formatter
instanceKlass java/util/logging/ErrorManager
instanceKlass java/util/logging/LogManager$5
instanceKlass java/util/logging/LoggingProxyImpl
instanceKlass sun/util/logging/LoggingProxy
instanceKlass sun/util/logging/LoggingSupport$1
instanceKlass sun/util/logging/LoggingSupport
instanceKlass sun/util/logging/PlatformLogger$LoggerProxy
instanceKlass sun/util/logging/PlatformLogger$1
instanceKlass sun/util/logging/PlatformLogger
instanceKlass java/util/logging/LogManager$LoggerContext$1
instanceKlass java/util/logging/Logger$LoggerBundle
instanceKlass java/util/logging/Logger
instanceKlass java/util/logging/LogManager$3
instanceKlass java/util/logging/LogManager$2
instanceKlass java/lang/Shutdown$Lock
instanceKlass java/lang/Shutdown
instanceKlass java/lang/ApplicationShutdownHooks$1
instanceKlass java/lang/ApplicationShutdownHooks
instanceKlass java/util/logging/LogManager$LogNode
instanceKlass java/util/logging/LogManager$LoggerContext
instanceKlass java/util/logging/LogManager$1
instanceKlass java/util/logging/Level$KnownLevel
instanceKlass java/util/logging/Level
instanceKlass java/util/logging/LogManager
instanceKlass java/util/logging/Handler
instanceKlass java/util/Formattable
instanceKlass java/util/Formatter$Conversion
instanceKlass java/util/Formatter$Flags
instanceKlass java/util/Formatter$FormatSpecifier
instanceKlass java/util/Formatter$FixedString
instanceKlass java/util/Formatter$FormatString
instanceKlass java/util/Formatter
instanceKlass org/springframework/boot/logging/LoggingSystem$$Lambda$24
instanceKlass org/springframework/boot/logging/AbstractLoggingSystem$LogLevels
instanceKlass org/springframework/boot/logging/LoggerConfigurationComparator
instanceKlass ch/qos/logback/classic/spi/LoggerContextListener
instanceKlass org/springframework/boot/logging/logback/LogbackConfigurator
instanceKlass java/util/Collections$UnmodifiableMap$UnmodifiableEntrySet$UnmodifiableEntry
instanceKlass java/util/Collections$UnmodifiableMap$UnmodifiableEntrySet$$Lambda$23
instanceKlass java/util/stream/Sink$ChainedReference
instanceKlass java/util/stream/FindOps$$Lambda$22
instanceKlass java/lang/invoke/LambdaForm$DMH
instanceKlass java/util/stream/FindOps$FindSink
instanceKlass java/util/stream/TerminalSink
instanceKlass java/util/stream/Sink
instanceKlass java/util/stream/FindOps$$Lambda$21
instanceKlass java/lang/invoke/LambdaForm$DMH
instanceKlass java/util/stream/FindOps$FindOp
instanceKlass java/util/stream/TerminalOp
instanceKlass java/util/stream/FindOps
instanceKlass org/springframework/boot/logging/LoggingSystem$$Lambda$20
instanceKlass org/springframework/boot/logging/LoggingSystem$$Lambda$19
instanceKlass java/util/function/Predicate
instanceKlass java/util/EnumMap$1
instanceKlass java/util/stream/StreamOpFlag$MaskBuilder
instanceKlass java/util/stream/PipelineHelper
instanceKlass java/util/stream/Stream
instanceKlass java/util/stream/BaseStream
instanceKlass java/util/stream/StreamSupport
instanceKlass java/util/Spliterators$IteratorSpliterator
instanceKlass java/util/Spliterator$OfDouble
instanceKlass java/util/Spliterator$OfLong
instanceKlass java/util/Spliterator$OfInt
instanceKlass java/util/Spliterator$OfPrimitive
instanceKlass java/util/Spliterators$EmptySpliterator
instanceKlass java/util/Spliterators
instanceKlass java/util/Collections$UnmodifiableMap$UnmodifiableEntrySet$UnmodifiableEntrySetSpliterator
instanceKlass org/springframework/boot/logging/LoggingSystem
instanceKlass org/springframework/aop/SpringProxy
instanceKlass org/springframework/aop/support/AopUtils
instanceKlass org/springframework/core/ResolvableType$WildcardBounds
instanceKlass org/springframework/context/event/GenericApplicationListenerAdapter
instanceKlass org/springframework/context/event/AbstractApplicationEventMulticaster$ListenerCacheKey
instanceKlass org/springframework/core/ResolvableTypeProvider
instanceKlass org/springframework/aop/framework/Advised
instanceKlass org/springframework/aop/TargetClassAware
instanceKlass org/springframework/aop/framework/AopProxyUtils
instanceKlass org/springframework/boot/loader/jar/JarURLConnection$CloseAction
instanceKlass org/springframework/context/event/AbstractApplicationEventMulticaster$ListenerRetriever
instanceKlass org/springframework/context/event/AbstractApplicationEventMulticaster
instanceKlass org/springframework/beans/factory/BeanFactoryAware
instanceKlass org/springframework/beans/factory/BeanClassLoaderAware
instanceKlass org/springframework/context/event/ApplicationEventMulticaster
instanceKlass org/springframework/util/ErrorHandler
instanceKlass org/springframework/boot/context/event/EventPublishingRunListener
instanceKlass org/springframework/boot/SpringApplicationRunListener
instanceKlass org/springframework/boot/SpringApplicationRunListeners
instanceKlass org/springframework/util/StopWatch
instanceKlass org/springframework/core/annotation/TypeMappedAnnotation$$Lambda$18
instanceKlass org/springframework/core/annotation/ValueExtractor
instanceKlass org/springframework/core/annotation/AnnotationTypeMappings$$Lambda$17
instanceKlass java/util/function/Consumer
instanceKlass java/lang/invoke/LambdaForm$DMH
instanceKlass org/springframework/core/annotation/AliasFor
instanceKlass org/springframework/core/annotation/AnnotationTypeMapping$MirrorSets
instanceKlass org/springframework/core/annotation/AnnotationTypeMapping$MirrorSets$MirrorSet
instanceKlass org/springframework/core/annotation/AnnotationTypeMapping
instanceKlass org/springframework/core/annotation/AnnotationTypeMappings$Cache$$Lambda$16
instanceKlass org/springframework/core/annotation/AnnotationTypeMappings$$Lambda$15
instanceKlass org/springframework/core/annotation/AnnotationTypeMappings$Cache
instanceKlass org/springframework/core/annotation/AnnotationTypeMappings
instanceKlass org/springframework/core/annotation/RepeatableContainers$StandardRepeatableContainers$$Lambda$14
instanceKlass org/springframework/core/annotation/AttributeMethods$$Lambda$13
instanceKlass org/springframework/core/annotation/AttributeMethods$$Lambda$12
instanceKlass org/springframework/core/annotation/AttributeMethods
instanceKlass java/util/concurrent/CountDownLatch
instanceKlass org/springframework/boot/autoconfigure/BackgroundPreinitializer
instanceKlass org/springframework/boot/liquibase/LiquibaseServiceLocatorApplicationListener
instanceKlass org/springframework/core/ResolvableType$DefaultVariableResolver
instanceKlass sun/reflect/generics/reflectiveObjects/ParameterizedTypeImpl
instanceKlass org/springframework/boot/context/properties/source/ConfigurationPropertyName$ElementsParser
instanceKlass org/springframework/boot/context/properties/source/ConfigurationPropertyName$Elements
instanceKlass org/springframework/boot/context/properties/source/ConfigurationPropertyName
instanceKlass org/springframework/boot/context/logging/LoggingApplicationListener
instanceKlass org/springframework/boot/context/logging/ClasspathLoggingApplicationListener
instanceKlass org/springframework/context/event/GenericApplicationListener
instanceKlass org/springframework/boot/context/config/DelegatingApplicationListener
instanceKlass org/springframework/core/ResolvableType$TypeVariablesVariableResolver
instanceKlass org/springframework/core/ResolvableType$SyntheticParameterizedType
instanceKlass org/springframework/core/SerializableTypeWrapper$SerializableTypeProxy
instanceKlass java/lang/reflect/WildcardType
instanceKlass java/lang/reflect/ParameterizedType
instanceKlass org/springframework/core/SerializableTypeWrapper
instanceKlass sun/reflect/generics/reflectiveObjects/LazyReflectiveObjectGenerator
instanceKlass java/lang/reflect/TypeVariable
instanceKlass sun/reflect/generics/tree/TypeVariableSignature
instanceKlass sun/reflect/generics/tree/ClassSignature
instanceKlass sun/reflect/generics/tree/Signature
instanceKlass sun/reflect/generics/tree/FormalTypeParameter
instanceKlass org/springframework/core/ResolvableType$EmptyType
instanceKlass org/springframework/core/ResolvableType$VariableResolver
instanceKlass org/springframework/core/SerializableTypeWrapper$TypeProvider
instanceKlass org/springframework/core/ResolvableType
instanceKlass org/springframework/boot/context/properties/bind/Bindable
instanceKlass org/springframework/boot/context/config/ConfigFileApplicationListener
instanceKlass org/springframework/boot/context/config/AnsiOutputApplicationListener
instanceKlass org/springframework/boot/context/FileEncodingApplicationListener
instanceKlass org/springframework/boot/logging/DeferredLog
instanceKlass org/springframework/boot/cloud/CloudFoundryVcapEnvironmentPostProcessor
instanceKlass org/springframework/boot/env/EnvironmentPostProcessor
instanceKlass org/springframework/boot/builder/ParentContextCloserApplicationListener
instanceKlass org/springframework/context/ApplicationContextAware
instanceKlass org/springframework/beans/factory/Aware
instanceKlass org/springframework/boot/ClearCachesApplicationListener
instanceKlass org/springframework/cloud/context/restart/RestartListener
instanceKlass org/springframework/context/event/SmartApplicationListener
instanceKlass org/springframework/cloud/bootstrap/LoggingSystemShutdownListener
instanceKlass org/springframework/boot/origin/OriginLookup
instanceKlass org/springframework/cloud/bootstrap/BootstrapApplicationListener
instanceKlass java/lang/annotation/Target
instanceKlass java/lang/reflect/WeakCache$Value
instanceKlass sun/misc/ProxyGenerator$ExceptionTableEntry
instanceKlass sun/misc/ProxyGenerator$PrimitiveTypeInfo
instanceKlass sun/misc/ProxyGenerator$FieldInfo
instanceKlass sun/misc/ProxyGenerator$ConstantPool$Entry
instanceKlass sun/misc/ProxyGenerator$MethodInfo
instanceKlass sun/misc/ProxyGenerator$ProxyMethod
instanceKlass sun/misc/ProxyGenerator$ConstantPool
instanceKlass sun/misc/ProxyGenerator
instanceKlass java/lang/reflect/WeakCache$Factory
instanceKlass java/lang/reflect/Proxy$ProxyClassFactory
instanceKlass java/lang/reflect/Proxy$KeyFactory
instanceKlass java/util/function/BiFunction
instanceKlass java/lang/reflect/WeakCache
instanceKlass java/lang/reflect/Proxy
instanceKlass sun/reflect/annotation/AnnotationInvocationHandler
instanceKlass java/lang/reflect/InvocationHandler
instanceKlass sun/reflect/annotation/AnnotationParser$1
instanceKlass sun/reflect/annotation/ExceptionProxy
instanceKlass java/lang/annotation/Documented
instanceKlass java/lang/annotation/Inherited
instanceKlass java/lang/annotation/Retention
instanceKlass sun/reflect/annotation/AnnotationType$1
instanceKlass java/lang/reflect/GenericArrayType
instanceKlass java/lang/FunctionalInterface
instanceKlass sun/reflect/generics/visitor/Reifier
instanceKlass sun/reflect/generics/visitor/TypeTreeVisitor
instanceKlass sun/reflect/generics/factory/CoreReflectionFactory
instanceKlass sun/reflect/generics/factory/GenericsFactory
instanceKlass sun/reflect/generics/scope/AbstractScope
instanceKlass sun/reflect/generics/scope/Scope
instanceKlass sun/reflect/generics/tree/ClassTypeSignature
instanceKlass sun/reflect/generics/tree/SimpleClassTypeSignature
instanceKlass sun/reflect/generics/tree/FieldTypeSignature
instanceKlass sun/reflect/generics/tree/BaseType
instanceKlass sun/reflect/generics/tree/TypeSignature
instanceKlass sun/reflect/generics/tree/ReturnType
instanceKlass sun/reflect/generics/tree/TypeArgument
instanceKlass sun/reflect/generics/tree/TypeTree
instanceKlass sun/reflect/generics/tree/Tree
instanceKlass sun/reflect/generics/parser/SignatureParser
instanceKlass org/springframework/util/ObjectUtils
instanceKlass org/springframework/core/DecoratingProxy
instanceKlass org/springframework/core/annotation/AbstractMergedAnnotation
instanceKlass sun/reflect/annotation/AnnotationParser
instanceKlass org/springframework/core/annotation/AnnotationsScanner$1
instanceKlass org/springframework/core/annotation/MergedAnnotationSelectors$FirstDirectlyDeclared
instanceKlass org/springframework/core/annotation/MergedAnnotationSelectors$Nearest
instanceKlass org/springframework/core/annotation/MergedAnnotationSelector
instanceKlass org/springframework/core/annotation/MergedAnnotationSelectors
instanceKlass org/springframework/core/annotation/MergedAnnotation
instanceKlass org/springframework/core/annotation/TypeMappedAnnotations$MergedAnnotationFinder
instanceKlass org/springframework/core/annotation/Order
instanceKlass org/springframework/core/annotation/OrderUtils
instanceKlass org/springframework/core/annotation/AnnotationsScanner
instanceKlass java/util/Spliterator
instanceKlass org/springframework/core/annotation/AnnotationsProcessor
instanceKlass org/springframework/core/annotation/TypeMappedAnnotations
instanceKlass org/springframework/core/annotation/AnnotationFilter$2
instanceKlass org/springframework/core/annotation/AnnotationFilter$1
instanceKlass java/util/ComparableTimSort
instanceKlass org/springframework/core/annotation/PackagesAnnotationFilter
instanceKlass org/springframework/core/annotation/AnnotationFilter
instanceKlass org/springframework/core/annotation/RepeatableContainers
instanceKlass org/springframework/core/annotation/MergedAnnotations
instanceKlass org/springframework/core/PriorityOrdered
instanceKlass java/util/TimSort
instanceKlass java/util/Arrays$LegacyMergeSort
instanceKlass org/springframework/core/OrderComparator
instanceKlass org/springframework/boot/autoconfigure/logging/ConditionEvaluationReportLoggingListener
instanceKlass org/springframework/boot/autoconfigure/SharedMetadataReaderFactoryContextInitializer
instanceKlass org/springframework/boot/web/context/ServerPortInfoApplicationContextInitializer
instanceKlass org/springframework/context/ApplicationListener
instanceKlass java/util/EventListener
instanceKlass org/springframework/boot/rsocket/context/RSocketPortInfoApplicationContextInitializer
instanceKlass org/springframework/boot/context/config/DelegatingApplicationContextInitializer
instanceKlass org/springframework/boot/context/ContextIdApplicationContextInitializer
instanceKlass org/springframework/core/Ordered
instanceKlass ch/qos/logback/core/CoreConstants
instanceKlass java/text/DontCareFieldPosition$1
instanceKlass java/text/Format$FieldDelegate
instanceKlass ch/qos/logback/classic/util/LogbackMDCAdapter
instanceKlass org/slf4j/impl/StaticMDCBinder
instanceKlass org/slf4j/spi/MDCAdapter
instanceKlass org/slf4j/MDC
instanceKlass ch/qos/logback/classic/spi/EventArgUtil
instanceKlass ch/qos/logback/classic/spi/IThrowableProxy
instanceKlass ch/qos/logback/classic/spi/LoggingEvent
instanceKlass kotlin/Metadata
instanceKlass org/springframework/core/KotlinDetector
instanceKlass org/springframework/util/ReflectionUtils$$Lambda$11
instanceKlass org/springframework/util/ReflectionUtils$FieldFilter
instanceKlass org/springframework/util/ReflectionUtils$$Lambda$10
instanceKlass org/springframework/util/ReflectionUtils$MethodFilter
instanceKlass java/lang/invoke/LambdaForm$DMH
instanceKlass org/springframework/util/ReflectionUtils
instanceKlass org/springframework/beans/BeanUtils
instanceKlass org/springframework/boot/context/ConfigurationWarningsApplicationContextInitializer
instanceKlass org/springframework/util/ConcurrentReferenceHashMap$Entry
instanceKlass java/lang/invoke/LambdaForm$MH
instanceKlass java/lang/invoke/LambdaForm$DMH
instanceKlass java/lang/invoke/LambdaForm$DMH
instanceKlass org/springframework/util/ConcurrentReferenceHashMap$Segment$$Lambda$9
instanceKlass org/springframework/util/ConcurrentReferenceHashMap$Entries
instanceKlass java/lang/invoke/LambdaForm$DMH
instanceKlass java/lang/Class$4
instanceKlass org/springframework/util/LinkedMultiValueMap$$Lambda$8
instanceKlass org/springframework/util/ResourceUtils
instanceKlass org/springframework/util/PropertiesPersister
instanceKlass org/springframework/core/io/support/PropertiesLoaderUtils
instanceKlass java/util/LinkedList$ListItr
instanceKlass org/springframework/util/CollectionUtils
instanceKlass org/springframework/util/StringUtils
instanceKlass java/nio/channels/ReadableByteChannel
instanceKlass java/nio/channels/Channel
instanceKlass org/springframework/core/io/AbstractResource
instanceKlass org/springframework/util/LinkedMultiValueMap
instanceKlass org/springframework/core/io/Resource
instanceKlass org/springframework/core/io/InputStreamSource
instanceKlass org/springframework/util/MultiValueMap
instanceKlass org/springframework/core/io/support/SpringFactoriesLoader
instanceKlass org/springframework/context/ApplicationContextInitializer
instanceKlass java/util/Optional
instanceKlass java/util/IdentityHashMap$EntryIterator$Entry
instanceKlass java/util/IdentityHashMap$IdentityHashMapIterator
instanceKlass org/springframework/util/ConcurrentReferenceHashMap$Reference
instanceKlass org/springframework/util/ConcurrentReferenceHashMap$ReferenceManager
instanceKlass org/springframework/util/ConcurrentReferenceHashMap$Task
instanceKlass org/springframework/util/ClassUtils
instanceKlass org/springframework/util/Assert
instanceKlass org/apache/commons/logging/LogAdapter$Slf4jLog
instanceKlass org/apache/commons/logging/Log
instanceKlass org/apache/commons/logging/LogAdapter$Slf4jAdapter
instanceKlass org/apache/commons/logging/LogAdapter$1
instanceKlass org/apache/logging/log4j/spi/Provider
instanceKlass org/apache/logging/log4j/spi/ExtendedLogger
instanceKlass org/apache/logging/log4j/Logger
instanceKlass org/apache/commons/logging/LogAdapter
instanceKlass org/apache/commons/logging/LogFactory
instanceKlass org/springframework/beans/factory/config/BeanFactoryPostProcessor
instanceKlass org/springframework/core/env/PropertySource
instanceKlass org/springframework/core/env/ConfigurableEnvironment
instanceKlass org/springframework/core/env/ConfigurablePropertyResolver
instanceKlass org/springframework/core/env/Environment
instanceKlass org/springframework/core/env/PropertyResolver
instanceKlass java/util/EventObject
instanceKlass org/springframework/context/ApplicationContext
instanceKlass org/springframework/core/io/support/ResourcePatternResolver
instanceKlass org/springframework/core/io/ResourceLoader
instanceKlass org/springframework/context/ApplicationEventPublisher
instanceKlass org/springframework/context/MessageSource
instanceKlass org/springframework/beans/factory/HierarchicalBeanFactory
instanceKlass org/springframework/beans/factory/ListableBeanFactory
instanceKlass org/springframework/beans/factory/BeanFactory
instanceKlass org/springframework/core/env/EnvironmentCapable
instanceKlass org/springframework/boot/ApplicationArguments
instanceKlass org/springframework/boot/SpringApplication
instanceKlass ch/qos/logback/classic/util/LoggerNameUtil
instanceKlass ch/qos/logback/classic/selector/DefaultContextSelector
instanceKlass ch/qos/logback/core/util/StatusPrinter
instanceKlass ch/qos/logback/core/status/StatusUtil
instanceKlass ch/qos/logback/core/spi/AppenderAttachableImpl
instanceKlass ch/qos/logback/core/util/EnvUtil
instanceKlass ch/qos/logback/core/pattern/Converter
instanceKlass java/text/DigitList
instanceKlass java/text/FieldPosition
instanceKlass java/util/Currency$CurrencyNameGetter
instanceKlass java/util/Currency$1
instanceKlass java/util/Currency
instanceKlass java/text/DecimalFormatSymbols
instanceKlass java/util/concurrent/atomic/AtomicMarkableReference$Pair
instanceKlass java/util/concurrent/atomic/AtomicMarkableReference
instanceKlass java/text/DateFormatSymbols
instanceKlass java/util/Collections$EmptyIterator
instanceKlass sun/util/locale/LanguageTag
instanceKlass java/util/LinkedList$Node
instanceKlass java/util/ResourceBundle$CacheKeyReference
instanceKlass java/util/ResourceBundle$CacheKey
instanceKlass java/util/ResourceBundle$RBClassLoader$1
instanceKlass java/util/spi/ResourceBundleControlProvider
instanceKlass java/util/ResourceBundle
instanceKlass java/util/ResourceBundle$Control
instanceKlass sun/util/resources/LocaleData$1
instanceKlass sun/util/resources/LocaleData
instanceKlass sun/util/locale/provider/LocaleResources
instanceKlass sun/util/locale/provider/CalendarDataUtility$CalendarWeekParameterGetter
instanceKlass sun/util/locale/provider/LocaleServiceProviderPool$LocalizedObjectGetter
instanceKlass sun/util/locale/provider/SPILocaleProviderAdapter$1
instanceKlass sun/util/locale/provider/LocaleServiceProviderPool
instanceKlass sun/util/locale/provider/CalendarDataUtility
instanceKlass java/util/Calendar$Builder
instanceKlass sun/util/locale/provider/JRELocaleProviderAdapter$1
instanceKlass sun/util/locale/provider/LocaleDataMetaInfo
instanceKlass sun/util/locale/provider/AvailableLanguageTags
instanceKlass sun/util/locale/provider/LocaleProviderAdapter$1
instanceKlass sun/util/locale/provider/ResourceBundleBasedAdapter
instanceKlass sun/util/locale/provider/LocaleProviderAdapter
instanceKlass java/util/spi/LocaleServiceProvider
instanceKlass java/util/Calendar
instanceKlass java/util/Locale$1
instanceKlass java/text/AttributedCharacterIterator$Attribute
instanceKlass java/text/Format
instanceKlass ch/qos/logback/core/util/CachingDateFormatter
instanceKlass ch/qos/logback/core/util/COWArrayList
instanceKlass ch/qos/logback/core/spi/FilterAttachableImpl
instanceKlass ch/qos/logback/core/Appender
instanceKlass ch/qos/logback/core/spi/FilterAttachable
instanceKlass ch/qos/logback/core/encoder/Encoder
instanceKlass ch/qos/logback/core/Layout
instanceKlass ch/qos/logback/core/spi/ContextAwareBase
instanceKlass ch/qos/logback/classic/util/EnvUtil
instanceKlass ch/qos/logback/classic/spi/Configurator
instanceKlass ch/qos/logback/core/spi/ContextAware
instanceKlass ch/qos/logback/core/status/StatusBase
instanceKlass java/util/Collections$3
instanceKlass java/security/PermissionsEnumerator
instanceKlass sun/security/provider/PolicyFile$7
instanceKlass sun/security/provider/PolicyFile$5
instanceKlass sun/security/provider/PolicyFile$PolicyEntry
instanceKlass java/util/Vector$1
instanceKlass sun/security/provider/PolicyParser$PermissionEntry
instanceKlass sun/security/provider/PolicyParser$GrantEntry
instanceKlass java/io/StreamTokenizer
instanceKlass sun/security/util/PolicyUtil
instanceKlass sun/security/provider/PolicyParser
instanceKlass sun/security/util/PropertyExpander
instanceKlass sun/security/provider/PolicyFile$3
instanceKlass java/security/ProtectionDomain$2$1
instanceKlass sun/misc/JavaSecurityProtectionDomainAccess$ProtectionDomainCache
instanceKlass sun/security/provider/PolicyFile$PolicyInfo
instanceKlass sun/security/provider/PolicyFile$1
instanceKlass java/util/Properties$LineReader
instanceKlass java/security/Security$1
instanceKlass java/security/Security
instanceKlass java/security/Policy$1
instanceKlass java/security/Policy$PolicyInfo
instanceKlass java/util/concurrent/atomic/AtomicReference
instanceKlass java/security/Policy
instanceKlass ch/qos/logback/core/util/Loader$1
instanceKlass ch/qos/logback/core/util/Loader
instanceKlass ch/qos/logback/core/util/OptionHelper
instanceKlass ch/qos/logback/core/status/StatusListener
instanceKlass ch/qos/logback/core/util/StatusListenerConfigHelper
instanceKlass ch/qos/logback/classic/util/ContextInitializer
instanceKlass ch/qos/logback/classic/selector/ContextSelector
instanceKlass ch/qos/logback/classic/util/ContextSelectorStaticBinder
instanceKlass ch/qos/logback/classic/Level
instanceKlass ch/qos/logback/classic/spi/ILoggingEvent
instanceKlass ch/qos/logback/core/spi/DeferredProcessingAware
instanceKlass ch/qos/logback/classic/Logger
instanceKlass ch/qos/logback/core/spi/AppenderAttachable
instanceKlass org/slf4j/spi/LocationAwareLogger
instanceKlass ch/qos/logback/classic/spi/LoggerContextVO
instanceKlass ch/qos/logback/core/spi/LogbackLock
instanceKlass ch/qos/logback/core/helpers/CyclicBuffer
instanceKlass ch/qos/logback/core/BasicStatusManager
instanceKlass ch/qos/logback/core/status/Status
instanceKlass java/util/concurrent/ExecutorService
instanceKlass java/util/concurrent/Executor
instanceKlass ch/qos/logback/core/status/StatusManager
instanceKlass ch/qos/logback/core/ContextBase
instanceKlass ch/qos/logback/core/spi/LifeCycle
instanceKlass ch/qos/logback/core/Context
instanceKlass ch/qos/logback/core/spi/PropertyContainer
instanceKlass org/slf4j/impl/StaticLoggerBinder
instanceKlass org/slf4j/spi/LoggerFactoryBinder
instanceKlass org/springframework/boot/loader/LaunchedURLClassLoader$UseFastConnectionExceptionsEnumeration
instanceKlass org/slf4j/helpers/Util
instanceKlass org/slf4j/helpers/NOPLoggerFactory
instanceKlass java/util/concurrent/LinkedBlockingQueue$Node
instanceKlass java/util/concurrent/locks/AbstractQueuedSynchronizer$ConditionObject
instanceKlass java/util/concurrent/locks/Condition
instanceKlass java/util/concurrent/BlockingQueue
instanceKlass org/slf4j/Logger
instanceKlass org/slf4j/helpers/SubstituteLoggerFactory
instanceKlass org/slf4j/ILoggerFactory
instanceKlass org/slf4j/event/LoggingEvent
instanceKlass org/slf4j/LoggerFactory
instanceKlass com/petrel/slots/all/AllApplication
instanceKlass java/lang/Package$1
instanceKlass java/lang/invoke/LambdaForm$MH
instanceKlass org/springframework/boot/loader/LaunchedURLClassLoader$$Lambda$7
instanceKlass org/springframework/boot/loader/jar/JarURLConnection$JarEntryName
instanceKlass org/springframework/boot/loader/MainMethodRunner
instanceKlass org/springframework/boot/loader/jar/JarFile$$Lambda$6
instanceKlass org/springframework/boot/loader/jar/JarEntryFilter
instanceKlass sun/util/calendar/CalendarUtils
instanceKlass sun/util/calendar/CalendarDate
instanceKlass java/util/Date
instanceKlass java/util/zip/ZipUtils
instanceKlass java/time/Instant
instanceKlass java/time/ZonedDateTime
instanceKlass java/time/chrono/AbstractChronology$$Lambda$5
instanceKlass java/time/chrono/ChronoZonedDateTime
instanceKlass java/time/chrono/AbstractChronology$$Lambda$4
instanceKlass java/time/chrono/AbstractChronology$$Lambda$3
instanceKlass java/lang/invoke/LambdaForm$BMH
instanceKlass java/lang/invoke/LambdaForm$MH
instanceKlass java/lang/invoke/LambdaForm$DMH
instanceKlass java/lang/invoke/LambdaForm$DMH
instanceKlass java/lang/invoke/LambdaForm$BMH
instanceKlass java/lang/invoke/LambdaForm$BMH
instanceKlass java/time/chrono/AbstractChronology
instanceKlass java/time/chrono/Chronology
instanceKlass java/time/LocalTime
instanceKlass java/time/LocalDate
instanceKlass java/time/chrono/ChronoLocalDate
instanceKlass java/time/zone/ZoneOffsetTransition
instanceKlass java/time/LocalDateTime
instanceKlass java/time/chrono/ChronoLocalDateTime
instanceKlass java/time/temporal/TemporalAdjuster
instanceKlass java/time/temporal/Temporal
instanceKlass java/time/temporal/TemporalAccessor
instanceKlass java/time/zone/ZoneOffsetTransitionRule
instanceKlass java/time/zone/ZoneRules
instanceKlass java/time/zone/Ser
instanceKlass java/io/Externalizable
instanceKlass java/net/URLClassLoader$3$1
instanceKlass sun/misc/CompoundEnumeration
instanceKlass java/net/URLClassLoader$3
instanceKlass sun/misc/URLClassPath$1
instanceKlass java/lang/ClassLoader$2
instanceKlass sun/misc/URLClassPath$2
instanceKlass java/util/LinkedHashMap$LinkedHashIterator
instanceKlass java/util/ServiceLoader$1
instanceKlass java/util/ServiceLoader$LazyIterator
instanceKlass java/util/ServiceLoader
instanceKlass java/time/zone/ZoneRulesProvider$1
instanceKlass java/util/concurrent/locks/AbstractQueuedSynchronizer$Node
instanceKlass java/util/concurrent/locks/AbstractOwnableSynchronizer
instanceKlass java/util/concurrent/CopyOnWriteArrayList
instanceKlass java/time/zone/ZoneRulesProvider
instanceKlass java/util/TimeZone$1
instanceKlass java/util/zip/CRC32
instanceKlass java/util/zip/Checksum
instanceKlass sun/util/calendar/ZoneInfoFile$ZoneOffsetTransitionRule
instanceKlass sun/util/calendar/ZoneInfoFile$1
instanceKlass sun/util/calendar/ZoneInfoFile
instanceKlass sun/util/calendar/CalendarSystem
instanceKlass java/util/TimeZone
instanceKlass java/time/ZoneId
instanceKlass java/time/temporal/ValueRange
instanceKlass java/time/Duration
instanceKlass java/time/temporal/TemporalAmount
instanceKlass java/time/temporal/TemporalField
instanceKlass org/springframework/boot/loader/archive/JarFileArchive$JarFileEntry
instanceKlass org/springframework/boot/loader/jar/JarFile$2
instanceKlass org/springframework/boot/loader/jar/JarFileEntries$EntryIterator
instanceKlass org/springframework/boot/loader/archive/JarFileArchive$EntryIterator
instanceKlass java/lang/invoke/LambdaForm$MH
instanceKlass java/lang/invoke/LambdaForm$MH
instanceKlass java/lang/invoke/InnerClassLambdaMetafactory$1
instanceKlass org/springframework/boot/loader/PropertiesLauncher$$Lambda$2
instanceKlass java/lang/invoke/LambdaForm$DMH
instanceKlass org/springframework/boot/loader/archive/Archive$Entry
instanceKlass java/net/URLClassLoader$2
instanceKlass sun/misc/Launcher$BootClassPathHolder$1
instanceKlass sun/misc/Launcher$BootClassPathHolder
instanceKlass java/net/URLEncoder
instanceKlass java/net/URLDecoder
instanceKlass org/springframework/boot/loader/archive/ExplodedArchive
instanceKlass org/springframework/boot/loader/jar/StringSequence
instanceKlass java/lang/invoke/LambdaForm$MH
instanceKlass org/springframework/boot/loader/jar/JarFile$$Lambda$1
instanceKlass java/lang/invoke/InfoFromMemberName
instanceKlass java/lang/invoke/MethodHandleInfo
instanceKlass sun/security/action/GetBooleanAction
instanceKlass sun/security/util/SecurityConstants
instanceKlass java/security/AccessController$1
instanceKlass java/lang/invoke/AbstractValidatingLambdaMetafactory
instanceKlass java/lang/invoke/LambdaForm$BMH
instanceKlass java/lang/invoke/LambdaForm$BMH
instanceKlass java/lang/invoke/LambdaForm$BMH
instanceKlass java/lang/invoke/LambdaForm$BMH
instanceKlass sun/reflect/UnsafeFieldAccessorFactory
instanceKlass jdk/internal/org/objectweb/asm/FieldVisitor
instanceKlass java/lang/invoke/BoundMethodHandle$Factory$1
instanceKlass java/lang/invoke/BoundMethodHandle$SpeciesData$1
instanceKlass java/lang/invoke/LambdaForm$BMH
instanceKlass java/lang/invoke/LambdaForm$MH
instanceKlass java/lang/invoke/LambdaForm$BMH
instanceKlass java/lang/invoke/LambdaForm$MH
instanceKlass java/lang/invoke/LambdaForm$DMH
instanceKlass java/lang/invoke/LambdaForm$DMH
instanceKlass java/lang/invoke/LambdaForm$BMH
instanceKlass java/lang/invoke/LambdaForm$BMH
instanceKlass java/lang/invoke/LambdaForm$MH
instanceKlass java/lang/invoke/LambdaFormBuffer
instanceKlass java/lang/invoke/LambdaFormEditor
instanceKlass java/lang/invoke/LambdaForm$BMH
instanceKlass java/lang/invoke/LambdaForm$DMH
instanceKlass java/lang/invoke/LambdaForm$DMH
instanceKlass java/lang/invoke/LambdaForm$DMH
instanceKlass java/lang/invoke/LambdaForm$DMH
instanceKlass java/lang/invoke/LambdaForm$MH
instanceKlass java/lang/invoke/LambdaForm$DMH
instanceKlass java/lang/invoke/LambdaForm$DMH
instanceKlass java/lang/invoke/LambdaForm$MH
instanceKlass java/lang/invoke/LambdaForm$DMH
instanceKlass java/lang/invoke/LambdaForm$DMH
instanceKlass java/lang/invoke/LambdaForm$MH
instanceKlass java/lang/invoke/LambdaForm$DMH
instanceKlass java/lang/invoke/LambdaForm$DMH
instanceKlass java/lang/invoke/LambdaForm$MH
instanceKlass java/lang/invoke/LambdaForm$DMH
instanceKlass java/lang/invoke/LambdaForm$DMH
instanceKlass java/lang/invoke/LambdaForm$MH
instanceKlass java/lang/invoke/LambdaForm$DMH
instanceKlass java/lang/invoke/LambdaForm$MH
instanceKlass java/lang/invoke/LambdaForm$DMH
instanceKlass java/lang/invoke/LambdaForm$DMH
instanceKlass java/lang/invoke/LambdaForm$MH
instanceKlass java/lang/invoke/LambdaForm$DMH
instanceKlass java/lang/invoke/LambdaForm$DMH
instanceKlass java/lang/invoke/LambdaForm$MH
instanceKlass java/lang/invoke/LambdaForm$DMH
instanceKlass java/lang/invoke/LambdaForm$MH
instanceKlass java/lang/invoke/LambdaForm$DMH
instanceKlass java/lang/invoke/LambdaForm$MH
instanceKlass java/lang/invoke/LambdaForm$DMH
instanceKlass java/lang/invoke/MethodHandleImpl$Lazy
instanceKlass java/lang/invoke/LambdaForm$BMH
instanceKlass java/lang/invoke/LambdaForm$MH
instanceKlass java/lang/invoke/LambdaForm$DMH
instanceKlass java/lang/invoke/LambdaForm$DMH
instanceKlass java/lang/invoke/LambdaForm$DMH
instanceKlass java/util/function/Supplier
instanceKlass java/lang/invoke/LambdaForm$DMH
instanceKlass java/lang/invoke/LambdaForm$DMH
instanceKlass java/util/SubList$1
instanceKlass java/util/ListIterator
instanceKlass java/lang/invoke/LambdaForm$MH
instanceKlass java/lang/invoke/LambdaForm$MH
instanceKlass java/lang/invoke/LambdaForm$MH
instanceKlass java/lang/invoke/LambdaForm$MH
instanceKlass java/lang/invoke/LambdaForm$MH
instanceKlass java/lang/invoke/LambdaForm$MH
instanceKlass java/lang/invoke/LambdaForm$MH
instanceKlass java/lang/invoke/LambdaForm$MH
instanceKlass java/lang/invoke/LambdaForm$MH
instanceKlass java/lang/invoke/LambdaForm$MH
instanceKlass java/lang/invoke/LambdaForm$MH
instanceKlass java/lang/invoke/LambdaForm$MH
instanceKlass java/lang/invoke/InvokerBytecodeGenerator$CpPatch
instanceKlass java/lang/invoke/LambdaForm$DMH
instanceKlass java/lang/invoke/LambdaForm$DMH
instanceKlass java/lang/invoke/LambdaForm$DMH
instanceKlass java/lang/invoke/LambdaForm$DMH
instanceKlass java/lang/invoke/LambdaForm$DMH
instanceKlass java/lang/invoke/LambdaForm$DMH
instanceKlass sun/invoke/empty/Empty
instanceKlass sun/invoke/util/VerifyType
instanceKlass java/lang/invoke/InvokerBytecodeGenerator$2
instanceKlass jdk/internal/org/objectweb/asm/AnnotationVisitor
instanceKlass jdk/internal/org/objectweb/asm/Frame
instanceKlass jdk/internal/org/objectweb/asm/Label
instanceKlass jdk/internal/org/objectweb/asm/Type
instanceKlass jdk/internal/org/objectweb/asm/MethodVisitor
instanceKlass jdk/internal/org/objectweb/asm/Item
instanceKlass jdk/internal/org/objectweb/asm/ByteVector
instanceKlass jdk/internal/org/objectweb/asm/ClassVisitor
instanceKlass java/lang/invoke/InvokerBytecodeGenerator
instanceKlass java/util/AbstractList$Itr
instanceKlass java/util/Collections$UnmodifiableCollection$1
instanceKlass java/lang/invoke/DirectMethodHandle$Lazy
instanceKlass sun/invoke/util/BytecodeDescriptor
instanceKlass java/lang/invoke/BoundMethodHandle$Factory
instanceKlass java/lang/invoke/BoundMethodHandle$SpeciesData
instanceKlass java/lang/invoke/LambdaForm$NamedFunction
instanceKlass java/lang/invoke/LambdaForm$Name
instanceKlass sun/invoke/util/ValueConversions
instanceKlass sun/invoke/util/VerifyAccess
instanceKlass java/lang/Long$LongCache
instanceKlass java/lang/Character$CharacterCache
instanceKlass java/lang/Short$ShortCache
instanceKlass java/lang/Byte$ByteCache
instanceKlass sun/invoke/util/Wrapper$Format
instanceKlass java/lang/invoke/MethodHandles
instanceKlass java/lang/invoke/Invokers
instanceKlass java/lang/invoke/MethodTypeForm
instanceKlass java/lang/invoke/MethodType$ConcurrentWeakInternSet
instanceKlass java/lang/invoke/MethodHandles$Lookup
instanceKlass java/lang/invoke/LambdaMetafactory
instanceKlass java/time/temporal/TemporalUnit
instanceKlass org/springframework/boot/loader/jar/CentralDirectoryFileHeader
instanceKlass java/util/ArrayList$Itr
instanceKlass org/springframework/boot/loader/jar/Bytes
instanceKlass org/springframework/boot/loader/jar/CentralDirectoryEndRecord
instanceKlass org/springframework/boot/loader/jar/JarFile$1
instanceKlass java/util/Collections$SynchronizedMap
instanceKlass java/lang/Process
instanceKlass org/springframework/boot/loader/jar/JarFileEntries
instanceKlass org/springframework/boot/loader/jar/CentralDirectoryParser
instanceKlass java/io/RandomAccessFile
instanceKlass java/io/DataInput
instanceKlass java/io/DataOutput
instanceKlass org/springframework/boot/loader/data/RandomAccessDataFile$FileAccess
instanceKlass org/springframework/boot/loader/data/RandomAccessDataFile
instanceKlass org/springframework/boot/loader/jar/AsciiBytes
instanceKlass org/springframework/boot/loader/jar/FileHeader
instanceKlass org/springframework/boot/loader/data/RandomAccessData
instanceKlass org/springframework/boot/loader/jar/CentralDirectoryVisitor
instanceKlass org/springframework/boot/loader/archive/JarFileArchive
instanceKlass java/net/URI$Parser
instanceKlass java/net/URI
instanceKlass java/lang/ProcessEnvironment$CheckedEntry
instanceKlass java/util/HashMap$HashIterator
instanceKlass java/lang/ProcessEnvironment$CheckedEntrySet$1
instanceKlass java/util/Collections$UnmodifiableMap
instanceKlass java/lang/ProcessEnvironment$EntryComparator
instanceKlass java/lang/ProcessEnvironment$NameComparator
instanceKlass org/springframework/boot/loader/util/SystemPropertyUtils
instanceKlass java/util/regex/ASCII
instanceKlass java/util/regex/Matcher
instanceKlass java/util/regex/MatchResult
instanceKlass java/util/regex/Pattern$TreeInfo
instanceKlass java/util/regex/Pattern$Node
instanceKlass java/util/regex/Pattern
instanceKlass java/lang/Void
instanceKlass org/springframework/boot/loader/archive/Archive$EntryFilter
instanceKlass org/springframework/boot/loader/archive/Archive
instanceKlass java/lang/Class$MethodArray
instanceKlass sun/launcher/LauncherHelper$FXHelper
instanceKlass org/springframework/boot/loader/Launcher
instanceKlass java/io/FilePermission$1
instanceKlass sun/net/www/MessageHeader
instanceKlass java/net/URLConnection
instanceKlass java/security/PermissionCollection
instanceKlass sun/nio/ByteBuffered
instanceKlass java/lang/Package
instanceKlass sun/misc/Resource
instanceKlass sun/misc/ExtensionDependency
instanceKlass sun/misc/JarIndex
instanceKlass sun/misc/FileURLMapper
instanceKlass sun/misc/URLClassPath$JarLoader$1
instanceKlass sun/nio/cs/ThreadLocalCoders$Cache
instanceKlass sun/nio/cs/ThreadLocalCoders
instanceKlass sun/misc/URLClassPath$Loader
instanceKlass sun/misc/URLClassPath$3
instanceKlass sun/net/util/URLUtil
instanceKlass java/net/URLClassLoader$1
instanceKlass java/util/jar/Attributes$Name
instanceKlass java/util/jar/Attributes
instanceKlass java/util/jar/JarVerifier$3
instanceKlass java/security/CodeSigner
instanceKlass java/util/jar/JarVerifier
instanceKlass sun/misc/IOUtils
instanceKlass java/util/zip/ZStreamRef
instanceKlass java/util/zip/Inflater
instanceKlass java/util/zip/ZipEntry
instanceKlass sun/nio/ch/DirectBuffer
instanceKlass sun/misc/PerfCounter$CoreCounters
instanceKlass sun/misc/Perf
instanceKlass sun/misc/Perf$GetPerfAction
instanceKlass sun/misc/PerfCounter
instanceKlass java/util/zip/ZipCoder
instanceKlass java/util/Deque
instanceKlass java/util/Queue
instanceKlass java/nio/charset/StandardCharsets
instanceKlass java/util/jar/JavaUtilJarAccessImpl
instanceKlass sun/misc/JavaUtilJarAccess
instanceKlass java/util/zip/ZipFile$1
instanceKlass sun/misc/JavaUtilZipFileAccess
instanceKlass java/util/zip/ZipFile
instanceKlass java/util/zip/ZipConstants
instanceKlass java/io/FileOutputStream$1
instanceKlass sun/usagetracker/UsageTrackerClient$3
instanceKlass sun/usagetracker/UsageTrackerClient$2
instanceKlass sun/usagetracker/UsageTrackerClient$4
instanceKlass sun/usagetracker/UsageTrackerClient$1
instanceKlass java/util/concurrent/atomic/AtomicBoolean
instanceKlass sun/usagetracker/UsageTrackerClient
instanceKlass sun/misc/PostVMInitHook$1
instanceKlass jdk/internal/util/EnvUtils
instanceKlass sun/misc/PostVMInitHook$2
instanceKlass sun/misc/PostVMInitHook
instanceKlass java/lang/invoke/MethodHandleStatics$1
instanceKlass java/lang/invoke/MethodHandleStatics
instanceKlass java/lang/invoke/MemberName$Factory
instanceKlass java/lang/ClassValue$Version
instanceKlass java/lang/ClassValue$Identity
instanceKlass java/lang/ClassValue
instanceKlass java/lang/invoke/MethodHandleImpl$3
instanceKlass java/lang/invoke/MethodHandleImpl$2
instanceKlass java/util/function/Function
instanceKlass java/lang/invoke/MethodHandleImpl$1
instanceKlass java/lang/invoke/MethodHandleImpl
instanceKlass java/lang/SystemClassLoaderAction
instanceKlass sun/misc/Launcher$AppClassLoader$1
instanceKlass sun/misc/URLClassPath
instanceKlass java/security/Principal
instanceKlass java/security/ProtectionDomain$Key
instanceKlass java/security/ProtectionDomain$2
instanceKlass sun/misc/JavaSecurityProtectionDomainAccess
instanceKlass java/security/ProtectionDomain$JavaSecurityAccessImpl
instanceKlass sun/misc/JavaSecurityAccess
instanceKlass sun/net/util/IPAddressUtil
instanceKlass java/net/URLStreamHandler
instanceKlass java/net/Parts
instanceKlass java/util/BitSet
instanceKlass sun/net/www/ParseUtil
instanceKlass java/io/FileInputStream$1
instanceKlass java/lang/CharacterData
instanceKlass sun/util/locale/LocaleUtils
instanceKlass java/util/Locale$LocaleKey
instanceKlass sun/util/locale/BaseLocale$Key
instanceKlass sun/util/locale/BaseLocale
instanceKlass java/util/concurrent/ConcurrentHashMap$CollectionView
instanceKlass java/util/concurrent/ConcurrentHashMap$CounterCell
instanceKlass java/util/concurrent/ConcurrentHashMap$Node
instanceKlass java/util/concurrent/locks/ReentrantLock
instanceKlass java/util/concurrent/locks/Lock
instanceKlass java/util/concurrent/ConcurrentMap
instanceKlass sun/util/locale/LocaleObjectCache
instanceKlass java/util/Locale
instanceKlass java/lang/reflect/Array
instanceKlass java/io/Reader
instanceKlass sun/misc/MetaIndex
instanceKlass java/util/StringTokenizer
instanceKlass sun/misc/Launcher$ExtClassLoader$1
instanceKlass java/net/URLClassLoader$7
instanceKlass sun/misc/JavaNetAccess
instanceKlass java/lang/ClassLoader$ParallelLoaders
instanceKlass sun/security/util/Debug
instanceKlass sun/misc/Launcher$Factory
instanceKlass java/net/URLStreamHandlerFactory
instanceKlass java/lang/Compiler$1
instanceKlass java/lang/Compiler
instanceKlass java/lang/System$2
instanceKlass sun/misc/JavaLangAccess
instanceKlass sun/io/Win32ErrorMode
instanceKlass sun/misc/OSEnvironment
instanceKlass java/lang/Integer$IntegerCache
instanceKlass sun/misc/NativeSignalHandler
instanceKlass sun/misc/Signal
instanceKlass java/lang/Terminator$1
instanceKlass sun/misc/SignalHandler
instanceKlass java/lang/Terminator
instanceKlass java/lang/ClassLoader$NativeLibrary
instanceKlass java/io/ExpiringCache$Entry
instanceKlass java/lang/ClassLoader$3
instanceKlass java/lang/StringCoding$StringEncoder
instanceKlass java/nio/file/Path
instanceKlass java/nio/file/Watchable
instanceKlass java/lang/Enum
instanceKlass java/io/ExpiringCache
instanceKlass java/io/FileSystem
instanceKlass java/io/DefaultFileSystem
instanceKlass sun/security/action/GetPropertyAction
instanceKlass java/nio/charset/CoderResult$Cache
instanceKlass java/nio/charset/CoderResult
instanceKlass java/lang/Readable
instanceKlass java/nio/Bits$1
instanceKlass sun/misc/JavaNioAccess
instanceKlass java/nio/ByteOrder
instanceKlass java/nio/Bits
instanceKlass java/nio/charset/CharsetEncoder
instanceKlass sun/nio/cs/ArrayEncoder
instanceKlass java/io/Writer
instanceKlass sun/reflect/misc/ReflectUtil
instanceKlass java/util/concurrent/atomic/AtomicReferenceFieldUpdater$AtomicReferenceFieldUpdaterImpl$1
instanceKlass java/security/PrivilegedExceptionAction
instanceKlass java/util/concurrent/atomic/AtomicReferenceFieldUpdater
instanceKlass java/io/OutputStream
instanceKlass java/io/Flushable
instanceKlass java/io/FileDescriptor$1
instanceKlass sun/misc/JavaIOFileDescriptorAccess
instanceKlass java/io/FileDescriptor
instanceKlass sun/misc/Version
instanceKlass java/lang/Runtime
instanceKlass java/util/Hashtable$Enumerator
instanceKlass java/util/Iterator
instanceKlass java/util/Enumeration
instanceKlass java/util/Objects
instanceKlass java/util/Collections$SynchronizedCollection
instanceKlass java/nio/charset/CodingErrorAction
instanceKlass java/nio/charset/CharsetDecoder
instanceKlass sun/nio/cs/ArrayDecoder
instanceKlass sun/nio/cs/ext/DelegatableDecoder
instanceKlass sun/nio/cs/ext/DoubleByte
instanceKlass java/lang/StringCoding$StringDecoder
instanceKlass java/lang/ThreadLocal$ThreadLocalMap
instanceKlass java/lang/StringCoding
instanceKlass sun/nio/cs/HistoricallyNamedCharset
instanceKlass java/util/TreeMap$Entry
instanceKlass sun/misc/ASCIICaseInsensitiveComparator
instanceKlass java/util/NavigableMap
instanceKlass java/util/SortedMap
instanceKlass sun/reflect/ReflectionFactory$1
instanceKlass java/lang/Class$1
instanceKlass java/nio/charset/Charset$ExtendedProviderHolder$1
instanceKlass java/nio/charset/Charset$ExtendedProviderHolder
instanceKlass java/util/Arrays
instanceKlass java/lang/reflect/ReflectAccess
instanceKlass sun/reflect/LangReflectAccess
instanceKlass java/lang/reflect/Modifier
instanceKlass sun/reflect/annotation/AnnotationType
instanceKlass java/lang/Class$AnnotationData
instanceKlass sun/reflect/generics/repository/AbstractRepository
instanceKlass java/lang/Class$Atomic
instanceKlass java/lang/Class$ReflectionData
instanceKlass java/lang/Class$3
instanceKlass java/lang/ThreadLocal
instanceKlass java/nio/charset/spi/CharsetProvider
instanceKlass java/nio/charset/Charset
instanceKlass java/lang/Math
instanceKlass java/util/Hashtable$Entry
instanceKlass sun/misc/VM
instanceKlass java/util/HashMap$Node
instanceKlass java/util/Map$Entry
instanceKlass sun/reflect/Reflection
instanceKlass sun/misc/SharedSecrets
instanceKlass java/lang/ref/Reference$1
instanceKlass sun/misc/JavaLangRefAccess
instanceKlass java/lang/ref/ReferenceQueue$Lock
instanceKlass java/util/Collections$UnmodifiableCollection
instanceKlass java/util/AbstractMap
instanceKlass java/util/Set
instanceKlass java/util/Collections
instanceKlass java/lang/ref/Reference$Lock
instanceKlass sun/reflect/ReflectionFactory
instanceKlass java/util/AbstractCollection
instanceKlass java/util/RandomAccess
instanceKlass java/util/List
instanceKlass java/util/Collection
instanceKlass java/lang/Iterable
instanceKlass java/security/cert/Certificate
instanceKlass sun/reflect/ReflectionFactory$GetReflectionFactoryAction
instanceKlass java/security/PrivilegedAction
instanceKlass java/security/AccessController
instanceKlass java/security/Permission
instanceKlass java/security/Guard
instanceKlass java/lang/String$CaseInsensitiveComparator
instanceKlass java/util/Comparator
instanceKlass java/io/ObjectStreamField
instanceKlass java/lang/Number
instanceKlass java/lang/Character
instanceKlass java/lang/Boolean
instanceKlass java/nio/Buffer
instanceKlass java/lang/StackTraceElement
instanceKlass java/security/CodeSource
instanceKlass sun/misc/Launcher
instanceKlass java/util/jar/Manifest
instanceKlass java/net/URL
instanceKlass java/io/File
instanceKlass java/io/InputStream
instanceKlass java/io/Closeable
instanceKlass java/lang/AutoCloseable
instanceKlass sun/misc/Unsafe
instanceKlass java/lang/AbstractStringBuilder
instanceKlass java/lang/Appendable
instanceKlass java/lang/invoke/CallSite
instanceKlass java/lang/invoke/MethodType
instanceKlass java/lang/invoke/LambdaForm
instanceKlass java/lang/invoke/MethodHandleNatives
instanceKlass java/lang/invoke/MemberName
instanceKlass java/lang/invoke/MethodHandle
instanceKlass sun/reflect/CallerSensitive
instanceKlass java/lang/annotation/Annotation
instanceKlass sun/reflect/FieldAccessor
instanceKlass sun/reflect/ConstantPool
instanceKlass sun/reflect/ConstructorAccessor
instanceKlass sun/reflect/MethodAccessor
instanceKlass sun/reflect/MagicAccessorImpl
instanceKlass java/lang/reflect/Parameter
instanceKlass java/lang/reflect/Member
instanceKlass java/lang/reflect/AccessibleObject
instanceKlass java/util/Dictionary
instanceKlass java/util/Map
instanceKlass java/lang/ThreadGroup
instanceKlass java/lang/Thread$UncaughtExceptionHandler
instanceKlass java/lang/Thread
instanceKlass java/lang/Runnable
instanceKlass java/lang/ref/ReferenceQueue
instanceKlass java/lang/ref/Reference
instanceKlass java/security/AccessControlContext
instanceKlass java/security/ProtectionDomain
instanceKlass java/lang/SecurityManager
instanceKlass java/lang/Throwable
instanceKlass java/lang/System
instanceKlass java/lang/ClassLoader
instanceKlass java/lang/Cloneable
instanceKlass java/lang/Class
instanceKlass java/lang/reflect/Type
instanceKlass java/lang/reflect/GenericDeclaration
instanceKlass java/lang/reflect/AnnotatedElement
instanceKlass java/lang/String
instanceKlass java/lang/CharSequence
instanceKlass java/lang/Comparable
instanceKlass java/io/Serializable
ciInstanceKlass java/lang/Object 1 1 75 3 8 8 8 1 1 1 1 1 1 1 1 1 1 1 1 1 1 1 1 1 1 1 1 1 1 1 1 1 1 1 1 1 1 1 1 1 1 1 1 1 1 1 7 7 100 7 7 7 7 7 1 1 1 12 12 12 12 12 12 12 12 12 12 10 10 10 10 10 10 10 10 10 10
ciInstanceKlass java/io/Serializable 1 0 5 1 1 100 100
ciInstanceKlass java/lang/String 1 1 537 3 3 3 3 8 8 8 8 8 8 8 8 8 8 1 1 1 1 1 1 1 1 1 1 1 1 1 1 1 1 1 1 1 1 1 1 1 1 1 1 1 1 1 1 1 1 1 1 1 1 1 1 1 1 1 1 1 1 1 1 1 1 1 1 1 1 1 1 1 1 1 1 1 1 1 1 1 1 1 1 1 1 1 1 1 1 1 1 1 1 1 1 1 1 1 1 1 1 1 1 1 1 1 1 1 1 1 1 1 1 1 1 1 1 1 1 1 1 1 1 1 1 1 1 1 1 1 1 1 1 1 1 1 1 1 1 1 1 1 1 1 1 1 1 1 1 1 1 1 1 1 1 1 1 1 1 1 1 1 1 1 1 1 1 1 1 1 1 1 1 1 1 1 1 1 1 1 1 1 1 1 1 1 1 1 1 1 1 1 1 1 1 1 1 1 1 1 1 1 1 1 1 1 1 1 1 1 1 1 1 1 5 0 100 100 100 100 7 7 100 7 100 7 7 100 100 7 100 100 100 7 100 7 7 100 7 7 100 7 100 100 7 100 7 100 100 7 7 7 7 100 7 7 100 100 7 7 1 1 1 1 1 1 1 1 1 1 1 1 1 1 1 1 1 1 1 1 1 1 1 1 1 1 1 1 1 1 1 1 1 1 1 1 1 1 1 1 1 1 1 1 1 1 1 1 1 1 1 1 1 1 1 1 1 1 1 1 1 12 12 12 12 12 12 12 12 12 12 12 12 12 12 12 12 12 12 12 12 12 12 12 12 12 12 12 12 12 12 12 12 12 12 12 12 12 12 12 12 12 12 12 12 12 12 12 12 12 12 12 12 12 12 12 12 12 12 12 12 12 12 12 12 12 12 12 12 12 12 12 12 12 12 12 12 12 12 12 12 12 12 12 12 12 12 12 12 12 12 12 12 12 12 12 12 12 12 12 12 12 9 9 9 9 10 10 10 10 10 10 10 10 10 10 10 10 10 10 10 10 10 10 10 10 10 10 10 10 10 10 10 10 10 10 10 10 10 10 10 10 10 10 10 10 10 10 10 10 10 10 10 10 10 10 10 10 10 10 10 10 10 10 10 10 10 10 10 10 10 10 10 10 10 10 10 10 10 10 10 10 10 10 10 10 10 10 10 10 10 10 10 10 10 10 10 10 10 10 10 10 10 10 10 10 10 10 10 10 11 11 11 11 11 11 11 11 1
staticfield java/lang/String serialPersistentFields [Ljava/io/ObjectStreamField; 0 [Ljava/io/ObjectStreamField;
staticfield java/lang/String CASE_INSENSITIVE_ORDER Ljava/util/Comparator; java/lang/String$CaseInsensitiveComparator
ciInstanceKlass java/lang/Class 1 1 1187 8 8 8 8 8 8 8 8 8 8 8 8 8 8 8 8 8 8 7 1 1 1 1 1 1 1 1 1 1 1 1 1 1 1 1 1 1 1 1 1 1 1 1 1 1 1 1 1 1 1 1 1 1 1 1 1 1 1 1 1 1 1 1 1 1 1 1 1 1 1 1 1 1 1 1 1 1 1 1 1 1 1 1 1 1 1 1 1 1 1 1 1 1 1 1 1 1 1 1 1 1 1 1 1 1 1 1 1 1 1 1 1 1 1 1 1 1 1 1 1 1 1 1 1 1 1 1 1 1 1 1 1 1 1 1 1 1 1 1 1 1 1 1 1 1 1 1 1 1 1 1 1 1 1 1 1 1 1 1 1 1 1 1 1 1 1 1 1 1 1 1 1 1 1 1 1 1 1 1 1 1 1 1 1 1 1 1 1 1 1 1 1 1 1 1 1 1 1 1 1 1 1 1 1 1 1 1 1 1 1 1 1 1 1 1 1 1 1 1 1 1 1 1 1 1 1 1 1 1 1 1 1 1 1 1 1 1 1 1 1 1 1 1 1 1 1 1 1 1 1 1 1 1 1 1 1 1 1 1 1 1 1 1 1 1 1 1 1 1 1 1 1 1 1 1 1 1 1 1 1 1 1 1 1 1 1 1 1 1 1 1 1 1 1 1 1 1 1 1 1 1 1 1 1 1 1 1 1 1 1 1 1 1 1 1 1 1 1 1 1 1 1 1 1 1 1 1 1 1 1 1 1 1 1 1 1 1 1 1 1 1 1 1 1 1 1 1 1 1 1 1 1 1 1 1 1 1 1 1 1 1 1 1 1 1 1 1 1 1 1 1 1 1 1 1 1 1 1 1 1 1 1 1 1 1 1 1 1 1 1 1 1 1 1 1 1 1 1 1 1 1 1 1 1 1 1 1 1 1 1 1 1 1 1 1 1 1 1 1 3 3 3 5 0 8 8 8 8 8 7 7 7 100 100 100 7 7 100 7 100 7 7 7 7 100 7 7 100 7 7 100 100 7 7 100 100 7 100 100 7 7 7 7 100 7 100 7 7 7 100 100 7 7 100 100 7 7 100 7 100 7 7 100 100 7 7 7 7 7 7 7 7 7 7 7 7 7 7 7 100 100 7 7 7 7 100 7 7 7 7 100 100 7 100 7 1 1 1 1 1 1 1 1 1 1 1 1 1 1 1 1 1 1 1 1 1 1 1 1 1 1 1 1 1 1 1 1 1 1 1 1 1 1 1 1 1 1 1 1 1 1 1 1 1 1 1 1 1 1 1 1 1 1 1 1 1 1 1 1 1 1 1 1 1 1 1 1 1 1 1 1 1 1 1 1 1 1 1 1 1 1 1 1 1 1 1 1 1 1 1 1 1 1 1 1 1 1 1 1 1 1 1 1 1 1 1 1 1 1 1 1 1 1 1 1 1 1 1 1 1 1 1 1 1 1 1 1 1 1 1 1 1 1 1 1 1 1 1 1 1 1 1 1 1 1 1 1 1 1 1 1 1 1 1 1 1 1 1 1 1 1 1 12 12 12 12 12 12 12 12 12 12 12 12 12 12 12 12 12 12 12 12 12 12 12 12 12 12 12 12 12 12 12 12 12 12 12 12 12 12 12 12 12 12 12 12 12 12 12 12 12 12 12 12 12 12 12 12 12 12 12 12 12 12 12 12 12 12 12 12 12 12 12 12 12 12 12 12 12 12 12 12 12 12 12 12 12 12 12 12 12 12 12 12 12 12 12 12 12 12 12 12 12 12 12 12 12 12 12 12 12 12 12 12 12 12 12 12 12 12 12 12 12 12 12 12 12 12 12 12 12 12 12 12 12 12 12 12 12 12 12 12 12 12 12 12 12 12 12 12 12 12 12 12 12 12 12 12 12 12 12 12 12 12 12 12 12 12 12 12 12 12 12 12 12 12 12 12 12 12 12 12 12 12 12 12 12 12 12 12 12 12 12 12 12 12 12 12 12 12 12 12 12 12 12 12 12 12 12 12 12 12 12 12 12 12 12 12 12 12 12 12 12 12 12 12 12 12 12 12 12 12 12 12 9 9 9 9 9 9 9 9 9 9 9 9 9 9 9 9 9 9 9 9 9 9 9 9 9 9 9 9 9 9 9 9 9 9 9 9 9 10 10 10 10 10 10 10 10 10 10 10 10 10 10 10 10 10 10 10 10 10 10 10 10 10 10 10 10 10 10 10 10 10 10 10 10 10 10 10 10 10 10 10 10 10 10 10 10 10 10 10 10 10 10 10 10 10 10 10 10 10 10 10 10 10 10 10 10 10 10 10 10 10 10 10 10 10 10 10 10 10 10 10 10 10 10 10 10 10 10 10 10 10 10 10 10 10 10 10 10 10 10 10 10 10 10 10 10 10 10 10 10 10 10 10 10 10 10 10 10 10 10 10 10 10 10 10 10 10 10 10 10 10 10 10 10 10 10 10 10 10 10 10 10 10 10 10 10 10 10 10 10 10 10 10 10 10 10 10 10 10 10 10 10 10 10 10 10 10 10 10 10 10 10 10 10 10 10 10 10 10 10 10 10 10 10 10 10 10 10 10 10 10 10 10 10 10 10 10 10 10 10 10 10 10 10 10 10 10 10 11 11 11 11 11 11 11 11 11 11 11 11 11 11 11 11 11 11 1 1 1 1 1 1 1
staticfield java/lang/Class serialPersistentFields [Ljava/io/ObjectStreamField; 0 [Ljava/io/ObjectStreamField;
ciInstanceKlass java/lang/Cloneable 1 0 5 1 1 100 100
instanceKlass com/alibaba/fastjson/util/ASMClassLoader
instanceKlass org/springframework/core/DecoratingClassLoader
instanceKlass java/util/ResourceBundle$RBClassLoader
instanceKlass sun/reflect/DelegatingClassLoader
instanceKlass java/security/SecureClassLoader
ciInstanceKlass java/lang/ClassLoader 1 1 822 8 8 8 8 8 8 8 8 8 8 8 8 8 8 8 8 8 8 7 1 1 1 1 1 1 1 1 1 1 1 1 1 1 1 1 1 1 1 1 1 1 1 1 1 1 1 1 1 1 1 1 1 1 1 1 1 1 1 1 1 1 1 1 1 1 1 1 1 1 1 1 1 1 1 1 1 1 1 1 1 1 1 1 1 1 1 1 1 1 1 1 1 1 1 1 1 1 1 1 1 1 1 1 1 1 1 1 1 1 1 1 1 1 1 1 1 1 1 1 1 1 1 1 1 1 1 1 1 1 1 1 1 1 1 1 1 1 1 1 1 1 1 1 1 1 1 1 1 1 1 1 1 1 1 1 1 1 1 1 1 1 1 1 1 1 1 1 1 1 1 1 1 1 1 1 1 1 1 1 1 1 1 1 1 1 1 1 1 1 1 1 1 1 1 1 1 1 1 1 1 1 1 1 1 1 1 1 1 1 1 1 1 1 1 1 1 1 1 1 1 1 1 1 1 1 1 1 1 1 1 1 1 1 1 1 1 1 1 1 1 1 1 1 1 1 1 1 1 1 1 1 1 1 1 1 1 1 1 1 1 1 1 1 1 1 1 1 1 1 1 1 1 1 1 1 1 1 1 1 1 1 1 1 1 1 1 1 1 1 1 100 100 100 7 7 7 7 100 100 100 7 7 100 7 7 7 7 100 7 100 7 100 100 7 7 100 100 7 100 7 7 100 100 100 100 7 100 100 7 7 100 7 7 100 100 7 7 7 100 7 7 7 7 7 7 100 7 7 7 100 100 1 1 1 1 1 1 1 1 1 1 1 1 1 1 1 1 1 1 1 1 1 1 1 1 1 1 1 1 1 1 1 1 1 1 1 1 1 1 1 1 1 1 1 1 1 1 1 1 1 1 1 1 1 1 1 1 1 1 1 1 1 1 1 1 1 1 1 1 1 1 1 1 1 1 1 1 1 1 1 1 1 1 1 1 1 1 1 1 1 1 1 1 1 1 1 1 1 1 1 1 1 1 1 1 1 1 1 1 1 1 1 12 12 12 12 12 12 12 12 12 12 12 12 12 12 12 12 12 12 12 12 12 12 12 12 12 12 12 12 12 12 12 12 12 12 12 12 12 12 12 12 12 12 12 12 12 12 12 12 12 12 12 12 12 12 12 12 12 12 12 12 12 12 12 12 12 12 12 12 12 12 12 12 12 12 12 12 12 12 12 12 12 12 12 12 12 12 12 12 12 12 12 12 12 12 12 12 12 12 12 12 12 12 12 12 12 12 12 12 12 12 12 12 12 12 12 12 12 12 12 12 12 12 12 12 12 12 12 12 12 12 12 12 12 12 12 12 12 12 12 12 12 12 12 12 12 12 12 12 12 12 12 12 12 12 12 12 12 12 12 12 12 12 12 12 12 12 9 9 9 9 9 9 9 9 9 9 9 9 9 9 9 9 9 9 9 9 9 9 9 9 9 9 9 9 10 10 10 10 10 10 10 10 10 10 10 10 10 10 10 10 10 10 10 10 10 10 10 10 10 10 10 10 10 10 10 10 10 10 10 10 10 10 10 10 10 10 10 10 10 10 10 10 10 10 10 10 10 10 10 10 10 10 10 10 10 10 10 10 10 10 10 10 10 10 10 10 10 10 10 10 10 10 10 10 10 10 10 10 10 10 10 10 10 10 10 10 10 10 10 10 10 10 10 10 10 10 10 10 10 10 10 10 10 10 10 10 10 10 10 10 10 10 10 10 10 10 10 10 10 10 10 10 10 10 10 10 10 10 10 10 10 10 10 10 10 10 10 10 10 10 10 10 10 10 10 10 10 10 10 10 10 10 11 11 11 11 11 1 1
staticfield java/lang/ClassLoader nocerts [Ljava/security/cert/Certificate; 0 [Ljava/security/cert/Certificate;
ciInstanceKlass java/lang/System 1 1 366 8 8 8 8 8 8 8 8 8 8 8 8 8 7 1 1 1 1 1 1 1 1 1 1 1 1 1 1 1 1 1 1 1 1 1 1 1 1 1 1 1 1 1 1 1 1 1 1 1 1 1 1 1 1 1 1 1 1 1 1 1 1 1 1 1 1 1 1 1 1 1 1 1 1 1 1 1 1 1 1 1 1 1 1 1 1 1 1 1 1 1 1 1 1 1 1 1 1 1 1 1 1 1 1 1 1 1 1 1 1 1 1 1 1 1 1 1 1 1 1 1 1 1 1 1 1 1 1 1 1 1 1 1 1 1 1 1 1 1 1 1 1 1 1 1 1 1 1 1 7 7 7 7 7 100 7 100 100 100 7 100 100 7 7 100 100 7 100 100 7 7 7 7 100 100 100 7 100 7 7 7 7 7 1 1 1 1 1 1 1 1 1 1 1 1 1 1 1 1 1 1 1 1 1 1 1 1 1 1 1 1 1 1 1 1 1 1 1 1 1 1 1 1 12 12 12 12 12 12 12 12 12 12 12 12 12 12 12 12 12 12 12 12 12 12 12 12 12 12 12 12 12 12 12 12 12 12 12 12 12 12 12 12 12 12 12 12 12 12 12 12 12 12 12 12 12 12 12 12 12 12 12 12 12 12 12 12 12 12 12 12 9 9 9 9 9 9 9 9 9 9 10 10 10 10 10 10 10 10 10 10 10 10 10 10 10 10 10 10 10 10 10 10 10 10 10 10 10 10 10 10 10 10 10 10 10 10 10 10 10 10 10 10 10 10 10 10 10 10 10 10 10 10 10 10 10 10 10 10 10 10 10 10 10 11
staticfield java/lang/System in Ljava/io/InputStream; java/io/BufferedInputStream
staticfield java/lang/System out Ljava/io/PrintStream; java/io/PrintStream
staticfield java/lang/System err Ljava/io/PrintStream; java/io/PrintStream
instanceKlass io/netty/util/ResourceLeakDetector$Record
instanceKlass org/junit/Test$None
instanceKlass java/lang/Exception
instanceKlass java/lang/Error
ciInstanceKlass java/lang/Throwable 1 1 350 8 8 8 8 8 8 8 8 8 8 8 8 8 8 8 8 8 8 8 7 1 1 1 1 1 1 1 1 1 1 1 1 1 1 1 1 1 1 1 1 1 1 1 1 1 1 1 1 1 1 1 1 1 1 1 1 1 1 1 1 1 1 1 1 1 1 1 1 1 1 1 1 1 1 1 1 1 1 1 1 1 1 1 1 1 1 1 1 1 1 1 1 1 1 1 1 1 1 1 1 1 1 1 1 1 1 1 1 1 1 1 1 1 1 1 1 1 1 1 1 1 1 1 1 1 1 1 1 1 1 1 1 1 1 1 1 1 1 1 1 1 1 1 1 1 1 1 1 1 1 1 1 1 1 1 1 5 0 7 100 100 100 100 100 100 100 7 100 100 100 100 100 100 7 100 7 100 7 100 100 100 100 100 100 100 7 7 100 100 100 100 100 1 1 1 1 1 1 1 1 1 1 1 1 1 1 1 1 1 1 1 1 1 1 1 1 1 1 1 1 1 1 1 12 12 12 12 12 12 12 12 12 12 12 12 12 12 12 12 12 12 12 12 12 12 12 12 12 12 12 12 12 12 12 12 12 12 12 12 12 12 12 12 12 12 12 12 12 12 12 12 12 12 12 12 12 12 12 12 12 9 9 9 9 9 9 9 9 9 9 9 9 10 10 10 10 10 10 10 10 10 10 10 10 10 10 10 10 10 10 10 10 10 10 10 10 10 10 10 10 10 10 10 10 10 10 10 10 10 10 10 10 10 10 10 10 10 11 11 11 11 11 11 11 11 1 1 1 1
staticfield java/lang/Throwable UNASSIGNED_STACK [Ljava/lang/StackTraceElement; 0 [Ljava/lang/StackTraceElement;
staticfield java/lang/Throwable SUPPRESSED_SENTINEL Ljava/util/List; java/util/Collections$UnmodifiableRandomAccessList
staticfield java/lang/Throwable EMPTY_THROWABLE_ARRAY [Ljava/lang/Throwable; 0 [Ljava/lang/Throwable;
staticfield java/lang/Throwable $assertionsDisabled Z 1
instanceKlass com/google/common/util/concurrent/ExecutionError
instanceKlass org/apache/xerces/impl/dv/ObjectFactory$ConfigurationError
instanceKlass org/apache/xerces/parsers/ObjectFactory$ConfigurationError
instanceKlass javax/xml/parsers/FactoryConfigurationError
instanceKlass java/util/ServiceConfigurationError
instanceKlass java/lang/AssertionError
instanceKlass java/lang/VirtualMachineError
instanceKlass java/lang/LinkageError
instanceKlass java/lang/ThreadDeath
ciInstanceKlass java/lang/Error 1 1 27 1 1 1 1 1 1 1 1 1 1 5 0 100 7 1 1 12 12 12 12 12 10 10 10 10 10
ciInstanceKlass java/lang/ThreadDeath 0 0 15 1 1 1 1 1 1 1 1 5 0 100 100 12 10
instanceKlass javax/xml/datatype/DatatypeConfigurationException
instanceKlass com/netflix/client/ClientException
instanceKlass javax/management/JMException
instanceKlass com/zebra/common/ZebraException
instanceKlass java/util/concurrent/ExecutionException
instanceKlass com/alibaba/nacos/api/exception/NacosException
instanceKlass java/beans/PropertyVetoException
instanceKlass org/springframework/expression/AccessException
instanceKlass org/springframework/validation/BindException
instanceKlass java/util/concurrent/TimeoutException
instanceKlass ch/qos/logback/core/util/PropertySetterException
instanceKlass javax/naming/NamingException
instanceKlass ch/qos/logback/core/joran/spi/ActionException
instanceKlass org/apache/xerces/impl/dv/DatatypeException
instanceKlass java/beans/IntrospectionException
instanceKlass javax/xml/bind/JAXBException
instanceKlass javax/xml/parsers/ParserConfigurationException
instanceKlass javax/xml/transform/TransformerException
instanceKlass org/xml/sax/SAXException
instanceKlass java/lang/CloneNotSupportedException
instanceKlass javax/xml/stream/XMLStreamException
instanceKlass java/text/ParseException
instanceKlass java/net/URISyntaxException
instanceKlass ch/qos/logback/core/boolex/EvaluationException
instanceKlass java/security/GeneralSecurityException
instanceKlass ch/qos/logback/core/util/DynamicClassLoadingException
instanceKlass ch/qos/logback/core/util/IncompatibleClassException
instanceKlass ch/qos/logback/core/spi/ScanException
instanceKlass ch/qos/logback/core/joran/spi/JoranException
instanceKlass java/security/PrivilegedActionException
instanceKlass java/io/IOException
instanceKlass java/lang/InterruptedException
instanceKlass java/lang/ReflectiveOperationException
instanceKlass java/lang/RuntimeException
ciInstanceKlass java/lang/Exception 1 1 27 1 1 1 1 1 1 1 1 1 1 5 0 100 7 1 1 12 12 12 12 12 10 10 10 10 10
instanceKlass com/netflix/config/validation/ValidationException
instanceKlass java/util/concurrent/CompletionException
instanceKlass com/alibaba/nacos/spring/util/parse/ConfigParseException
instanceKlass com/google/common/cache/CacheLoader$InvalidCacheLoadException
instanceKlass com/google/common/util/concurrent/UncheckedExecutionException
instanceKlass java/lang/NegativeArraySizeException
instanceKlass com/alibaba/fastjson/JSONException
instanceKlass io/netty/channel/ChannelException
instanceKlass io/lettuce/core/RedisException
instanceKlass feign/FeignException
instanceKlass java/util/concurrent/RejectedExecutionException
instanceKlass com/google/gson/JsonParseException
instanceKlass org/springframework/boot/actuate/endpoint/InvalidEndpointRequestException
instanceKlass org/springframework/boot/actuate/management/HeapDumpWebEndpoint$HeapDumperUnavailableException
instanceKlass org/springframework/boot/actuate/cache/NonUniqueCacheException
instanceKlass org/apache/commons/lang/exception/NestableRuntimeException
instanceKlass org/springframework/cglib/core/ClassNameReader$EarlyExitException
instanceKlass java/lang/TypeNotPresentException
instanceKlass org/springframework/cglib/core/CodeGenerationException
instanceKlass org/springframework/objenesis/ObjenesisException
instanceKlass org/springframework/data/mapping/MappingException
instanceKlass org/springframework/context/NoSuchMessageException
instanceKlass org/springframework/boot/autoconfigure/condition/OnBeanCondition$BeanTypeDeductionException
instanceKlass org/springframework/expression/ExpressionException
instanceKlass org/springframework/boot/autoconfigure/session/NonUniqueSessionRepositoryException
instanceKlass org/springframework/boot/autoconfigure/flyway/FlywayMigrationScriptMissingException
instanceKlass org/springframework/boot/context/properties/source/InvalidConfigurationPropertyValueException
instanceKlass org/springframework/boot/web/server/WebServerException
instanceKlass org/springframework/boot/context/properties/bind/validation/BindValidationException
instanceKlass org/springframework/cloud/configuration/CompatibilityNotMetException
instanceKlass org/apache/xerces/impl/dv/DVFactoryException
instanceKlass org/apache/xerces/xni/XNIException
instanceKlass java/time/DateTimeException
instanceKlass org/yaml/snakeyaml/error/YAMLException
instanceKlass java/nio/file/FileSystemNotFoundException
instanceKlass org/springframework/boot/context/properties/bind/UnboundConfigurationPropertiesException
instanceKlass org/springframework/boot/context/properties/bind/BindException
instanceKlass java/lang/reflect/MalformedParameterizedTypeException
instanceKlass java/util/ConcurrentModificationException
instanceKlass org/apache/logging/log4j/LoggingException
instanceKlass javax/validation/ValidationException
instanceKlass java/util/MissingResourceException
instanceKlass org/springframework/boot/context/properties/source/InvalidConfigurationPropertyNameException
instanceKlass java/lang/reflect/UndeclaredThrowableException
instanceKlass org/springframework/core/NestedRuntimeException
instanceKlass ch/qos/logback/core/LogbackException
instanceKlass java/lang/SecurityException
instanceKlass java/util/NoSuchElementException
instanceKlass java/lang/UnsupportedOperationException
instanceKlass java/lang/invoke/WrongMethodTypeException
instanceKlass java/lang/IndexOutOfBoundsException
instanceKlass java/lang/IllegalStateException
instanceKlass java/lang/IllegalArgumentException
instanceKlass java/lang/ArithmeticException
instanceKlass java/lang/NullPointerException
instanceKlass java/lang/IllegalMonitorStateException
instanceKlass java/lang/ArrayStoreException
instanceKlass java/lang/ClassCastException
ciInstanceKlass java/lang/RuntimeException 1 1 27 1 1 1 1 1 1 1 1 1 1 5 0 7 100 1 1 12 12 12 12 12 10 10 10 10 10
ciInstanceKlass java/lang/SecurityManager 0 0 372 8 8 8 8 8 8 8 8 8 8 8 8 8 8 8 8 8 8 8 8 8 8 8 8 8 8 8 8 8 8 8 8 8 8 8 8 100 1 1 1 1 1 1 1 1 1 1 1 1 1 1 1 1 1 1 1 1 1 1 1 1 1 1 1 1 1 1 1 1 1 1 1 1 1 1 1 1 1 1 1 1 1 1 1 1 1 1 1 1 1 1 1 1 1 1 1 1 1 1 1 1 1 1 1 1 1 1 1 1 1 1 1 1 1 1 1 1 1 1 1 1 1 1 1 1 1 1 1 1 1 1 1 1 1 1 1 1 1 1 1 1 1 1 1 1 1 1 1 1 1 1 1 1 1 1 1 1 1 1 1 1 1 1 1 1 1 1 1 1 1 1 1 1 1 1 1 1 1 1 1 1 1 1 1 1 1 1 1 1 1 1 1 1 1 1 1 1 1 1 100 100 100 100 100 100 100 100 100 100 100 100 100 100 100 100 100 100 100 100 100 100 100 100 100 100 100 100 1 1 1 1 1 1 1 1 1 1 1 1 1 1 1 1 1 1 1 1 1 1 1 1 1 1 1 1 1 1 1 12 12 12 12 12 12 12 12 12 12 12 12 12 12 12 12 12 12 12 12 12 12 12 12 12 12 12 12 12 12 12 12 12 12 12 12 12 12 12 12 12 12 12 12 12 12 12 12 12 12 12 9 9 9 9 9 9 9 9 9 9 9 9 9 9 9 9 9 10 10 10 10 10 10 10 10 10 10 10 10 10 10 10 10 10 10 10 10 10 10 10 10 10 10 10 10 10 10 10 10 10 10 10 10 10 10 10 10 10 10 10 10 10
ciInstanceKlass java/security/ProtectionDomain 1 1 269 8 8 8 8 8 8 8 8 8 8 1 1 1 1 1 1 1 1 1 1 1 1 1 1 1 1 1 1 1 1 1 1 1 1 1 1 1 1 1 1 1 1 1 1 1 1 1 1 1 1 1 1 1 1 1 1 1 1 1 1 1 1 1 1 1 1 1 1 1 1 1 1 1 1 1 1 1 1 1 1 1 1 1 1 1 1 1 1 1 1 1 1 1 1 1 1 1 1 1 1 1 1 1 1 1 1 1 7 100 100 7 100 100 100 100 100 100 100 100 100 7 7 7 7 7 100 7 7 7 100 100 100 7 7 100 1 1 1 1 1 1 1 1 1 1 1 1 1 1 1 1 1 1 1 1 1 1 1 1 1 1 1 1 1 12 12 12 12 12 12 12 12 12 12 12 12 12 12 12 12 12 12 12 12 12 12 12 12 12 12 12 12 12 12 12 12 12 12 12 12 12 12 12 12 12 12 12 12 12 12 12 12 9 9 9 9 9 9 9 9 9 9 9 10 10 10 10 10 10 10 10 10 10 10 10 10 10 10 10 10 10 10 10 10 10 10 10 10 10 10 10 10 10 10 10 10 10 10 10 10 11 11 11 11 11 11 11 1
staticfield java/security/ProtectionDomain debug Lsun/security/util/Debug; null
ciInstanceKlass java/security/AccessControlContext 1 1 302 8 8 8 8 8 8 8 8 8 8 8 8 8 7 1 1 1 1 1 1 1 1 1 1 1 1 1 1 1 1 1 1 1 1 1 1 1 1 1 1 1 1 1 1 1 1 1 1 1 1 1 1 1 1 1 1 1 1 1 1 1 1 1 1 1 1 1 1 1 1 1 1 1 1 1 1 1 1 1 1 1 1 1 1 1 1 1 1 1 1 1 1 1 1 1 1 1 1 1 1 1 1 1 1 1 1 1 1 1 1 1 1 1 1 1 1 1 1 1 1 1 100 100 100 100 7 100 7 7 100 100 7 100 7 7 100 100 7 7 7 100 100 7 100 1 1 1 1 1 1 1 1 1 1 1 1 1 1 1 1 1 1 1 1 1 1 1 1 1 1 1 1 1 1 1 1 1 1 12 12 12 12 12 12 12 12 12 12 12 12 12 12 12 12 12 12 12 12 12 12 12 12 12 12 12 12 12 12 12 12 12 12 12 12 12 12 12 12 12 12 12 12 12 12 12 12 12 12 12 12 12 12 12 12 12 12 9 9 9 9 9 9 9 9 9 9 9 9 9 9 10 10 10 10 10 10 10 10 10 10 10 10 10 10 10 10 10 10 10 10 10 10 10 10 10 10 10 10 10 10 10 10 10 10 10 10 10 10 10 10 10 10 10 10 10 11 11 11 11 11 11
instanceKlass java/net/URLClassLoader
ciInstanceKlass java/security/SecureClassLoader 1 1 127 8 8 8 8 1 1 1 1 1 1 1 1 1 1 1 1 1 1 1 1 1 1 1 1 1 1 1 1 1 1 1 1 1 1 1 1 1 1 1 1 1 1 1 1 1 1 1 1 7 100 100 100 100 7 100 7 7 7 7 7 1 1 1 1 1 1 1 1 1 1 1 1 1 1 1 1 1 1 12 12 12 12 12 12 12 12 12 12 12 12 12 12 12 12 12 12 12 12 12 12 12 9 9 9 10 10 10 10 10 10 10 10 10 10 10 10 10 10 10 10 10 10 10 10 10 10
staticfield java/security/SecureClassLoader debug Lsun/security/util/Debug; null
instanceKlass java/lang/reflect/InvocationTargetException
instanceKlass java/lang/IllegalAccessException
instanceKlass java/lang/NoSuchFieldException
instanceKlass java/lang/InstantiationException
instanceKlass java/lang/NoSuchMethodException
instanceKlass java/lang/ClassNotFoundException
ciInstanceKlass java/lang/ReflectiveOperationException 1 1 24 1 1 1 1 1 1 1 1 1 1 5 0 7 100 1 12 12 12 12 10 10 10 10
ciInstanceKlass java/lang/ClassNotFoundException 1 1 29 1 1 1 1 1 1 1 1 1 1 1 1 1 1 5 0 100 7 100 1 1 1 12 12 12 9 10 10
instanceKlass java/lang/VerifyError
instanceKlass java/lang/ExceptionInInitializerError
instanceKlass java/lang/ClassFormatError
instanceKlass java/lang/IncompatibleClassChangeError
instanceKlass java/lang/BootstrapMethodError
instanceKlass java/lang/NoClassDefFoundError
ciInstanceKlass java/lang/LinkageError 1 1 21 1 1 1 1 1 1 1 1 1 5 0 7 100 1 12 12 12 10 10 10
ciInstanceKlass java/lang/NoClassDefFoundError 1 1 18 1 1 1 1 1 1 1 1 1 5 0 7 100 12 12 10 10
ciInstanceKlass java/lang/ClassCastException 1 1 18 1 1 1 1 1 1 1 1 1 5 0 100 100 12 12 10 10
ciInstanceKlass java/lang/ArrayStoreException 1 1 18 1 1 1 1 1 1 1 1 1 5 0 100 100 12 12 10 10
instanceKlass java/lang/InternalError
instanceKlass java/lang/StackOverflowError
instanceKlass java/lang/OutOfMemoryError
ciInstanceKlass java/lang/VirtualMachineError 1 1 24 1 1 1 1 1 1 1 1 1 1 5 0 100 100 1 12 12 12 12 10 10 10 10
instanceKlass io/netty/util/internal/OutOfDirectMemoryError
ciInstanceKlass java/lang/OutOfMemoryError 1 1 18 1 1 1 1 1 1 1 1 1 5 0 100 100 12 12 10 10
ciInstanceKlass java/lang/StackOverflowError 1 1 18 1 1 1 1 1 1 1 1 1 5 0 100 100 12 12 10 10
ciInstanceKlass java/lang/IllegalMonitorStateException 1 1 18 1 1 1 1 1 1 1 1 1 5 0 100 100 12 12 10 10
instanceKlass java/lang/ref/PhantomReference
instanceKlass java/lang/ref/FinalReference
instanceKlass java/lang/ref/WeakReference
instanceKlass java/lang/ref/SoftReference
ciInstanceKlass java/lang/ref/Reference 1 1 131 8 1 1 1 1 1 1 1 1 1 1 1 1 1 1 1 1 1 1 1 1 1 1 1 1 1 1 1 1 1 1 1 1 1 1 1 1 1 1 1 1 1 1 1 1 1 1 1 1 1 1 1 1 1 100 7 100 7 7 100 7 7 7 7 7 7 7 1 1 1 1 1 1 1 1 1 1 1 1 1 1 1 1 12 12 12 12 12 12 12 12 12 12 12 12 12 12 12 12 12 12 12 12 12 12 9 9 9 9 9 9 9 10 10 10 10 10 10 10 10 10 10 10 10 10 10 10 10 1 1
instanceKlass com/google/common/cache/LocalCache$SoftValueReference
instanceKlass org/springframework/util/ConcurrentReferenceHashMap$SoftEntryReference
instanceKlass sun/util/locale/provider/LocaleResources$ResourceReference
instanceKlass java/util/ResourceBundle$BundleReference
instanceKlass java/lang/invoke/LambdaFormEditor$Transform
instanceKlass sun/util/locale/LocaleObjectCache$CacheEntry
ciInstanceKlass java/lang/ref/SoftReference 1 1 32 1 1 1 1 1 1 1 1 1 1 1 1 1 1 100 7 7 1 1 1 1 12 12 12 12 12 9 9 10 10 10
instanceKlass java/beans/WeakIdentityMap$Entry
instanceKlass com/github/benmanes/caffeine/cache/References$WeakKeyReference
instanceKlass java/util/concurrent/ForkJoinTask$ExceptionNode
instanceKlass com/google/common/cache/LocalCache$WeakValueReference
instanceKlass io/netty/util/ResourceLeakDetector$DefaultResourceLeak
instanceKlass org/springframework/cglib/core/WeakCacheKey
instanceKlass java/lang/reflect/Proxy$Key2
instanceKlass java/util/logging/LogManager$LoggerWeakRef
instanceKlass java/lang/reflect/WeakCache$CacheValue
instanceKlass java/lang/reflect/Proxy$Key1
instanceKlass java/lang/reflect/WeakCache$CacheKey
instanceKlass java/util/ResourceBundle$LoaderReference
instanceKlass java/lang/invoke/MethodType$ConcurrentWeakInternSet$WeakEntry
instanceKlass java/lang/ClassValue$Entry
instanceKlass java/util/WeakHashMap$Entry
instanceKlass java/lang/ThreadLocal$ThreadLocalMap$Entry
ciInstanceKlass java/lang/ref/WeakReference 1 1 17 1 1 1 1 1 1 7 100 1 1 1 1 12 12 10 10
instanceKlass java/lang/ref/Finalizer
ciInstanceKlass java/lang/ref/FinalReference 1 1 13 1 1 1 1 1 100 7 1 1 1 12 10
instanceKlass sun/misc/Cleaner
ciInstanceKlass java/lang/ref/PhantomReference 1 1 16 1 1 1 1 1 1 1 1 100 7 1 1 1 12 10
ciInstanceKlass sun/misc/Cleaner 1 1 71 1 1 1 1 1 1 1 1 1 1 1 1 1 1 1 1 1 1 1 1 1 1 1 1 1 7 100 7 7 100 7 100 1 1 1 1 1 1 1 1 1 1 1 1 12 12 12 12 12 12 12 12 12 12 12 12 12 9 9 9 9 9 10 10 10 10 10 10 10 11
staticfield sun/misc/Cleaner dummyQueue Ljava/lang/ref/ReferenceQueue; java/lang/ref/ReferenceQueue
ciInstanceKlass java/lang/ref/Finalizer 1 1 147 1 1 1 1 1 1 1 1 1 1 1 1 1 1 1 1 1 1 1 1 1 1 1 1 1 1 1 1 1 1 1 1 1 1 1 1 1 1 1 1 1 1 1 1 1 1 1 1 1 1 1 1 1 1 1 1 1 1 7 7 7 7 100 7 7 100 100 100 7 7 100 7 100 1 1 1 1 1 1 1 1 1 1 1 1 1 1 1 1 1 12 12 12 12 12 12 12 12 12 12 12 12 12 12 12 12 12 12 12 12 12 12 12 12 12 12 9 9 9 9 9 10 10 10 10 10 10 10 10 10 10 10 10 10 10 10 10 10 10 10 10 10 10 10 11 1
staticfield java/lang/ref/Finalizer lock Ljava/lang/Object; java/lang/Object
instanceKlass java/lang/ref/ReferenceQueue$Null
ciInstanceKlass java/lang/ref/ReferenceQueue 1 1 127 8 7 1 1 1 1 1 1 1 1 1 1 1 1 1 1 1 1 1 1 1 1 1 1 1 1 1 1 1 1 1 1 1 1 1 1 1 1 1 1 1 1 1 1 1 1 1 1 1 1 1 1 1 5 0 100 7 100 100 7 100 100 7 7 100 7 7 100 7 1 1 1 1 1 1 1 1 1 1 1 1 1 1 1 1 12 12 12 12 12 12 12 12 12 12 12 12 12 12 12 12 12 12 12 9 9 9 9 9 9 9 9 10 10 10 10 10 10 10 10 10 10 10 10 11 1
staticfield java/lang/ref/ReferenceQueue $assertionsDisabled Z 1
instanceKlass java/util/concurrent/ForkJoinWorkerThread
instanceKlass java/util/TimerThread
instanceKlass io/lettuce/core/metrics/DefaultCommandLatencyCollector$DefaultPauseDetectorWrapper$1
instanceKlass io/netty/util/concurrent/FastThreadLocalThread
instanceKlass org/springframework/context/support/AbstractApplicationContext$1
instanceKlass java/util/logging/LogManager$Cleaner
instanceKlass java/lang/ref/Finalizer$FinalizerThread
instanceKlass java/lang/ref/Reference$ReferenceHandler
ciInstanceKlass java/lang/Thread 1 1 536 3 3 8 8 8 8 8 8 8 8 8 8 8 8 7 1 1 1 1 1 1 1 1 1 1 1 1 1 1 1 1 1 1 1 1 1 1 1 1 1 1 1 1 1 1 1 1 1 1 1 1 1 1 1 1 1 1 1 1 1 1 1 1 1 1 1 1 1 1 1 1 1 1 1 1 1 1 1 1 1 1 1 1 1 1 1 1 1 1 1 1 1 1 1 1 1 1 1 1 1 1 1 1 1 1 1 1 1 1 1 1 1 1 1 1 1 1 1 1 1 1 1 1 1 1 1 1 1 1 1 1 1 1 1 1 1 1 1 1 1 1 1 1 1 1 1 1 1 1 1 1 1 1 1 1 1 1 1 1 1 1 1 1 1 1 1 1 1 1 1 1 1 1 1 1 1 1 1 1 1 1 1 1 1 1 1 1 1 1 1 1 1 1 1 1 1 1 1 1 1 1 1 1 1 1 1 1 1 1 1 1 1 1 1 1 1 1 1 1 1 1 1 3 3 3 100 100 100 100 100 100 7 100 100 100 100 100 7 7 7 100 7 100 7 7 100 100 100 100 100 100 7 100 100 100 100 100 100 100 7 100 100 100 100 100 100 100 1 1 1 1 1 1 1 1 1 1 1 1 1 1 1 1 1 1 1 1 1 1 1 1 1 1 1 1 1 1 1 1 1 1 1 1 1 1 1 1 1 1 1 1 1 1 1 1 1 1 1 1 1 1 1 1 1 1 12 12 12 12 12 12 12 12 12 12 12 12 12 12 12 12 12 12 12 12 12 12 12 12 12 12 12 12 12 12 12 12 12 12 12 12 12 12 12 12 12 12 12 12 12 12 12 12 12 12 12 12 12 12 12 12 12 12 12 12 12 12 12 12 12 12 12 12 12 12 12 12 12 12 12 12 12 12 12 12 12 12 12 12 12 12 12 12 12 12 12 12 12 12 12 12 9 9 9 9 9 9 9 9 9 9 9 9 9 9 9 9 9 9 9 9 9 9 9 9 9 9 10 10 10 10 10 10 10 10 10 10 10 10 10 10 10 10 10 10 10 10 10 10 10 10 10 10 10 10 10 10 10 10 10 10 10 10 10 10 10 10 10 10 10 10 10 10 10 10 10 10 10 10 10 10 10 10 10 10 10 10 10 10 10 10 10 10 10 10 10 10 10 10 10 10 10 10 10 11 11 11 11 11 11 11 1 1 1 1
staticfield java/lang/Thread EMPTY_STACK_TRACE [Ljava/lang/StackTraceElement; 0 [Ljava/lang/StackTraceElement;
staticfield java/lang/Thread SUBCLASS_IMPLEMENTATION_PERMISSION Ljava/lang/RuntimePermission; java/lang/RuntimePermission
ciInstanceKlass java/lang/ThreadGroup 1 1 265 8 8 8 8 8 8 8 1 1 1 1 1 1 1 1 1 1 1 1 1 1 1 1 1 1 1 1 1 1 1 1 1 1 1 1 1 1 1 1 1 1 1 1 1 1 1 1 1 1 1 1 1 1 1 1 1 1 1 1 1 1 1 1 1 1 1 1 1 1 1 1 1 1 1 1 1 1 1 1 1 1 1 1 1 1 1 1 1 1 1 1 1 1 1 1 1 1 1 1 1 1 1 1 1 1 1 7 100 100 100 100 100 7 100 100 7 7 100 100 7 100 7 100 1 1 1 1 1 1 1 1 1 1 1 1 1 1 1 1 1 1 1 1 1 1 1 1 1 1 1 12 12 12 12 12 12 12 12 12 12 12 12 12 12 12 12 12 12 12 12 12 12 12 12 12 12 12 12 12 12 12 12 12 12 12 12 12 12 12 12 12 12 12 12 12 12 12 12 12 12 12 12 12 9 9 9 9 9 9 9 9 9 9 9 9 9 10 10 10 10 10 10 10 10 10 10 10 10 10 10 10 10 10 10 10 10 10 10 10 10 10 10 10 10 10 10 10 10 10 10 10 10 10 10 10 10 10 10 10 10 10 10 11 1
ciInstanceKlass java/util/Map 1 1 129 1 1 1 1 1 1 1 1 1 1 1 1 1 1 1 1 1 1 1 1 1 1 1 1 1 1 1 1 1 1 1 1 1 1 1 1 1 1 1 1 1 1 1 1 1 1 1 1 1 1 1 1 1 1 1 1 1 1 1 100 100 100 7 7 7 7 7 7 100 100 1 1 1 1 1 1 1 1 1 1 1 1 1 1 1 1 1 1 1 1 1 1 1 1 12 12 12 12 12 12 12 12 12 12 12 12 12 12 12 12 12 10 10 10 11 11 11 11 11 11 11 11 11 11 11 11 11 11
instanceKlass java/util/Hashtable
ciInstanceKlass java/util/Dictionary 1 1 28 1 1 1 1 1 1 1 1 1 1 1 1 1 1 1 1 1 7 100 1 1 1 1 1 1 12 10
instanceKlass java/util/Properties
ciInstanceKlass java/util/Hashtable 1 1 413 3 3 4 4 8 8 8 8 8 8 100 1 1 1 1 1 1 1 1 1 1 1 1 1 1 1 1 1 1 1 1 1 1 1 1 1 1 1 1 1 1 1 1 1 1 1 1 1 1 1 1 1 1 1 1 1 1 1 1 1 1 1 1 1 1 1 1 1 1 1 1 1 1 1 1 1 1 1 1 1 1 1 1 1 1 1 1 1 1 1 1 1 1 1 1 1 1 1 1 1 1 1 1 1 1 1 1 1 1 1 1 1 1 1 1 1 1 1 1 1 1 1 1 1 1 1 1 1 1 1 1 1 1 1 1 1 1 1 1 1 1 1 1 1 1 1 1 1 1 1 1 1 1 1 1 1 1 1 1 1 1 1 1 1 1 3 3 3 5 0 100 7 100 100 100 7 100 7 100 100 7 100 100 7 100 7 100 7 100 7 100 7 7 100 7 7 7 7 100 7 7 7 100 7 100 100 100 100 100 1 1 1 1 1 1 1 1 1 1 1 1 1 1 1 1 1 1 1 1 1 1 1 1 1 1 1 1 1 1 1 1 1 1 1 1 1 1 1 1 1 1 1 1 1 1 1 1 1 1 1 1 1 1 1 1 12 12 12 12 12 12 12 12 12 12 12 12 12 12 12 12 12 12 12 12 12 12 12 12 12 12 12 12 12 12 12 12 12 12 12 12 12 12 12 12 12 12 12 12 12 12 12 12 12 12 12 12 12 12 12 12 12 12 12 12 12 12 12 12 12 9 9 9 9 9 9 9 9 9 9 9 9 10 10 10 10 10 10 10 10 10 10 10 10 10 10 10 10 10 10 10 10 10 10 10 10 10 10 10 10 10 10 10 10 10 10 10 10 10 10 10 10 10 10 10 10 10 10 10 10 10 10 10 10 10 11 11 11 11 11 11 11 11 11 11 11 11 11 1 1 1 1
instanceKlass java/security/Provider
instanceKlass org/springframework/beans/factory/support/ManagedProperties
instanceKlass org/springframework/core/SortedProperties
ciInstanceKlass java/util/Properties 1 1 260 3 8 8 8 8 8 8 8 1 1 1 1 1 1 1 1 1 1 1 1 1 1 1 1 1 1 1 1 1 1 1 1 1 1 1 1 1 1 1 1 1 1 1 1 1 1 1 1 1 1 1 1 1 1 1 1 1 1 1 1 1 1 1 1 1 1 1 1 1 1 1 1 1 1 1 1 1 1 1 1 1 1 1 1 1 1 1 1 1 1 1 1 1 1 1 1 1 1 1 1 1 1 1 5 0 100 100 7 100 100 100 100 100 100 100 100 7 100 100 100 100 7 7 7 100 7 7 100 1 1 1 1 1 1 1 1 1 1 1 1 1 1 1 1 1 1 1 1 1 1 1 1 1 1 1 1 1 1 1 12 12 12 12 12 12 12 12 12 12 12 12 12 12 12 12 12 12 12 12 12 12 12 12 12 12 12 12 12 12 12 12 12 12 12 12 12 12 12 12 12 12 12 12 12 9 9 9 10 10 10 10 10 10 10 10 10 10 10 10 10 10 10 10 10 10 10 10 10 10 10 10 10 10 10 10 10 10 10 10 10 10 10 10 10 10 10 10 10 10 10 10 10 10 10 10 11 11 1 1
staticfield java/util/Properties hexDigit [C 16
instanceKlass java/lang/reflect/Executable
instanceKlass java/lang/reflect/Field
ciInstanceKlass java/lang/reflect/AccessibleObject 1 1 141 8 8 8 7 1 1 1 1 1 1 1 1 1 1 1 1 1 1 1 1 1 1 1 1 1 1 1 1 1 1 1 1 1 1 1 1 1 1 1 1 1 1 1 1 1 1 1 1 1 1 1 1 1 1 1 1 1 1 1 1 1 100 100 100 7 100 100 7 7 7 7 100 7 7 7 7 7 1 1 1 1 1 1 1 1 1 1 1 1 1 1 1 1 1 1 1 1 12 12 12 12 12 12 12 12 12 12 12 12 12 12 12 12 12 12 12 12 9 9 9 9 10 10 10 10 10 10 10 10 10 10 10 10 10 10 10 10 10 11 1
staticfield java/lang/reflect/AccessibleObject ACCESS_PERMISSION Ljava/security/Permission; java/lang/reflect/ReflectPermission
staticfield java/lang/reflect/AccessibleObject reflectionFactory Lsun/reflect/ReflectionFactory; sun/reflect/ReflectionFactory
ciInstanceKlass java/lang/reflect/Member 1 0 21 1 1 1 1 1 1 1 1 1 1 1 1 1 1 3 3 100 100 1 1
ciInstanceKlass java/lang/reflect/Field 1 1 359 8 8 8 8 1 1 1 1 1 1 1 1 1 1 1 1 1 1 1 1 1 1 1 1 1 1 1 1 1 1 1 1 1 1 1 1 1 1 1 1 1 1 1 1 1 1 1 1 1 1 1 1 1 1 1 1 1 1 1 1 1 1 1 1 1 1 1 1 1 1 1 1 1 1 1 1 1 1 1 1 1 1 1 1 1 1 1 1 1 1 1 1 1 1 1 1 1 1 1 1 1 1 1 1 1 1 1 1 1 1 1 1 1 1 1 1 1 1 1 1 1 1 1 1 1 1 1 1 1 1 7 100 100 7 100 100 7 7 100 100 100 7 7 7 7 7 7 7 7 100 100 100 100 7 7 7 1 1 1 1 1 1 1 1 1 1 1 1 1 1 1 1 1 1 1 1 1 1 1 1 1 1 1 1 1 1 1 1 1 1 1 1 1 1 1 1 1 1 1 1 1 1 1 1 1 1 1 1 1 1 12 12 12 12 12 12 12 12 12 12 12 12 12 12 12 12 12 12 12 12 12 12 12 12 12 12 12 12 12 12 12 12 12 12 12 12 12 12 12 12 12 12 12 12 12 12 12 12 12 12 12 12 12 12 12 12 12 12 12 12 12 12 12 12 12 12 12 12 12 12 12 9 9 9 9 9 9 9 9 9 9 9 9 9 9 9 10 10 10 10 10 10 10 10 10 10 10 10 10 10 10 10 10 10 10 10 10 10 10 10 10 10 10 10 10 10 10 10 10 10 10 10 10 10 10 10 11 11 11 11 11 11 11 11 11 11 11 11 11 11 11 11 11 11 11 11 11 1
ciInstanceKlass java/lang/reflect/Parameter 1 1 207 8 8 8 8 1 1 1 1 1 1 1 1 1 1 1 1 1 1 1 1 1 1 1 1 1 1 1 1 1 1 1 1 1 1 1 1 1 1 1 1 1 1 1 1 1 1 1 1 1 1 1 1 1 1 1 1 1 1 1 1 1 1 1 1 1 1 1 1 1 1 1 1 1 1 1 1 1 1 1 1 1 100 100 7 7 100 100 100 7 100 7 100 100 100 100 100 1 1 1 1 1 1 1 1 1 1 1 1 1 1 1 1 1 1 1 1 1 1 1 1 1 1 1 1 12 12 12 12 12 12 12 12 12 12 12 12 12 12 12 12 12 12 12 12 12 12 12 12 12 12 12 12 12 12 12 12 12 12 12 12 12 12 12 9 9 9 9 9 9 9 10 10 10 10 10 10 10 10 10 10 10 10 10 10 10 10 10 10 10 10 10 10 10 10 10 10 10 10 10 10 10 10 11 11 11 11
instanceKlass java/lang/reflect/Constructor
instanceKlass java/lang/reflect/Method
ciInstanceKlass java/lang/reflect/Executable 1 1 375 3 8 8 8 8 8 8 8 8 8 8 8 8 8 8 1 1 1 1 1 1 1 1 1 1 1 1 1 1 1 1 1 1 1 1 1 1 1 1 1 1 1 1 1 1 1 1 1 1 1 1 1 1 1 1 1 1 1 1 1 1 1 1 1 1 1 1 1 1 1 1 1 1 1 1 1 1 1 1 1 1 1 1 1 1 1 1 1 1 1 1 1 1 1 1 1 1 1 1 1 1 1 1 1 1 1 1 1 1 1 1 1 1 1 1 1 1 1 1 1 1 1 1 1 1 1 1 1 1 1 1 1 1 1 1 1 1 1 1 1 1 1 1 1 1 1 1 1 1 100 7 100 100 7 100 7 100 100 7 7 7 7 7 7 100 100 100 7 7 7 100 7 7 7 7 7 100 100 100 100 7 1 1 1 1 1 1 1 1 1 1 1 1 1 1 1 1 1 1 1 1 1 1 1 1 1 1 1 1 1 1 1 1 1 1 1 1 1 1 1 1 1 1 1 1 1 1 1 1 1 1 1 12 12 12 12 12 12 12 12 12 12 12 12 12 12 12 12 12 12 12 12 12 12 12 12 12 12 12 12 12 12 12 12 12 12 12 12 12 12 12 12 12 12 12 12 12 12 12 12 12 12 12 12 12 12 12 12 12 12 12 12 12 12 12 12 12 12 12 12 9 9 9 9 9 9 9 10 10 10 10 10 10 10 10 10 10 10 10 10 10 10 10 10 10 10 10 10 10 10 10 10 10 10 10 10 10 10 10 10 10 10 10 10 10 10 10 10 10 10 10 10 10 10 10 10 10 10 10 10 10 10 10 10 10 10 10 10 10 10 11 11 11 1
ciInstanceKlass java/lang/reflect/Method 1 1 343 8 8 8 1 1 1 1 1 1 1 1 1 1 1 1 1 1 1 1 1 1 1 1 1 1 1 1 1 1 1 1 1 1 1 1 1 1 1 1 1 1 1 1 1 1 1 1 1 1 1 1 1 1 1 1 1 1 1 1 1 1 1 1 1 1 1 1 1 1 1 1 1 1 1 1 1 1 1 1 1 1 1 1 1 1 1 1 1 1 1 1 1 1 1 1 1 1 1 1 1 1 1 1 1 1 1 1 1 1 1 1 1 1 1 1 1 1 1 1 1 1 1 1 1 1 1 1 1 1 7 7 7 100 100 7 7 7 100 7 100 7 7 7 7 7 7 7 7 7 7 7 7 7 7 7 7 1 1 1 1 1 1 1 1 1 1 1 1 1 1 1 1 1 1 1 1 1 1 1 1 1 1 1 1 1 1 1 1 1 1 1 1 1 1 1 1 1 1 1 1 1 1 1 1 12 12 12 12 12 12 12 12 12 12 12 12 12 12 12 12 12 12 12 12 12 12 12 12 12 12 12 12 12 12 12 12 12 12 12 12 12 12 12 12 12 12 12 12 12 12 12 12 12 12 12 12 12 12 12 12 12 12 12 12 12 12 12 12 12 12 12 9 9 9 9 9 9 9 9 9 9 9 9 9 9 9 9 10 10 10 10 10 10 10 10 10 10 10 10 10 10 10 10 10 10 10 10 10 10 10 10 10 10 10 10 10 10 10 10 10 10 10 10 10 10 10 10 10 10 10 10 10 10 10 10 10 10 10 10 11 11 11
ciInstanceKlass java/lang/reflect/Constructor 1 1 327 8 8 8 1 1 1 1 1 1 1 1 1 1 1 1 1 1 1 1 1 1 1 1 1 1 1 1 1 1 1 1 1 1 1 1 1 1 1 1 1 1 1 1 1 1 1 1 1 1 1 1 1 1 1 1 1 1 1 1 1 1 1 1 1 1 1 1 1 1 1 1 1 1 1 1 1 1 1 1 1 1 1 1 1 1 1 1 1 1 1 1 1 1 1 1 1 1 1 1 1 1 1 1 1 1 1 1 1 1 1 1 1 1 1 1 1 1 1 1 1 1 1 1 1 1 1 1 7 100 7 100 100 100 7 100 100 7 7 100 100 100 100 100 7 7 7 100 100 100 7 7 7 1 1 1 1 1 1 1 1 1 1 1 1 1 1 1 1 1 1 1 1 1 1 1 1 1 1 1 1 1 1 1 1 1 1 1 1 1 1 1 1 1 1 1 1 1 1 1 1 12 12 12 12 12 12 12 12 12 12 12 12 12 12 12 12 12 12 12 12 12 12 12 12 12 12 12 12 12 12 12 12 12 12 12 12 12 12 12 12 12 12 12 12 12 12 12 12 12 12 12 12 12 12 12 12 12 12 12 12 12 12 9 9 9 9 9 9 9 9 9 9 9 9 9 9 10 10 10 10 10 10 10 10 10 10 10 10 10 10 10 10 10 10 10 10 10 10 10 10 10 10 10 10 10 10 10 10 10 10 10 10 10 10 10 10 10 10 10 10 10 10 10 11 11 1
instanceKlass sun/reflect/FieldAccessorImpl
instanceKlass sun/reflect/ConstructorAccessorImpl
instanceKlass sun/reflect/MethodAccessorImpl
ciInstanceKlass sun/reflect/MagicAccessorImpl 1 1 10 1 1 1 1 1 7 100 12 10
ciInstanceKlass sun/reflect/MethodAccessor 1 0 12 1 1 1 1 1 1 1 100 100 100 100
instanceKlass sun/reflect/GeneratedMethodAccessor54
instanceKlass sun/reflect/GeneratedMethodAccessor53
instanceKlass sun/reflect/GeneratedMethodAccessor52
instanceKlass sun/reflect/GeneratedMethodAccessor51
instanceKlass sun/reflect/GeneratedMethodAccessor50
instanceKlass sun/reflect/GeneratedMethodAccessor49
instanceKlass sun/reflect/GeneratedMethodAccessor48
instanceKlass sun/reflect/GeneratedMethodAccessor47
instanceKlass sun/reflect/GeneratedMethodAccessor46
instanceKlass sun/reflect/GeneratedMethodAccessor45
instanceKlass sun/reflect/GeneratedMethodAccessor44
instanceKlass sun/reflect/GeneratedMethodAccessor43
instanceKlass sun/reflect/GeneratedMethodAccessor42
instanceKlass sun/reflect/GeneratedMethodAccessor41
instanceKlass sun/reflect/GeneratedMethodAccessor40
instanceKlass sun/reflect/GeneratedMethodAccessor39
instanceKlass sun/reflect/GeneratedMethodAccessor38
instanceKlass sun/reflect/GeneratedMethodAccessor37
instanceKlass sun/reflect/GeneratedMethodAccessor36
instanceKlass sun/reflect/GeneratedMethodAccessor35
instanceKlass sun/reflect/GeneratedMethodAccessor34
instanceKlass sun/reflect/GeneratedMethodAccessor33
instanceKlass sun/reflect/GeneratedMethodAccessor32
instanceKlass sun/reflect/GeneratedMethodAccessor31
instanceKlass sun/reflect/GeneratedMethodAccessor30
instanceKlass sun/reflect/GeneratedMethodAccessor29
instanceKlass sun/reflect/GeneratedMethodAccessor28
instanceKlass sun/reflect/GeneratedMethodAccessor27
instanceKlass sun/reflect/GeneratedMethodAccessor26
instanceKlass sun/reflect/GeneratedMethodAccessor25
instanceKlass sun/reflect/GeneratedMethodAccessor24
instanceKlass sun/reflect/GeneratedMethodAccessor23
instanceKlass sun/reflect/GeneratedMethodAccessor22
instanceKlass sun/reflect/GeneratedMethodAccessor21
instanceKlass sun/reflect/GeneratedMethodAccessor20
instanceKlass sun/reflect/GeneratedMethodAccessor19
instanceKlass sun/reflect/GeneratedMethodAccessor18
instanceKlass sun/reflect/GeneratedMethodAccessor17
instanceKlass sun/reflect/GeneratedMethodAccessor16
instanceKlass sun/reflect/GeneratedMethodAccessor15
instanceKlass sun/reflect/GeneratedMethodAccessor14
instanceKlass sun/reflect/GeneratedMethodAccessor13
instanceKlass sun/reflect/GeneratedMethodAccessor12
instanceKlass sun/reflect/GeneratedMethodAccessor11
instanceKlass sun/reflect/GeneratedMethodAccessor10
instanceKlass sun/reflect/GeneratedMethodAccessor9
instanceKlass sun/reflect/GeneratedMethodAccessor8
instanceKlass sun/reflect/GeneratedMethodAccessor7
instanceKlass sun/reflect/GeneratedMethodAccessor6
instanceKlass sun/reflect/GeneratedMethodAccessor5
instanceKlass sun/reflect/GeneratedMethodAccessor4
instanceKlass sun/reflect/GeneratedMethodAccessor3
instanceKlass sun/reflect/GeneratedMethodAccessor2
instanceKlass sun/reflect/GeneratedMethodAccessor1
instanceKlass sun/reflect/DelegatingMethodAccessorImpl
instanceKlass sun/reflect/NativeMethodAccessorImpl
ciInstanceKlass sun/reflect/MethodAccessorImpl 1 1 19 1 1 1 1 1 1 1 1 1 1 1 100 100 7 100 100 12 10
instanceKlass sun/reflect/GeneratedConstructorAccessor37
instanceKlass sun/reflect/GeneratedConstructorAccessor36
instanceKlass sun/reflect/GeneratedConstructorAccessor35
instanceKlass sun/reflect/GeneratedConstructorAccessor34
instanceKlass sun/reflect/GeneratedConstructorAccessor33
instanceKlass sun/reflect/GeneratedConstructorAccessor32
instanceKlass sun/reflect/GeneratedConstructorAccessor31
instanceKlass sun/reflect/GeneratedConstructorAccessor30
instanceKlass sun/reflect/GeneratedConstructorAccessor29
instanceKlass sun/reflect/GeneratedConstructorAccessor28
instanceKlass sun/reflect/GeneratedConstructorAccessor27
instanceKlass sun/reflect/GeneratedConstructorAccessor26
instanceKlass sun/reflect/GeneratedConstructorAccessor25
instanceKlass sun/reflect/GeneratedConstructorAccessor24
instanceKlass sun/reflect/GeneratedConstructorAccessor23
instanceKlass sun/reflect/GeneratedConstructorAccessor22
instanceKlass sun/reflect/GeneratedConstructorAccessor21
instanceKlass sun/reflect/GeneratedConstructorAccessor20
instanceKlass sun/reflect/GeneratedConstructorAccessor19
instanceKlass sun/reflect/GeneratedConstructorAccessor18
instanceKlass sun/reflect/GeneratedConstructorAccessor17
instanceKlass sun/reflect/GeneratedConstructorAccessor16
instanceKlass sun/reflect/GeneratedConstructorAccessor15
instanceKlass sun/reflect/GeneratedConstructorAccessor14
instanceKlass sun/reflect/GeneratedConstructorAccessor13
instanceKlass sun/reflect/GeneratedConstructorAccessor12
instanceKlass sun/reflect/GeneratedConstructorAccessor11
instanceKlass sun/reflect/GeneratedConstructorAccessor10
instanceKlass sun/reflect/GeneratedConstructorAccessor9
instanceKlass sun/reflect/GeneratedConstructorAccessor8
instanceKlass sun/reflect/GeneratedConstructorAccessor7
instanceKlass sun/reflect/GeneratedConstructorAccessor6
instanceKlass sun/reflect/GeneratedConstructorAccessor5
instanceKlass sun/reflect/GeneratedConstructorAccessor4
instanceKlass sun/reflect/GeneratedConstructorAccessor3
instanceKlass sun/reflect/GeneratedConstructorAccessor2
instanceKlass sun/reflect/BootstrapConstructorAccessorImpl
instanceKlass sun/reflect/GeneratedConstructorAccessor1
instanceKlass sun/reflect/DelegatingConstructorAccessorImpl
instanceKlass sun/reflect/NativeConstructorAccessorImpl
ciInstanceKlass sun/reflect/ConstructorAccessorImpl 1 1 21 1 1 1 1 1 1 1 1 1 1 1 1 100 100 100 100 100 7 12 10
ciInstanceKlass sun/reflect/DelegatingClassLoader 1 1 10 1 1 1 1 7 100 1 12 10
ciInstanceKlass sun/reflect/ConstantPool 1 1 103 8 7 1 1 1 1 1 1 1 1 1 1 1 1 1 1 1 1 1 1 1 1 1 1 1 1 1 1 1 1 1 1 1 1 1 1 1 1 1 1 1 1 1 1 1 1 1 1 100 7 7 1 1 1 1 1 1 1 1 1 1 1 1 1 1 1 1 1 12 12 12 12 12 12 12 12 12 12 12 12 12 12 12 12 12 9 10 10 10 10 10 10 10 10 10 10 10 10 10 10 10 10
instanceKlass sun/reflect/UnsafeFieldAccessorImpl
ciInstanceKlass sun/reflect/FieldAccessorImpl 1 1 53 1 1 1 1 1 1 1 1 1 1 1 1 1 1 1 1 1 1 1 1 1 1 1 1 1 1 1 1 1 1 1 1 100 100 100 100 7 1 1 1 1 1 1 1 1 1 1 1 1 1 12 10
instanceKlass sun/reflect/UnsafeIntegerFieldAccessorImpl
instanceKlass sun/reflect/UnsafeObjectFieldAccessorImpl
instanceKlass sun/reflect/UnsafeStaticFieldAccessorImpl
ciInstanceKlass sun/reflect/UnsafeFieldAccessorImpl 1 1 226 8 8 8 8 8 8 8 8 8 8 8 8 8 8 8 8 8 8 8 8 8 8 1 1 1 1 1 1 1 1 1 1 1 1 1 1 1 1 1 1 1 1 1 1 1 1 1 1 1 1 1 1 1 1 1 1 1 1 1 1 1 1 1 1 1 1 1 1 1 1 1 1 1 1 1 1 1 1 1 1 1 1 1 1 1 1 1 1 1 1 1 1 1 1 1 1 1 1 1 1 1 1 1 1 1 1 1 1 1 1 1 1 1 1 1 1 1 100 100 100 7 100 100 100 100 100 100 7 100 100 100 7 7 7 7 7 1 1 1 1 1 1 1 1 1 1 1 1 1 1 1 1 1 1 12 12 12 12 12 12 12 12 12 12 12 12 12 12 12 12 12 12 12 12 12 12 12 12 12 12 12 12 12 12 12 12 12 12 9 9 9 9 10 10 10 10 10 10 10 10 10 10 10 10 10 10 10 10 10 10 10 10 10 10 10 10 10 10 10 10 10 10 10 10 10
staticfield sun/reflect/UnsafeFieldAccessorImpl unsafe Lsun/misc/Unsafe; sun/misc/Unsafe
instanceKlass sun/reflect/UnsafeQualifiedStaticFieldAccessorImpl
instanceKlass sun/reflect/UnsafeStaticObjectFieldAccessorImpl
ciInstanceKlass sun/reflect/UnsafeStaticFieldAccessorImpl 1 1 35 8 7 1 1 1 1 1 1 1 1 1 1 1 1 1 1 7 7 7 7 1 1 1 1 12 12 12 12 12 9 9 10 10 10
ciInstanceKlass sun/reflect/CallerSensitive 0 0 15 1 1 1 1 1 1 1 100 100 100 1 1 1 1
instanceKlass java/lang/invoke/DelegatingMethodHandle
instanceKlass java/lang/invoke/BoundMethodHandle
instanceKlass java/lang/invoke/DirectMethodHandle
ciInstanceKlass java/lang/invoke/MethodHandle 1 1 435 8 8 8 8 8 8 8 8 8 8 8 8 8 7 1 1 1 1 1 1 1 1 1 1 1 1 1 1 1 1 1 1 1 1 1 1 1 1 1 1 1 1 1 1 1 1 1 1 1 1 1 1 1 1 1 1 1 1 1 1 1 1 1 1 1 1 1 1 1 1 1 1 1 1 1 1 1 1 1 1 1 1 1 1 1 1 1 1 1 1 1 1 1 1 1 1 1 1 1 1 1 1 1 1 1 1 1 1 1 1 1 1 1 1 1 1 1 1 1 1 1 1 1 1 1 1 1 1 1 1 1 1 1 1 1 1 1 1 1 1 1 1 1 1 1 1 1 1 1 1 1 1 1 1 1 1 1 1 1 1 1 1 1 1 1 1 1 1 1 100 7 100 100 100 100 7 100 100 100 7 100 100 7 7 7 100 7 7 7 7 100 100 100 7 1 1 1 1 1 1 1 1 1 1 1 1 1 1 1 1 1 1 1 1 1 1 1 1 1 1 1 1 1 1 1 1 1 1 1 1 1 1 1 1 1 1 1 1 1 1 1 1 1 1 1 1 1 1 1 1 1 1 1 1 1 1 1 1 1 1 1 12 12 12 12 12 12 12 12 12 12 12 12 12 12 12 12 12 12 12 12 12 12 12 12 12 12 12 12 12 12 12 12 12 12 12 12 12 12 12 12 12 12 12 12 12 12 12 12 12 12 12 12 12 12 12 12 12 12 12 12 12 12 12 12 12 12 12 12 12 12 12 12 12 12 12 12 12 12 12 12 12 12 12 9 9 9 9 9 9 9 9 9 9 9 9 10 10 10 10 10 10 10 10 10 10 10 10 10 10 10 10 10 10 10 10 10 10 10 10 10 10 10 10 10 10 10 10 10 10 10 10 10 10 10 10 10 10 10 10 10 10 10 10 10 10 10 10 10 10 10 10 10 10 10 10 10 10 10 10 10 10 10 10 10 10 10 10 10 10 10 11 1 1
staticfield java/lang/invoke/MethodHandle FORM_OFFSET J 20
staticfield java/lang/invoke/MethodHandle $assertionsDisabled Z 1
instanceKlass java/lang/invoke/DirectMethodHandle$Constructor
instanceKlass java/lang/invoke/DirectMethodHandle$Special
instanceKlass java/lang/invoke/DirectMethodHandle$Accessor
instanceKlass java/lang/invoke/DirectMethodHandle$Interface
ciInstanceKlass java/lang/invoke/DirectMethodHandle 1 1 698 8 8 8 8 8 8 8 8 8 8 8 8 8 8 8 8 8 8 8 8 8 7 7 7 7 7 7 7 7 7 7 7 1 1 1 1 1 1 1 1 1 1 1 1 1 1 1 1 1 1 1 1 1 1 1 1 1 1 1 1 1 1 1 1 1 1 1 1 1 1 1 1 1 1 1 1 1 1 1 1 1 1 1 1 1 1 1 1 1 1 1 1 1 1 1 1 1 1 1 1 1 1 1 1 1 1 1 1 1 1 1 1 1 1 1 1 1 1 1 1 1 1 1 1 1 1 1 1 1 1 1 1 1 1 1 1 1 1 1 1 1 1 1 1 1 1 1 1 1 1 1 1 1 1 1 1 1 1 1 1 1 1 1 1 1 1 1 1 1 1 1 1 1 1 1 1 1 1 1 1 1 1 1 1 1 1 1 1 1 1 1 1 1 1 1 1 1 1 1 1 1 1 1 1 1 1 1 1 1 1 1 1 1 1 1 1 1 1 1 1 1 1 1 1 1 1 1 1 1 1 1 1 1 1 1 1 1 1 1 1 1 1 1 1 1 1 1 1 1 1 1 1 1 1 1 1 1 1 1 1 1 100 100 7 7 7 100 7 100 7 7 100 7 7 100 7 7 7 7 7 7 100 7 7 100 7 7 100 7 7 7 100 100 100 7 7 7 7 1 1 1 1 1 1 1 1 1 1 1 1 1 1 1 1 1 1 1 1 1 1 1 1 1 1 1 1 1 1 1 1 1 1 1 1 1 1 1 1 1 1 1 1 1 1 1 1 1 1 1 1 1 1 1 1 1 1 1 1 1 1 1 1 1 1 1 1 1 1 1 1 1 1 1 1 1 1 1 12 12 12 12 12 12 12 12 12 12 12 12 12 12 12 12 12 12 12 12 12 12 12 12 12 12 12 12 12 12 12 12 12 12 12 12 12 12 12 12 12 12 12 12 12 12 12 12 12 12 12 12 12 12 12 12 12 12 12 12 12 12 12 12 12 12 12 12 12 12 12 12 12 12 12 12 12 12 12 12 12 12 12 12 12 12 12 12 12 12 12 12 12 12 12 12 12 12 12 12 12 12 12 12 12 12 12 12 12 12 12 12 12 12 12 12 12 12 12 12 12 12 12 12 12 12 12 12 12 12 12 12 12 12 12 12 12 12 12 12 12 12 12 12 12 12 12 12 12 12 12 12 9 9 9 9 9 9 9 9 9 9 9 9 9 9 9 9 9 9 9 9 9 9 9 9 9 9 9 9 9 9 9 9 9 9 9 9 10 10 10 10 10 10 10 10 10 10 10 10 10 10 10 10 10 10 10 10 10 10 10 10 10 10 10 10 10 10 10 10 10 10 10 10 10 10 10 10 10 10 10 10 10 10 10 10 10 10 10 10 10 10 10 10 10 10 10 10 10 10 10 10 10 10 10 10 10 10 10 10 10 10 10 10 10 10 10 10 10 10 10 10 10 10 10 10 10 10 10 10 10 10 10 10 10 10 10 10 10 10 10 10 10 10 10 10 10 10 10 10 10 10 10 10 10 10 10 10 10 10 10 1 1 1 1 1 1 1 1 1
staticfield java/lang/invoke/DirectMethodHandle IMPL_NAMES Ljava/lang/invoke/MemberName$Factory; java/lang/invoke/MemberName$Factory
staticfield java/lang/invoke/DirectMethodHandle ACCESSOR_FORMS [Ljava/lang/invoke/LambdaForm; 132 [Ljava/lang/invoke/LambdaForm;
staticfield java/lang/invoke/DirectMethodHandle $assertionsDisabled Z 1
ciInstanceKlass java/lang/invoke/MemberName 1 1 639 3 3 3 3 3 3 3 3 3 3 3 8 8 8 8 8 8 8 8 8 8 8 8 8 8 8 8 8 8 8 8 8 8 8 8 8 8 8 8 8 8 8 7 7 7 100 1 1 1 1 1 1 1 1 1 1 1 1 1 1 1 1 1 1 1 1 1 1 1 1 1 1 1 1 1 1 1 1 1 1 1 1 1 1 1 1 1 1 1 1 1 1 1 1 1 1 1 1 1 1 1 1 1 1 1 1 1 1 1 1 1 1 1 1 1 1 1 1 1 1 1 1 1 1 1 1 1 1 1 1 1 1 1 1 1 1 1 1 1 1 1 1 1 1 1 1 1 1 1 1 1 1 1 1 1 1 1 1 1 1 1 1 1 1 1 1 1 1 1 1 1 1 1 1 1 1 1 1 1 1 1 1 1 1 1 1 1 1 1 1 1 1 1 1 1 1 1 1 1 1 1 1 1 1 1 1 1 1 1 1 1 1 1 1 1 1 1 1 1 1 1 1 1 1 1 1 1 1 1 1 1 1 1 1 1 1 1 1 1 1 1 1 1 1 1 1 1 1 1 1 1 1 1 1 1 1 1 1 1 1 1 1 1 1 1 1 1 1 1 1 1 1 1 1 1 3 3 3 3 3 3 3 3 7 7 100 100 100 7 7 100 100 100 100 100 100 100 100 100 7 100 7 7 7 7 7 100 7 7 100 100 100 100 7 100 100 100 7 7 7 100 7 1 1 1 1 1 1 1 1 1 1 1 1 1 1 1 1 1 1 1 1 1 1 1 1 1 1 1 1 1 1 1 1 1 1 1 1 1 1 1 1 1 1 1 1 1 1 1 1 1 1 1 1 1 1 1 1 1 1 1 1 1 1 1 1 12 12 12 12 12 12 12 12 12 12 12 12 12 12 12 12 12 12 12 12 12 12 12 12 12 12 12 12 12 12 12 12 12 12 12 12 12 12 12 12 12 12 12 12 12 12 12 12 12 12 12 12 12 12 12 12 12 12 12 12 12 12 12 12 12 12 12 12 12 12 12 12 12 12 12 12 12 12 12 12 12 12 12 12 12 12 12 12 12 12 12 12 12 12 12 12 12 12 12 12 12 12 12 12 12 12 12 12 12 12 12 12 12 9 9 9 9 9 9 9 9 9 9 10 10 10 10 10 10 10 10 10 10 10 10 10 10 10 10 10 10 10 10 10 10 10 10 10 10 10 10 10 10 10 10 10 10 10 10 10 10 10 10 10 10 10 10 10 10 10 10 10 10 10 10 10 10 10 10 10 10 10 10 10 10 10 10 10 10 10 10 10 10 10 10 10 10 10 10 10 10 10 10 10 10 10 10 10 10 10 10 10 10 10 10 10 10 10 10 10 10 10 10 10 10 10 10 10 10 10 10 10 10 10 10 10 10 10 10 10 10 10 10 10 10 10 10 10 10 1 1 1
staticfield java/lang/invoke/MemberName $assertionsDisabled Z 1
ciInstanceKlass java/lang/invoke/MethodHandleNatives 1 1 424 8 8 8 8 8 8 8 8 8 8 8 8 8 8 8 8 8 8 8 8 8 8 8 8 8 8 8 8 100 100 7 7 100 1 1 1 1 1 1 1 1 1 1 1 1 1 1 1 1 1 1 1 1 1 1 1 1 1 1 1 1 1 1 1 1 1 1 1 1 1 1 1 1 1 1 1 1 1 1 1 1 1 1 1 1 1 1 1 1 1 1 1 1 1 1 1 1 1 1 1 1 1 1 1 1 1 1 1 1 1 1 1 1 1 1 1 1 1 1 1 1 1 1 1 1 1 1 1 1 1 1 1 1 1 1 1 1 1 1 1 1 1 1 1 1 1 1 1 1 1 1 1 1 1 1 1 1 1 1 1 1 1 1 1 1 1 1 1 1 1 1 1 1 1 1 1 1 1 1 1 1 1 1 1 1 1 1 1 1 1 1 1 1 1 1 1 1 1 100 100 100 100 7 100 100 100 100 100 100 100 100 100 100 100 100 100 7 100 7 100 100 100 7 7 7 7 7 7 100 7 7 100 100 1 1 1 1 1 1 1 1 1 1 1 1 1 1 1 1 1 1 1 1 1 1 1 1 1 1 1 1 1 1 1 1 1 1 1 1 1 1 1 1 1 1 1 1 1 1 1 12 12 12 12 12 12 12 12 12 12 12 12 12 12 12 12 12 12 12 12 12 12 12 12 12 12 12 12 12 12 12 12 12 12 12 12 12 12 12 12 12 12 12 12 12 12 12 12 12 12 12 12 12 12 12 12 12 12 12 12 12 12 12 12 9 9 9 9 9 9 10 10 10 10 10 10 10 10 10 10 10 10 10 10 10 10 10 10 10 10 10 10 10 10 10 10 10 10 10 10 10 10 10 10 10 10 10 10 10 10 10 10 10 10 10 10 10 10 10 10 10 10 10 10 10 10 10 10 10 10 10 10 10 10 10 10 10 10 10 10 10 1 1
staticfield java/lang/invoke/MethodHandleNatives COUNT_GWT Z 1
staticfield java/lang/invoke/MethodHandleNatives $assertionsDisabled Z 1
ciInstanceKlass java/lang/invoke/LambdaForm 1 1 964 8 8 8 8 8 8 8 8 8 8 8 8 8 8 8 8 8 8 8 8 8 8 8 8 8 8 8 8 8 8 8 8 8 8 8 8 8 8 8 8 8 8 8 8 8 8 8 8 8 8 8 8 8 8 100 7 7 1 1 1 1 1 1 1 1 1 1 1 1 1 1 1 1 1 1 1 1 1 1 1 1 1 1 1 1 1 1 1 1 1 1 1 1 1 1 1 1 1 1 1 1 1 1 1 1 1 1 1 1 1 1 1 1 1 1 1 1 1 1 1 1 1 1 1 1 1 1 1 1 1 1 1 1 1 1 1 1 1 1 1 1 1 1 1 1 1 1 1 1 1 1 1 1 1 1 1 1 1 1 1 1 1 1 1 1 1 1 1 1 1 1 1 1 1 1 1 1 1 1 1 1 1 1 1 1 1 1 1 1 1 1 1 1 1 1 1 1 1 1 1 1 1 1 1 1 1 1 1 1 1 1 1 1 1 1 1 1 1 1 1 1 1 1 1 1 1 1 1 1 1 1 1 1 1 1 1 1 1 1 1 1 1 1 1 1 1 1 1 1 1 1 1 1 1 1 1 1 1 1 1 1 1 1 1 1 1 1 1 1 1 1 1 1 1 1 1 1 1 1 1 1 1 1 1 1 1 1 1 1 1 1 1 1 1 1 1 1 1 1 1 1 1 1 1 1 1 1 1 1 1 1 1 1 1 1 1 1 1 1 1 1 1 1 1 1 1 1 1 1 1 1 1 1 1 1 1 1 1 1 1 1 1 1 1 1 1 1 1 1 1 1 1 1 1 1 1 1 1 1 1 1 1 1 1 1 1 1 1 1 1 1 1 1 1 1 1 1 1 1 1 1 1 1 1 1 1 1 1 1 1 1 1 1 1 1 3 3 3 3 8 100 100 100 100 7 7 100 100 100 7 100 100 100 100 100 100 100 100 7 7 7 100 7 7 100 100 100 7 100 7 100 100 7 7 7 7 7 100 100 7 7 7 7 100 100 7 7 7 1 1 1 1 1 1 1 1 1 1 1 1 1 1 1 1 1 1 1 1 1 1 1 1 1 1 1 1 1 1 1 1 1 1 1 1 1 1 1 1 1 1 1 1 1 1 1 1 1 1 1 1 1 1 1 1 1 1 1 1 1 1 1 1 1 1 1 1 1 1 1 1 1 1 1 1 1 1 1 1 1 1 1 1 1 1 1 1 1 1 1 1 1 1 1 1 1 1 1 1 1 1 1 1 1 1 1 1 1 1 1 1 1 1 12 12 12 12 12 12 12 12 12 12 12 12 12 12 12 12 12 12 12 12 12 12 12 12 12 12 12 12 12 12 12 12 12 12 12 12 12 12 12 12 12 12 12 12 12 12 12 12 12 12 12 12 12 12 12 12 12 12 12 12 12 12 12 12 12 12 12 12 12 12 12 12 12 12 12 12 12 12 12 12 12 12 12 12 12 12 12 12 12 12 12 12 12 12 12 12 12 12 12 12 12 12 12 12 12 12 12 12 12 12 12 12 12 12 12 12 12 12 12 12 12 12 12 12 12 12 12 12 12 12 12 12 12 12 12 12 12 12 12 12 12 12 12 12 12 12 12 12 12 12 12 12 12 12 12 12 12 12 12 12 12 12 12 12 12 12 12 12 12 12 12 12 12 12 12 12 12 12 12 12 12 12 12 12 12 12 12 12 12 12 12 9 9 9 9 9 9 9 9 9 9 9 9 9 9 9 9 9 9 9 9 9 9 9 9 9 9 9 9 9 9 9 9 9 9 9 9 9 9 9 9 10 10 10 10 10 10 10 10 10 10 10 10 10 10 10 10 10 10 10 10 10 10 10 10 10 10 10 10 10 10 10 10 10 10 10 10 10 10 10 10 10 10 10 10 10 10 10 10 10 10 10 10 10 10 10 10 10 10 10 10 10 10 10 10 10 10 10 10 10 10 10 10 10 10 10 10 10 10 10 10 10 10 10 10 10 10 10 10 10 10 10 10 10 10 10 10 10 10 10 10 10 10 10 10 10 10 10 10 10 10 10 10 10 10 10 10 10 10 10 10 10 10 10 10 10 10 10 10 10 10 10 10 10 10 10 10 10 10 10 10 10 10 10 10 10 10 10 10 10 10 10 10 10 10 10 10 10 10 10 10 11 11 11 11 11 1 1 1 1 1
staticfield java/lang/invoke/LambdaForm COMPILE_THRESHOLD I 0
staticfield java/lang/invoke/LambdaForm INTERNED_ARGUMENTS [[Ljava/lang/invoke/LambdaForm$Name; 5 [[Ljava/lang/invoke/LambdaForm$Name;
staticfield java/lang/invoke/LambdaForm IMPL_NAMES Ljava/lang/invoke/MemberName$Factory; java/lang/invoke/MemberName$Factory
staticfield java/lang/invoke/LambdaForm LF_identityForm [Ljava/lang/invoke/LambdaForm; 6 [Ljava/lang/invoke/LambdaForm;
staticfield java/lang/invoke/LambdaForm LF_zeroForm [Ljava/lang/invoke/LambdaForm; 6 [Ljava/lang/invoke/LambdaForm;
staticfield java/lang/invoke/LambdaForm NF_identity [Ljava/lang/invoke/LambdaForm$NamedFunction; 6 [Ljava/lang/invoke/LambdaForm$NamedFunction;
staticfield java/lang/invoke/LambdaForm NF_zero [Ljava/lang/invoke/LambdaForm$NamedFunction; 6 [Ljava/lang/invoke/LambdaForm$NamedFunction;
staticfield java/lang/invoke/LambdaForm DEBUG_NAME_COUNTERS Ljava/util/HashMap; null
staticfield java/lang/invoke/LambdaForm TRACE_INTERPRETER Z 0
staticfield java/lang/invoke/LambdaForm $assertionsDisabled Z 1
ciInstanceKlass java/lang/invoke/MethodType 1 1 585 8 8 8 8 8 8 8 8 8 8 8 8 7 7 7 7 1 1 1 1 1 1 1 1 1 1 1 1 1 1 1 1 1 1 1 1 1 1 1 1 1 1 1 1 1 1 1 1 1 1 1 1 1 1 1 1 1 1 1 1 1 1 1 1 1 1 1 1 1 1 1 1 1 1 1 1 1 1 1 1 1 1 1 1 1 1 1 1 1 1 1 1 1 1 1 1 1 1 1 1 1 1 1 1 1 1 1 1 1 1 1 1 1 1 1 1 1 1 1 1 1 1 1 1 1 1 1 1 1 1 1 1 1 1 1 1 1 1 1 1 1 1 1 1 1 1 1 1 1 1 1 1 1 1 1 1 1 1 1 1 1 1 1 1 1 1 1 1 1 1 1 1 1 1 1 1 1 1 1 1 1 1 1 1 1 1 1 1 1 1 1 1 1 1 1 1 1 1 1 1 1 1 1 1 1 1 1 1 1 1 1 1 3 3 3 5 0 7 100 100 100 100 7 100 100 7 100 7 100 100 100 100 100 7 7 7 7 100 7 7 7 7 7 7 7 7 7 7 100 100 7 1 1 1 1 1 1 1 1 1 1 1 1 1 1 1 1 1 1 1 1 1 1 1 1 1 1 1 1 1 1 1 1 1 1 1 1 1 1 1 1 1 1 1 1 1 1 1 1 1 1 1 1 1 1 1 1 1 1 1 1 1 1 1 1 1 1 1 1 1 1 1 1 1 1 1 1 1 1 1 1 1 1 1 1 1 1 1 1 1 1 1 1 1 1 1 1 1 1 1 1 1 1 12 12 12 12 12 12 12 12 12 12 12 12 12 12 12 12 12 12 12 12 12 12 12 12 12 12 12 12 12 12 12 12 12 12 12 12 12 12 12 12 12 12 12 12 12 12 12 12 12 12 12 12 12 12 12 12 12 12 12 12 12 12 12 12 12 12 12 12 12 12 12 12 12 12 12 12 12 12 12 12 12 12 12 12 12 12 12 12 12 12 12 12 12 12 12 12 12 12 12 12 12 12 12 12 12 12 12 12 12 12 12 9 9 9 9 9 9 9 9 9 9 9 9 9 9 9 9 9 9 10 10 10 10 10 10 10 10 10 10 10 10 10 10 10 10 10 10 10 10 10 10 10 10 10 10 10 10 10 10 10 10 10 10 10 10 10 10 10 10 10 10 10 10 10 10 10 10 10 10 10 10 10 10 10 10 10 10 10 10 10 10 10 10 10 10 10 10 10 10 10 10 10 10 10 10 10 10 10 10 10 10 10 10 10 10 10 10 10 10 10 10 10 10 10 10 10 11 11 11 11 1
staticfield java/lang/invoke/MethodType internTable Ljava/lang/invoke/MethodType$ConcurrentWeakInternSet; java/lang/invoke/MethodType$ConcurrentWeakInternSet
staticfield java/lang/invoke/MethodType NO_PTYPES [Ljava/lang/Class; 0 [Ljava/lang/Class;
staticfield java/lang/invoke/MethodType objectOnlyTypes [Ljava/lang/invoke/MethodType; 20 [Ljava/lang/invoke/MethodType;
staticfield java/lang/invoke/MethodType serialPersistentFields [Ljava/io/ObjectStreamField; 0 [Ljava/io/ObjectStreamField;
staticfield java/lang/invoke/MethodType rtypeOffset J 12
staticfield java/lang/invoke/MethodType ptypesOffset J 16
staticfield java/lang/invoke/MethodType $assertionsDisabled Z 1
ciInstanceKlass java/lang/BootstrapMethodError 0 0 35 1 1 1 1 1 1 1 1 1 1 1 1 1 1 1 1 5 0 100 100 100 100 1 1 12 12 12 12 12 10 10 10 10 10
instanceKlass java/lang/invoke/VolatileCallSite
instanceKlass java/lang/invoke/MutableCallSite
instanceKlass java/lang/invoke/ConstantCallSite
ciInstanceKlass java/lang/invoke/CallSite 1 1 308 8 8 8 8 8 8 8 8 7 7 7 7 1 1 1 1 1 1 1 1 1 1 1 1 1 1 1 1 1 1 1 1 1 1 1 1 1 1 1 1 1 1 1 1 1 1 1 1 1 1 1 1 1 1 1 1 1 1 1 1 1 1 1 1 1 1 1 1 1 1 1 1 1 1 1 1 1 1 1 1 1 1 1 1 1 1 1 1 1 1 1 1 1 1 1 1 1 1 1 1 1 1 1 1 1 1 1 1 1 1 1 1 1 1 1 1 100 7 100 100 100 100 7 100 100 100 100 100 100 7 100 7 100 7 7 100 100 7 1 1 1 1 1 1 1 1 1 1 1 1 1 1 1 1 1 1 1 1 1 1 1 1 1 1 1 1 1 1 1 1 1 1 1 1 1 1 1 1 1 1 1 12 12 12 12 12 12 12 12 12 12 12 12 12 12 12 12 12 12 12 12 12 12 12 12 12 12 12 12 12 12 12 12 12 12 12 12 12 12 12 12 12 12 12 12 12 12 12 12 12 12 12 12 12 12 12 12 12 12 12 12 9 9 9 9 9 9 10 10 10 10 10 10 10 10 10 10 10 10 10 10 10 10 10 10 10 10 10 10 10 10 10 10 10 10 10 10 10 10 10 10 10 10 10 10 10 10 10 10 10 10 10 10 10 10 10 10 10 10 10 10 10 10 10 10 10 1
staticfield java/lang/invoke/CallSite GET_TARGET Ljava/lang/invoke/MethodHandle; java/lang/invoke/DirectMethodHandle
staticfield java/lang/invoke/CallSite THROW_UCS Ljava/lang/invoke/MethodHandle; java/lang/invoke/MethodHandleImpl$AsVarargsCollector
staticfield java/lang/invoke/CallSite TARGET_OFFSET J 12
ciInstanceKlass java/lang/invoke/ConstantCallSite 1 1 39 1 1 1 1 1 1 1 1 1 1 1 1 1 1 1 1 1 1 100 100 100 7 7 1 1 12 12 12 12 12 12 9 9 10 10 10 10 10
ciInstanceKlass java/lang/invoke/MutableCallSite 0 0 54 1 1 1 1 1 1 1 1 1 1 1 1 1 1 1 1 1 1 1 1 1 1 1 100 100 100 100 1 1 1 1 1 1 12 12 12 12 12 12 12 12 12 12 9 9 10 10 10 10 10 10 10 10
ciInstanceKlass java/lang/invoke/VolatileCallSite 0 0 30 1 1 1 1 1 1 1 1 1 1 1 1 100 100 1 1 1 12 12 12 12 12 12 10 10 10 10 10 10
instanceKlass java/lang/StringBuilder
instanceKlass java/lang/StringBuffer
ciInstanceKlass java/lang/AbstractStringBuilder 1 1 315 3 3 3 8 8 8 8 8 8 8 8 8 8 8 8 8 1 1 1 1 1 1 1 1 1 1 1 1 1 1 1 1 1 1 1 1 1 1 1 1 1 1 1 1 1 1 1 1 1 1 1 1 1 1 1 1 1 1 1 1 1 1 1 1 1 1 1 1 1 1 1 1 1 1 1 1 1 1 1 1 1 1 1 1 1 1 1 1 1 1 1 1 1 1 1 1 1 1 1 1 1 1 1 1 1 1 1 1 1 1 1 1 1 1 1 1 1 1 1 1 1 1 1 1 1 1 1 1 1 1 5 0 100 7 100 7 7 100 100 7 7 7 100 7 100 100 100 7 7 100 1 1 1 1 1 1 1 1 1 1 1 1 1 1 1 1 1 1 1 1 1 1 1 1 1 1 1 1 1 1 1 1 1 1 1 1 1 1 1 1 1 1 1 12 12 12 12 12 12 12 12 12 12 12 12 12 12 12 12 12 12 12 12 12 12 12 12 12 12 12 12 12 12 12 12 12 12 12 12 12 12 12 12 12 12 12 12 12 12 12 12 12 12 12 12 12 12 12 9 9 10 10 10 10 10 10 10 10 10 10 10 10 10 10 10 10 10 10 10 10 10 10 10 10 10 10 10 10 10 10 10 10 10 10 10 10 10 10 10 10 10 10 10 10 10 10 10 10 10 10 10 10 10 10 10 10 10 10 10 10 10 10 11 11
ciInstanceKlass java/lang/StringBuffer 1 1 368 8 8 8 7 1 1 1 1 1 1 1 1 1 1 1 1 1 1 1 1 1 1 1 1 1 1 1 1 1 1 1 1 1 1 1 1 1 1 1 1 1 1 1 1 1 1 1 1 1 1 1 1 1 1 1 1 1 1 1 1 1 1 1 1 1 1 1 1 1 1 1 1 1 1 1 1 1 1 1 1 1 1 1 1 1 1 1 1 1 1 1 5 0 100 100 100 100 100 7 100 7 7 100 100 7 7 7 100 7 1 1 1 1 1 1 1 1 1 1 1 1 1 1 1 1 1 1 1 1 1 1 1 1 1 1 1 1 1 1 1 1 1 1 1 1 1 1 1 1 1 1 1 1 1 1 1 1 1 1 1 1 1 1 1 1 1 1 1 1 1 1 1 1 1 1 1 1 12 12 12 12 12 12 12 12 12 12 12 12 12 12 12 12 12 12 12 12 12 12 12 12 12 12 12 12 12 12 12 12 12 12 12 12 12 12 12 12 12 12 12 12 12 12 12 12 12 12 12 12 12 12 12 12 12 12 12 12 12 12 12 12 12 12 12 12 12 12 12 12 12 12 12 12 12 12 12 12 12 12 12 12 12 12 12 12 12 12 12 9 9 9 9 9 9 10 10 10 10 10 10 10 10 10 10 10 10 10 10 10 10 10 10 10 10 10 10 10 10 10 10 10 10 10 10 10 10 10 10 10 10 10 10 10 10 10 10 10 10 10 10 10 10 10 10 10 10 10 10 10 10 10 10 10 10 10 10 10 10 10 10 10 10 10 10 10 10 10 10 10 10 10 10 10 10 10 10 10 10 10 10 10 10 10 10 11 1 1
staticfield java/lang/StringBuffer serialPersistentFields [Ljava/io/ObjectStreamField; 3 [Ljava/io/ObjectStreamField;
ciInstanceKlass java/lang/StringBuilder 1 1 323 1 1 1 1 1 1 1 1 1 1 1 1 1 1 1 1 1 1 1 1 1 1 1 1 1 1 1 1 1 1 1 1 1 1 1 1 1 1 1 1 1 1 1 1 1 1 1 1 1 1 1 1 1 1 1 1 1 1 1 1 1 1 1 1 1 1 1 5 0 100 100 100 100 100 7 100 100 7 7 1 1 1 1 1 1 1 1 1 1 1 1 1 1 1 1 1 1 1 1 1 1 1 1 1 1 1 1 1 1 1 1 1 1 1 1 1 1 1 1 1 1 1 1 1 1 1 1 1 1 1 1 1 1 1 1 1 1 1 1 1 1 12 12 12 12 12 12 12 12 12 12 12 12 12 12 12 12 12 12 12 12 12 12 12 12 12 12 12 12 12 12 12 12 12 12 12 12 12 12 12 12 12 12 12 12 12 12 12 12 12 12 12 12 12 12 12 12 12 12 12 12 12 12 12 12 12 12 12 12 12 12 12 12 12 12 12 12 12 12 12 12 12 12 12 12 12 12 12 12 12 9 9 10 10 10 10 10 10 10 10 10 10 10 10 10 10 10 10 10 10 10 10 10 10 10 10 10 10 10 10 10 10 10 10 10 10 10 10 10 10 10 10 10 10 10 10 10 10 10 10 10 10 10 10 10 10 10 10 10 10 10 10 10 10 10 10 10 10 10 10 10 10 10 10 10 10 10 10 10 10 10 10 10 10 10 10 10 10 10 10 10 11
ciInstanceKlass sun/misc/Unsafe 1 1 386 8 8 7 7 7 7 7 7 7 7 7 7 1 1 1 1 1 1 1 1 1 1 1 1 1 1 1 1 1 1 1 1 1 1 1 1 1 1 1 1 1 1 1 1 1 1 1 1 1 1 1 1 1 1 1 1 1 1 1 1 1 1 1 1 1 1 1 1 1 1 1 1 1 1 1 1 1 1 1 1 1 1 1 1 1 1 1 1 1 1 1 1 1 1 1 1 1 1 1 1 1 1 1 1 1 1 1 1 1 1 1 1 1 1 1 1 1 1 1 1 1 1 1 1 1 1 1 1 1 1 1 1 1 1 1 1 1 1 1 1 1 1 1 1 1 1 1 1 1 1 1 1 1 1 1 1 1 1 1 1 1 1 1 1 1 1 1 1 1 1 1 1 1 1 1 1 1 1 3 100 7 100 7 7 7 7 100 100 7 7 1 1 1 1 1 1 1 1 1 1 1 1 1 1 1 1 1 1 1 1 1 1 1 1 1 1 1 1 1 1 1 1 1 1 1 1 1 1 1 1 1 1 1 1 1 1 1 1 1 1 1 1 1 1 1 1 1 1 1 1 1 1 1 1 1 1 1 1 1 12 12 12 12 12 12 12 12 12 12 12 12 12 12 12 12 12 12 12 12 12 12 12 12 12 12 12 12 12 12 12 12 12 12 12 12 12 12 12 12 12 12 12 12 12 12 12 12 12 12 12 12 12 12 12 12 12 12 12 12 12 12 9 9 9 9 9 9 9 9 9 9 9 9 9 9 9 9 9 9 9 9 10 10 10 10 10 10 10 10 10 10 10 10 10 10 10 10 10 10 10 10 10 10 10 10 10 10 10 10 10 10 10 10 10 10 10 10 10 10 10 10 10 10 10 10
staticfield sun/misc/Unsafe theUnsafe Lsun/misc/Unsafe; sun/misc/Unsafe
staticfield sun/misc/Unsafe ARRAY_BOOLEAN_BASE_OFFSET I 16
staticfield sun/misc/Unsafe ARRAY_BYTE_BASE_OFFSET I 16
staticfield sun/misc/Unsafe ARRAY_SHORT_BASE_OFFSET I 16
staticfield sun/misc/Unsafe ARRAY_CHAR_BASE_OFFSET I 16
staticfield sun/misc/Unsafe ARRAY_INT_BASE_OFFSET I 16
staticfield sun/misc/Unsafe ARRAY_LONG_BASE_OFFSET I 16
staticfield sun/misc/Unsafe ARRAY_FLOAT_BASE_OFFSET I 16
staticfield sun/misc/Unsafe ARRAY_DOUBLE_BASE_OFFSET I 16
staticfield sun/misc/Unsafe ARRAY_OBJECT_BASE_OFFSET I 16
staticfield sun/misc/Unsafe ARRAY_BOOLEAN_INDEX_SCALE I 1
staticfield sun/misc/Unsafe ARRAY_BYTE_INDEX_SCALE I 1
staticfield sun/misc/Unsafe ARRAY_SHORT_INDEX_SCALE I 2
staticfield sun/misc/Unsafe ARRAY_CHAR_INDEX_SCALE I 2
staticfield sun/misc/Unsafe ARRAY_INT_INDEX_SCALE I 4
staticfield sun/misc/Unsafe ARRAY_LONG_INDEX_SCALE I 8
staticfield sun/misc/Unsafe ARRAY_FLOAT_INDEX_SCALE I 4
staticfield sun/misc/Unsafe ARRAY_DOUBLE_INDEX_SCALE I 8
staticfield sun/misc/Unsafe ARRAY_OBJECT_INDEX_SCALE I 4
staticfield sun/misc/Unsafe ADDRESS_SIZE I 8
instanceKlass sun/net/www/protocol/http/EmptyInputStream
instanceKlass sun/net/www/http/ChunkedInputStream
instanceKlass java/io/ObjectInputStream
instanceKlass org/apache/xerces/impl/XMLEntityManager$RewindableInputStream
instanceKlass org/springframework/boot/loader/data/RandomAccessDataFile$DataInputStream
instanceKlass java/util/zip/ZipFile$ZipFileInputStream
instanceKlass java/io/FilterInputStream
instanceKlass java/io/FileInputStream
instanceKlass java/io/ByteArrayInputStream
ciInstanceKlass java/io/InputStream 1 1 58 8 1 1 1 1 1 1 1 1 1 1 1 1 1 1 1 1 1 1 1 1 1 1 1 1 1 1 1 1 1 1 1 1 1 3 5 0 100 100 100 7 100 100 100 7 12 12 12 12 12 10 10 10 10 10 10 10
ciInstanceKlass java/io/ByteArrayInputStream 1 1 59 1 1 1 1 1 1 1 1 1 1 1 1 1 1 1 1 1 1 1 1 1 1 1 1 1 1 1 1 1 1 1 1 1 1 7 100 7 100 100 100 7 1 12 12 12 12 12 12 12 9 9 9 9 10 10 10 10 10
ciInstanceKlass java/io/File 1 1 575 8 8 8 8 8 8 8 8 8 8 8 8 8 8 8 8 8 8 8 7 1 1 1 1 1 1 1 1 1 1 1 1 1 1 1 1 1 1 1 1 1 1 1 1 1 1 1 1 1 1 1 1 1 1 1 1 1 1 1 1 1 1 1 1 1 1 1 1 1 1 1 1 1 1 1 1 1 1 1 1 1 1 1 1 1 1 1 1 1 1 1 1 1 1 1 1 1 1 1 1 1 1 1 1 1 1 1 1 1 1 1 1 1 1 1 1 1 1 1 1 1 1 1 1 1 1 1 1 1 1 1 1 1 1 1 1 1 1 1 1 1 1 1 1 1 1 1 1 1 1 1 1 1 1 1 1 1 1 1 1 1 1 1 1 1 1 1 1 1 1 1 1 1 1 1 1 1 1 1 1 1 1 1 1 1 1 1 1 1 1 1 1 1 1 1 1 1 1 1 1 1 1 1 1 1 1 1 1 1 1 1 1 1 1 1 1 1 1 1 1 1 1 1 1 1 1 1 1 1 1 1 1 1 1 1 5 0 7 100 7 100 7 100 100 7 7 100 100 100 100 100 100 7 100 100 100 100 100 7 100 100 100 100 7 7 7 100 100 7 100 100 7 7 100 7 100 7 1 1 1 1 1 1 1 1 1 1 1 1 1 1 1 1 1 1 1 1 1 1 1 1 1 1 1 1 1 1 1 1 1 1 1 1 1 1 1 1 1 1 1 1 1 1 1 1 1 1 1 1 1 1 12 12 12 12 12 12 12 12 12 12 12 12 12 12 12 12 12 12 12 12 12 12 12 12 12 12 12 12 12 12 12 12 12 12 12 12 12 12 12 12 12 12 12 12 12 12 12 12 12 12 12 12 12 12 12 12 12 12 12 12 12 12 12 12 12 12 12 12 12 12 12 12 12 12 12 12 12 12 12 12 12 12 12 12 12 12 12 12 12 12 12 12 12 12 12 12 12 12 12 12 12 12 12 12 12 12 12 12 12 12 12 12 12 12 9 9 9 9 9 9 9 9 9 9 9 9 9 9 9 10 10 10 10 10 10 10 10 10 10 10 10 10 10 10 10 10 10 10 10 10 10 10 10 10 10 10 10 10 10 10 10 10 10 10 10 10 10 10 10 10 10 10 10 10 10 10 10 10 10 10 10 10 10 10 10 10 10 10 10 10 10 10 10 10 10 10 10 10 10 10 10 10 10 10 10 10 10 10 10 10 10 10 10 10 10 10 10 10 10 10 10 10 10 10 10 10 10 10 10 10 10 10 10 10 10 11 11 11 11 11 1 1 1
staticfield java/io/File fs Ljava/io/FileSystem; java/io/WinNTFileSystem
staticfield java/io/File separatorChar C 92
staticfield java/io/File separator Ljava/lang/String; "\"
staticfield java/io/File pathSeparatorChar C 59
staticfield java/io/File pathSeparator Ljava/lang/String; ";"
staticfield java/io/File PATH_OFFSET J 16
staticfield java/io/File PREFIX_LENGTH_OFFSET J 12
staticfield java/io/File UNSAFE Lsun/misc/Unsafe; sun/misc/Unsafe
staticfield java/io/File $assertionsDisabled Z 1
instanceKlass org/springframework/boot/loader/LaunchedURLClassLoader
instanceKlass sun/misc/Launcher$ExtClassLoader
instanceKlass sun/misc/Launcher$AppClassLoader
ciInstanceKlass java/net/URLClassLoader 1 1 524 8 8 8 8 8 8 8 8 8 8 8 8 1 1 1 1 1 1 1 1 1 1 1 1 1 1 1 1 1 1 1 1 1 1 1 1 1 1 1 1 1 1 1 1 1 1 1 1 1 1 1 1 1 1 1 1 1 1 1 1 1 1 1 1 1 1 1 1 1 1 1 1 1 1 1 1 1 1 1 1 1 1 1 1 1 1 1 1 1 1 1 1 1 1 1 1 1 1 1 1 1 1 1 1 1 1 1 1 1 1 1 1 1 1 1 1 1 1 1 1 1 1 1 1 1 1 1 1 1 1 1 1 1 1 1 1 1 1 1 1 1 1 1 1 1 1 1 1 1 1 1 1 1 1 1 1 1 1 1 1 1 1 1 1 1 1 1 1 1 1 1 1 1 1 1 1 1 1 1 1 1 1 1 1 1 1 1 1 1 1 1 1 100 100 7 7 100 100 100 7 7 7 100 100 7 100 100 100 7 100 7 100 7 100 7 7 7 7 7 100 100 100 7 7 100 100 100 7 7 7 7 7 7 100 100 100 7 7 7 100 7 7 7 7 7 7 100 100 1 1 1 1 1 1 1 1 1 1 1 1 1 1 1 1 1 1 1 1 1 1 1 1 1 1 1 1 1 1 1 1 1 1 1 1 1 1 1 1 1 1 1 1 1 1 1 1 1 1 1 1 1 1 1 1 1 1 1 1 1 1 1 1 1 1 1 1 1 1 12 12 12 12 12 12 12 12 12 12 12 12 12 12 12 12 12 12 12 12 12 12 12 12 12 12 12 12 12 12 12 12 12 12 12 12 12 12 12 12 12 12 12 12 12 12 12 12 12 12 12 12 12 12 12 12 12 12 12 12 12 12 12 12 12 12 12 12 12 12 12 12 12 12 12 12 12 12 12 12 12 12 12 12 12 12 12 12 12 12 12 12 12 12 12 12 12 12 9 9 9 9 9 9 9 9 9 9 9 9 10 10 10 10 10 10 10 10 10 10 10 10 10 10 10 10 10 10 10 10 10 10 10 10 10 10 10 10 10 10 10 10 10 10 10 10 10 10 10 10 10 10 10 10 10 10 10 10 10 10 10 10 10 10 10 10 10 10 10 10 10 10 10 10 10 10 10 10 10 10 10 10 10 10 10 10 10 10 10 10 10 10 10 10 10 10 11 11 11 11 11 11 11 11 11
ciInstanceKlass java/net/URL 1 1 570 8 8 8 8 8 8 8 8 8 8 8 8 8 8 8 8 8 8 8 8 8 8 8 8 8 8 7 1 1 1 1 1 1 1 1 1 1 1 1 1 1 1 1 1 1 1 1 1 1 1 1 1 1 1 1 1 1 1 1 1 1 1 1 1 1 1 1 1 1 1 1 1 1 1 1 1 1 1 1 1 1 1 1 1 1 1 1 1 1 1 1 1 1 1 1 1 1 1 1 1 1 1 1 1 1 1 1 1 1 1 1 1 1 1 1 1 1 1 1 1 1 1 1 1 1 1 1 1 1 1 1 1 1 1 1 1 1 1 1 1 1 1 1 1 1 1 1 1 1 1 1 1 1 1 1 1 1 1 1 1 1 1 1 1 1 1 1 1 1 1 1 1 1 1 1 1 1 1 1 1 1 1 1 1 1 1 1 1 1 1 1 1 1 1 1 1 1 1 1 1 1 1 1 1 1 1 1 1 1 1 1 1 1 1 1 1 1 1 1 1 1 1 1 1 1 1 1 1 1 5 0 100 100 100 100 100 100 7 100 7 7 7 7 100 7 100 7 7 100 7 7 100 100 100 7 7 100 100 7 100 7 7 7 100 100 7 7 7 100 7 7 7 100 1 1 1 1 1 1 1 1 1 1 1 1 1 1 1 1 1 1 1 1 1 1 1 1 1 1 1 1 1 1 1 1 1 1 1 1 1 1 1 1 1 1 1 1 1 1 1 1 1 1 1 1 1 1 12 12 12 12 12 12 12 12 12 12 12 12 12 12 12 12 12 12 12 12 12 12 12 12 12 12 12 12 12 12 12 12 12 12 12 12 12 12 12 12 12 12 12 12 12 12 12 12 12 12 12 12 12 12 12 12 12 12 12 12 12 12 12 12 12 12 12 12 12 12 12 12 12 12 12 12 12 12 12 12 12 12 12 12 12 12 12 12 12 12 12 12 12 12 12 12 12 12 12 12 12 12 12 12 12 12 12 12 12 12 12 12 12 9 9 9 9 9 9 9 9 9 9 9 9 9 9 9 9 9 9 9 9 9 10 10 10 10 10 10 10 10 10 10 10 10 10 10 10 10 10 10 10 10 10 10 10 10 10 10 10 10 10 10 10 10 10 10 10 10 10 10 10 10 10 10 10 10 10 10 10 10 10 10 10 10 10 10 10 10 10 10 10 10 10 10 10 10 10 10 10 10 10 10 10 10 10 10 10 10 10 10 10 10 10 10 10 10 10 10 10 10 10 10 10 10 10 10 10 10 10 10 10 10 10 10 10 10 10 10 11 1
staticfield java/net/URL serialPersistentFields [Ljava/io/ObjectStreamField; 7 [Ljava/io/ObjectStreamField;
ciInstanceKlass java/util/jar/Manifest 1 1 253 8 8 8 8 8 8 8 1 1 1 1 1 1 1 1 1 1 1 1 1 1 1 1 1 1 1 1 1 1 1 1 1 1 1 1 1 1 1 1 1 1 1 1 1 1 1 1 1 1 1 1 1 1 1 1 1 1 1 1 1 1 1 1 1 1 1 1 1 1 1 1 1 1 1 1 1 1 1 1 1 1 1 1 1 1 1 1 1 1 1 1 1 1 1 1 1 1 1 100 100 100 100 100 100 7 7 100 7 100 100 100 7 100 7 100 100 7 100 7 7 1 1 1 1 1 1 1 1 1 1 1 1 1 1 1 1 1 1 1 1 1 1 1 1 1 12 12 12 12 12 12 12 12 12 12 12 12 12 12 12 12 12 12 12 12 12 12 12 12 12 12 12 12 12 12 12 12 12 12 12 12 12 12 12 12 12 12 12 12 12 12 12 12 9 9 9 10 10 10 10 10 10 10 10 10 10 10 10 10 10 10 10 10 10 10 10 10 10 10 10 10 10 10 10 10 10 10 10 10 10 10 10 10 10 10 10 10 10 10 11 11 11 11 11 11 11 11 11 11 11 11 1
ciInstanceKlass sun/misc/Launcher 1 1 215 8 8 8 8 8 8 8 8 1 1 1 1 1 1 1 1 1 1 1 1 1 1 1 1 1 1 1 1 1 1 1 1 1 1 1 1 1 1 1 1 1 1 1 1 1 1 1 1 1 1 1 1 1 1 1 1 1 1 1 1 1 1 1 1 1 1 1 1 1 1 1 1 1 1 1 1 1 1 1 1 1 1 1 1 1 1 1 1 1 1 1 1 1 100 100 7 100 100 100 100 100 100 100 100 7 100 7 100 7 7 100 7 7 100 7 7 7 7 7 1 1 1 1 1 1 1 1 1 1 1 1 1 1 1 1 1 1 1 1 1 1 1 12 12 12 12 12 12 12 12 12 12 12 12 12 12 12 12 12 12 12 12 12 12 12 12 12 12 12 12 12 12 12 12 9 9 9 9 9 9 10 10 10 10 10 10 10 10 10 10 10 10 10 10 10 10 10 10 10 10 10 10 10 10 10 10 10 10 10 10 1 1 1 1
ciInstanceKlass sun/misc/Launcher$AppClassLoader 1 1 198 8 8 7 1 1 1 1 1 1 1 1 1 1 1 1 1 1 1 1 1 1 1 1 1 1 1 1 1 1 1 1 1 1 1 1 1 1 1 1 1 1 1 1 1 1 1 1 1 1 1 1 1 1 1 1 1 1 1 1 1 1 1 1 1 1 1 1 1 1 1 1 1 1 1 1 1 1 100 100 100 7 100 7 7 7 7 100 7 7 100 7 7 100 7 100 7 100 7 7 7 100 7 7 1 1 1 1 1 1 1 1 1 1 1 1 1 1 1 1 1 1 1 1 1 1 1 1 1 12 12 12 12 12 12 12 12 12 12 12 12 12 12 12 12 12 12 12 12 12 12 12 12 12 12 12 12 12 12 12 12 12 9 9 10 10 10 10 10 10 10 10 10 10 10 10 10 10 10 10 10 10 10 10 10 10 10 10 10 10 10 10 10 10 10 10 11 1
staticfield sun/misc/Launcher$AppClassLoader $assertionsDisabled Z 1
ciInstanceKlass sun/misc/Launcher$ExtClassLoader 1 1 240 8 8 8 7 1 1 1 1 1 1 1 1 1 1 1 1 1 1 1 1 1 1 1 1 1 1 1 1 1 1 1 1 1 1 1 1 1 1 1 1 1 1 1 1 1 1 1 1 1 1 1 1 1 1 1 1 1 1 1 1 1 1 1 1 1 1 1 1 1 1 1 1 1 1 1 1 1 1 1 1 1 1 1 1 1 1 1 1 1 1 1 1 100 100 100 100 7 7 7 100 7 7 100 100 100 7 7 100 100 100 7 100 100 100 7 7 7 7 7 100 7 7 100 1 1 1 1 1 1 1 1 1 1 1 1 1 1 1 1 1 1 1 1 1 1 1 1 1 1 1 12 12 12 12 12 12 12 12 12 12 12 12 12 12 12 12 12 12 12 12 12 12 12 12 12 12 12 12 12 12 12 12 12 12 12 12 12 12 12 12 12 12 12 9 9 10 10 10 10 10 10 10 10 10 10 10 10 10 10 10 10 10 10 10 10 10 10 10 10 10 10 10 10 10 10 10 10 10 10 10 10 10 10 10 10 10 11 11 1
ciInstanceKlass java/security/CodeSource 1 1 321 8 8 8 8 8 8 8 8 8 8 8 8 8 8 1 1 1 1 1 1 1 1 1 1 1 1 1 1 1 1 1 1 1 1 1 1 1 1 1 1 1 1 1 1 1 1 1 1 1 1 1 1 1 1 1 1 1 1 1 1 1 1 1 1 1 1 1 1 1 1 1 1 1 1 1 1 1 1 1 1 1 1 1 1 1 1 1 1 1 1 1 1 1 1 1 1 1 1 1 1 1 1 1 1 1 1 1 1 1 1 1 1 1 1 1 1 1 1 1 1 1 1 1 1 1 1 1 1 1 1 1 1 1 1 5 0 100 100 100 100 100 100 100 100 100 7 7 100 100 7 100 7 100 100 100 100 100 100 100 100 100 100 1 1 1 1 1 1 1 1 1 1 1 1 1 1 1 1 1 1 1 1 1 1 1 1 1 12 12 12 12 12 12 12 12 12 12 12 12 12 12 12 12 12 12 12 12 12 12 12 12 12 12 12 12 12 12 12 12 12 12 12 12 12 12 12 12 12 12 12 12 12 12 12 12 12 12 12 12 12 12 12 12 12 12 12 12 12 9 9 9 9 9 10 10 10 10 10 10 10 10 10 10 10 10 10 10 10 10 10 10 10 10 10 10 10 10 10 10 10 10 10 10 10 10 10 10 10 10 10 10 10 10 10 10 10 10 10 10 10 10 10 10 10 10 10 10 10 10 10 10 10 10 10 10 10 11 11 11 11
ciInstanceKlass java/lang/StackTraceElement 1 1 95 8 8 8 8 8 8 8 8 1 1 1 1 1 1 1 1 1 1 1 1 1 1 1 1 1 1 1 1 1 1 1 1 1 1 1 1 1 1 1 1 1 1 1 1 1 1 1 1 1 5 0 100 7 7 7 100 7 1 1 1 1 1 1 12 12 12 12 12 12 12 12 12 12 12 12 12 12 12 9 9 9 9 10 10 10 10 10 10 10 10 10 10 10 10
instanceKlass java/nio/LongBuffer
instanceKlass java/nio/CharBuffer
instanceKlass java/nio/ByteBuffer
ciInstanceKlass java/nio/Buffer 1 1 100 8 8 8 8 1 1 1 1 1 1 1 1 1 1 1 1 1 1 1 1 1 1 1 1 1 1 1 1 1 1 1 1 1 1 1 1 1 1 1 1 1 1 1 1 1 1 1 1 1 1 1 1 1 1 1 1 1 1 3 100 100 7 100 7 100 100 100 1 1 1 1 12 12 12 12 12 12 12 12 12 12 12 9 9 9 9 10 10 10 10 10 10 10 10 10 10 10 10 10
ciInstanceKlass java/lang/Boolean 1 1 107 8 8 8 1 1 1 1 1 1 1 1 1 1 1 1 1 1 1 1 1 1 1 1 1 1 1 1 1 1 1 1 1 1 1 1 1 1 1 1 1 1 1 1 1 1 1 1 1 1 1 1 1 1 1 1 1 1 1 5 0 100 7 7 100 100 100 7 100 7 7 1 1 1 1 1 1 1 1 12 12 12 12 12 12 12 12 12 12 12 12 12 12 9 9 9 9 10 10 10 10 10 10 10 10 10 10
staticfield java/lang/Boolean TRUE Ljava/lang/Boolean; java/lang/Boolean
staticfield java/lang/Boolean FALSE Ljava/lang/Boolean; java/lang/Boolean
staticfield java/lang/Boolean TYPE Ljava/lang/Class; java/lang/Class
ciInstanceKlass java/lang/Character 1 1 456 3 3 3 3 3 3 3 3 8 8 7 1 1 1 1 1 1 1 1 1 1 1 1 1 1 1 1 1 1 1 1 1 1 1 1 1 1 1 1 1 1 1 1 1 1 1 1 1 1 1 1 1 1 1 1 1 1 1 1 1 1 1 1 1 1 1 1 1 1 1 1 1 1 1 1 1 1 1 1 1 1 1 1 1 1 1 1 1 1 1 1 1 1 1 1 1 1 1 1 1 1 1 1 1 1 1 1 1 1 1 1 1 1 1 1 1 1 1 1 1 1 1 1 1 1 1 1 1 1 1 1 1 1 1 1 1 1 1 1 1 1 1 1 1 1 1 1 1 1 1 1 1 1 1 1 1 1 1 1 1 1 1 1 1 1 1 1 1 1 1 1 1 1 1 1 1 1 1 1 1 1 1 1 1 1 1 1 1 1 1 1 1 1 1 1 1 1 1 1 1 1 1 1 1 1 1 1 1 1 1 1 1 1 1 1 1 1 1 1 1 1 1 3 3 3 3 3 3 3 3 3 3 3 3 3 3 3 3 3 3 3 3 3 3 3 3 3 3 3 3 3 3 3 3 3 3 3 3 3 5 0 5 0 100 100 7 7 100 100 100 7 100 7 100 100 100 100 7 7 100 100 1 1 1 1 1 1 1 1 1 1 1 1 1 1 1 12 12 12 12 12 12 12 12 12 12 12 12 12 12 12 12 12 12 12 12 12 12 12 12 12 12 12 12 12 12 12 12 12 12 12 12 12 12 12 12 12 12 12 12 12 12 12 12 12 12 12 12 12 12 12 12 12 12 12 12 12 12 12 12 12 12 12 12 9 9 9 9 9 10 10 10 10 10 10 10 10 10 10 10 10 10 10 10 10 10 10 10 10 10 10 10 10 10 10 10 10 10 10 10 10 10 10 10 10 10 10 10 10 10 10 10 10 10 10 10 10 10 10 10 10 10 10 10 10 10 10 10 10 10 10 10 10 10 10 10 10 10 10 10 10 10 10 10 10 10 10 10 10 11 11 1 1 1 1
staticfield java/lang/Character TYPE Ljava/lang/Class; java/lang/Class
staticfield java/lang/Character $assertionsDisabled Z 1
instanceKlass io/prometheus/client/Striped64
instanceKlass java/util/concurrent/atomic/Striped64
instanceKlass java/math/BigDecimal
instanceKlass java/math/BigInteger
instanceKlass java/util/concurrent/atomic/AtomicLong
instanceKlass java/util/concurrent/atomic/AtomicInteger
instanceKlass java/lang/Long
instanceKlass java/lang/Integer
instanceKlass java/lang/Short
instanceKlass java/lang/Byte
instanceKlass java/lang/Double
instanceKlass java/lang/Float
ciInstanceKlass java/lang/Number 1 1 31 1 1 1 1 1 1 1 1 1 1 1 1 1 1 1 1 1 1 1 1 1 5 0 100 100 7 12 12 10 10
ciInstanceKlass java/lang/Float 1 1 166 3 3 3 4 4 4 4 8 8 8 1 1 1 1 1 1 1 1 1 1 1 1 1 1 1 1 1 1 1 1 1 1 1 1 1 1 1 1 1 1 1 1 1 1 1 1 1 1 1 1 1 1 1 1 1 1 1 1 1 1 1 1 1 1 1 1 1 1 1 1 1 1 1 1 1 1 1 1 1 1 1 1 1 1 1 1 1 1 1 1 1 1 1 1 1 1 3 3 3 3 4 4 5 0 7 100 100 7 100 7 100 100 7 1 1 1 1 1 1 1 1 1 12 12 12 12 12 12 12 12 12 12 12 12 12 12 12 12 12 12 12 12 12 9 9 10 10 10 10 10 10 10 10 10 10 10 10 10 10 10 10 10 10 10 10
staticfield java/lang/Float TYPE Ljava/lang/Class; java/lang/Class
ciInstanceKlass java/lang/Double 1 1 220 8 8 8 8 8 8 8 8 8 8 1 1 1 1 1 1 1 1 1 1 1 1 1 1 1 1 1 1 1 1 1 1 1 1 1 1 1 1 1 1 1 1 1 1 1 1 1 1 1 1 1 1 1 1 1 1 1 1 1 1 1 1 1 1 1 1 1 1 1 1 1 1 1 1 1 1 1 1 1 1 1 1 1 1 1 1 1 1 1 1 1 1 1 1 1 1 1 1 1 1 1 1 1 1 1 1 1 1 1 3 3 3 3 5 0 5 0 5 0 5 0 5 0 6 0 6 0 6 0 6 0 6 0 6 0 6 0 7 100 7 100 100 7 100 100 100 7 1 1 1 1 1 1 1 1 1 1 1 12 12 12 12 12 12 12 12 12 12 12 12 12 12 12 12 12 12 12 12 12 12 12 12 12 12 12 12 12 12 9 9 10 10 10 10 10 10 10 10 10 10 10 10 10 10 10 10 10 10 10 10 10 10 10 10 10 10 10 10 10
staticfield java/lang/Double TYPE Ljava/lang/Class; java/lang/Class
ciInstanceKlass java/lang/Byte 1 1 150 8 8 8 8 8 1 1 1 1 1 1 1 1 1 1 1 1 1 1 1 1 1 1 1 1 1 1 1 1 1 1 1 1 1 1 1 1 1 1 1 1 1 1 1 1 1 1 1 1 1 1 1 1 1 1 1 1 1 1 1 1 1 1 1 1 1 1 1 1 1 1 1 1 1 1 3 3 3 3 5 0 5 0 7 7 7 100 100 7 100 100 1 1 1 1 1 1 1 1 1 1 1 1 1 1 12 12 12 12 12 12 12 12 12 12 12 12 12 12 12 12 12 12 12 12 12 9 9 9 10 10 10 10 10 10 10 10 10 10 10 10 10 10 10 10 10 10 10 1
staticfield java/lang/Byte TYPE Ljava/lang/Class; java/lang/Class
ciInstanceKlass java/lang/Short 1 1 156 3 3 8 8 8 8 8 1 1 1 1 1 1 1 1 1 1 1 1 1 1 1 1 1 1 1 1 1 1 1 1 1 1 1 1 1 1 1 1 1 1 1 1 1 1 1 1 1 1 1 1 1 1 1 1 1 1 1 1 1 1 1 1 1 1 1 1 1 1 1 1 1 1 1 1 1 1 1 1 3 3 3 3 5 0 5 0 7 100 100 7 100 7 7 100 1 1 1 1 1 1 1 1 1 1 1 1 1 1 12 12 12 12 12 12 12 12 12 12 12 12 12 12 12 12 12 12 12 12 12 12 9 9 9 10 10 10 10 10 10 10 10 10 10 10 10 10 10 10 10 10 10 10 10 1
staticfield java/lang/Short TYPE Ljava/lang/Class; java/lang/Class
ciInstanceKlass java/lang/Integer 1 1 306 3 3 3 3 3 3 3 3 3 3 3 3 3 3 3 8 8 8 8 8 8 8 8 8 8 8 8 8 8 8 8 1 1 1 1 1 1 1 1 1 1 1 1 1 1 1 1 1 1 1 1 1 1 1 1 1 1 1 1 1 1 1 1 1 1 1 1 1 1 1 1 1 1 1 1 1 1 1 1 1 1 1 1 1 1 1 1 1 1 1 1 1 1 1 1 1 1 1 1 1 1 1 1 1 1 1 1 1 1 1 1 1 1 1 1 1 1 1 1 1 1 1 1 1 1 1 1 1 1 1 1 1 1 1 1 1 1 1 1 1 1 1 1 1 1 1 1 1 1 1 1 1 1 1 1 1 1 1 1 1 1 1 1 1 1 1 1 3 3 5 0 5 0 5 0 100 7 7 100 7 7 7 100 7 100 7 7 100 100 7 100 7 1 1 1 1 1 1 1 1 1 1 1 1 1 1 1 1 1 12 12 12 12 12 12 12 12 12 12 12 12 12 12 12 12 12 12 12 12 12 12 12 12 12 12 12 12 12 12 12 12 12 12 12 12 12 12 12 12 12 12 12 12 12 12 12 9 9 9 9 9 9 9 9 10 10 10 10 10 10 10 10 10 10 10 10 10 10 10 10 10 10 10 10 10 10 10 10 10 10 10 10 10 10 10 10 10 10 10 10 10 10 10 10 1
staticfield java/lang/Integer TYPE Ljava/lang/Class; java/lang/Class
staticfield java/lang/Integer digits [C 36
staticfield java/lang/Integer DigitTens [C 100
staticfield java/lang/Integer DigitOnes [C 100
staticfield java/lang/Integer sizeTable [I 10
ciInstanceKlass java/lang/Long 1 1 353 3 3 8 8 8 8 8 8 8 8 8 8 8 8 8 8 8 8 8 1 1 1 1 1 1 1 1 1 1 1 1 1 1 1 1 1 1 1 1 1 1 1 1 1 1 1 1 1 1 1 1 1 1 1 1 1 1 1 1 1 1 1 1 1 1 1 1 1 1 1 1 1 1 1 1 1 1 1 1 1 1 1 1 1 1 1 1 1 1 1 1 1 1 1 1 1 1 1 1 1 1 1 1 1 1 1 1 1 1 1 1 1 1 1 1 1 1 1 1 1 1 1 1 1 1 1 1 1 1 1 1 1 1 1 1 1 1 1 1 1 1 1 1 1 1 1 1 1 1 1 1 1 1 1 1 1 1 1 1 1 1 3 3 5 0 5 0 5 0 5 0 5 0 5 0 5 0 5 0 5 0 5 0 5 0 5 0 5 0 5 0 5 0 100 7 7 100 100 7 7 7 7 100 7 7 100 100 7 100 7 100 1 1 1 1 1 1 1 1 1 1 1 1 1 1 1 1 1 1 1 1 1 1 12 12 12 12 12 12 12 12 12 12 12 12 12 12 12 12 12 12 12 12 12 12 12 12 12 12 12 12 12 12 12 12 12 12 12 12 12 12 12 12 12 12 12 12 12 12 12 12 12 12 12 12 12 12 12 12 12 12 9 9 9 9 9 9 10 10 10 10 10 10 10 10 10 10 10 10 10 10 10 10 10 10 10 10 10 10 10 10 10 10 10 10 10 10 10 10 10 10 10 10 10 10 10 10 10 10 10 10 10 10 10 10 10 10 10 10 10 10 1
staticfield java/lang/Long TYPE Ljava/lang/Class; java/lang/Class
ciInstanceKlass java/lang/NullPointerException 1 1 18 1 1 1 1 1 1 1 1 1 5 0 100 100 12 12 10 10
ciInstanceKlass java/lang/ArithmeticException 1 1 18 1 1 1 1 1 1 1 1 1 5 0 100 100 12 12 10 10
ciInstanceKlass java/security/AccessController 1 1 184 8 8 8 8 8 8 8 8 1 1 1 1 1 1 1 1 1 1 1 1 1 1 1 1 1 1 1 1 1 1 1 1 1 1 1 1 1 1 1 1 1 1 1 1 1 1 1 1 1 1 1 1 1 1 1 1 1 1 1 1 1 1 1 1 1 1 1 1 100 100 100 100 100 100 7 100 7 7 100 100 100 7 7 100 1 1 1 1 1 1 1 1 1 1 1 1 1 1 1 1 1 1 1 1 1 1 1 1 1 1 1 1 1 1 1 1 12 12 12 12 12 12 12 12 12 12 12 12 12 12 12 12 12 12 12 12 12 12 12 12 12 12 12 12 12 12 12 12 12 10 10 10 10 10 10 10 10 10 10 10 10 10 10 10 10 10 10 10 10 10 10 10 10 10 10 10 10 10 10 10 10 10 10
ciInstanceKlass java/security/PrivilegedAction 1 0 10 1 1 1 1 1 1 100 100 1
ciInstanceKlass sun/reflect/ReflectionFactory$GetReflectionFactoryAction 1 1 26 1 1 1 1 1 1 1 1 1 1 1 1 7 100 7 7 1 1 12 12 12 10 10 10 1
ciInstanceKlass sun/reflect/ReflectionFactory 1 1 449 8 8 8 8 8 8 8 8 8 8 8 8 100 100 100 100 100 100 7 7 7 1 1 1 1 1 1 1 1 1 1 1 1 1 1 1 1 1 1 1 1 1 1 1 1 1 1 1 1 1 1 1 1 1 1 1 1 1 1 1 1 1 1 1 1 1 1 1 1 1 1 1 1 1 1 1 1 1 1 1 1 1 1 1 1 1 1 1 1 1 1 1 1 1 1 1 1 1 1 1 1 1 1 1 1 1 1 1 1 1 1 1 1 1 1 1 1 1 1 1 1 1 1 1 1 1 1 1 1 1 1 1 1 1 1 1 1 1 1 1 1 1 1 1 1 1 1 1 1 1 1 1 1 1 1 1 1 1 1 1 1 1 1 1 1 1 1 1 1 1 1 1 1 1 1 1 1 1 1 100 100 100 100 100 100 7 100 100 100 7 100 100 100 7 100 100 7 7 100 7 7 7 100 7 100 7 7 7 7 7 100 7 100 1 1 1 1 1 1 1 1 1 1 1 1 1 1 1 1 1 1 1 1 1 1 1 1 1 1 1 1 1 1 1 1 1 1 1 1 1 1 1 1 1 1 1 1 1 1 1 1 1 1 1 1 1 1 1 1 1 1 1 1 1 1 1 1 1 1 12 12 12 12 12 12 12 12 12 12 12 12 12 12 12 12 12 12 12 12 12 12 12 12 12 12 12 12 12 12 12 12 12 12 12 12 12 12 12 12 12 12 12 12 12 12 12 12 12 12 12 12 12 12 12 12 12 12 12 12 12 12 12 12 12 12 12 12 12 12 12 12 12 12 12 12 9 9 9 9 9 9 9 9 9 10 10 10 10 10 10 10 10 10 10 10 10 10 10 10 10 10 10 10 10 10 10 10 10 10 10 10 10 10 10 10 10 10 10 10 10 10 10 10 10 10 10 10 10 10 10 10 10 10 10 10 10 10 10 10 10 10 10 10 10 10 10 10 10 10 10 10 11 11 11 11 11 11 11 11 11 11 11 11 11 11 11 1 1
staticfield sun/reflect/ReflectionFactory reflectionFactoryAccessPerm Ljava/security/Permission; java/lang/RuntimePermission
staticfield sun/reflect/ReflectionFactory soleInstance Lsun/reflect/ReflectionFactory; sun/reflect/ReflectionFactory
ciInstanceKlass sun/reflect/Reflection 1 1 230 8 8 8 8 8 8 8 8 8 8 7 7 100 7 1 1 1 1 1 1 1 1 1 1 1 1 1 1 1 1 1 1 1 1 1 1 1 1 1 1 1 1 1 1 1 1 1 1 1 1 1 1 1 1 1 1 1 1 1 1 1 1 1 1 1 1 1 1 1 1 1 1 1 1 1 1 1 1 1 1 1 1 1 1 1 1 1 1 1 1 1 1 1 1 1 1 1 100 7 100 7 100 100 100 100 100 7 100 100 7 100 7 7 7 100 1 1 1 1 1 1 1 1 1 1 1 1 1 1 1 1 1 1 1 1 1 1 1 1 1 1 1 1 1 1 1 1 1 1 1 1 1 1 12 12 12 12 12 12 12 12 12 12 12 12 12 12 12 12 12 12 12 12 12 12 12 12 12 12 12 12 12 12 12 12 12 12 12 9 9 10 10 10 10 10 10 10 10 10 10 10 10 10 10 10 10 10 10 10 10 10 10 10 10 10 10 10 10 10 10 10 10 10 10 10 10 11 11 11
instanceKlass sun/net/www/http/KeepAliveCache
instanceKlass java/lang/ProcessEnvironment
instanceKlass java/util/LinkedHashMap
ciInstanceKlass java/util/HashMap 1 1 479 3 3 4 4 4 4 4 8 8 8 100 100 100 1 1 1 1 1 1 1 1 1 1 1 1 1 1 1 1 1 1 1 1 1 1 1 1 1 1 1 1 1 1 1 1 1 1 1 1 1 1 1 1 1 1 1 1 1 1 1 1 1 1 1 1 1 1 1 1 1 1 1 1 1 1 1 1 1 1 1 1 1 1 1 1 1 1 1 1 1 1 1 1 1 1 1 1 1 1 1 1 1 1 1 1 1 1 1 1 1 1 1 1 1 1 1 1 1 1 1 1 1 1 1 1 1 1 1 1 1 1 1 1 1 1 1 1 1 1 1 1 1 1 1 1 1 1 1 1 1 1 1 1 1 1 1 1 1 1 1 1 1 1 1 1 1 1 1 1 1 1 1 1 1 1 1 1 1 1 1 1 1 1 1 1 1 1 1 3 3 3 3 5 0 100 7 100 100 100 100 100 100 100 100 100 7 100 100 100 100 7 100 100 100 7 100 100 7 100 7 100 100 100 100 7 100 7 7 100 100 7 7 7 7 7 7 100 7 100 100 1 1 1 1 1 1 1 1 1 1 1 1 1 1 1 1 1 1 1 1 1 1 1 1 1 1 1 1 1 1 1 1 1 1 1 1 1 1 1 1 1 1 1 1 1 1 1 1 1 1 1 1 1 1 1 1 1 1 1 1 1 1 1 1 1 1 1 1 1 1 1 1 12 12 12 12 12 12 12 12 12 12 12 12 12 12 12 12 12 12 12 12 12 12 12 12 12 12 12 12 12 12 12 12 12 12 12 12 12 12 12 12 12 12 12 12 12 12 12 12 12 12 12 12 12 12 12 12 12 12 12 12 12 12 12 12 12 12 12 12 12 12 12 12 12 9 9 9 9 9 9 9 9 9 9 9 9 9 9 10 10 10 10 10 10 10 10 10 10 10 10 10 10 10 10 10 10 10 10 10 10 10 10 10 10 10 10 10 10 10 10 10 10 10 10 10 10 10 10 10 10 10 10 10 10 10 10 10 10 10 10 10 11 11 11 11 11 11 11 11 11 11 11 11 11 11 1 1 1 1 1 1 1 1 1 1 1 1
ciInstanceKlass java/lang/Class$3 1 1 53 8 8 1 1 1 1 1 1 1 1 1 1 1 1 1 1 1 1 1 1 1 1 1 1 1 1 1 1 1 7 7 7 100 7 100 1 1 12 12 12 12 12 12 12 12 9 10 10 10 10 10 10
ciInstanceKlass java/lang/Class$ReflectionData 1 1 36 1 1 1 1 1 1 1 1 1 1 1 1 1 1 1 1 1 1 1 1 1 1 1 1 100 7 7 1 1 1 12 12 9 10 1
ciInstanceKlass java/lang/Class$Atomic 1 1 99 8 8 8 8 8 7 1 1 1 1 1 1 1 1 1 1 1 1 1 1 1 1 1 1 1 1 1 1 1 1 1 1 1 1 1 1 1 1 1 1 1 1 1 1 100 7 100 100 100 100 100 7 1 1 1 1 1 1 1 1 1 1 1 1 1 1 12 12 12 12 12 12 12 12 12 12 12 12 12 12 9 9 9 9 10 10 10 10 10 10 10 10 10 10 10 1 1 1
staticfield java/lang/Class$Atomic unsafe Lsun/misc/Unsafe; sun/misc/Unsafe
staticfield java/lang/Class$Atomic reflectionDataOffset J 28
staticfield java/lang/Class$Atomic annotationTypeOffset J 48
staticfield java/lang/Class$Atomic annotationDataOffset J 44
ciInstanceKlass java/lang/reflect/Modifier 1 1 149 3 8 8 8 8 8 8 8 8 8 8 8 8 8 1 1 1 1 1 1 1 1 1 1 1 1 1 1 1 1 1 1 1 1 1 1 1 1 1 1 1 1 1 1 1 1 1 1 1 1 1 1 1 1 1 1 1 1 1 1 1 1 1 1 1 1 1 1 1 1 1 1 1 1 1 1 1 1 1 1 1 1 1 1 1 1 1 1 1 1 1 1 1 1 1 1 1 1 1 3 3 3 3 3 3 3 3 3 3 3 3 3 3 3 3 3 3 3 3 100 7 7 100 7 7 7 7 1 1 1 12 12 12 12 12 12 12 10 10 10 10 10 10 10 10 10 10 1
ciInstanceKlass sun/reflect/LangReflectAccess 1 0 44 1 1 1 1 1 1 1 1 1 1 1 1 1 1 1 1 1 1 100 100 1 1 1 1 1 1 1 1 1 1 1 1 1 1 1 1 1 1 1 1 1 1 1
ciInstanceKlass java/lang/reflect/ReflectAccess 1 1 108 1 1 1 1 1 1 1 1 1 1 1 1 1 1 1 1 1 1 1 1 1 1 1 1 1 1 1 1 1 1 1 1 1 1 1 7 7 100 7 7 100 100 1 1 1 1 1 1 1 1 1 1 1 1 1 1 1 1 1 1 1 1 1 1 1 1 1 1 1 1 1 1 1 1 1 12 12 12 12 12 12 12 12 12 12 12 12 12 12 12 12 10 10 10 10 10 10 10 10 10 10 10 10 10 10 10 10
ciInstanceKlass java/util/Arrays 1 1 797 3 8 8 8 8 8 8 8 8 100 100 100 100 100 100 7 100 100 7 1 1 1 1 1 1 1 1 1 1 1 1 1 1 1 1 1 1 1 1 1 1 1 1 1 1 1 1 1 1 1 1 1 1 1 1 1 1 1 1 1 1 1 1 1 1 1 1 1 1 1 1 1 1 1 1 1 1 1 1 1 1 1 1 1 1 1 1 1 1 1 1 1 1 1 1 1 1 1 1 1 1 1 1 1 1 1 1 1 1 1 1 1 1 1 1 1 1 1 1 1 1 1 1 1 1 1 1 1 1 1 1 1 1 1 1 1 1 1 1 1 1 1 1 1 1 1 1 1 1 1 1 1 1 1 1 1 1 1 1 1 1 1 1 1 1 1 1 1 1 1 1 1 1 1 1 1 1 1 1 1 1 1 1 1 1 1 1 1 1 1 1 1 1 1 1 1 1 1 1 1 1 1 1 1 1 1 1 1 1 1 1 1 1 1 1 1 1 1 1 1 1 1 1 1 1 1 1 1 1 1 1 1 1 1 1 1 1 1 1 1 1 1 1 1 1 1 1 1 1 1 1 1 1 1 1 1 1 1 1 1 1 1 1 1 1 1 1 1 1 1 1 1 1 3 3 100 100 100 7 7 100 100 100 7 7 100 100 7 100 100 100 7 100 100 100 100 100 7 7 100 100 100 100 100 100 100 100 100 100 100 100 100 100 100 100 100 100 7 100 7 100 100 100 100 100 100 100 7 7 100 100 100 100 100 100 7 1 1 1 1 1 1 1 1 1 1 1 1 1 1 1 1 1 1 1 1 1 1 1 1 1 1 1 1 1 1 1 1 1 1 1 1 1 1 1 1 1 1 1 1 1 1 1 1 1 1 1 1 1 1 1 1 1 1 1 1 1 1 1 1 1 1 1 1 1 1 1 1 1 1 1 1 1 1 1 1 1 1 1 1 1 1 1 1 1 1 1 1 1 1 1 1 1 1 1 1 1 1 1 1 1 1 1 1 1 1 1 1 1 1 1 1 1 1 1 1 1 1 1 1 1 1 1 1 1 1 1 1 12 12 12 12 12 12 12 12 12 12 12 12 12 12 12 12 12 12 12 12 12 12 12 12 12 12 12 12 12 12 12 12 12 12 12 12 12 12 12 12 12 12 12 12 12 12 12 12 12 12 12 12 12 12 12 12 12 12 12 12 12 12 12 12 12 12 12 12 12 12 12 12 12 12 12 12 12 12 12 12 12 12 12 12 12 12 12 12 12 12 12 12 12 12 12 12 12 12 12 12 12 12 12 12 12 12 12 12 12 12 12 12 12 12 12 12 12 12 12 12 12 12 12 12 12 12 12 12 12 12 12 12 12 12 12 12 12 12 12 12 12 12 12 9 9 10 10 10 10 10 10 10 10 10 10 10 10 10 10 10 10 10 10 10 10 10 10 10 10 10 10 10 10 10 10 10 10 10 10 10 10 10 10 10 10 10 10 10 10 10 10 10 10 10 10 10 10 10 10 10 10 10 10 10 10 10 10 10 10 10 10 10 10 10 10 10 10 10 10 10 10 10 10 10 10 10 10 10 10 10 10 10 10 10 10 10 10 10 10 10 10 10 10 10 10 10 10 10 10 10 10 10 10 10 10 10 10 10 10 10 10 10 10 10 10 10 10 10 10 10 10 10 10 10 10 10 10 10 10 10 10 10 10 10 10 10 11 11 11 11 11 11 11 11 11 11 11 11 15 15 15 15 15 16 18 18 18 18 1 1 1 1 1 1 1 1 1 1 1 1 1 1 1 1 1 1 1 1
staticfield java/util/Arrays $assertionsDisabled Z 1
instanceKlass java/lang/IllegalThreadStateException
instanceKlass org/springframework/aop/framework/adapter/UnknownAdviceTypeException
instanceKlass org/springframework/core/Constants$ConstantException
instanceKlass java/nio/charset/UnsupportedCharsetException
instanceKlass org/springframework/http/InvalidMediaTypeException
instanceKlass org/springframework/util/InvalidMimeTypeException
instanceKlass java/util/regex/PatternSyntaxException
instanceKlass java/lang/NumberFormatException
ciInstanceKlass java/lang/IllegalArgumentException 1 1 24 1 1 1 1 1 1 1 1 1 1 5 0 100 7 1 12 12 12 12 10 10 10 10
ciInstanceKlass java/lang/reflect/Array 1 1 67 1 1 1 1 1 1 1 1 1 1 1 1 1 1 1 1 1 1 1 1 1 1 1 1 1 1 1 1 1 1 1 1 100 100 100 100 7 1 1 1 1 1 1 1 1 1 1 1 1 1 1 1 1 1 1 1 1 1 1 1 12 12 12 10 10 10
ciInstanceKlass java/lang/Class$MethodArray 1 1 124 8 1 1 1 1 1 1 1 1 1 1 1 1 1 1 1 1 1 1 1 1 1 1 1 1 1 1 1 1 1 1 1 1 1 1 1 1 1 1 1 1 1 1 1 1 1 1 1 1 1 1 1 7 7 7 100 7 7 7 7 1 1 1 1 1 1 1 1 1 1 1 1 12 12 12 12 12 12 12 12 12 12 12 12 12 12 12 12 12 12 12 12 12 12 12 12 12 9 9 9 10 10 10 10 10 10 10 10 10 10 10 10 10 10 10 10 10 10 10 10 10 10 1
ciMethod java/lang/Object <init> ()V 16729 1 840485 0 0
ciMethod java/lang/Object getClass ()Ljava/lang/Class; 8193 1 1024 0 -1
ciMethod java/lang/Object clone ()Ljava/lang/Object; 6145 1 768 0 -1
ciMethod java/lang/String intern ()Ljava/lang/String; 2049 1 256 0 -1
ciMethod java/lang/Class isAssignableFrom (Ljava/lang/Class;)Z 2049 1 256 0 -1
ciMethod java/lang/Class isInterface ()Z 6145 1 768 0 -1
ciMethod java/lang/Class getSuperclass ()Ljava/lang/Class; 2049 1 256 0 -1
ciMethod java/lang/Class getInterfaces ()[Ljava/lang/Class; 17 1 5183 0 1600
ciMethod java/lang/Class getInterfaces0 ()[Ljava/lang/Class; 3081 1 385 0 -1
ciMethod java/lang/Class reflectionData ()Ljava/lang/Class$ReflectionData; 2049 1 5384 0 1312
ciMethod java/lang/Class newReflectionData (Ljava/lang/ref/SoftReference;I)Ljava/lang/Class$ReflectionData; 793 1 705 0 0
ciMethod java/lang/Class privateGetDeclaredMethods (Z)[Ljava/lang/reflect/Method; 2897 1 8680 0 1696
ciMethod java/lang/Class searchMethods ([Ljava/lang/reflect/Method;Ljava/lang/String;[Ljava/lang/Class;)Ljava/lang/reflect/Method; 2217 18841 2728 0 1440
ciMethod java/lang/Class getMethod0 (Ljava/lang/String;[Ljava/lang/Class;Z)Ljava/lang/reflect/Method; 2049 1 8144 0 0
ciMethod java/lang/Class privateGetMethodRecursive (Ljava/lang/String;[Ljava/lang/Class;ZLjava/lang/Class$MethodArray;)Ljava/lang/reflect/Method; 2049 577 8144 0 0
ciMethod java/lang/Class arrayContentsEq ([Ljava/lang/Object;[Ljava/lang/Object;)Z 2049 945 5358 0 0
ciMethod java/lang/Class getDeclaredMethods0 (Z)[Ljava/lang/reflect/Method; 2057 1 257 0 -1
ciMethod java/lang/Class getReflectionFactory ()Lsun/reflect/ReflectionFactory; 2049 1 7598 0 0
ciMethod java/lang/Class checkInitted ()V 2073 1 15173 0 0
ciMethod java/lang/Class access$300 ([Ljava/lang/Object;[Ljava/lang/Object;)Z 97 1 120 0 0
ciMethod java/lang/ref/Reference get ()Ljava/lang/Object; 11209 1 1401 0 -1
ciMethod java/lang/ref/Reference <init> (Ljava/lang/Object;)V 4097 1 33943 0 0
ciMethod java/lang/ref/Reference <init> (Ljava/lang/Object;Ljava/lang/ref/ReferenceQueue;)V 4097 1 37149 0 96
ciMethod java/lang/ref/SoftReference <init> (Ljava/lang/Object;)V 2049 1 7622 0 0
ciMethod java/lang/ref/SoftReference get ()Ljava/lang/Object; 2049 1 24740 0 96
ciMethod java/util/Map get (Ljava/lang/Object;)Ljava/lang/Object; 0 0 1 0 -1
ciMethod java/lang/reflect/AccessibleObject <init> ()V 2081 1 10661 0 0
ciMethod java/lang/reflect/Member getName ()Ljava/lang/String; 0 0 1 0 -1
ciMethod java/lang/reflect/Method <init> (Ljava/lang/Class;Ljava/lang/String;[Ljava/lang/Class;Ljava/lang/Class;[Ljava/lang/Class;IILjava/lang/String;[B[B[B)V 3793 1 5423 0 0
ciMethod java/lang/reflect/Method copy ()Ljava/lang/reflect/Method; 2257 1 5423 0 352
ciMethod java/lang/reflect/Method getDeclaringClass ()Ljava/lang/Class; 1025 1 128 0 0
ciMethod java/lang/reflect/Method getName ()Ljava/lang/String; 6481 1 810 0 0
ciMethod java/lang/reflect/Method getModifiers ()I 1321 1 165 0 0
ciMethod java/lang/reflect/Method getReturnType ()Ljava/lang/Class; 1089 1 136 0 0
ciMethod java/lang/reflect/Method getParameterTypes ()[Ljava/lang/Class; 2049 1 37240 0 256
ciMethod java/lang/reflect/Method isDefault ()Z 2113 1 16407 0 0
ciMethod java/lang/reflect/Executable <init> ()V 3073 1 9647 0 0
ciMethod sun/misc/Unsafe compareAndSwapObject (Ljava/lang/Object;JLjava/lang/Object;Ljava/lang/Object;)Z 4097 1 512 0 -1
ciMethod java/security/AccessController doPrivileged (Ljava/security/PrivilegedAction;)Ljava/lang/Object; 2049 1 256 0 -1
ciMethod sun/reflect/ReflectionFactory$GetReflectionFactoryAction <init> ()V 25 1 3 0 -1
ciMethod sun/reflect/ReflectionFactory copyMethod (Ljava/lang/reflect/Method;)Ljava/lang/reflect/Method; 2257 1 19623 0 0
ciMethod sun/reflect/ReflectionFactory langReflectAccess ()Lsun/reflect/LangReflectAccess; 2081 1 24758 0 96
ciMethod sun/reflect/Reflection filterMethods (Ljava/lang/Class;[Ljava/lang/reflect/Method;)[Ljava/lang/reflect/Method; 1249 1 1006 0 0
ciMethod sun/reflect/Reflection filter ([Ljava/lang/reflect/Member;[Ljava/lang/String;)[Ljava/lang/reflect/Member; 1521 1 1404 0 0
ciMethod java/lang/Class$3 <init> ()V 57 1 7 0 -1
ciMethod java/lang/Class$ReflectionData <init> (I)V 1817 1 705 0 0
ciMethod java/lang/Class$Atomic casReflectionData (Ljava/lang/Class;Ljava/lang/ref/SoftReference;Ljava/lang/ref/SoftReference;)Z 1817 1 705 0 0
ciMethod java/lang/reflect/Modifier isPublic (I)Z 377 1 25221 0 -1
ciMethod java/lang/reflect/Modifier isStatic (I)Z 4097 1 15692 0 64
ciMethod sun/reflect/LangReflectAccess copyMethod (Ljava/lang/reflect/Method;)Ljava/lang/reflect/Method; 0 0 1 0 -1
ciMethod java/lang/reflect/ReflectAccess copyMethod (Ljava/lang/reflect/Method;)Ljava/lang/reflect/Method; 2257 1 19623 0 0
ciMethod java/util/Arrays copyOf ([Ljava/lang/Object;I)[Ljava/lang/Object; 3073 1 11331 0 0
ciMethod java/util/Arrays copyOf ([Ljava/lang/Object;ILjava/lang/Class;)[Ljava/lang/Object; 2049 1 5455 0 -1
ciMethodData java/lang/Object <init> ()V 2 840485 orig 264 208 132 206 102 0 0 0 0 104 4 244 173 99 0 0 0 32 1 0 0 0 0 0 0 0 0 0 0 0 0 0 0 0 0 0 0 0 0 0 0 0 0 0 0 0 0 0 0 0 0 0 0 0 0 0 0 0 0 0 0 0 0 0 0 0 0 0 0 0 0 0 0 0 0 0 0 0 0 0 0 77 68 79 32 101 120 116 114 97 32 100 97 116 97 32 108 111 99 107 0 0 0 0 0 0 0 0 0 0 0 0 0 0 0 0 0 0 0 0 0 0 0 0 0 0 0 0 0 0 0 0 0 0 0 0 0 0 0 0 0 0 0 0 0 0 0 0 0 0 0 0 0 0 0 0 0 0 0 0 0 0 0 0 0 0 0 0 0 0 0 0 0 0 0 0 0 0 0 0 0 0 0 0 0 1 0 0 0 0 0 0 0 1 0 0 0 0 0 0 0 1 0 0 0 0 0 0 0 0 0 0 0 0 0 0 0 0 2 0 0 209 87 102 0 1 0 0 0 0 0 0 0 0 0 0 0 2 0 0 0 0 0 3 0 1 0 0 0 0 0 0 0 255 255 255 255 0 0 0 0 0 0 0 0 data 0 oops 0
ciMethod java/lang/reflect/Array newInstance (Ljava/lang/Class;I)Ljava/lang/Object; 2433 1 10014 0 -1
ciMethod java/lang/Class$MethodArray <init> (I)V 3073 1 5658 0 288
ciMethod java/lang/Class$MethodArray hasDefaults ()Z 3113 1 1799 0 0
ciMethod java/lang/Class$MethodArray add (Ljava/lang/reflect/Method;)V 2217 1 5413 0 640
ciMethod java/lang/Class$MethodArray get (I)Ljava/lang/reflect/Method; 2233 1 13486 0 0
ciMethod java/lang/Class$MethodArray getFirst ()Ljava/lang/reflect/Method; 1033 1777 1351 0 0
ciMethod java/lang/Class$MethodArray remove (I)V 393 1 311 0 -1
ciMethod java/lang/Class$MethodArray matchesNameAndDescriptor (Ljava/lang/reflect/Method;Ljava/lang/reflect/Method;)Z 2417 1 5479 0 576
ciMethod java/lang/Class$MethodArray removeLessSpecifics ()V 1497 97 1799 0 0
ciMethod java/lang/Class$MethodArray hasMoreSpecificClass (Ljava/lang/reflect/Method;Ljava/lang/reflect/Method;)Z 0 0 1 0 -1
ciMethodData java/lang/ref/Reference <init> (Ljava/lang/Object;Ljava/lang/ref/ReferenceQueue;)V 2 37149 orig 264 208 132 206 102 0 0 0 0 128 107 246 173 99 0 0 0 120 1 0 0 0 0 0 0 0 0 0 0 0 0 0 0 0 0 0 0 0 0 0 0 0 0 0 0 0 0 0 0 0 0 0 0 0 0 0 0 0 0 0 0 0 0 0 0 0 0 0 0 0 0 0 0 0 0 0 0 0 0 0 0 77 68 79 32 101 120 116 114 97 32 100 97 116 97 32 108 111 99 107 0 0 0 0 0 0 0 0 0 0 0 0 0 0 0 0 0 0 0 0 0 0 0 0 0 0 0 0 0 0 0 0 0 0 0 0 0 0 0 0 0 0 0 0 0 0 0 0 0 0 0 0 0 0 0 0 0 0 0 0 0 0 0 0 0 0 0 0 0 0 0 0 0 0 0 0 0 0 0 0 0 0 0 0 0 1 0 0 0 0 0 0 0 0 0 0 0 0 0 0 0 1 0 0 0 0 0 0 0 0 0 0 0 0 0 0 0 0 2 0 0 233 120 4 0 1 0 0 0 0 0 0 0 0 0 0 0 2 0 0 0 0 0 6 0 2 0 0 0 72 0 0 0 255 255 255 255 2 0 1 0 0 0 0 0 data 9 0x10002 0x8f1d 0xb0007 0x32f6 0x38 0x5c27 0x110003 0x5c27 0x18 oops 0
ciMethodData java/lang/ref/Reference <init> (Ljava/lang/Object;)V 2 33943 orig 264 208 132 206 102 0 0 0 0 216 106 246 173 99 0 0 0 56 1 0 0 0 0 0 0 0 0 0 0 0 0 0 0 0 0 0 0 0 0 0 0 0 0 0 0 0 0 0 0 0 0 0 0 0 0 0 0 0 0 0 0 0 0 0 0 0 0 0 0 0 0 0 0 0 0 0 0 0 0 0 0 77 68 79 32 101 120 116 114 97 32 100 97 116 97 32 108 111 99 107 0 0 0 0 0 0 0 0 0 0 0 0 0 0 0 0 0 0 0 0 0 0 0 0 0 0 0 0 0 0 0 0 0 0 0 0 0 0 0 0 0 0 0 0 0 0 0 0 0 0 0 0 0 0 0 0 0 0 0 0 0 0 0 0 0 0 0 0 0 0 0 0 0 0 0 0 0 0 0 0 0 0 0 0 0 17 0 0 0 0 0 0 0 0 0 0 0 0 0 0 0 0 0 0 0 0 0 0 0 0 0 0 0 0 0 0 0 0 2 0 0 185 20 4 0 1 0 0 0 0 0 0 0 0 0 0 0 2 0 0 0 0 0 0 0 0 0 0 0 16 0 0 0 255 255 255 255 2 0 3 0 0 0 0 0 data 2 0x30002 0x8297 oops 0
ciMethodData java/lang/reflect/Modifier isStatic (I)Z 2 15694 orig 264 208 132 206 102 0 0 0 0 184 112 4 174 99 0 0 0 88 1 0 0 0 0 0 0 0 0 0 0 0 0 0 0 0 0 0 0 0 0 0 0 0 0 0 0 0 0 0 0 0 0 0 0 0 0 0 0 0 0 0 0 0 0 0 0 0 0 0 0 0 0 0 0 0 0 0 0 0 0 0 0 77 68 79 32 101 120 116 114 97 32 100 97 116 97 32 108 111 99 107 0 0 0 0 0 0 0 0 0 0 0 0 0 0 0 0 0 0 0 0 0 0 0 0 0 0 0 0 0 0 0 0 0 0 0 0 0 0 0 0 0 0 0 0 0 0 0 0 0 0 0 0 0 0 0 0 0 0 0 0 0 0 0 0 0 0 0 0 0 0 0 0 0 0 0 0 0 0 0 0 0 0 0 0 0 0 0 0 0 0 0 0 0 0 0 0 0 0 0 0 0 0 0 0 0 0 0 0 0 0 0 0 0 0 0 0 0 0 2 0 0 113 218 1 0 1 0 0 0 0 0 0 0 0 0 0 0 2 0 0 0 0 0 6 0 2 0 0 0 56 0 0 0 255 255 255 255 7 0 4 0 0 0 0 0 data 7 0x40007 0x328a 0x38 0x8c4 0x80003 0x8c4 0x18 oops 0
ciMethodData java/lang/ref/SoftReference get ()Ljava/lang/Object; 2 24740 orig 264 208 132 206 102 0 0 0 0 16 112 246 173 99 0 0 0 112 1 0 0 0 0 0 0 0 0 0 0 0 0 0 0 0 0 0 0 0 0 0 0 0 0 0 0 0 0 0 0 0 0 0 0 0 0 0 0 0 0 0 0 0 0 0 0 0 0 0 0 0 0 0 0 0 0 0 0 0 0 0 0 77 68 79 32 101 120 116 114 97 32 100 97 116 97 32 108 111 99 107 0 0 0 0 0 0 0 0 0 0 0 0 0 0 0 0 0 0 0 0 0 0 0 0 0 0 0 0 0 0 0 0 0 0 0 0 0 0 0 0 0 0 0 0 0 0 0 0 0 0 0 0 0 0 0 0 0 0 0 0 0 0 0 0 0 0 0 0 0 0 0 0 0 0 0 0 0 0 0 0 0 0 0 0 0 1 0 0 0 0 0 0 0 0 0 0 0 0 0 0 0 1 0 0 0 0 0 0 0 0 0 0 0 0 0 0 0 0 1 0 0 33 253 2 0 1 0 0 0 0 0 0 0 0 0 0 0 2 0 0 0 0 0 8 0 2 0 0 0 80 0 0 0 255 255 255 255 2 0 1 0 0 0 0 0 data 10 0x10002 0x5fa4 0x60007 0x0 0x40 0x5fa4 0x110007 0x5b2b 0x20 0x479 oops 0
ciMethodData java/lang/ref/SoftReference <init> (Ljava/lang/Object;)V 2 7622 orig 264 208 132 206 102 0 0 0 0 208 110 246 173 99 0 0 0 56 1 0 0 0 0 0 0 0 0 0 0 0 0 0 0 0 0 0 0 0 0 0 0 0 0 0 0 0 0 0 0 0 0 0 0 0 0 0 0 0 0 0 0 0 0 0 0 0 0 0 0 0 0 0 0 0 0 0 0 0 0 0 0 77 68 79 32 101 120 116 114 97 32 100 97 116 97 32 108 111 99 107 0 0 0 0 0 0 0 0 0 0 0 0 0 0 0 0 0 0 0 0 0 0 0 0 0 0 0 0 0 0 0 0 0 0 0 0 0 0 0 0 0 0 0 0 0 0 0 0 0 0 0 0 0 0 0 0 0 0 0 0 0 0 0 0 0 0 0 0 0 0 0 0 0 0 0 0 0 0 0 0 0 0 0 0 0 17 0 0 0 0 0 0 0 0 0 0 0 0 0 0 0 0 0 0 0 0 0 0 0 0 0 0 0 0 0 0 0 0 1 0 0 49 230 0 0 1 0 0 0 0 0 0 0 0 0 0 0 2 0 0 0 0 0 7 0 2 0 0 0 16 0 0 0 255 255 255 255 2 0 2 0 0 0 0 0 data 2 0x20002 0x1cc6 oops 0
ciMethodData java/lang/Class getInterfaces ()[Ljava/lang/Class; 2 5183 orig 264 208 132 206 102 0 0 0 0 64 198 244 173 99 0 0 0 24 2 0 0 96 0 0 0 0 0 0 0 0 0 0 0 0 0 0 0 0 0 0 0 0 0 0 0 0 0 0 0 0 0 0 0 0 0 0 0 0 0 0 0 0 0 0 0 0 0 0 0 0 0 0 0 0 0 0 0 0 0 0 0 77 68 79 32 101 120 116 114 97 32 100 97 116 97 32 108 111 99 107 0 0 0 0 0 0 0 0 0 0 0 0 0 0 0 0 0 0 0 0 0 0 0 0 0 0 0 0 0 0 0 0 0 0 0 0 0 0 0 0 0 0 0 0 0 0 0 0 0 0 0 0 0 0 0 0 0 0 0 0 0 0 0 0 0 0 0 0 0 0 0 0 0 0 0 0 0 0 0 0 0 0 0 0 0 17 0 0 0 0 0 0 0 0 0 0 0 0 0 0 0 0 0 0 0 0 0 0 0 0 0 0 0 0 0 0 0 2 0 0 0 233 161 0 0 1 0 0 0 0 0 0 0 0 0 0 0 2 0 0 0 0 0 8 0 2 0 0 0 208 0 0 0 255 255 255 255 2 0 1 0 0 0 0 0 data 26 0x10002 0x143d 0x60007 0x143d 0x30 0x0 0xa0002 0x0 0x140007 0x1157 0x30 0x2e6 0x180002 0x2e6 0x220005 0x0 0x63b31d6b40 0x143d 0x0 0x0 0x250004 0x0 0x63b31d6b40 0x143d 0x0 0x0 oops 2 16 [Ljava/lang/Class; 22 [Ljava/lang/Class;
ciMethodData java/util/Arrays copyOf ([Ljava/lang/Object;I)[Ljava/lang/Object; 2 11332 orig 264 208 132 206 102 0 0 0 0 48 12 5 174 99 0 0 0 192 1 0 0 0 0 0 0 0 0 0 0 0 0 0 0 0 0 0 0 0 0 0 0 0 0 0 0 0 0 0 0 0 0 0 0 0 0 0 0 0 0 0 0 0 0 0 0 0 0 0 0 0 0 0 0 0 0 0 0 0 0 0 0 77 68 79 32 101 120 116 114 97 32 100 97 116 97 32 108 111 99 107 0 0 0 0 0 0 0 0 0 0 0 0 0 0 0 0 0 0 0 0 0 0 0 0 0 0 0 0 0 0 0 0 0 0 0 0 0 0 0 0 0 0 0 0 0 0 0 0 0 0 0 0 0 0 0 0 0 0 0 0 0 0 0 0 0 0 0 0 0 0 0 0 0 0 0 0 0 0 0 0 0 0 0 0 0 0 0 0 0 0 0 0 0 0 0 0 0 0 0 0 0 0 0 0 0 0 0 0 0 0 0 0 0 0 0 0 0 128 1 0 0 33 86 1 0 1 0 0 0 0 0 0 0 0 0 0 0 2 0 0 0 0 0 3 0 2 0 0 0 112 0 0 0 255 255 255 255 5 0 3 0 0 0 0 0 data 14 0x30005 0x42c 0x63b1d6d480 0x243a 0x63b31d8c70 0x25e 0x60002 0x2ac4 0x90004 0x0 0x0 0x0 0x0 0x0 oops 2 2 [Ljava/lang/Object; 4 [Ljava/lang/reflect/Method;
ciMethodData java/lang/Class reflectionData ()Ljava/lang/Class$ReflectionData; 2 5384 orig 264 208 132 206 102 0 0 0 0 152 233 244 173 99 0 0 0 56 2 0 0 192 0 0 0 0 0 0 0 0 0 0 0 0 0 0 0 0 0 0 0 0 0 0 0 0 0 0 0 0 0 0 0 0 0 0 0 0 0 0 0 0 0 0 0 0 0 0 0 0 0 0 0 0 0 0 0 0 0 0 0 77 68 79 32 101 120 116 114 97 32 100 97 116 97 32 108 111 99 107 0 0 0 0 0 0 0 0 0 0 0 0 0 0 0 0 0 0 0 0 0 0 0 0 0 0 0 0 0 0 0 0 0 0 0 0 0 0 0 0 0 0 0 0 0 0 0 0 0 0 0 0 0 0 0 0 0 0 0 0 0 0 0 0 0 0 0 0 0 0 0 0 0 0 0 0 0 0 0 0 0 0 0 0 0 17 0 0 0 0 0 0 0 0 0 0 0 0 0 0 0 0 0 0 0 0 0 0 0 0 0 0 0 0 0 0 0 0 1 0 0 65 160 0 0 1 0 0 0 0 0 0 0 0 0 0 0 2 0 0 0 0 0 18 0 2 0 0 0 240 0 0 0 255 255 255 255 7 0 13 0 0 0 0 0 data 30 0xd0007 0x0 0xe0 0x1408 0x110007 0x25e 0xc0 0x11aa 0x150005 0x0 0x63af053920 0x11aa 0x0 0x0 0x180004 0x0 0x63b0a9b2c0 0x11aa 0x0 0x0 0x1d0007 0x0 0x40 0x11aa 0x250007 0x0 0x20 0x11aa 0x2d0002 0x25e oops 2 10 java/lang/ref/SoftReference 16 java/lang/Class$ReflectionData
ciMethodData java/lang/Class newReflectionData (Ljava/lang/ref/SoftReference;I)Ljava/lang/Class$ReflectionData; 1 705 orig 264 208 132 206 102 0 0 0 0 112 234 244 173 99 0 0 0 160 2 0 0 0 0 0 0 0 0 0 0 0 0 0 0 0 0 0 0 0 0 0 0 0 0 0 0 0 0 0 0 0 0 0 0 0 0 0 0 0 0 0 0 0 0 0 0 0 0 0 0 0 0 0 0 0 0 0 0 0 0 0 0 77 68 79 32 101 120 116 114 97 32 100 97 116 97 32 108 111 99 107 0 0 0 0 0 0 0 0 0 0 0 0 0 0 0 0 0 0 0 0 0 0 0 0 0 0 0 0 0 0 0 0 0 0 0 0 0 0 0 0 0 0 0 0 0 0 0 0 0 0 0 0 0 0 0 0 0 0 0 0 0 0 0 0 0 0 0 0 0 0 0 0 0 0 0 0 0 0 0 0 0 0 0 0 0 25 0 0 0 0 0 0 0 0 0 0 0 0 0 0 0 0 0 0 0 0 0 0 0 0 0 0 0 0 0 0 0 99 0 0 0 241 18 0 0 1 0 0 0 0 0 0 0 0 0 0 0 2 0 0 0 1 0 26 0 2 0 0 0 72 1 0 0 255 255 255 255 7 0 3 0 0 0 0 0 data 41 0x30007 0x25e 0x20 0x0 0xd0002 0x25e 0x180002 0x25e 0x1b0002 0x25e 0x1e0007 0x0 0x20 0x25e 0x2e0007 0x0 0xc0 0x0 0x320005 0x0 0x0 0x0 0x0 0x0 0x350004 0x0 0x0 0x0 0x0 0x0 0x3a0007 0x0 0x40 0x0 0x420007 0x0 0x20 0x0 0x470003 0x0 0xfffffffffffffef0 oops 0
ciMethodData sun/reflect/ReflectionFactory langReflectAccess ()Lsun/reflect/LangReflectAccess; 2 24758 orig 264 208 132 206 102 0 0 0 0 200 99 0 174 99 0 0 0 112 1 0 0 0 0 0 0 0 0 0 0 0 0 0 0 0 0 0 0 0 0 0 0 0 0 0 0 0 0 0 0 0 0 0 0 0 0 0 0 0 0 0 0 0 0 0 0 0 0 0 0 0 0 0 0 0 0 0 0 0 0 0 0 77 68 79 32 101 120 116 114 97 32 100 97 116 97 32 108 111 99 107 0 0 0 0 0 0 0 0 0 0 0 0 0 0 0 0 0 0 0 0 0 0 0 0 0 0 0 0 0 0 0 0 0 0 0 0 0 0 0 0 0 0 0 0 0 0 0 0 0 0 0 0 0 0 0 0 0 0 0 0 0 0 0 0 0 0 0 0 0 0 0 0 0 0 0 0 0 0 0 0 0 0 0 0 0 17 0 0 0 0 0 0 0 0 0 0 0 0 0 0 0 0 0 0 0 0 0 0 0 0 0 0 0 0 0 0 0 4 1 0 0 145 253 2 0 1 0 0 0 0 0 0 0 0 0 0 0 2 0 0 0 0 0 9 0 2 0 0 0 48 0 0 0 255 255 255 255 7 0 3 0 0 0 0 0 data 6 0x30007 0x5fb2 0x30 0x0 0x70002 0x0 oops 0
ciMethodData java/lang/reflect/AccessibleObject <init> ()V 2 10661 orig 264 208 132 206 102 0 0 0 0 64 151 247 173 99 0 0 0 48 1 0 0 0 0 0 0 0 0 0 0 0 0 0 0 0 0 0 0 0 0 0 0 0 0 0 0 0 0 0 0 0 0 0 0 0 0 0 0 0 0 0 0 0 0 0 0 0 0 0 0 0 0 0 0 0 0 0 0 0 0 0 0 77 68 79 32 101 120 116 114 97 32 100 97 116 97 32 108 111 99 107 0 0 0 0 0 0 0 0 0 0 0 0 0 0 0 0 0 0 0 0 0 0 0 0 0 0 0 0 0 0 0 0 0 0 0 0 0 0 0 0 0 0 0 0 0 0 0 0 0 0 0 0 0 0 0 0 0 0 0 0 0 0 0 0 0 0 0 0 0 0 0 0 0 0 0 0 0 0 0 0 0 0 0 0 0 1 0 0 0 0 0 0 0 0 0 0 0 0 0 0 0 1 0 0 0 0 0 0 0 0 0 0 0 0 0 0 0 4 1 0 0 9 69 1 0 1 0 0 0 0 0 0 0 0 0 0 0 2 0 0 0 0 0 3 0 2 0 0 0 16 0 0 0 255 255 255 255 2 0 1 0 0 0 0 0 data 2 0x10002 0x28a1 oops 0
ciMethodData java/lang/Class checkInitted ()V 2 15173 orig 264 208 132 206 102 0 0 0 0 160 3 245 173 99 0 0 0 128 1 0 0 0 0 0 0 0 0 0 0 0 0 0 0 0 0 0 0 0 0 0 0 0 0 0 0 0 0 0 0 0 0 0 0 0 0 0 0 0 0 0 0 0 0 0 0 0 0 0 0 0 0 0 0 0 0 0 0 0 0 0 0 77 68 79 32 101 120 116 114 97 32 100 97 116 97 32 108 111 99 107 0 0 0 0 0 0 0 0 0 0 0 0 0 0 0 0 0 0 0 0 0 0 0 0 0 0 0 0 0 0 0 0 0 0 0 0 0 0 0 0 0 0 0 0 0 0 0 0 0 0 0 0 0 0 0 0 0 0 0 0 0 0 0 0 0 0 0 0 0 0 0 0 0 0 0 0 0 0 0 0 0 0 0 0 0 0 0 0 0 0 0 0 0 0 0 0 0 0 0 0 0 0 0 0 0 0 0 0 0 0 0 0 0 0 0 0 0 3 1 0 0 17 210 1 0 1 0 0 0 0 0 0 0 0 0 0 0 2 0 0 0 0 0 5 0 2 0 0 0 64 0 0 0 255 255 255 255 7 0 3 0 0 0 0 0 data 8 0x30007 0x0 0x20 0x3a42 0xb0002 0x0 0xe0002 0x0 oops 0
ciMethodData java/lang/Class getReflectionFactory ()Lsun/reflect/ReflectionFactory; 2 7598 orig 264 208 132 206 102 0 0 0 0 0 3 245 173 99 0 0 0 176 1 0 0 0 0 0 0 0 0 0 0 0 0 0 0 0 0 0 0 0 0 0 0 0 0 0 0 0 0 0 0 0 0 0 0 0 0 0 0 0 0 0 0 0 0 0 0 0 0 0 0 0 0 0 0 0 0 0 0 0 0 0 0 77 68 79 32 101 120 116 114 97 32 100 97 116 97 32 108 111 99 107 0 0 0 0 0 0 0 0 0 0 0 0 0 0 0 0 0 0 0 0 0 0 0 0 0 0 0 0 0 0 0 0 0 0 0 0 0 0 0 0 0 0 0 0 0 0 0 0 0 0 0 0 0 0 0 0 0 0 0 0 0 0 0 0 0 0 0 0 0 0 0 0 0 0 0 0 0 0 0 0 0 0 0 0 0 0 0 0 0 0 0 0 0 0 0 0 0 0 0 0 0 0 0 0 0 0 0 0 0 0 0 0 0 0 0 0 0 0 1 0 0 113 229 0 0 1 0 0 0 0 0 0 0 0 0 0 0 2 0 0 0 0 0 6 0 2 0 0 0 112 0 0 0 255 255 255 255 7 0 3 0 0 0 0 0 data 14 0x30007 0x1cae 0x70 0x0 0xa0002 0x0 0xd0002 0x0 0x100004 0x0 0x0 0x0 0x0 0x0 oops 0
ciMethodData java/lang/reflect/Method getParameterTypes ()[Ljava/lang/Class; 2 37240 orig 264 208 132 206 102 0 0 0 0 176 0 248 173 99 0 0 0 168 1 0 0 0 0 0 0 0 0 0 0 0 0 0 0 0 0 0 0 0 0 0 0 0 0 0 0 0 0 0 0 0 0 0 0 0 0 0 0 0 0 0 0 0 0 0 0 0 0 0 0 0 0 0 0 0 0 0 0 0 0 0 0 77 68 79 32 101 120 116 114 97 32 100 97 116 97 32 108 111 99 107 0 0 0 0 0 0 0 0 0 0 0 0 0 0 0 0 0 0 0 0 0 0 0 0 0 0 0 0 0 0 0 0 0 0 0 0 0 0 0 0 0 0 0 0 0 0 0 0 0 0 0 0 0 0 0 0 0 0 0 0 0 0 0 0 0 0 0 0 0 0 0 0 0 0 0 0 0 0 0 0 0 0 0 0 0 17 0 0 0 0 0 0 0 0 0 0 0 0 0 0 0 1 0 0 0 0 0 0 0 0 0 0 0 0 0 0 0 0 1 0 0 193 131 4 0 1 0 0 0 0 0 0 0 0 0 0 0 2 0 0 0 0 0 3 0 2 0 0 0 96 0 0 0 255 255 255 255 5 0 4 0 0 0 0 0 data 12 0x40005 0x0 0x63b31d6b40 0x9078 0x0 0x0 0x70004 0x0 0x63b31d6b40 0x9078 0x0 0x0 oops 2 2 [Ljava/lang/Class; 8 [Ljava/lang/Class;
ciMethodData java/lang/reflect/Executable <init> ()V 2 9647 orig 264 208 132 206 102 0 0 0 0 120 32 248 173 99 0 0 0 48 1 0 0 0 0 0 0 0 0 0 0 0 0 0 0 0 0 0 0 0 0 0 0 0 0 0 0 0 0 0 0 0 0 0 0 0 0 0 0 0 0 0 0 0 0 0 0 0 0 0 0 0 0 0 0 0 0 0 0 0 0 0 0 77 68 79 32 101 120 116 114 97 32 100 97 116 97 32 108 111 99 107 0 0 0 0 0 0 0 0 0 0 0 0 0 0 0 0 0 0 0 0 0 0 0 0 0 0 0 0 0 0 0 0 0 0 0 0 0 0 0 0 0 0 0 0 0 0 0 0 0 0 0 0 0 0 0 0 0 0 0 0 0 0 0 0 0 0 0 0 0 0 0 0 0 0 0 0 0 0 0 0 0 0 0 0 0 1 0 0 0 0 0 0 0 0 0 0 0 0 0 0 0 1 0 0 0 0 0 0 0 0 0 0 0 0 0 0 0 128 1 0 0 121 33 1 0 1 0 0 0 0 0 0 0 0 0 0 0 2 0 0 0 0 0 3 0 2 0 0 0 16 0 0 0 255 255 255 255 2 0 1 0 0 0 0 0 data 2 0x10002 0x242f oops 0
ciMethodData java/lang/Class$ReflectionData <init> (I)V 1 705 orig 264 208 132 206 102 0 0 0 0 136 232 3 174 99 0 0 0 56 1 0 0 0 0 0 0 0 0 0 0 0 0 0 0 0 0 0 0 0 0 0 0 0 0 0 0 0 0 0 0 0 0 0 0 0 0 0 0 0 0 0 0 0 0 0 0 0 0 0 0 0 0 0 0 0 0 0 0 0 0 0 0 77 68 79 32 101 120 116 114 97 32 100 97 116 97 32 108 111 99 107 0 0 0 0 0 0 0 0 0 0 0 0 0 0 0 0 0 0 0 0 0 0 0 0 0 0 0 0 0 0 0 0 0 0 0 0 0 0 0 0 0 0 0 0 0 0 0 0 0 0 0 0 0 0 0 0 0 0 0 0 0 0 0 0 0 0 0 0 0 0 0 0 0 0 0 0 0 0 0 0 0 0 0 0 0 1 0 0 0 0 0 0 0 0 0 0 0 0 0 0 0 1 0 0 0 0 0 0 0 0 0 0 0 0 0 0 0 227 0 0 0 241 14 0 0 1 0 0 0 0 0 0 0 0 0 0 0 2 0 0 0 0 0 0 0 0 0 0 0 16 0 0 0 255 255 255 255 2 0 1 0 0 0 0 0 data 2 0x10002 0x1de oops 0
ciMethodData java/lang/Class$Atomic casReflectionData (Ljava/lang/Class;Ljava/lang/ref/SoftReference;Ljava/lang/ref/SoftReference;)Z 1 705 orig 264 208 132 206 102 0 0 0 0 80 240 3 174 99 0 0 0 136 1 0 0 0 0 0 0 0 0 0 0 0 0 0 0 0 0 0 0 0 0 0 0 0 0 0 0 0 0 0 0 0 0 0 0 0 0 0 0 0 0 0 0 0 0 0 0 0 0 0 0 0 0 0 0 0 0 0 0 0 0 0 0 77 68 79 32 101 120 116 114 97 32 100 97 116 97 32 108 111 99 107 0 0 0 0 0 0 0 0 0 0 0 0 0 0 0 0 0 0 0 0 0 0 0 0 0 0 0 0 0 0 0 0 0 0 0 0 0 0 0 0 0 0 0 0 0 0 0 0 0 0 0 0 0 0 0 0 0 0 0 0 0 0 0 0 0 0 0 0 0 0 0 0 0 0 0 0 0 0 0 0 0 0 0 0 0 17 0 0 0 0 0 0 0 0 0 0 0 0 0 0 0 0 0 0 0 0 0 0 0 0 0 0 0 0 0 0 0 227 0 0 0 241 14 0 0 1 0 0 0 0 0 0 0 0 0 0 0 2 0 0 0 0 0 0 0 0 0 0 0 48 0 0 0 255 255 255 255 5 0 9 0 0 0 0 0 data 6 0x90005 0x1 0x0 0x0 0x0 0x0 oops 0
ciMethodData java/lang/Class arrayContentsEq ([Ljava/lang/Object;[Ljava/lang/Object;)Z 2 5358 orig 264 208 132 206 102 0 0 0 0 216 250 244 173 99 0 0 0 152 2 0 0 208 0 0 0 0 0 0 0 0 0 0 0 0 0 0 0 0 0 0 0 0 0 0 0 0 0 0 0 0 0 0 0 0 0 0 0 0 0 0 0 0 0 0 0 0 0 0 0 0 0 0 0 0 0 0 0 0 0 0 0 77 68 79 32 101 120 116 114 97 32 100 97 116 97 32 108 111 99 107 0 0 0 0 0 0 0 0 0 0 0 0 0 0 0 0 0 0 0 0 0 0 0 0 0 0 0 0 0 0 0 0 0 0 0 0 0 0 0 0 0 0 0 0 0 0 0 0 0 0 0 0 0 0 0 0 0 0 0 0 0 0 0 0 0 0 0 0 0 0 0 0 0 0 0 0 0 0 0 0 0 0 0 0 0 1 0 0 0 0 0 0 0 0 0 0 0 0 0 0 0 3 0 0 0 0 0 0 0 0 0 0 0 0 0 0 0 0 1 0 0 113 159 0 0 49 114 0 0 0 0 0 0 0 0 0 0 2 0 0 0 1 0 23 0 2 0 0 0 72 1 0 0 255 255 255 255 7 0 1 0 0 0 0 0 data 41 0x10007 0x13ee 0x78 0x0 0x50007 0x0 0x40 0x0 0xa0007 0x0 0x38 0x0 0xe0003 0x0 0x18 0x140007 0x13ee 0x58 0x0 0x190007 0x0 0x38 0x0 0x1d0003 0x0 0x18 0x260007 0x1371 0x20 0x7d 0x300007 0x1339 0x58 0xe7e 0x390007 0xe46 0x20 0x38 0x410003 0xe46 0xffffffffffffffc0 oops 0
ciMethodData java/lang/Class$MethodArray <init> (I)V 2 5658 orig 264 208 132 206 102 0 0 0 0 80 80 26 174 99 0 0 0 104 1 0 0 0 0 0 0 0 0 0 0 0 0 0 0 0 0 0 0 0 0 0 0 0 0 0 0 0 0 0 0 0 0 0 0 0 0 0 0 0 0 0 0 0 0 0 0 0 0 0 0 0 0 0 0 0 0 0 0 0 0 0 0 77 68 79 32 101 120 116 114 97 32 100 97 116 97 32 108 111 99 107 0 0 0 0 0 0 0 0 0 0 0 0 0 0 0 0 0 0 0 0 0 0 0 0 0 0 0 0 0 0 0 0 0 0 0 0 0 0 0 0 0 0 0 0 0 0 0 0 0 0 0 0 0 0 0 0 0 0 0 0 0 0 0 0 0 0 0 0 0 0 0 0 0 0 0 0 0 0 0 0 0 0 0 0 0 0 0 0 0 0 0 0 0 0 0 0 0 0 0 0 0 0 0 0 0 0 0 0 0 0 0 0 0 0 0 0 0 128 1 0 0 209 164 0 0 1 0 0 0 0 0 0 0 0 0 0 0 2 0 0 0 0 0 5 0 2 0 0 0 64 0 0 0 255 255 255 255 2 0 1 0 0 0 0 0 data 8 0x10002 0x149a 0x60007 0x149a 0x30 0x0 0xf0002 0x0 oops 0
ciMethodData java/lang/reflect/Method isDefault ()Z 2 16407 orig 264 208 132 206 102 0 0 0 0 96 10 248 173 99 0 0 0 48 2 0 0 0 0 0 0 0 0 0 0 0 0 0 0 0 0 0 0 0 0 0 0 0 0 0 0 0 0 0 0 0 0 0 0 0 0 0 0 0 0 0 0 0 0 0 0 0 0 0 0 0 0 0 0 0 0 0 0 0 0 0 0 77 68 79 32 101 120 116 114 97 32 100 97 116 97 32 108 111 99 107 0 0 0 0 0 0 0 0 0 0 0 0 0 0 0 0 0 0 0 0 0 0 0 0 0 0 0 0 0 0 0 0 0 0 0 0 0 0 0 0 0 0 0 0 0 0 0 0 0 0 0 0 0 0 0 0 0 0 0 0 0 0 0 0 0 0 0 0 0 0 0 0 0 0 0 0 0 0 0 0 0 0 0 0 0 17 0 0 0 0 0 0 0 0 0 0 0 0 0 0 0 1 0 0 0 0 0 0 0 0 0 0 0 0 0 0 0 8 1 0 0 121 248 1 0 1 0 0 0 0 0 0 0 0 0 0 0 2 0 0 0 0 0 9 0 2 0 0 0 232 0 0 0 255 255 255 255 5 0 1 0 0 0 0 0 data 29 0x10005 0x0 0x63af06d690 0x3f0f 0x0 0x0 0x90007 0xc54 0xb8 0x32bb 0xd0005 0x0 0x63af06d690 0x32bb 0x0 0x0 0x100005 0x0 0x63af052af0 0x32bb 0x0 0x0 0x130007 0x314d 0x38 0x16e 0x170003 0x16e 0x18 oops 3 2 java/lang/reflect/Method 12 java/lang/reflect/Method 18 java/lang/Class
ciMethodData java/lang/Class$MethodArray matchesNameAndDescriptor (Ljava/lang/reflect/Method;Ljava/lang/reflect/Method;)Z 2 5479 orig 264 208 132 206 102 0 0 0 0 8 89 26 174 99 0 0 0 0 3 0 0 0 0 0 0 0 0 0 0 0 0 0 0 0 0 0 0 0 0 0 0 0 0 0 0 0 0 0 0 0 0 0 0 0 0 0 0 0 0 0 0 0 0 0 0 0 0 0 0 0 0 0 0 0 0 0 0 0 0 0 0 77 68 79 32 101 120 116 114 97 32 100 97 116 97 32 108 111 99 107 0 0 0 0 0 0 0 0 0 0 0 0 0 0 0 0 0 0 0 0 0 0 0 0 0 0 0 0 0 0 0 0 0 0 0 0 0 0 0 0 0 0 0 0 0 0 0 0 0 0 0 0 0 0 0 0 0 0 0 0 0 0 0 0 0 0 0 0 0 0 0 0 0 0 0 0 0 0 0 0 0 0 0 0 0 0 0 0 0 0 0 0 0 0 0 0 0 0 0 0 0 0 0 0 0 0 0 0 0 0 0 0 0 0 0 0 0 46 1 0 0 201 161 0 0 1 0 0 0 0 0 0 0 0 0 0 0 2 0 0 0 0 0 11 0 2 0 0 0 168 1 0 0 255 255 255 255 5 0 1 0 0 0 0 0 data 53 0x10005 0x0 0x63af06d690 0x1439 0x0 0x0 0x50005 0x0 0x63af06d690 0x1439 0x0 0x0 0x80007 0xcca 0x148 0x76f 0xc0005 0x0 0x63af06d690 0x76f 0x0 0x0 0x100005 0x0 0x63af06d690 0x76f 0x0 0x0 0x130007 0x703 0xc8 0x6c 0x170005 0x0 0x63af06d690 0x6c 0x0 0x0 0x1b0005 0x0 0x63af06d690 0x6c 0x0 0x0 0x1e0002 0x6c 0x210007 0xb 0x38 0x61 0x250003 0x61 0x18 oops 6 2 java/lang/reflect/Method 8 java/lang/reflect/Method 18 java/lang/reflect/Method 24 java/lang/reflect/Method 34 java/lang/reflect/Method 40 java/lang/reflect/Method
ciMethodData java/lang/Class access$300 ([Ljava/lang/Object;[Ljava/lang/Object;)Z 1 120 orig 264 208 132 206 102 0 0 0 0 40 19 245 173 99 0 0 0 96 1 0 0 0 0 0 0 0 0 0 0 0 0 0 0 0 0 0 0 0 0 0 0 0 0 0 0 0 0 0 0 0 0 0 0 0 0 0 0 0 0 0 0 0 0 0 0 0 0 0 0 0 0 0 0 0 0 0 0 0 0 0 0 77 68 79 32 101 120 116 114 97 32 100 97 116 97 32 108 111 99 107 0 0 0 0 0 0 0 0 0 0 0 0 0 0 0 0 0 0 0 0 0 0 0 0 0 0 0 0 0 0 0 0 0 0 0 0 0 0 0 0 0 0 0 0 0 0 0 0 0 0 0 0 0 0 0 0 0 0 0 0 0 0 0 0 0 0 0 0 0 0 0 0 0 0 0 0 0 0 0 0 0 0 0 0 0 0 0 0 0 0 0 0 0 0 0 0 0 0 0 0 0 0 0 0 0 0 0 0 0 0 0 0 0 0 0 0 0 12 0 0 0 97 3 0 0 1 0 0 0 0 0 0 0 0 0 0 0 2 0 0 0 0 0 0 0 0 0 0 0 16 0 0 0 255 255 255 255 2 0 2 0 0 0 0 0 data 2 0x20002 0x6c oops 0
ciMethodData java/lang/Class$MethodArray add (Ljava/lang/reflect/Method;)V 2 5413 orig 264 208 132 206 102 0 0 0 0 184 81 26 174 99 0 0 0 80 2 0 0 48 0 0 0 0 0 0 0 0 0 0 0 0 0 0 0 0 0 0 0 0 0 0 0 0 0 0 0 0 0 0 0 0 0 0 0 0 0 0 0 0 0 0 0 0 0 0 0 0 0 0 0 0 0 0 0 0 0 0 0 77 68 79 32 101 120 116 114 97 32 100 97 116 97 32 108 111 99 107 0 0 0 0 0 0 0 0 0 0 0 0 0 0 0 0 0 0 0 0 0 0 0 0 0 0 0 0 0 0 0 0 0 0 0 0 0 0 0 0 0 0 0 0 0 0 0 0 0 0 0 0 0 0 0 0 0 0 0 0 0 0 0 0 0 0 0 0 0 0 0 0 0 0 0 0 0 0 0 0 0 0 0 0 0 17 0 0 0 0 0 0 0 0 0 0 0 0 0 0 0 1 0 0 0 0 0 0 0 0 0 0 0 0 0 0 0 21 1 0 0 129 160 0 0 1 0 0 0 0 0 0 0 0 0 0 0 2 0 0 0 0 0 18 0 2 0 0 0 0 1 0 0 255 255 255 255 7 0 9 0 0 0 0 0 data 32 0x90007 0x13b6 0x60 0x5a 0x180002 0x5a 0x1b0004 0x0 0x63b31d8c70 0x5a 0x0 0x0 0x310104 0x0 0x63af06d690 0x13f2 0x0 0x0 0x330007 0x1e 0x70 0x13f2 0x370005 0x0 0x63af06d690 0x13f2 0x0 0x0 0x3a0007 0x133f 0x20 0xb3 oops 3 8 [Ljava/lang/reflect/Method; 14 java/lang/reflect/Method 24 java/lang/reflect/Method
ciMethodData java/lang/Class$MethodArray get (I)Ljava/lang/reflect/Method; 2 13486 orig 264 208 132 206 102 0 0 0 0 56 86 26 174 99 0 0 0 40 1 0 0 0 0 0 0 0 0 0 0 0 0 0 0 0 0 0 0 0 0 0 0 0 0 0 0 0 0 0 0 0 0 0 0 0 0 0 0 0 0 0 0 0 0 0 0 0 0 0 0 0 0 0 0 0 0 0 0 0 0 0 0 77 68 79 32 101 120 116 114 97 32 100 97 116 97 32 108 111 99 107 0 0 0 0 0 0 0 0 0 0 0 0 0 0 0 0 0 0 0 0 0 0 0 0 0 0 0 0 0 0 0 0 0 0 0 0 0 0 0 0 0 0 0 0 0 0 0 0 0 0 0 0 0 0 0 0 0 0 0 0 0 0 0 0 0 0 0 0 0 0 0 0 0 0 0 0 0 0 0 0 0 0 0 0 0 0 0 0 0 0 0 0 0 0 0 0 0 0 0 0 0 0 0 0 0 0 0 0 0 0 0 0 0 0 0 0 0 23 1 0 0 185 156 1 0 1 0 0 0 0 0 0 0 0 0 0 0 2 0 0 0 0 0 3 0 1 0 0 0 0 0 0 0 255 255 255 255 0 0 0 0 0 0 0 0 data 0 oops 0
ciMethodData sun/reflect/ReflectionFactory copyMethod (Ljava/lang/reflect/Method;)Ljava/lang/reflect/Method; 2 19623 orig 264 208 132 206 102 0 0 0 0 200 85 0 174 99 0 0 0 144 1 0 0 0 0 0 0 0 0 0 0 0 0 0 0 0 0 0 0 0 0 0 0 0 0 0 0 0 0 0 0 0 0 0 0 0 0 0 0 0 0 0 0 0 0 0 0 0 0 0 0 0 0 0 0 0 0 0 0 0 0 0 0 77 68 79 32 101 120 116 114 97 32 100 97 116 97 32 108 111 99 107 0 0 0 0 0 0 0 0 0 0 0 0 0 0 0 0 0 0 0 0 0 0 0 0 0 0 0 0 0 0 0 0 0 0 0 0 0 0 0 0 0 0 0 0 0 0 0 0 0 0 0 0 0 0 0 0 0 0 0 0 0 0 0 0 0 0 0 0 0 0 0 0 0 0 0 0 0 0 0 0 0 0 0 0 0 0 0 0 0 0 0 0 0 0 0 0 0 0 0 0 0 0 0 0 0 0 0 0 0 0 0 0 0 0 0 0 0 26 1 0 0 105 92 2 0 1 0 0 0 0 0 0 0 0 0 0 0 2 0 0 0 0 0 10 0 2 0 0 0 64 0 0 0 255 255 255 255 2 0 0 0 0 0 0 0 data 8 0x2 0x4b8d 0x40005 0x0 0x63b18194c0 0x4b8d 0x0 0x0 oops 1 4 java/lang/reflect/ReflectAccess
ciMethodData java/lang/reflect/ReflectAccess copyMethod (Ljava/lang/reflect/Method;)Ljava/lang/reflect/Method; 2 19623 orig 264 208 132 206 102 0 0 0 0 112 149 4 174 99 0 0 0 128 1 0 0 0 0 0 0 0 0 0 0 0 0 0 0 0 0 0 0 0 0 0 0 0 0 0 0 0 0 0 0 0 0 0 0 0 0 0 0 0 0 0 0 0 0 0 0 0 0 0 0 0 0 0 0 0 0 0 0 0 0 0 0 77 68 79 32 101 120 116 114 97 32 100 97 116 97 32 108 111 99 107 0 0 0 0 0 0 0 0 0 0 0 0 0 0 0 0 0 0 0 0 0 0 0 0 0 0 0 0 0 0 0 0 0 0 0 0 0 0 0 0 0 0 0 0 0 0 0 0 0 0 0 0 0 0 0 0 0 0 0 0 0 0 0 0 0 0 0 0 0 0 0 0 0 0 0 0 0 0 0 0 0 0 0 0 0 17 0 0 0 0 0 0 0 1 0 0 0 0 0 0 0 1 0 0 0 0 0 0 0 0 0 0 0 0 0 0 0 26 1 0 0 105 92 2 0 1 0 0 0 0 0 0 0 0 0 0 0 2 0 0 0 0 0 3 0 2 0 0 0 48 0 0 0 255 255 255 255 5 0 1 0 0 0 0 0 data 6 0x10005 0x0 0x63af06d690 0x4b8d 0x0 0x0 oops 1 2 java/lang/reflect/Method
ciMethodData java/lang/reflect/Method copy ()Ljava/lang/reflect/Method; 2 5423 orig 264 208 132 206 102 0 0 0 0 216 250 247 173 99 0 0 0 96 1 0 0 32 0 0 0 0 0 0 0 0 0 0 0 0 0 0 0 0 0 0 0 0 0 0 0 0 0 0 0 0 0 0 0 0 0 0 0 0 0 0 0 0 0 0 0 0 0 0 0 0 0 0 0 0 0 0 0 0 0 0 0 77 68 79 32 101 120 116 114 97 32 100 97 116 97 32 108 111 99 107 0 0 0 0 0 0 0 0 0 0 0 0 0 0 0 0 0 0 0 0 0 0 0 0 0 0 0 0 0 0 0 0 0 0 0 0 0 0 0 0 0 0 0 0 0 0 0 0 0 0 0 0 0 0 0 0 0 0 0 0 0 0 0 0 0 0 0 0 0 0 0 0 0 0 0 0 0 0 0 0 0 0 0 0 0 29 0 0 0 0 0 0 0 0 0 0 0 0 0 0 0 0 0 0 0 0 0 0 0 0 0 0 0 0 0 0 0 26 1 0 0 169 160 0 0 1 0 0 0 0 0 0 0 0 0 0 0 2 0 0 0 0 0 5 0 2 0 0 0 64 0 0 0 255 255 255 255 7 0 4 0 0 0 0 0 data 8 0x40007 0x1415 0x30 0x0 0xd0002 0x0 0x410002 0x1415 oops 0
ciMethodData java/lang/reflect/Method <init> (Ljava/lang/Class;Ljava/lang/String;[Ljava/lang/Class;Ljava/lang/Class;[Ljava/lang/Class;IILjava/lang/String;[B[B[B)V 2 5423 orig 264 208 132 206 102 0 0 0 0 248 249 247 173 99 0 0 0 136 1 0 0 0 0 0 0 0 0 0 0 0 0 0 0 0 0 0 0 0 0 0 0 0 0 0 0 0 0 0 0 0 0 0 0 0 0 0 0 0 0 0 0 0 0 0 0 0 0 0 0 0 0 0 0 0 0 0 0 0 0 0 0 77 68 79 32 101 120 116 114 97 32 100 97 116 97 32 108 111 99 107 0 0 0 0 0 0 0 0 0 0 0 0 0 0 0 0 0 0 0 0 0 0 0 0 0 0 0 0 0 0 0 0 0 0 0 0 0 0 0 0 0 0 0 0 0 0 0 0 0 0 0 0 0 0 0 0 0 0 0 0 0 0 0 0 0 0 0 0 0 0 0 0 0 0 0 0 0 0 0 0 0 0 0 0 0 1 0 0 0 0 0 0 0 0 0 0 0 0 0 0 0 1 0 0 0 0 0 0 0 0 0 0 0 0 0 0 0 218 1 0 0 169 154 0 0 1 0 0 0 0 0 0 0 0 0 0 0 2 0 0 0 0 0 3 0 2 0 0 0 16 0 0 0 255 255 255 255 2 0 1 0 0 0 0 0 data 2 0x10002 0x1355 oops 0
ciMethodData java/lang/Class privateGetMethodRecursive (Ljava/lang/String;[Ljava/lang/Class;ZLjava/lang/Class$MethodArray;)Ljava/lang/reflect/Method; 2 8144 orig 264 208 132 206 102 0 0 0 0 16 249 244 173 99 0 0 0 192 3 0 0 144 1 0 0 0 0 0 0 0 0 0 0 0 0 0 0 0 0 0 0 0 0 0 0 0 0 0 0 0 0 0 0 0 0 0 0 0 0 0 0 0 0 0 0 0 0 0 0 0 0 0 0 0 0 0 0 0 0 0 0 77 68 79 32 101 120 116 114 97 32 100 97 116 97 32 108 111 99 107 0 0 0 0 0 0 0 0 0 0 0 0 0 0 0 0 0 0 0 0 0 0 0 0 0 0 0 0 0 0 0 0 0 0 0 0 0 0 0 0 0 0 0 0 0 0 0 0 0 0 0 0 0 0 0 0 0 0 0 0 0 0 0 0 0 0 0 0 0 0 0 0 0 0 0 0 0 0 0 0 0 0 0 0 0 0 0 0 0 0 0 0 0 0 0 0 0 0 0 0 0 0 0 0 0 0 0 0 0 0 0 0 0 0 0 0 0 0 1 0 0 129 246 0 0 97 21 0 0 0 0 0 0 0 0 0 0 2 0 0 0 1 0 28 0 2 0 0 0 88 2 0 0 255 255 255 255 2 0 2 0 0 0 0 0 data 75 0x20002 0x1ed0 0x70002 0x1ed0 0xd0007 0xeb9 0xa0 0x1017 0x110007 0xf8f 0x80 0x88 0x160005 0x0 0x63af06d690 0x88 0x0 0x0 0x190002 0x88 0x1c0007 0x10 0x20 0x78 0x230005 0x0 0x63af052af0 0xec9 0x0 0x0 0x260007 0x32f 0xa0 0xb9a 0x2a0005 0x0 0x63af052af0 0xb9a 0x0 0x0 0x310007 0xb0 0x50 0xaea 0x390002 0xaea 0x3f0007 0xe7 0x20 0xa03 0x460005 0x0 0x63af052af0 0x4c6 0x0 0x0 0x5b0007 0x4c6 0x98 0x2ac 0x6a0002 0x2ac 0x700007 0x233 0x50 0x79 0x770005 0x0 0x63b31d6bb0 0x79 0x0 0x0 0x7d0003 0x2ac 0xffffffffffffff80 oops 5 14 java/lang/reflect/Method 26 java/lang/Class 36 java/lang/Class 52 java/lang/Class 68 java/lang/Class$MethodArray
ciMethodData java/lang/Class privateGetDeclaredMethods (Z)[Ljava/lang/reflect/Method; 2 8680 orig 264 208 132 206 102 0 0 0 0 40 243 244 173 99 0 0 0 96 2 0 0 120 0 0 0 0 0 0 0 0 0 0 0 0 0 0 0 0 0 0 0 0 0 0 0 0 0 0 0 0 0 0 0 0 0 0 0 0 0 0 0 0 0 0 0 0 0 0 0 0 0 0 0 0 0 0 0 0 0 0 0 77 68 79 32 101 120 116 114 97 32 100 97 116 97 32 108 111 99 107 0 0 0 0 0 0 0 0 0 0 0 0 0 0 0 0 0 0 0 0 0 0 0 0 0 0 0 0 0 0 0 0 0 0 0 0 0 0 0 0 0 0 0 0 0 0 0 0 0 0 0 0 0 0 0 0 0 0 0 0 0 0 0 0 0 0 0 0 0 0 0 0 0 0 0 0 0 0 0 0 0 0 0 0 0 17 0 0 0 0 0 0 0 0 0 0 0 0 0 0 0 0 0 0 0 0 0 0 0 0 0 0 0 0 0 0 0 106 1 0 0 241 3 1 0 1 0 0 0 0 0 0 0 0 0 0 0 2 0 0 0 0 0 22 0 2 0 0 0 16 1 0 0 255 255 255 255 2 0 0 0 0 0 0 0 data 34 0x2 0x207e 0x40002 0x207e 0x90007 0x0 0x78 0x207e 0xd0007 0x3a8 0x38 0x1cd6 0x140003 0x1cd6 0x18 0x1d0007 0x37b 0x20 0x1d03 0x250002 0x37b 0x280002 0x37b 0x2d0007 0x0 0x58 0x37b 0x310007 0x1ee 0x38 0x18d 0x390003 0x18d 0x18 oops 0
ciMethodData java/lang/Class searchMethods ([Ljava/lang/reflect/Method;Ljava/lang/String;[Ljava/lang/Class;)Ljava/lang/reflect/Method; 2 18867 orig 264 208 132 206 102 0 0 0 0 72 247 244 173 99 0 0 0 184 3 0 0 32 2 0 0 0 0 0 0 0 0 0 0 0 0 0 0 0 0 0 0 0 0 0 0 0 0 0 0 0 0 0 0 0 0 0 0 0 0 0 0 0 0 0 0 0 0 0 0 0 0 0 0 0 0 0 0 0 0 0 0 77 68 79 32 101 120 116 114 97 32 100 97 116 97 32 108 111 99 107 0 0 0 0 0 0 0 0 0 0 0 0 0 0 0 0 0 0 0 0 0 0 0 0 0 0 0 0 0 0 0 0 0 0 0 0 0 0 0 0 0 0 0 0 0 0 0 0 0 0 0 0 0 0 0 0 0 0 0 0 0 0 0 0 0 0 0 0 0 0 0 0 0 0 0 0 0 0 0 0 0 0 0 0 0 17 0 0 0 0 0 0 0 0 0 0 0 0 0 0 0 5 0 0 0 0 0 0 0 0 0 0 0 0 0 0 0 51 9 0 0 153 76 0 0 1 4 2 0 0 0 0 0 0 0 0 0 2 0 0 0 1 0 30 0 2 0 0 0 96 2 0 0 255 255 255 255 5 0 3 0 0 0 0 0 data 76 0x30005 0xc9 0x63af052a60 0x8ca 0x0 0x0 0xf0007 0x993 0x1b8 0x4080 0x1a0005 0x420 0x63af06d690 0x3c60 0x0 0x0 0x1f0007 0x3c13 0x150 0x46d 0x250005 0x74 0x63af06d690 0x3f9 0x0 0x0 0x280002 0x46d 0x2b0007 0x3f 0xf0 0x42e 0x2f0007 0x42d 0xd0 0x1 0x330005 0x0 0x63af06d690 0x1 0x0 0x0 0x380005 0x0 0x63af06d690 0x1 0x0 0x0 0x3b0005 0x0 0x63af052af0 0x1 0x0 0x0 0x3e0007 0x0 0x20 0x1 0x470003 0x4080 0xfffffffffffffe60 0x4b0007 0x42d 0x38 0x566 0x4f0003 0x566 0x58 0x520002 0x42d 0x560005 0x0 0x63b1d6c810 0x42d 0x0 0x0 oops 7 2 java/lang/String 12 java/lang/reflect/Method 22 java/lang/reflect/Method 38 java/lang/reflect/Method 44 java/lang/reflect/Method 50 java/lang/Class 72 sun/reflect/ReflectionFactory
ciMethodData java/lang/Class getMethod0 (Ljava/lang/String;[Ljava/lang/Class;Z)Ljava/lang/reflect/Method; 2 8144 orig 264 208 132 206 102 0 0 0 0 0 248 244 173 99 0 0 0 0 2 0 0 32 0 0 0 0 0 0 0 0 0 0 0 0 0 0 0 0 0 0 0 0 0 0 0 0 0 0 0 0 0 0 0 0 0 0 0 0 0 0 0 0 0 0 0 0 0 0 0 0 0 0 0 0 0 0 0 0 0 0 0 77 68 79 32 101 120 116 114 97 32 100 97 116 97 32 108 111 99 107 0 0 0 0 0 0 0 0 0 0 0 0 0 0 0 0 0 0 0 0 0 0 0 0 0 0 0 0 0 0 0 0 0 0 0 0 0 0 0 0 0 0 0 0 0 0 0 0 0 0 0 0 0 0 0 0 0 0 0 0 0 0 0 0 0 0 0 0 0 0 0 0 0 0 0 0 0 0 0 0 0 0 0 0 0 0 0 0 0 0 0 0 0 0 0 0 0 0 0 0 0 0 0 0 0 0 0 0 0 0 0 0 0 0 0 0 0 0 1 0 0 129 246 0 0 1 0 0 0 0 0 0 0 0 0 0 0 2 0 0 0 0 0 5 0 2 0 0 0 160 0 0 0 255 255 255 255 2 0 5 0 0 0 0 0 data 20 0x50002 0x1ed0 0x100002 0x1ed0 0x170007 0x4c6 0x20 0x1a0a 0x1f0005 0x0 0x63b31d6bb0 0x4c6 0x0 0x0 0x240005 0x0 0x63b31d6bb0 0x4c6 0x0 0x0 oops 2 10 java/lang/Class$MethodArray 16 java/lang/Class$MethodArray
ciMethodData java/lang/Class$MethodArray removeLessSpecifics ()V 2 2493 orig 264 208 132 206 102 0 0 0 0 208 90 26 174 99 0 0 0 232 3 0 0 48 0 0 0 0 0 0 0 0 0 0 0 0 0 0 0 0 0 0 0 0 0 0 0 0 0 0 0 0 0 0 0 0 0 0 0 0 0 0 0 0 0 0 0 0 0 0 0 0 0 0 0 0 0 0 0 0 0 0 0 77 68 79 32 101 120 116 114 97 32 100 97 116 97 32 108 111 99 107 0 0 0 0 0 0 0 0 0 0 0 0 0 0 0 0 0 0 0 0 0 0 0 0 0 0 0 0 0 0 0 0 0 0 0 0 0 0 0 0 0 0 0 0 0 0 0 0 0 0 0 0 0 0 0 0 0 0 0 0 0 0 0 0 0 0 0 0 0 0 0 0 0 0 0 0 0 0 0 0 0 0 0 0 0 0 0 0 0 0 0 0 0 0 0 0 0 0 0 0 0 0 0 0 0 0 0 0 0 0 0 0 0 0 0 0 0 187 0 0 0 97 50 0 0 137 77 0 0 0 0 0 0 0 0 0 0 2 0 0 0 2 0 43 0 2 0 0 0 160 2 0 0 255 255 255 255 5 0 1 0 0 0 0 0 data 84 0x10005 0x0 0x63b31d6bb0 0x64c 0x0 0x0 0x40007 0x3e 0x20 0x60e 0xf0007 0x3e 0x250 0x2a2 0x140005 0x0 0x63b31d6bb0 0x2a2 0x0 0x0 0x190007 0x0 0x1e8 0x2a2 0x1d0005 0x5 0x63af06d690 0x29d 0x0 0x0 0x200007 0x79 0x38 0x229 0x230003 0x229 0x178 0x2d0007 0x79 0x160 0x70f 0x320007 0x696 0x38 0x79 0x350003 0x79 0x108 0x3a0005 0x0 0x63b31d6bb0 0x696 0x0 0x0 0x410007 0x696 0x38 0x0 0x440003 0x0 0xa0 0x4b0002 0x696 0x4e0007 0x0 0x38 0x696 0x510003 0x696 0x58 0x570002 0x0 0x5a0007 0x0 0x30 0x0 0x5f0002 0x0 0x650003 0x70f 0xfffffffffffffeb8 0x6b0003 0x2a2 0xfffffffffffffdc8 oops 4 2 java/lang/Class$MethodArray 16 java/lang/Class$MethodArray 26 java/lang/reflect/Method 50 java/lang/Class$MethodArray
ciMethodData java/lang/Class$MethodArray getFirst ()Ljava/lang/reflect/Method; 2 2424 orig 264 208 132 206 102 0 0 0 0 232 86 26 174 99 0 0 0 120 1 0 0 32 0 0 0 0 0 0 0 0 0 0 0 0 0 0 0 0 0 0 0 0 0 0 0 0 0 0 0 0 0 0 0 0 0 0 0 0 0 0 0 0 0 0 0 0 0 0 0 0 0 0 0 0 0 0 0 0 0 0 0 77 68 79 32 101 120 116 114 97 32 100 97 116 97 32 108 111 99 107 0 0 0 0 0 0 0 0 0 0 0 0 0 0 0 0 0 0 0 0 0 0 0 0 0 0 0 0 0 0 0 0 0 0 0 0 0 0 0 0 0 0 0 0 0 0 0 0 0 0 0 0 0 0 0 0 0 0 0 0 0 0 0 0 0 0 0 0 0 0 0 0 0 0 0 0 0 0 0 0 0 0 0 0 0 0 0 0 0 0 0 0 0 0 0 0 0 0 0 0 0 0 0 0 0 0 0 0 0 0 0 0 0 0 0 0 0 222 0 0 0 49 38 0 0 209 68 0 0 0 0 0 0 0 0 0 0 2 0 0 0 1 0 8 0 2 0 0 0 88 0 0 0 255 255 255 255 7 0 12 0 0 0 0 0 data 11 0xc0007 0x44d 0x58 0x913 0x160007 0x89a 0x20 0x79 0x1f0003 0x89a 0xffffffffffffffc0 oops 0
ciMethodData sun/reflect/Reflection filterMethods (Ljava/lang/Class;[Ljava/lang/reflect/Method;)[Ljava/lang/reflect/Method; 1 1006 orig 264 208 132 206 102 0 0 0 0 224 250 1 174 99 0 0 0 64 2 0 0 0 0 0 0 0 0 0 0 0 0 0 0 0 0 0 0 0 0 0 0 0 0 0 0 0 0 0 0 0 0 0 0 0 0 0 0 0 0 0 0 0 0 0 0 0 0 0 0 0 0 0 0 0 0 0 0 0 0 0 0 77 68 79 32 101 120 116 114 97 32 100 97 116 97 32 108 111 99 107 0 0 0 0 0 0 0 0 0 0 0 0 0 0 0 0 0 0 0 0 0 0 0 0 0 0 0 0 0 0 0 0 0 0 0 0 0 0 0 0 0 0 0 0 0 0 0 0 0 0 0 0 0 0 0 0 0 0 0 0 0 0 0 0 0 0 0 0 0 0 0 0 0 0 0 0 0 0 0 0 0 0 0 0 0 0 0 0 0 0 0 0 0 0 0 0 0 0 0 0 0 0 0 0 0 0 0 0 0 0 0 0 0 0 0 0 0 156 0 0 0 145 26 0 0 1 0 0 0 0 0 0 0 0 0 0 0 2 0 0 0 0 0 0 0 0 0 0 0 240 0 0 0 255 255 255 255 7 0 3 0 0 0 0 0 data 30 0x30007 0x352 0x20 0x0 0xd0005 0x0 0x63b33db6a0 0x352 0x0 0x0 0x120104 0x0 0x63b33daf20 0x2 0x0 0x0 0x150002 0x352 0x180004 0x0 0x63b31d8c70 0x352 0x0 0x0 0x1b0004 0x0 0x0 0x0 0x0 0x0 oops 3 6 java/util/HashMap 12 [Ljava/lang/String; 20 [Ljava/lang/reflect/Method;
ciMethodData sun/reflect/Reflection filter ([Ljava/lang/reflect/Member;[Ljava/lang/String;)[Ljava/lang/reflect/Member; 2 1411 orig 264 208 132 206 102 0 0 0 0 72 252 1 174 99 0 0 0 80 4 0 0 168 1 0 0 0 0 0 0 0 0 0 0 0 0 0 0 0 0 0 0 0 0 0 0 0 0 0 0 0 0 0 0 0 0 0 0 0 0 0 0 0 0 0 0 0 0 0 0 0 0 0 0 0 0 0 0 0 0 0 0 77 68 79 32 101 120 116 114 97 32 100 97 116 97 32 108 111 99 107 0 0 0 0 0 0 0 0 0 0 0 0 0 0 0 0 0 0 0 0 0 0 0 0 0 0 0 0 0 0 0 0 0 0 0 0 0 0 0 0 0 0 0 0 0 0 0 0 0 0 0 0 0 0 0 0 0 0 0 0 0 0 0 0 0 0 0 0 0 0 0 0 0 0 0 0 0 0 0 0 0 0 0 0 0 0 0 0 0 0 0 0 0 0 0 0 0 0 0 0 0 0 0 0 0 0 0 0 0 0 0 0 0 0 0 0 0 190 0 0 0 41 38 0 0 97 28 0 0 0 0 0 0 0 0 0 0 2 0 0 0 4 0 32 0 2 0 0 0 0 3 0 0 255 255 255 255 7 0 1 0 0 0 0 0 data 96 0x10007 0x4c3 0x40 0x2 0x60007 0x2 0x20 0x0 0x1a0007 0x2 0xf8 0xe4 0x350007 0xe2 0xa0 0xe4 0x410005 0x0 0x63af06d690 0xe4 0x0 0x0 0x480007 0xe2 0x38 0x2 0x4e0003 0x2 0x30 0x540003 0xe2 0xffffffffffffff78 0x590007 0x2 0x20 0xe2 0x620003 0xe4 0xffffffffffffff20 0x680005 0x0 0x63af06d690 0x2 0x0 0x0 0x6c0002 0x2 0x6f0004 0x0 0x63b31d8c70 0x2 0x0 0x0 0x720004 0x0 0x0 0x0 0x0 0x0 0x880007 0x2 0x128 0xe4 0xa40007 0xe2 0xa0 0xe4 0xb00005 0x0 0x63af06d690 0xe4 0x0 0x0 0xb70007 0xe2 0x38 0x2 0xbd0003 0x2 0x30 0xc30003 0xe2 0xffffffffffffff78 0xc80007 0x2 0x50 0xe2 0xd30004 0x0 0x63af06d690 0xe2 0x0 0x0 0xd70003 0xe4 0xfffffffffffffef0 oops 5 18 java/lang/reflect/Method 41 java/lang/reflect/Method 49 [Ljava/lang/reflect/Method; 69 java/lang/reflect/Method 89 java/lang/reflect/Method
ciMethodData java/lang/Class$MethodArray hasDefaults ()Z 2 1799 orig 264 208 132 206 102 0 0 0 0 232 80 26 174 99 0 0 0 88 1 0 0 0 0 0 0 0 0 0 0 0 0 0 0 0 0 0 0 0 0 0 0 0 0 0 0 0 0 0 0 0 0 0 0 0 0 0 0 0 0 0 0 0 0 0 0 0 0 0 0 0 0 0 0 0 0 0 0 0 0 0 0 77 68 79 32 101 120 116 114 97 32 100 97 116 97 32 108 111 99 107 0 0 0 0 0 0 0 0 0 0 0 0 0 0 0 0 0 0 0 0 0 0 0 0 0 0 0 0 0 0 0 0 0 0 0 0 0 0 0 0 0 0 0 0 0 0 0 0 0 0 0 0 0 0 0 0 0 0 0 0 0 0 0 0 0 0 0 0 0 0 0 0 0 0 0 0 0 0 0 0 0 0 0 0 0 0 0 0 0 0 0 0 0 0 0 0 0 0 0 0 0 0 0 0 0 0 0 0 0 0 0 0 0 0 0 0 0 133 1 0 0 17 44 0 0 1 0 0 0 0 0 0 0 0 0 0 0 2 0 0 0 0 0 6 0 2 0 0 0 56 0 0 0 255 255 255 255 7 0 4 0 0 0 0 0 data 7 0x40007 0x546 0x38 0x3c 0x80003 0x3c 0x18 oops 0
compile java/lang/Class privateGetMethodRecursive (Ljava/lang/String;[Ljava/lang/Class;ZLjava/lang/Class$MethodArray;)Ljava/lang/reflect/Method; -1 4 inline 259 0 -1 java/lang/Class privateGetMethodRecursive (Ljava/lang/String;[Ljava/lang/Class;ZLjava/lang/Class$MethodArray;)Ljava/lang/reflect/Method; 1 2 java/lang/Class privateGetDeclaredMethods (Z)[Ljava/lang/reflect/Method; 2 0 java/lang/Class checkInitted ()V 2 4 java/lang/Class reflectionData ()Ljava/lang/Class$ReflectionData; 3 21 java/lang/ref/SoftReference get ()Ljava/lang/Object; 3 45 java/lang/Class newReflectionData (Ljava/lang/ref/SoftReference;I)Ljava/lang/Class$ReflectionData; 4 13 java/lang/Class$ReflectionData <init> (I)V 5 1 java/lang/Object <init> ()V 4 24 java/lang/ref/SoftReference <init> (Ljava/lang/Object;)V 5 2 java/lang/ref/Reference <init> (Ljava/lang/Object;)V 6 3 java/lang/ref/Reference <init> (Ljava/lang/Object;Ljava/lang/ref/ReferenceQueue;)V 7 1 java/lang/Object <init> ()V 4 27 java/lang/Class$Atomic casReflectionData (Ljava/lang/Class;Ljava/lang/ref/SoftReference;Ljava/lang/ref/SoftReference;)Z 4 50 java/lang/ref/SoftReference get ()Ljava/lang/Object; 2 40 sun/reflect/Reflection filterMethods (Ljava/lang/Class;[Ljava/lang/reflect/Method;)[Ljava/lang/reflect/Method; 1 7 java/lang/Class searchMethods ([Ljava/lang/reflect/Method;Ljava/lang/String;[Ljava/lang/Class;)Ljava/lang/reflect/Method; 2 26 java/lang/reflect/Method getName ()Ljava/lang/String; 2 37 java/lang/reflect/Method getParameterTypes ()[Ljava/lang/Class; 2 40 java/lang/Class arrayContentsEq ([Ljava/lang/Object;[Ljava/lang/Object;)Z 2 51 java/lang/reflect/Method getReturnType ()Ljava/lang/Class; 2 56 java/lang/reflect/Method getReturnType ()Ljava/lang/Class; 2 82 java/lang/Class getReflectionFactory ()Lsun/reflect/ReflectionFactory; 2 86 sun/reflect/ReflectionFactory copyMethod (Ljava/lang/reflect/Method;)Ljava/lang/reflect/Method; 3 0 sun/reflect/ReflectionFactory langReflectAccess ()Lsun/reflect/LangReflectAccess; 3 4 java/lang/reflect/ReflectAccess copyMethod (Ljava/lang/reflect/Method;)Ljava/lang/reflect/Method; 4 1 java/lang/reflect/Method copy ()Ljava/lang/reflect/Method; 5 65 java/lang/reflect/Method <init> (Ljava/lang/Class;Ljava/lang/String;[Ljava/lang/Class;Ljava/lang/Class;[Ljava/lang/Class;IILjava/lang/String;[B[B[B)V 6 1 java/lang/reflect/Executable <init> ()V 7 1 java/lang/reflect/AccessibleObject <init> ()V 8 1 java/lang/Object <init> ()V 1 22 java/lang/reflect/Method getModifiers ()I 1 25 java/lang/reflect/Modifier isStatic (I)Z 1 57 java/lang/Class getMethod0 (Ljava/lang/String;[Ljava/lang/Class;Z)Ljava/lang/reflect/Method; 2 5 java/lang/Class$MethodArray <init> (I)V 3 1 java/lang/Object <init> ()V 2 16 java/lang/Class privateGetMethodRecursive (Ljava/lang/String;[Ljava/lang/Class;ZLjava/lang/Class$MethodArray;)Ljava/lang/reflect/Method; 3 2 java/lang/Class privateGetDeclaredMethods (Z)[Ljava/lang/reflect/Method; 4 0 java/lang/Class checkInitted ()V 4 4 java/lang/Class reflectionData ()Ljava/lang/Class$ReflectionData; 5 21 java/lang/ref/SoftReference get ()Ljava/lang/Object; 5 45 java/lang/Class newReflectionData (Ljava/lang/ref/SoftReference;I)Ljava/lang/Class$ReflectionData; 6 13 java/lang/Class$ReflectionData <init> (I)V 7 1 java/lang/Object <init> ()V 6 24 java/lang/ref/SoftReference <init> (Ljava/lang/Object;)V 7 2 java/lang/ref/Reference <init> (Ljava/lang/Object;)V 8 3 java/lang/ref/Reference <init> (Ljava/lang/Object;Ljava/lang/ref/ReferenceQueue;)V 9 1 java/lang/Object <init> ()V 6 27 java/lang/Class$Atomic casReflectionData (Ljava/lang/Class;Ljava/lang/ref/SoftReference;Ljava/lang/ref/SoftReference;)Z 6 50 java/lang/ref/SoftReference get ()Ljava/lang/Object; 4 40 sun/reflect/Reflection filterMethods (Ljava/lang/Class;[Ljava/lang/reflect/Method;)[Ljava/lang/reflect/Method; 3 7 java/lang/Class searchMethods ([Ljava/lang/reflect/Method;Ljava/lang/String;[Ljava/lang/Class;)Ljava/lang/reflect/Method; 4 26 java/lang/reflect/Method getName ()Ljava/lang/String; 4 37 java/lang/reflect/Method getParameterTypes ()[Ljava/lang/Class; 4 40 java/lang/Class arrayContentsEq ([Ljava/lang/Object;[Ljava/lang/Object;)Z 4 51 java/lang/reflect/Method getReturnType ()Ljava/lang/Class; 4 56 java/lang/reflect/Method getReturnType ()Ljava/lang/Class; 4 82 java/lang/Class getReflectionFactory ()Lsun/reflect/ReflectionFactory; 4 86 sun/reflect/ReflectionFactory copyMethod (Ljava/lang/reflect/Method;)Ljava/lang/reflect/Method; 5 0 sun/reflect/ReflectionFactory langReflectAccess ()Lsun/reflect/LangReflectAccess; 5 4 java/lang/reflect/ReflectAccess copyMethod (Ljava/lang/reflect/Method;)Ljava/lang/reflect/Method; 6 1 java/lang/reflect/Method copy ()Ljava/lang/reflect/Method; 7 65 java/lang/reflect/Method <init> (Ljava/lang/Class;Ljava/lang/String;[Ljava/lang/Class;Ljava/lang/Class;[Ljava/lang/Class;IILjava/lang/String;[B[B[B)V 8 1 java/lang/reflect/Executable <init> ()V 9 1 java/lang/reflect/AccessibleObject <init> ()V 10 1 java/lang/Object <init> ()V 3 57 java/lang/Class getMethod0 (Ljava/lang/String;[Ljava/lang/Class;Z)Ljava/lang/reflect/Method; 4 5 java/lang/Class$MethodArray <init> (I)V 5 1 java/lang/Object <init> ()V 4 31 java/lang/Class$MethodArray removeLessSpecifics ()V 5 1 java/lang/Class$MethodArray hasDefaults ()Z 5 20 java/lang/Class$MethodArray get (I)Ljava/lang/reflect/Method; 5 29 java/lang/reflect/Method isDefault ()Z 6 1 java/lang/reflect/Method getModifiers ()I 6 13 java/lang/reflect/Method getDeclaringClass ()Ljava/lang/Class; 5 58 java/lang/Class$MethodArray get (I)Ljava/lang/reflect/Method; 5 75 java/lang/Class$MethodArray matchesNameAndDescriptor (Ljava/lang/reflect/Method;Ljava/lang/reflect/Method;)Z 6 1 java/lang/reflect/Method getReturnType ()Ljava/lang/Class; 6 5 java/lang/reflect/Method getReturnType ()Ljava/lang/Class; 6 12 java/lang/reflect/Method getName ()Ljava/lang/String; 6 16 java/lang/reflect/Method getName ()Ljava/lang/String; 6 23 java/lang/reflect/Method getParameterTypes ()[Ljava/lang/Class; 6 27 java/lang/reflect/Method getParameterTypes ()[Ljava/lang/Class; 6 30 java/lang/Class access$300 ([Ljava/lang/Object;[Ljava/lang/Object;)Z 4 36 java/lang/Class$MethodArray getFirst ()Ljava/lang/reflect/Method; 3 70 java/lang/Class getInterfaces ()[Ljava/lang/Class; 4 1 java/lang/Class reflectionData ()Ljava/lang/Class$ReflectionData; 5 21 java/lang/ref/SoftReference get ()Ljava/lang/Object; 5 45 java/lang/Class newReflectionData (Ljava/lang/ref/SoftReference;I)Ljava/lang/Class$ReflectionData; 6 13 java/lang/Class$ReflectionData <init> (I)V 7 1 java/lang/Object <init> ()V 6 24 java/lang/ref/SoftReference <init> (Ljava/lang/Object;)V 7 2 java/lang/ref/Reference <init> (Ljava/lang/Object;)V 8 3 java/lang/ref/Reference <init> (Ljava/lang/Object;Ljava/lang/ref/ReferenceQueue;)V 9 1 java/lang/Object <init> ()V 6 27 java/lang/Class$Atomic casReflectionData (Ljava/lang/Class;Ljava/lang/ref/SoftReference;Ljava/lang/ref/SoftReference;)Z 6 50 java/lang/ref/SoftReference get ()Ljava/lang/Object; 3 106 java/lang/Class getMethod0 (Ljava/lang/String;[Ljava/lang/Class;Z)Ljava/lang/reflect/Method; 4 5 java/lang/Class$MethodArray <init> (I)V 5 1 java/lang/Object <init> ()V 4 31 java/lang/Class$MethodArray removeLessSpecifics ()V 5 1 java/lang/Class$MethodArray hasDefaults ()Z 5 20 java/lang/Class$MethodArray get (I)Ljava/lang/reflect/Method; 5 29 java/lang/reflect/Method isDefault ()Z 6 1 java/lang/reflect/Method getModifiers ()I 6 13 java/lang/reflect/Method getDeclaringClass ()Ljava/lang/Class; 5 58 java/lang/Class$MethodArray get (I)Ljava/lang/reflect/Method; 5 75 java/lang/Class$MethodArray matchesNameAndDescriptor (Ljava/lang/reflect/Method;Ljava/lang/reflect/Method;)Z 6 1 java/lang/reflect/Method getReturnType ()Ljava/lang/Class; 6 5 java/lang/reflect/Method getReturnType ()Ljava/lang/Class; 6 12 java/lang/reflect/Method getName ()Ljava/lang/String; 6 16 java/lang/reflect/Method getName ()Ljava/lang/String; 6 23 java/lang/reflect/Method getParameterTypes ()[Ljava/lang/Class; 6 27 java/lang/reflect/Method getParameterTypes ()[Ljava/lang/Class; 6 30 java/lang/Class access$300 ([Ljava/lang/Object;[Ljava/lang/Object;)Z 4 36 java/lang/Class$MethodArray getFirst ()Ljava/lang/reflect/Method; 3 119 java/lang/Class$MethodArray add (Ljava/lang/reflect/Method;)V 4 24 java/util/Arrays copyOf ([Ljava/lang/Object;I)[Ljava/lang/Object; 4 55 java/lang/reflect/Method isDefault ()Z 5 1 java/lang/reflect/Method getModifiers ()I 5 13 java/lang/reflect/Method getDeclaringClass ()Ljava/lang/Class; 2 31 java/lang/Class$MethodArray removeLessSpecifics ()V 3 1 java/lang/Class$MethodArray hasDefaults ()Z 3 20 java/lang/Class$MethodArray get (I)Ljava/lang/reflect/Method; 3 29 java/lang/reflect/Method isDefault ()Z 4 1 java/lang/reflect/Method getModifiers ()I 4 13 java/lang/reflect/Method getDeclaringClass ()Ljava/lang/Class; 3 58 java/lang/Class$MethodArray get (I)Ljava/lang/reflect/Method; 3 75 java/lang/Class$MethodArray matchesNameAndDescriptor (Ljava/lang/reflect/Method;Ljava/lang/reflect/Method;)Z 4 1 java/lang/reflect/Method getReturnType ()Ljava/lang/Class; 4 5 java/lang/reflect/Method getReturnType ()Ljava/lang/Class; 4 12 java/lang/reflect/Method getName ()Ljava/lang/String; 4 16 java/lang/reflect/Method getName ()Ljava/lang/String; 4 23 java/lang/reflect/Method getParameterTypes ()[Ljava/lang/Class; 4 27 java/lang/reflect/Method getParameterTypes ()[Ljava/lang/Class; 4 30 java/lang/Class access$300 ([Ljava/lang/Object;[Ljava/lang/Object;)Z 2 36 java/lang/Class$MethodArray getFirst ()Ljava/lang/reflect/Method; 1 70 java/lang/Class getInterfaces ()[Ljava/lang/Class; 2 1 java/lang/Class reflectionData ()Ljava/lang/Class$ReflectionData; 3 21 java/lang/ref/SoftReference get ()Ljava/lang/Object; 3 45 java/lang/Class newReflectionData (Ljava/lang/ref/SoftReference;I)Ljava/lang/Class$ReflectionData; 4 13 java/lang/Class$ReflectionData <init> (I)V 5 1 java/lang/Object <init> ()V 4 24 java/lang/ref/SoftReference <init> (Ljava/lang/Object;)V 5 2 java/lang/ref/Reference <init> (Ljava/lang/Object;)V 6 3 java/lang/ref/Reference <init> (Ljava/lang/Object;Ljava/lang/ref/ReferenceQueue;)V 7 1 java/lang/Object <init> ()V 4 27 java/lang/Class$Atomic casReflectionData (Ljava/lang/Class;Ljava/lang/ref/SoftReference;Ljava/lang/ref/SoftReference;)Z 4 50 java/lang/ref/SoftReference get ()Ljava/lang/Object; 1 106 java/lang/Class getMethod0 (Ljava/lang/String;[Ljava/lang/Class;Z)Ljava/lang/reflect/Method; 2 5 java/lang/Class$MethodArray <init> (I)V 3 1 java/lang/Object <init> ()V 2 16 java/lang/Class privateGetMethodRecursive (Ljava/lang/String;[Ljava/lang/Class;ZLjava/lang/Class$MethodArray;)Ljava/lang/reflect/Method; 3 2 java/lang/Class privateGetDeclaredMethods (Z)[Ljava/lang/reflect/Method; 4 0 java/lang/Class checkInitted ()V 4 4 java/lang/Class reflectionData ()Ljava/lang/Class$ReflectionData; 5 21 java/lang/ref/SoftReference get ()Ljava/lang/Object; 5 45 java/lang/Class newReflectionData (Ljava/lang/ref/SoftReference;I)Ljava/lang/Class$ReflectionData; 6 13 java/lang/Class$ReflectionData <init> (I)V 7 1 java/lang/Object <init> ()V 6 24 java/lang/ref/SoftReference <init> (Ljava/lang/Object;)V 7 2 java/lang/ref/Reference <init> (Ljava/lang/Object;)V 8 3 java/lang/ref/Reference <init> (Ljava/lang/Object;Ljava/lang/ref/ReferenceQueue;)V 9 1 java/lang/Object <init> ()V 6 27 java/lang/Class$Atomic casReflectionData (Ljava/lang/Class;Ljava/lang/ref/SoftReference;Ljava/lang/ref/SoftReference;)Z 6 50 java/lang/ref/SoftReference get ()Ljava/lang/Object; 4 40 sun/reflect/Reflection filterMethods (Ljava/lang/Class;[Ljava/lang/reflect/Method;)[Ljava/lang/reflect/Method; 3 7 java/lang/Class searchMethods ([Ljava/lang/reflect/Method;Ljava/lang/String;[Ljava/lang/Class;)Ljava/lang/reflect/Method; 4 26 java/lang/reflect/Method getName ()Ljava/lang/String; 4 37 java/lang/reflect/Method getParameterTypes ()[Ljava/lang/Class; 4 40 java/lang/Class arrayContentsEq ([Ljava/lang/Object;[Ljava/lang/Object;)Z 4 51 java/lang/reflect/Method getReturnType ()Ljava/lang/Class; 4 56 java/lang/reflect/Method getReturnType ()Ljava/lang/Class; 4 82 java/lang/Class getReflectionFactory ()Lsun/reflect/ReflectionFactory; 4 86 sun/reflect/ReflectionFactory copyMethod (Ljava/lang/reflect/Method;)Ljava/lang/reflect/Method; 5 0 sun/reflect/ReflectionFactory langReflectAccess ()Lsun/reflect/LangReflectAccess; 5 4 java/lang/reflect/ReflectAccess copyMethod (Ljava/lang/reflect/Method;)Ljava/lang/reflect/Method; 6 1 java/lang/reflect/Method copy ()Ljava/lang/reflect/Method; 7 65 java/lang/reflect/Method <init> (Ljava/lang/Class;Ljava/lang/String;[Ljava/lang/Class;Ljava/lang/Class;[Ljava/lang/Class;IILjava/lang/String;[B[B[B)V 8 1 java/lang/reflect/Executable <init> ()V 9 1 java/lang/reflect/AccessibleObject <init> ()V 10 1 java/lang/Object <init> ()V 3 22 java/lang/reflect/Method getModifiers ()I 3 25 java/lang/reflect/Modifier isStatic (I)Z 3 57 java/lang/Class getMethod0 (Ljava/lang/String;[Ljava/lang/Class;Z)Ljava/lang/reflect/Method; 4 5 java/lang/Class$MethodArray <init> (I)V 5 1 java/lang/Object <init> ()V 4 31 java/lang/Class$MethodArray removeLessSpecifics ()V 5 1 java/lang/Class$MethodArray hasDefaults ()Z 5 20 java/lang/Class$MethodArray get (I)Ljava/lang/reflect/Method; 5 29 java/lang/reflect/Method isDefault ()Z 6 1 java/lang/reflect/Method getModifiers ()I 6 13 java/lang/reflect/Method getDeclaringClass ()Ljava/lang/Class; 5 58 java/lang/Class$MethodArray get (I)Ljava/lang/reflect/Method; 5 75 java/lang/Class$MethodArray matchesNameAndDescriptor (Ljava/lang/reflect/Method;Ljava/lang/reflect/Method;)Z 6 1 java/lang/reflect/Method getReturnType ()Ljava/lang/Class; 6 5 java/lang/reflect/Method getReturnType ()Ljava/lang/Class; 6 12 java/lang/reflect/Method getName ()Ljava/lang/String; 6 16 java/lang/reflect/Method getName ()Ljava/lang/String; 6 23 java/lang/reflect/Method getParameterTypes ()[Ljava/lang/Class; 6 27 java/lang/reflect/Method getParameterTypes ()[Ljava/lang/Class; 6 30 java/lang/Class access$300 ([Ljava/lang/Object;[Ljava/lang/Object;)Z 4 36 java/lang/Class$MethodArray getFirst ()Ljava/lang/reflect/Method; 3 70 java/lang/Class getInterfaces ()[Ljava/lang/Class; 4 1 java/lang/Class reflectionData ()Ljava/lang/Class$ReflectionData; 5 21 java/lang/ref/SoftReference get ()Ljava/lang/Object; 5 45 java/lang/Class newReflectionData (Ljava/lang/ref/SoftReference;I)Ljava/lang/Class$ReflectionData; 6 13 java/lang/Class$ReflectionData <init> (I)V 7 1 java/lang/Object <init> ()V 6 24 java/lang/ref/SoftReference <init> (Ljava/lang/Object;)V 7 2 java/lang/ref/Reference <init> (Ljava/lang/Object;)V 8 3 java/lang/ref/Reference <init> (Ljava/lang/Object;Ljava/lang/ref/ReferenceQueue;)V 9 1 java/lang/Object <init> ()V 6 27 java/lang/Class$Atomic casReflectionData (Ljava/lang/Class;Ljava/lang/ref/SoftReference;Ljava/lang/ref/SoftReference;)Z 6 50 java/lang/ref/SoftReference get ()Ljava/lang/Object; 3 106 java/lang/Class getMethod0 (Ljava/lang/String;[Ljava/lang/Class;Z)Ljava/lang/reflect/Method; 4 5 java/lang/Class$MethodArray <init> (I)V 5 1 java/lang/Object <init> ()V 4 31 java/lang/Class$MethodArray removeLessSpecifics ()V 5 1 java/lang/Class$MethodArray hasDefaults ()Z 5 20 java/lang/Class$MethodArray get (I)Ljava/lang/reflect/Method; 5 29 java/lang/reflect/Method isDefault ()Z 6 1 java/lang/reflect/Method getModifiers ()I 6 13 java/lang/reflect/Method getDeclaringClass ()Ljava/lang/Class; 5 58 java/lang/Class$MethodArray get (I)Ljava/lang/reflect/Method; 5 75 java/lang/Class$MethodArray matchesNameAndDescriptor (Ljava/lang/reflect/Method;Ljava/lang/reflect/Method;)Z 6 1 java/lang/reflect/Method getReturnType ()Ljava/lang/Class; 6 5 java/lang/reflect/Method getReturnType ()Ljava/lang/Class; 6 12 java/lang/reflect/Method getName ()Ljava/lang/String; 6 16 java/lang/reflect/Method getName ()Ljava/lang/String; 6 23 java/lang/reflect/Method getParameterTypes ()[Ljava/lang/Class; 6 27 java/lang/reflect/Method getParameterTypes ()[Ljava/lang/Class; 6 30 java/lang/Class access$300 ([Ljava/lang/Object;[Ljava/lang/Object;)Z 4 36 java/lang/Class$MethodArray getFirst ()Ljava/lang/reflect/Method; 3 119 java/lang/Class$MethodArray add (Ljava/lang/reflect/Method;)V 4 24 java/util/Arrays copyOf ([Ljava/lang/Object;I)[Ljava/lang/Object; 4 55 java/lang/reflect/Method isDefault ()Z 5 1 java/lang/reflect/Method getModifiers ()I 5 13 java/lang/reflect/Method getDeclaringClass ()Ljava/lang/Class; 2 31 java/lang/Class$MethodArray removeLessSpecifics ()V 3 1 java/lang/Class$MethodArray hasDefaults ()Z 3 20 java/lang/Class$MethodArray get (I)Ljava/lang/reflect/Method; 3 29 java/lang/reflect/Method isDefault ()Z 4 1 java/lang/reflect/Method getModifiers ()I 4 13 java/lang/reflect/Method getDeclaringClass ()Ljava/lang/Class; 3 58 java/lang/Class$MethodArray get (I)Ljava/lang/reflect/Method; 3 75 java/lang/Class$MethodArray matchesNameAndDescriptor (Ljava/lang/reflect/Method;Ljava/lang/reflect/Method;)Z 4 1 java/lang/reflect/Method getReturnType ()Ljava/lang/Class; 4 5 java/lang/reflect/Method getReturnType ()Ljava/lang/Class; 4 12 java/lang/reflect/Method getName ()Ljava/lang/String; 4 16 java/lang/reflect/Method getName ()Ljava/lang/String; 4 23 java/lang/reflect/Method getParameterTypes ()[Ljava/lang/Class; 4 27 java/lang/reflect/Method getParameterTypes ()[Ljava/lang/Class; 4 30 java/lang/Class access$300 ([Ljava/lang/Object;[Ljava/lang/Object;)Z 2 36 java/lang/Class$MethodArray getFirst ()Ljava/lang/reflect/Method; 1 119 java/lang/Class$MethodArray add (Ljava/lang/reflect/Method;)V 2 24 java/util/Arrays copyOf ([Ljava/lang/Object;I)[Ljava/lang/Object; 2 55 java/lang/reflect/Method isDefault ()Z 3 1 java/lang/reflect/Method getModifiers ()I 3 13 java/lang/reflect/Method getDeclaringClass ()Ljava/lang/Class;
