2025-11-09 18:22:16,399 INFO Starting Nacos v1.3.1 on codespaces-fd54c5 with PID 4793 (/workspaces/dafuhaozui/nacos/target/nacos-server.jar started by codespace in /workspaces/dafuhaozui/nacos/bin)

2025-11-09 18:22:16,403 INFO The following profiles are active: standalone

2025-11-09 18:22:21,001 INFO Bean 'org.springframework.security.config.annotation.configuration.ObjectPostProcessorConfiguration' of type [org.springframework.security.config.annotation.configuration.ObjectPostProcessorConfiguration$$EnhancerBySpringCGLIB$$5c1b7486] is not eligible for getting processed by all BeanPostProcessors (for example: not eligible for auto-proxying)

2025-11-09 18:22:21,078 INFO Bean 'objectPostProcessor' of type [org.springframework.security.config.annotation.configuration.AutowireBeanFactoryObjectPostProcessor] is not eligible for getting processed by all BeanPostProcessors (for example: not eligible for auto-proxying)

2025-11-09 18:22:21,080 INFO Bean 'org.springframework.security.access.expression.method.DefaultMethodSecurityExpressionHandler@290b1b2e' of type [org.springframework.security.access.expression.method.DefaultMethodSecurityExpressionHandler] is not eligible for getting processed by all BeanPostProcessors (for example: not eligible for auto-proxying)

2025-11-09 18:22:21,083 INFO Bean 'org.springframework.security.config.annotation.method.configuration.GlobalMethodSecurityConfiguration' of type [org.springframework.security.config.annotation.method.configuration.GlobalMethodSecurityConfiguration$$EnhancerBySpringCGLIB$$80f01738] is not eligible for getting processed by all BeanPostProcessors (for example: not eligible for auto-proxying)

2025-11-09 18:22:21,087 INFO Bean 'methodSecurityMetadataSource' of type [org.springframework.security.access.method.DelegatingMethodSecurityMetadataSource] is not eligible for getting processed by all BeanPostProcessors (for example: not eligible for auto-proxying)

2025-11-09 18:22:21,726 INFO Tomcat initialized with port(s): 6878 (http)

2025-11-09 18:22:21,768 INFO Starting service [Tomcat]

2025-11-09 18:22:21,768 INFO Starting Servlet Engine: Apache Tomcat/9.0.13

2025-11-09 18:22:21,783 INFO The APR based Apache Tomcat Native library which allows optimal performance in production environments was not found on the java.library.path: [/usr/java/packages/lib:/usr/lib64:/lib64:/lib:/usr/lib]

2025-11-09 18:22:21,924 INFO Initializing Spring embedded WebApplicationContext

2025-11-09 18:22:21,925 INFO Root WebApplicationContext: initialization completed in 5156 ms

2025-11-09 18:22:22,303 INFO HikariPool-1 - Starting...

2025-11-09 18:22:36,462 ERROR HikariPool-1 - Exception during pool initialization.

java.sql.SQLNonTransientConnectionException: Could not create connection to database server. Attempted reconnect 3 times. Giving up.
	at com.mysql.cj.jdbc.exceptions.SQLError.createSQLException(SQLError.java:110)
	at com.mysql.cj.jdbc.exceptions.SQLError.createSQLException(SQLError.java:97)
	at com.mysql.cj.jdbc.exceptions.SQLError.createSQLException(SQLError.java:89)
	at com.mysql.cj.jdbc.exceptions.SQLError.createSQLException(SQLError.java:63)
	at com.mysql.cj.jdbc.exceptions.SQLError.createSQLException(SQLError.java:73)
	at com.mysql.cj.jdbc.ConnectionImpl.connectWithRetries(ConnectionImpl.java:905)
	at com.mysql.cj.jdbc.ConnectionImpl.createNewIO(ConnectionImpl.java:830)
	at com.mysql.cj.jdbc.ConnectionImpl.<init>(ConnectionImpl.java:455)
	at com.mysql.cj.jdbc.ConnectionImpl.getInstance(ConnectionImpl.java:240)
	at com.mysql.cj.jdbc.NonRegisteringDriver.connect(NonRegisteringDriver.java:199)
	at com.zaxxer.hikari.util.DriverDataSource.getConnection(DriverDataSource.java:138)
	at com.zaxxer.hikari.pool.PoolBase.newConnection(PoolBase.java:354)
	at com.zaxxer.hikari.pool.PoolBase.newPoolEntry(PoolBase.java:202)
	at com.zaxxer.hikari.pool.HikariPool.createPoolEntry(HikariPool.java:473)
	at com.zaxxer.hikari.pool.HikariPool.checkFailFast(HikariPool.java:554)
	at com.zaxxer.hikari.pool.HikariPool.<init>(HikariPool.java:115)
	at com.zaxxer.hikari.HikariDataSource.getConnection(HikariDataSource.java:112)
	at org.springframework.jdbc.datasource.DataSourceUtils.fetchConnection(DataSourceUtils.java:151)
	at org.springframework.jdbc.datasource.DataSourceUtils.doGetConnection(DataSourceUtils.java:115)
	at org.springframework.jdbc.datasource.DataSourceUtils.getConnection(DataSourceUtils.java:78)
	at org.springframework.jdbc.core.JdbcTemplate.execute(JdbcTemplate.java:371)
	at org.springframework.jdbc.core.JdbcTemplate.update(JdbcTemplate.java:523)
	at com.alibaba.nacos.config.server.service.datasource.ExternalDataSourceServiceImpl$SelectMasterTask.run(ExternalDataSourceServiceImpl.java:233)
	at com.alibaba.nacos.config.server.service.datasource.ExternalDataSourceServiceImpl.reload(ExternalDataSourceServiceImpl.java:137)
	at com.alibaba.nacos.config.server.service.datasource.ExternalDataSourceServiceImpl.init(ExternalDataSourceServiceImpl.java:115)
	at com.alibaba.nacos.config.server.service.datasource.DynamicDataSource.getDataSource(DynamicDataSource.java:53)
	at com.alibaba.nacos.config.server.service.repository.extrnal.ExternalStoragePersistServiceImpl.init(ExternalStoragePersistServiceImpl.java:138)
	at java.base/jdk.internal.reflect.DirectMethodHandleAccessor.invoke(DirectMethodHandleAccessor.java:103)
	at java.base/java.lang.reflect.Method.invoke(Method.java:580)
	at org.springframework.beans.factory.annotation.InitDestroyAnnotationBeanPostProcessor$LifecycleElement.invoke(InitDestroyAnnotationBeanPostProcessor.java:363)
	at org.springframework.beans.factory.annotation.InitDestroyAnnotationBeanPostProcessor$LifecycleMetadata.invokeInitMethods(InitDestroyAnnotationBeanPostProcessor.java:307)
	at org.springframework.beans.factory.annotation.InitDestroyAnnotationBeanPostProcessor.postProcessBeforeInitialization(InitDestroyAnnotationBeanPostProcessor.java:136)
	at org.springframework.beans.factory.support.AbstractAutowireCapableBeanFactory.applyBeanPostProcessorsBeforeInitialization(AbstractAutowireCapableBeanFactory.java:419)
	at org.springframework.beans.factory.support.AbstractAutowireCapableBeanFactory.initializeBean(AbstractAutowireCapableBeanFactory.java:1737)
	at org.springframework.beans.factory.support.AbstractAutowireCapableBeanFactory.doCreateBean(AbstractAutowireCapableBeanFactory.java:576)
	at org.springframework.beans.factory.support.AbstractAutowireCapableBeanFactory.createBean(AbstractAutowireCapableBeanFactory.java:498)
	at org.springframework.beans.factory.support.AbstractBeanFactory.lambda$doGetBean$0(AbstractBeanFactory.java:320)
	at org.springframework.beans.factory.support.DefaultSingletonBeanRegistry.getSingleton(DefaultSingletonBeanRegistry.java:222)
	at org.springframework.beans.factory.support.AbstractBeanFactory.doGetBean(AbstractBeanFactory.java:318)
	at org.springframework.beans.factory.support.AbstractBeanFactory.getBean(AbstractBeanFactory.java:199)
	at org.springframework.beans.factory.config.DependencyDescriptor.resolveCandidate(DependencyDescriptor.java:273)
	at org.springframework.beans.factory.support.DefaultListableBeanFactory.doResolveDependency(DefaultListableBeanFactory.java:1237)
	at org.springframework.beans.factory.support.DefaultListableBeanFactory.resolveDependency(DefaultListableBeanFactory.java:1164)
	at org.springframework.beans.factory.annotation.AutowiredAnnotationBeanPostProcessor$AutowiredFieldElement.inject(AutowiredAnnotationBeanPostProcessor.java:593)
	at org.springframework.beans.factory.annotation.InjectionMetadata.inject(InjectionMetadata.java:90)
	at org.springframework.beans.factory.annotation.AutowiredAnnotationBeanPostProcessor.postProcessProperties(AutowiredAnnotationBeanPostProcessor.java:374)
	at org.springframework.beans.factory.support.AbstractAutowireCapableBeanFactory.populateBean(AbstractAutowireCapableBeanFactory.java:1378)
	at org.springframework.beans.factory.support.AbstractAutowireCapableBeanFactory.doCreateBean(AbstractAutowireCapableBeanFactory.java:575)
	at org.springframework.beans.factory.support.AbstractAutowireCapableBeanFactory.createBean(AbstractAutowireCapableBeanFactory.java:498)
	at org.springframework.beans.factory.support.AbstractBeanFactory.lambda$doGetBean$0(AbstractBeanFactory.java:320)
	at org.springframework.beans.factory.support.DefaultSingletonBeanRegistry.getSingleton(DefaultSingletonBeanRegistry.java:222)
	at org.springframework.beans.factory.support.AbstractBeanFactory.doGetBean(AbstractBeanFactory.java:318)
	at org.springframework.beans.factory.support.AbstractBeanFactory.getBean(AbstractBeanFactory.java:199)
	at org.springframework.beans.factory.config.DependencyDescriptor.resolveCandidate(DependencyDescriptor.java:273)
	at org.springframework.beans.factory.support.DefaultListableBeanFactory.doResolveDependency(DefaultListableBeanFactory.java:1237)
	at org.springframework.beans.factory.support.DefaultListableBeanFactory.resolveDependency(DefaultListableBeanFactory.java:1164)
	at org.springframework.beans.factory.annotation.AutowiredAnnotationBeanPostProcessor$AutowiredFieldElement.inject(AutowiredAnnotationBeanPostProcessor.java:593)
	at org.springframework.beans.factory.annotation.InjectionMetadata.inject(InjectionMetadata.java:90)
	at org.springframework.beans.factory.annotation.AutowiredAnnotationBeanPostProcessor.postProcessProperties(AutowiredAnnotationBeanPostProcessor.java:374)
	at org.springframework.beans.factory.support.AbstractAutowireCapableBeanFactory.populateBean(AbstractAutowireCapableBeanFactory.java:1378)
	at org.springframework.beans.factory.support.AbstractAutowireCapableBeanFactory.doCreateBean(AbstractAutowireCapableBeanFactory.java:575)
	at org.springframework.beans.factory.support.AbstractAutowireCapableBeanFactory.createBean(AbstractAutowireCapableBeanFactory.java:498)
	at org.springframework.beans.factory.support.AbstractBeanFactory.lambda$doGetBean$0(AbstractBeanFactory.java:320)
	at org.springframework.beans.factory.support.DefaultSingletonBeanRegistry.getSingleton(DefaultSingletonBeanRegistry.java:222)
	at org.springframework.beans.factory.support.AbstractBeanFactory.doGetBean(AbstractBeanFactory.java:318)
	at org.springframework.beans.factory.support.AbstractBeanFactory.getBean(AbstractBeanFactory.java:199)
	at org.springframework.beans.factory.config.DependencyDescriptor.resolveCandidate(DependencyDescriptor.java:273)
	at org.springframework.beans.factory.support.DefaultListableBeanFactory.doResolveDependency(DefaultListableBeanFactory.java:1237)
	at org.springframework.beans.factory.support.DefaultListableBeanFactory.resolveDependency(DefaultListableBeanFactory.java:1164)
	at org.springframework.beans.factory.annotation.AutowiredAnnotationBeanPostProcessor$AutowiredFieldElement.inject(AutowiredAnnotationBeanPostProcessor.java:593)
	at org.springframework.beans.factory.annotation.InjectionMetadata.inject(InjectionMetadata.java:90)
	at org.springframework.beans.factory.annotation.AutowiredAnnotationBeanPostProcessor.postProcessProperties(AutowiredAnnotationBeanPostProcessor.java:374)
	at org.springframework.beans.factory.support.AbstractAutowireCapableBeanFactory.populateBean(AbstractAutowireCapableBeanFactory.java:1378)
	at org.springframework.beans.factory.support.AbstractAutowireCapableBeanFactory.doCreateBean(AbstractAutowireCapableBeanFactory.java:575)
	at org.springframework.beans.factory.support.AbstractAutowireCapableBeanFactory.createBean(AbstractAutowireCapableBeanFactory.java:498)
	at org.springframework.beans.factory.support.AbstractBeanFactory.lambda$doGetBean$0(AbstractBeanFactory.java:320)
	at org.springframework.beans.factory.support.DefaultSingletonBeanRegistry.getSingleton(DefaultSingletonBeanRegistry.java:222)
	at org.springframework.beans.factory.support.AbstractBeanFactory.doGetBean(AbstractBeanFactory.java:318)
	at org.springframework.beans.factory.support.AbstractBeanFactory.getBean(AbstractBeanFactory.java:199)
	at org.springframework.beans.factory.support.ConstructorResolver.instantiateUsingFactoryMethod(ConstructorResolver.java:392)
	at org.springframework.beans.factory.support.AbstractAutowireCapableBeanFactory.instantiateUsingFactoryMethod(AbstractAutowireCapableBeanFactory.java:1288)
	at org.springframework.beans.factory.support.AbstractAutowireCapableBeanFactory.createBeanInstance(AbstractAutowireCapableBeanFactory.java:1127)
	at org.springframework.beans.factory.support.AbstractAutowireCapableBeanFactory.doCreateBean(AbstractAutowireCapableBeanFactory.java:538)
	at org.springframework.beans.factory.support.AbstractAutowireCapableBeanFactory.createBean(AbstractAutowireCapableBeanFactory.java:498)
	at org.springframework.beans.factory.support.AbstractBeanFactory.lambda$doGetBean$0(AbstractBeanFactory.java:320)
	at org.springframework.beans.factory.support.DefaultSingletonBeanRegistry.getSingleton(DefaultSingletonBeanRegistry.java:222)
	at org.springframework.beans.factory.support.AbstractBeanFactory.doGetBean(AbstractBeanFactory.java:318)
	at org.springframework.beans.factory.support.AbstractBeanFactory.getBean(AbstractBeanFactory.java:199)
	at org.springframework.beans.factory.config.DependencyDescriptor.resolveCandidate(DependencyDescriptor.java:273)
	at org.springframework.beans.factory.support.DefaultListableBeanFactory.doResolveDependency(DefaultListableBeanFactory.java:1237)
	at org.springframework.beans.factory.support.DefaultListableBeanFactory.resolveDependency(DefaultListableBeanFactory.java:1164)
	at org.springframework.beans.factory.annotation.AutowiredAnnotationBeanPostProcessor$AutowiredFieldElement.inject(AutowiredAnnotationBeanPostProcessor.java:593)
	at org.springframework.beans.factory.annotation.InjectionMetadata.inject(InjectionMetadata.java:90)
	at org.springframework.beans.factory.annotation.AutowiredAnnotationBeanPostProcessor.postProcessProperties(AutowiredAnnotationBeanPostProcessor.java:374)
	at org.springframework.beans.factory.support.AbstractAutowireCapableBeanFactory.populateBean(AbstractAutowireCapableBeanFactory.java:1378)
	at org.springframework.beans.factory.support.AbstractAutowireCapableBeanFactory.doCreateBean(AbstractAutowireCapableBeanFactory.java:575)
	at org.springframework.beans.factory.support.AbstractAutowireCapableBeanFactory.createBean(AbstractAutowireCapableBeanFactory.java:498)
	at org.springframework.beans.factory.support.AbstractBeanFactory.lambda$doGetBean$0(AbstractBeanFactory.java:320)
	at org.springframework.beans.factory.support.DefaultSingletonBeanRegistry.getSingleton(DefaultSingletonBeanRegistry.java:222)
	at org.springframework.beans.factory.support.AbstractBeanFactory.doGetBean(AbstractBeanFactory.java:318)
	at org.springframework.beans.factory.support.AbstractBeanFactory.getBean(AbstractBeanFactory.java:199)
	at org.springframework.beans.factory.config.DependencyDescriptor.resolveCandidate(DependencyDescriptor.java:273)
	at org.springframework.beans.factory.support.DefaultListableBeanFactory.doResolveDependency(DefaultListableBeanFactory.java:1237)
	at org.springframework.beans.factory.support.DefaultListableBeanFactory.resolveDependency(DefaultListableBeanFactory.java:1164)
	at org.springframework.beans.factory.annotation.AutowiredAnnotationBeanPostProcessor$AutowiredFieldElement.inject(AutowiredAnnotationBeanPostProcessor.java:593)
	at org.springframework.beans.factory.annotation.InjectionMetadata.inject(InjectionMetadata.java:90)
	at org.springframework.beans.factory.annotation.AutowiredAnnotationBeanPostProcessor.postProcessProperties(AutowiredAnnotationBeanPostProcessor.java:374)
	at org.springframework.beans.factory.support.AbstractAutowireCapableBeanFactory.populateBean(AbstractAutowireCapableBeanFactory.java:1378)
	at org.springframework.beans.factory.support.AbstractAutowireCapableBeanFactory.doCreateBean(AbstractAutowireCapableBeanFactory.java:575)
	at org.springframework.beans.factory.support.AbstractAutowireCapableBeanFactory.createBean(AbstractAutowireCapableBeanFactory.java:498)
	at org.springframework.beans.factory.support.AbstractBeanFactory.lambda$doGetBean$0(AbstractBeanFactory.java:320)
	at org.springframework.beans.factory.support.DefaultSingletonBeanRegistry.getSingleton(DefaultSingletonBeanRegistry.java:222)
	at org.springframework.beans.factory.support.AbstractBeanFactory.doGetBean(AbstractBeanFactory.java:318)
	at org.springframework.beans.factory.support.AbstractBeanFactory.getBean(AbstractBeanFactory.java:199)
	at org.springframework.context.annotation.ConfigurationClassEnhancer$BeanMethodInterceptor.resolveBeanReference(ConfigurationClassEnhancer.java:394)
	at org.springframework.context.annotation.ConfigurationClassEnhancer$BeanMethodInterceptor.intercept(ConfigurationClassEnhancer.java:366)
	at com.alibaba.nacos.core.auth.AuthConfigs$$EnhancerBySpringCGLIB$$fbb70a8a.authFilter(<generated>)
	at com.alibaba.nacos.core.auth.AuthConfigs.authFilterRegistration(AuthConfigs.java:114)
	at com.alibaba.nacos.core.auth.AuthConfigs$$EnhancerBySpringCGLIB$$fbb70a8a.CGLIB$authFilterRegistration$4(<generated>)
	at com.alibaba.nacos.core.auth.AuthConfigs$$EnhancerBySpringCGLIB$$fbb70a8a$$FastClassBySpringCGLIB$$dea2ad0b.invoke(<generated>)
	at org.springframework.cglib.proxy.MethodProxy.invokeSuper(MethodProxy.java:244)
	at org.springframework.context.annotation.ConfigurationClassEnhancer$BeanMethodInterceptor.intercept(ConfigurationClassEnhancer.java:363)
	at com.alibaba.nacos.core.auth.AuthConfigs$$EnhancerBySpringCGLIB$$fbb70a8a.authFilterRegistration(<generated>)
	at java.base/jdk.internal.reflect.DirectMethodHandleAccessor.invoke(DirectMethodHandleAccessor.java:103)
	at java.base/java.lang.reflect.Method.invoke(Method.java:580)
	at org.springframework.beans.factory.support.SimpleInstantiationStrategy.instantiate(SimpleInstantiationStrategy.java:154)
	at org.springframework.beans.factory.support.ConstructorResolver.instantiate(ConstructorResolver.java:622)
	at org.springframework.beans.factory.support.ConstructorResolver.instantiateUsingFactoryMethod(ConstructorResolver.java:456)
	at org.springframework.beans.factory.support.AbstractAutowireCapableBeanFactory.instantiateUsingFactoryMethod(AbstractAutowireCapableBeanFactory.java:1288)
	at org.springframework.beans.factory.support.AbstractAutowireCapableBeanFactory.createBeanInstance(AbstractAutowireCapableBeanFactory.java:1127)
	at org.springframework.beans.factory.support.AbstractAutowireCapableBeanFactory.doCreateBean(AbstractAutowireCapableBeanFactory.java:538)
	at org.springframework.beans.factory.support.AbstractAutowireCapableBeanFactory.createBean(AbstractAutowireCapableBeanFactory.java:498)
	at org.springframework.beans.factory.support.AbstractBeanFactory.lambda$doGetBean$0(AbstractBeanFactory.java:320)
	at org.springframework.beans.factory.support.DefaultSingletonBeanRegistry.getSingleton(DefaultSingletonBeanRegistry.java:222)
	at org.springframework.beans.factory.support.AbstractBeanFactory.doGetBean(AbstractBeanFactory.java:318)
	at org.springframework.beans.factory.support.AbstractBeanFactory.getBean(AbstractBeanFactory.java:204)
	at org.springframework.boot.web.servlet.ServletContextInitializerBeans.getOrderedBeansOfType(ServletContextInitializerBeans.java:235)
	at org.springframework.boot.web.servlet.ServletContextInitializerBeans.getOrderedBeansOfType(ServletContextInitializerBeans.java:226)
	at org.springframework.boot.web.servlet.ServletContextInitializerBeans.addServletContextInitializerBeans(ServletContextInitializerBeans.java:101)
	at org.springframework.boot.web.servlet.ServletContextInitializerBeans.<init>(ServletContextInitializerBeans.java:88)
	at org.springframework.boot.web.servlet.context.ServletWebServerApplicationContext.getServletContextInitializerBeans(ServletWebServerApplicationContext.java:261)
	at org.springframework.boot.web.servlet.context.ServletWebServerApplicationContext.selfInitialize(ServletWebServerApplicationContext.java:234)
	at org.springframework.boot.web.embedded.tomcat.TomcatStarter.onStartup(TomcatStarter.java:54)
	at org.apache.catalina.core.StandardContext.startInternal(StandardContext.java:5098)
	at org.apache.catalina.util.LifecycleBase.start(LifecycleBase.java:183)
	at org.apache.catalina.core.ContainerBase$StartChild.call(ContainerBase.java:1432)
	at org.apache.catalina.core.ContainerBase$StartChild.call(ContainerBase.java:1422)
	at java.base/java.util.concurrent.FutureTask.run(FutureTask.java:317)
	at org.apache.tomcat.util.threads.InlineExecutorService.execute(InlineExecutorService.java:75)
	at java.base/java.util.concurrent.AbstractExecutorService.submit(AbstractExecutorService.java:145)
	at org.apache.catalina.core.ContainerBase.startInternal(ContainerBase.java:944)
	at org.apache.catalina.core.StandardHost.startInternal(StandardHost.java:831)
	at org.apache.catalina.util.LifecycleBase.start(LifecycleBase.java:183)
	at org.apache.catalina.core.ContainerBase$StartChild.call(ContainerBase.java:1432)
	at org.apache.catalina.core.ContainerBase$StartChild.call(ContainerBase.java:1422)
	at java.base/java.util.concurrent.FutureTask.run(FutureTask.java:317)
	at org.apache.tomcat.util.threads.InlineExecutorService.execute(InlineExecutorService.java:75)
	at java.base/java.util.concurrent.AbstractExecutorService.submit(AbstractExecutorService.java:145)
	at org.apache.catalina.core.ContainerBase.startInternal(ContainerBase.java:944)
	at org.apache.catalina.core.StandardEngine.startInternal(StandardEngine.java:261)
	at org.apache.catalina.util.LifecycleBase.start(LifecycleBase.java:183)
	at org.apache.catalina.core.StandardService.startInternal(StandardService.java:422)
	at org.apache.catalina.util.LifecycleBase.start(LifecycleBase.java:183)
	at org.apache.catalina.core.StandardServer.startInternal(StandardServer.java:801)
	at org.apache.catalina.util.LifecycleBase.start(LifecycleBase.java:183)
	at org.apache.catalina.startup.Tomcat.start(Tomcat.java:372)
	at org.springframework.boot.web.embedded.tomcat.TomcatWebServer.initialize(TomcatWebServer.java:106)
	at org.springframework.boot.web.embedded.tomcat.TomcatWebServer.<init>(TomcatWebServer.java:86)
	at org.springframework.boot.web.embedded.tomcat.TomcatServletWebServerFactory.getTomcatWebServer(TomcatServletWebServerFactory.java:414)
	at org.springframework.boot.web.embedded.tomcat.TomcatServletWebServerFactory.getWebServer(TomcatServletWebServerFactory.java:174)
	at org.springframework.boot.web.servlet.context.ServletWebServerApplicationContext.createWebServer(ServletWebServerApplicationContext.java:181)
	at org.springframework.boot.web.servlet.context.ServletWebServerApplicationContext.onRefresh(ServletWebServerApplicationContext.java:154)
	at org.springframework.context.support.AbstractApplicationContext.refresh(AbstractApplicationContext.java:540)
	at org.springframework.boot.web.servlet.context.ServletWebServerApplicationContext.refresh(ServletWebServerApplicationContext.java:142)
	at org.springframework.boot.SpringApplication.refresh(SpringApplication.java:775)
	at org.springframework.boot.SpringApplication.refreshContext(SpringApplication.java:397)
	at org.springframework.boot.SpringApplication.run(SpringApplication.java:316)
	at org.springframework.boot.SpringApplication.run(SpringApplication.java:1260)
	at org.springframework.boot.SpringApplication.run(SpringApplication.java:1248)
	at com.alibaba.nacos.Nacos.main(Nacos.java:35)
	at java.base/jdk.internal.reflect.DirectMethodHandleAccessor.invoke(DirectMethodHandleAccessor.java:103)
	at java.base/java.lang.reflect.Method.invoke(Method.java:580)
	at org.springframework.boot.loader.MainMethodRunner.run(MainMethodRunner.java:49)
	at org.springframework.boot.loader.Launcher.launch(Launcher.java:109)
	at org.springframework.boot.loader.Launcher.launch(Launcher.java:58)
	at org.springframework.boot.loader.PropertiesLauncher.main(PropertiesLauncher.java:466)
Caused by: com.mysql.cj.exceptions.CJCommunicationsException: Communications link failure

The last packet sent successfully to the server was 0 milliseconds ago. The driver has not received any packets from the server.
	at java.base/jdk.internal.reflect.DirectConstructorHandleAccessor.newInstance(DirectConstructorHandleAccessor.java:62)
	at java.base/java.lang.reflect.Constructor.newInstanceWithCaller(Constructor.java:502)
	at java.base/java.lang.reflect.Constructor.newInstance(Constructor.java:486)
	at com.mysql.cj.exceptions.ExceptionFactory.createException(ExceptionFactory.java:61)
	at com.mysql.cj.exceptions.ExceptionFactory.createException(ExceptionFactory.java:105)
	at com.mysql.cj.exceptions.ExceptionFactory.createException(ExceptionFactory.java:151)
	at com.mysql.cj.exceptions.ExceptionFactory.createCommunicationsException(ExceptionFactory.java:167)
	at com.mysql.cj.protocol.a.NativeProtocol.readMessage(NativeProtocol.java:562)
	at com.mysql.cj.protocol.a.NativeProtocol.readServerCapabilities(NativeProtocol.java:514)
	at com.mysql.cj.protocol.a.NativeProtocol.beforeHandshake(NativeProtocol.java:404)
	at com.mysql.cj.protocol.a.NativeProtocol.connect(NativeProtocol.java:1450)
	at com.mysql.cj.NativeSession.connect(NativeSession.java:165)
	at com.mysql.cj.jdbc.ConnectionImpl.connectWithRetries(ConnectionImpl.java:849)
	... 180 common frames omitted
Caused by: java.net.SocketTimeoutException: Read timed out
	at java.base/sun.nio.ch.NioSocketImpl.timedRead(NioSocketImpl.java:278)
	at java.base/sun.nio.ch.NioSocketImpl.implRead(NioSocketImpl.java:304)
	at java.base/sun.nio.ch.NioSocketImpl.read(NioSocketImpl.java:346)
	at java.base/sun.nio.ch.NioSocketImpl$1.read(NioSocketImpl.java:796)
	at java.base/java.net.Socket$SocketInputStream.read(Socket.java:1099)
	at com.mysql.cj.protocol.ReadAheadInputStream.fill(ReadAheadInputStream.java:107)
	at com.mysql.cj.protocol.ReadAheadInputStream.readFromUnderlyingStreamIfNecessary(ReadAheadInputStream.java:150)
	at com.mysql.cj.protocol.ReadAheadInputStream.read(ReadAheadInputStream.java:180)
	at java.base/java.io.FilterInputStream.read(FilterInputStream.java:119)
	at com.mysql.cj.protocol.FullReadInputStream.readFully(FullReadInputStream.java:64)
	at com.mysql.cj.protocol.a.SimplePacketReader.readHeader(SimplePacketReader.java:63)
	at com.mysql.cj.protocol.a.SimplePacketReader.readHeader(SimplePacketReader.java:45)
	at com.mysql.cj.protocol.a.NativeProtocol.readMessage(NativeProtocol.java:556)
	... 185 common frames omitted
2025-11-09 18:22:36,481 INFO HikariPool-1 - Starting...

2025-11-09 18:22:50,493 ERROR HikariPool-1 - Exception during pool initialization.

java.sql.SQLNonTransientConnectionException: Could not create connection to database server. Attempted reconnect 3 times. Giving up.
	at com.mysql.cj.jdbc.exceptions.SQLError.createSQLException(SQLError.java:110)
	at com.mysql.cj.jdbc.exceptions.SQLError.createSQLException(SQLError.java:97)
	at com.mysql.cj.jdbc.exceptions.SQLError.createSQLException(SQLError.java:89)
	at com.mysql.cj.jdbc.exceptions.SQLError.createSQLException(SQLError.java:63)
	at com.mysql.cj.jdbc.exceptions.SQLError.createSQLException(SQLError.java:73)
	at com.mysql.cj.jdbc.ConnectionImpl.connectWithRetries(ConnectionImpl.java:905)
	at com.mysql.cj.jdbc.ConnectionImpl.createNewIO(ConnectionImpl.java:830)
	at com.mysql.cj.jdbc.ConnectionImpl.<init>(ConnectionImpl.java:455)
	at com.mysql.cj.jdbc.ConnectionImpl.getInstance(ConnectionImpl.java:240)
	at com.mysql.cj.jdbc.NonRegisteringDriver.connect(NonRegisteringDriver.java:199)
	at com.zaxxer.hikari.util.DriverDataSource.getConnection(DriverDataSource.java:138)
	at com.zaxxer.hikari.pool.PoolBase.newConnection(PoolBase.java:354)
	at com.zaxxer.hikari.pool.PoolBase.newPoolEntry(PoolBase.java:202)
	at com.zaxxer.hikari.pool.HikariPool.createPoolEntry(HikariPool.java:473)
	at com.zaxxer.hikari.pool.HikariPool.checkFailFast(HikariPool.java:554)
	at com.zaxxer.hikari.pool.HikariPool.<init>(HikariPool.java:115)
	at com.zaxxer.hikari.HikariDataSource.getConnection(HikariDataSource.java:112)
	at org.springframework.jdbc.datasource.DataSourceUtils.fetchConnection(DataSourceUtils.java:151)
	at org.springframework.jdbc.datasource.DataSourceUtils.doGetConnection(DataSourceUtils.java:115)
	at org.springframework.jdbc.datasource.DataSourceUtils.getConnection(DataSourceUtils.java:78)
	at org.springframework.jdbc.core.JdbcTemplate.execute(JdbcTemplate.java:371)
	at org.springframework.jdbc.core.JdbcTemplate.query(JdbcTemplate.java:452)
	at org.springframework.jdbc.core.JdbcTemplate.query(JdbcTemplate.java:462)
	at com.alibaba.nacos.config.server.service.datasource.ExternalDataSourceServiceImpl$CheckDbHealthTask.run(ExternalDataSourceServiceImpl.java:267)
	at com.alibaba.nacos.config.server.service.datasource.ExternalDataSourceServiceImpl.reload(ExternalDataSourceServiceImpl.java:138)
	at com.alibaba.nacos.config.server.service.datasource.ExternalDataSourceServiceImpl.init(ExternalDataSourceServiceImpl.java:115)
	at com.alibaba.nacos.config.server.service.datasource.DynamicDataSource.getDataSource(DynamicDataSource.java:53)
	at com.alibaba.nacos.config.server.service.repository.extrnal.ExternalStoragePersistServiceImpl.init(ExternalStoragePersistServiceImpl.java:138)
	at java.base/jdk.internal.reflect.DirectMethodHandleAccessor.invoke(DirectMethodHandleAccessor.java:103)
	at java.base/java.lang.reflect.Method.invoke(Method.java:580)
	at org.springframework.beans.factory.annotation.InitDestroyAnnotationBeanPostProcessor$LifecycleElement.invoke(InitDestroyAnnotationBeanPostProcessor.java:363)
	at org.springframework.beans.factory.annotation.InitDestroyAnnotationBeanPostProcessor$LifecycleMetadata.invokeInitMethods(InitDestroyAnnotationBeanPostProcessor.java:307)
	at org.springframework.beans.factory.annotation.InitDestroyAnnotationBeanPostProcessor.postProcessBeforeInitialization(InitDestroyAnnotationBeanPostProcessor.java:136)
	at org.springframework.beans.factory.support.AbstractAutowireCapableBeanFactory.applyBeanPostProcessorsBeforeInitialization(AbstractAutowireCapableBeanFactory.java:419)
	at org.springframework.beans.factory.support.AbstractAutowireCapableBeanFactory.initializeBean(AbstractAutowireCapableBeanFactory.java:1737)
	at org.springframework.beans.factory.support.AbstractAutowireCapableBeanFactory.doCreateBean(AbstractAutowireCapableBeanFactory.java:576)
	at org.springframework.beans.factory.support.AbstractAutowireCapableBeanFactory.createBean(AbstractAutowireCapableBeanFactory.java:498)
	at org.springframework.beans.factory.support.AbstractBeanFactory.lambda$doGetBean$0(AbstractBeanFactory.java:320)
	at org.springframework.beans.factory.support.DefaultSingletonBeanRegistry.getSingleton(DefaultSingletonBeanRegistry.java:222)
	at org.springframework.beans.factory.support.AbstractBeanFactory.doGetBean(AbstractBeanFactory.java:318)
	at org.springframework.beans.factory.support.AbstractBeanFactory.getBean(AbstractBeanFactory.java:199)
	at org.springframework.beans.factory.config.DependencyDescriptor.resolveCandidate(DependencyDescriptor.java:273)
	at org.springframework.beans.factory.support.DefaultListableBeanFactory.doResolveDependency(DefaultListableBeanFactory.java:1237)
	at org.springframework.beans.factory.support.DefaultListableBeanFactory.resolveDependency(DefaultListableBeanFactory.java:1164)
	at org.springframework.beans.factory.annotation.AutowiredAnnotationBeanPostProcessor$AutowiredFieldElement.inject(AutowiredAnnotationBeanPostProcessor.java:593)
	at org.springframework.beans.factory.annotation.InjectionMetadata.inject(InjectionMetadata.java:90)
	at org.springframework.beans.factory.annotation.AutowiredAnnotationBeanPostProcessor.postProcessProperties(AutowiredAnnotationBeanPostProcessor.java:374)
	at org.springframework.beans.factory.support.AbstractAutowireCapableBeanFactory.populateBean(AbstractAutowireCapableBeanFactory.java:1378)
	at org.springframework.beans.factory.support.AbstractAutowireCapableBeanFactory.doCreateBean(AbstractAutowireCapableBeanFactory.java:575)
	at org.springframework.beans.factory.support.AbstractAutowireCapableBeanFactory.createBean(AbstractAutowireCapableBeanFactory.java:498)
	at org.springframework.beans.factory.support.AbstractBeanFactory.lambda$doGetBean$0(AbstractBeanFactory.java:320)
	at org.springframework.beans.factory.support.DefaultSingletonBeanRegistry.getSingleton(DefaultSingletonBeanRegistry.java:222)
	at org.springframework.beans.factory.support.AbstractBeanFactory.doGetBean(AbstractBeanFactory.java:318)
	at org.springframework.beans.factory.support.AbstractBeanFactory.getBean(AbstractBeanFactory.java:199)
	at org.springframework.beans.factory.config.DependencyDescriptor.resolveCandidate(DependencyDescriptor.java:273)
	at org.springframework.beans.factory.support.DefaultListableBeanFactory.doResolveDependency(DefaultListableBeanFactory.java:1237)
	at org.springframework.beans.factory.support.DefaultListableBeanFactory.resolveDependency(DefaultListableBeanFactory.java:1164)
	at org.springframework.beans.factory.annotation.AutowiredAnnotationBeanPostProcessor$AutowiredFieldElement.inject(AutowiredAnnotationBeanPostProcessor.java:593)
	at org.springframework.beans.factory.annotation.InjectionMetadata.inject(InjectionMetadata.java:90)
	at org.springframework.beans.factory.annotation.AutowiredAnnotationBeanPostProcessor.postProcessProperties(AutowiredAnnotationBeanPostProcessor.java:374)
	at org.springframework.beans.factory.support.AbstractAutowireCapableBeanFactory.populateBean(AbstractAutowireCapableBeanFactory.java:1378)
	at org.springframework.beans.factory.support.AbstractAutowireCapableBeanFactory.doCreateBean(AbstractAutowireCapableBeanFactory.java:575)
	at org.springframework.beans.factory.support.AbstractAutowireCapableBeanFactory.createBean(AbstractAutowireCapableBeanFactory.java:498)
	at org.springframework.beans.factory.support.AbstractBeanFactory.lambda$doGetBean$0(AbstractBeanFactory.java:320)
	at org.springframework.beans.factory.support.DefaultSingletonBeanRegistry.getSingleton(DefaultSingletonBeanRegistry.java:222)
	at org.springframework.beans.factory.support.AbstractBeanFactory.doGetBean(AbstractBeanFactory.java:318)
	at org.springframework.beans.factory.support.AbstractBeanFactory.getBean(AbstractBeanFactory.java:199)
	at org.springframework.beans.factory.config.DependencyDescriptor.resolveCandidate(DependencyDescriptor.java:273)
	at org.springframework.beans.factory.support.DefaultListableBeanFactory.doResolveDependency(DefaultListableBeanFactory.java:1237)
	at org.springframework.beans.factory.support.DefaultListableBeanFactory.resolveDependency(DefaultListableBeanFactory.java:1164)
	at org.springframework.beans.factory.annotation.AutowiredAnnotationBeanPostProcessor$AutowiredFieldElement.inject(AutowiredAnnotationBeanPostProcessor.java:593)
	at org.springframework.beans.factory.annotation.InjectionMetadata.inject(InjectionMetadata.java:90)
	at org.springframework.beans.factory.annotation.AutowiredAnnotationBeanPostProcessor.postProcessProperties(AutowiredAnnotationBeanPostProcessor.java:374)
	at org.springframework.beans.factory.support.AbstractAutowireCapableBeanFactory.populateBean(AbstractAutowireCapableBeanFactory.java:1378)
	at org.springframework.beans.factory.support.AbstractAutowireCapableBeanFactory.doCreateBean(AbstractAutowireCapableBeanFactory.java:575)
	at org.springframework.beans.factory.support.AbstractAutowireCapableBeanFactory.createBean(AbstractAutowireCapableBeanFactory.java:498)
	at org.springframework.beans.factory.support.AbstractBeanFactory.lambda$doGetBean$0(AbstractBeanFactory.java:320)
	at org.springframework.beans.factory.support.DefaultSingletonBeanRegistry.getSingleton(DefaultSingletonBeanRegistry.java:222)
	at org.springframework.beans.factory.support.AbstractBeanFactory.doGetBean(AbstractBeanFactory.java:318)
	at org.springframework.beans.factory.support.AbstractBeanFactory.getBean(AbstractBeanFactory.java:199)
	at org.springframework.beans.factory.support.ConstructorResolver.instantiateUsingFactoryMethod(ConstructorResolver.java:392)
	at org.springframework.beans.factory.support.AbstractAutowireCapableBeanFactory.instantiateUsingFactoryMethod(AbstractAutowireCapableBeanFactory.java:1288)
	at org.springframework.beans.factory.support.AbstractAutowireCapableBeanFactory.createBeanInstance(AbstractAutowireCapableBeanFactory.java:1127)
	at org.springframework.beans.factory.support.AbstractAutowireCapableBeanFactory.doCreateBean(AbstractAutowireCapableBeanFactory.java:538)
	at org.springframework.beans.factory.support.AbstractAutowireCapableBeanFactory.createBean(AbstractAutowireCapableBeanFactory.java:498)
	at org.springframework.beans.factory.support.AbstractBeanFactory.lambda$doGetBean$0(AbstractBeanFactory.java:320)
	at org.springframework.beans.factory.support.DefaultSingletonBeanRegistry.getSingleton(DefaultSingletonBeanRegistry.java:222)
	at org.springframework.beans.factory.support.AbstractBeanFactory.doGetBean(AbstractBeanFactory.java:318)
	at org.springframework.beans.factory.support.AbstractBeanFactory.getBean(AbstractBeanFactory.java:199)
	at org.springframework.beans.factory.config.DependencyDescriptor.resolveCandidate(DependencyDescriptor.java:273)
	at org.springframework.beans.factory.support.DefaultListableBeanFactory.doResolveDependency(DefaultListableBeanFactory.java:1237)
	at org.springframework.beans.factory.support.DefaultListableBeanFactory.resolveDependency(DefaultListableBeanFactory.java:1164)
	at org.springframework.beans.factory.annotation.AutowiredAnnotationBeanPostProcessor$AutowiredFieldElement.inject(AutowiredAnnotationBeanPostProcessor.java:593)
	at org.springframework.beans.factory.annotation.InjectionMetadata.inject(InjectionMetadata.java:90)
	at org.springframework.beans.factory.annotation.AutowiredAnnotationBeanPostProcessor.postProcessProperties(AutowiredAnnotationBeanPostProcessor.java:374)
	at org.springframework.beans.factory.support.AbstractAutowireCapableBeanFactory.populateBean(AbstractAutowireCapableBeanFactory.java:1378)
	at org.springframework.beans.factory.support.AbstractAutowireCapableBeanFactory.doCreateBean(AbstractAutowireCapableBeanFactory.java:575)
	at org.springframework.beans.factory.support.AbstractAutowireCapableBeanFactory.createBean(AbstractAutowireCapableBeanFactory.java:498)
	at org.springframework.beans.factory.support.AbstractBeanFactory.lambda$doGetBean$0(AbstractBeanFactory.java:320)
	at org.springframework.beans.factory.support.DefaultSingletonBeanRegistry.getSingleton(DefaultSingletonBeanRegistry.java:222)
	at org.springframework.beans.factory.support.AbstractBeanFactory.doGetBean(AbstractBeanFactory.java:318)
	at org.springframework.beans.factory.support.AbstractBeanFactory.getBean(AbstractBeanFactory.java:199)
	at org.springframework.beans.factory.config.DependencyDescriptor.resolveCandidate(DependencyDescriptor.java:273)
	at org.springframework.beans.factory.support.DefaultListableBeanFactory.doResolveDependency(DefaultListableBeanFactory.java:1237)
	at org.springframework.beans.factory.support.DefaultListableBeanFactory.resolveDependency(DefaultListableBeanFactory.java:1164)
	at org.springframework.beans.factory.annotation.AutowiredAnnotationBeanPostProcessor$AutowiredFieldElement.inject(AutowiredAnnotationBeanPostProcessor.java:593)
	at org.springframework.beans.factory.annotation.InjectionMetadata.inject(InjectionMetadata.java:90)
	at org.springframework.beans.factory.annotation.AutowiredAnnotationBeanPostProcessor.postProcessProperties(AutowiredAnnotationBeanPostProcessor.java:374)
	at org.springframework.beans.factory.support.AbstractAutowireCapableBeanFactory.populateBean(AbstractAutowireCapableBeanFactory.java:1378)
	at org.springframework.beans.factory.support.AbstractAutowireCapableBeanFactory.doCreateBean(AbstractAutowireCapableBeanFactory.java:575)
	at org.springframework.beans.factory.support.AbstractAutowireCapableBeanFactory.createBean(AbstractAutowireCapableBeanFactory.java:498)
	at org.springframework.beans.factory.support.AbstractBeanFactory.lambda$doGetBean$0(AbstractBeanFactory.java:320)
	at org.springframework.beans.factory.support.DefaultSingletonBeanRegistry.getSingleton(DefaultSingletonBeanRegistry.java:222)
	at org.springframework.beans.factory.support.AbstractBeanFactory.doGetBean(AbstractBeanFactory.java:318)
	at org.springframework.beans.factory.support.AbstractBeanFactory.getBean(AbstractBeanFactory.java:199)
	at org.springframework.context.annotation.ConfigurationClassEnhancer$BeanMethodInterceptor.resolveBeanReference(ConfigurationClassEnhancer.java:394)
	at org.springframework.context.annotation.ConfigurationClassEnhancer$BeanMethodInterceptor.intercept(ConfigurationClassEnhancer.java:366)
	at com.alibaba.nacos.core.auth.AuthConfigs$$EnhancerBySpringCGLIB$$fbb70a8a.authFilter(<generated>)
	at com.alibaba.nacos.core.auth.AuthConfigs.authFilterRegistration(AuthConfigs.java:114)
	at com.alibaba.nacos.core.auth.AuthConfigs$$EnhancerBySpringCGLIB$$fbb70a8a.CGLIB$authFilterRegistration$4(<generated>)
	at com.alibaba.nacos.core.auth.AuthConfigs$$EnhancerBySpringCGLIB$$fbb70a8a$$FastClassBySpringCGLIB$$dea2ad0b.invoke(<generated>)
	at org.springframework.cglib.proxy.MethodProxy.invokeSuper(MethodProxy.java:244)
	at org.springframework.context.annotation.ConfigurationClassEnhancer$BeanMethodInterceptor.intercept(ConfigurationClassEnhancer.java:363)
	at com.alibaba.nacos.core.auth.AuthConfigs$$EnhancerBySpringCGLIB$$fbb70a8a.authFilterRegistration(<generated>)
	at java.base/jdk.internal.reflect.DirectMethodHandleAccessor.invoke(DirectMethodHandleAccessor.java:103)
	at java.base/java.lang.reflect.Method.invoke(Method.java:580)
	at org.springframework.beans.factory.support.SimpleInstantiationStrategy.instantiate(SimpleInstantiationStrategy.java:154)
	at org.springframework.beans.factory.support.ConstructorResolver.instantiate(ConstructorResolver.java:622)
	at org.springframework.beans.factory.support.ConstructorResolver.instantiateUsingFactoryMethod(ConstructorResolver.java:456)
	at org.springframework.beans.factory.support.AbstractAutowireCapableBeanFactory.instantiateUsingFactoryMethod(AbstractAutowireCapableBeanFactory.java:1288)
	at org.springframework.beans.factory.support.AbstractAutowireCapableBeanFactory.createBeanInstance(AbstractAutowireCapableBeanFactory.java:1127)
	at org.springframework.beans.factory.support.AbstractAutowireCapableBeanFactory.doCreateBean(AbstractAutowireCapableBeanFactory.java:538)
	at org.springframework.beans.factory.support.AbstractAutowireCapableBeanFactory.createBean(AbstractAutowireCapableBeanFactory.java:498)
	at org.springframework.beans.factory.support.AbstractBeanFactory.lambda$doGetBean$0(AbstractBeanFactory.java:320)
	at org.springframework.beans.factory.support.DefaultSingletonBeanRegistry.getSingleton(DefaultSingletonBeanRegistry.java:222)
	at org.springframework.beans.factory.support.AbstractBeanFactory.doGetBean(AbstractBeanFactory.java:318)
	at org.springframework.beans.factory.support.AbstractBeanFactory.getBean(AbstractBeanFactory.java:204)
	at org.springframework.boot.web.servlet.ServletContextInitializerBeans.getOrderedBeansOfType(ServletContextInitializerBeans.java:235)
	at org.springframework.boot.web.servlet.ServletContextInitializerBeans.getOrderedBeansOfType(ServletContextInitializerBeans.java:226)
	at org.springframework.boot.web.servlet.ServletContextInitializerBeans.addServletContextInitializerBeans(ServletContextInitializerBeans.java:101)
	at org.springframework.boot.web.servlet.ServletContextInitializerBeans.<init>(ServletContextInitializerBeans.java:88)
	at org.springframework.boot.web.servlet.context.ServletWebServerApplicationContext.getServletContextInitializerBeans(ServletWebServerApplicationContext.java:261)
	at org.springframework.boot.web.servlet.context.ServletWebServerApplicationContext.selfInitialize(ServletWebServerApplicationContext.java:234)
	at org.springframework.boot.web.embedded.tomcat.TomcatStarter.onStartup(TomcatStarter.java:54)
	at org.apache.catalina.core.StandardContext.startInternal(StandardContext.java:5098)
	at org.apache.catalina.util.LifecycleBase.start(LifecycleBase.java:183)
	at org.apache.catalina.core.ContainerBase$StartChild.call(ContainerBase.java:1432)
	at org.apache.catalina.core.ContainerBase$StartChild.call(ContainerBase.java:1422)
	at java.base/java.util.concurrent.FutureTask.run(FutureTask.java:317)
	at org.apache.tomcat.util.threads.InlineExecutorService.execute(InlineExecutorService.java:75)
	at java.base/java.util.concurrent.AbstractExecutorService.submit(AbstractExecutorService.java:145)
	at org.apache.catalina.core.ContainerBase.startInternal(ContainerBase.java:944)
	at org.apache.catalina.core.StandardHost.startInternal(StandardHost.java:831)
	at org.apache.catalina.util.LifecycleBase.start(LifecycleBase.java:183)
	at org.apache.catalina.core.ContainerBase$StartChild.call(ContainerBase.java:1432)
	at org.apache.catalina.core.ContainerBase$StartChild.call(ContainerBase.java:1422)
	at java.base/java.util.concurrent.FutureTask.run(FutureTask.java:317)
	at org.apache.tomcat.util.threads.InlineExecutorService.execute(InlineExecutorService.java:75)
	at java.base/java.util.concurrent.AbstractExecutorService.submit(AbstractExecutorService.java:145)
	at org.apache.catalina.core.ContainerBase.startInternal(ContainerBase.java:944)
	at org.apache.catalina.core.StandardEngine.startInternal(StandardEngine.java:261)
	at org.apache.catalina.util.LifecycleBase.start(LifecycleBase.java:183)
	at org.apache.catalina.core.StandardService.startInternal(StandardService.java:422)
	at org.apache.catalina.util.LifecycleBase.start(LifecycleBase.java:183)
	at org.apache.catalina.core.StandardServer.startInternal(StandardServer.java:801)
	at org.apache.catalina.util.LifecycleBase.start(LifecycleBase.java:183)
	at org.apache.catalina.startup.Tomcat.start(Tomcat.java:372)
	at org.springframework.boot.web.embedded.tomcat.TomcatWebServer.initialize(TomcatWebServer.java:106)
	at org.springframework.boot.web.embedded.tomcat.TomcatWebServer.<init>(TomcatWebServer.java:86)
	at org.springframework.boot.web.embedded.tomcat.TomcatServletWebServerFactory.getTomcatWebServer(TomcatServletWebServerFactory.java:414)
	at org.springframework.boot.web.embedded.tomcat.TomcatServletWebServerFactory.getWebServer(TomcatServletWebServerFactory.java:174)
	at org.springframework.boot.web.servlet.context.ServletWebServerApplicationContext.createWebServer(ServletWebServerApplicationContext.java:181)
	at org.springframework.boot.web.servlet.context.ServletWebServerApplicationContext.onRefresh(ServletWebServerApplicationContext.java:154)
	at org.springframework.context.support.AbstractApplicationContext.refresh(AbstractApplicationContext.java:540)
	at org.springframework.boot.web.servlet.context.ServletWebServerApplicationContext.refresh(ServletWebServerApplicationContext.java:142)
	at org.springframework.boot.SpringApplication.refresh(SpringApplication.java:775)
	at org.springframework.boot.SpringApplication.refreshContext(SpringApplication.java:397)
	at org.springframework.boot.SpringApplication.run(SpringApplication.java:316)
	at org.springframework.boot.SpringApplication.run(SpringApplication.java:1260)
	at org.springframework.boot.SpringApplication.run(SpringApplication.java:1248)
	at com.alibaba.nacos.Nacos.main(Nacos.java:35)
	at java.base/jdk.internal.reflect.DirectMethodHandleAccessor.invoke(DirectMethodHandleAccessor.java:103)
	at java.base/java.lang.reflect.Method.invoke(Method.java:580)
	at org.springframework.boot.loader.MainMethodRunner.run(MainMethodRunner.java:49)
	at org.springframework.boot.loader.Launcher.launch(Launcher.java:109)
	at org.springframework.boot.loader.Launcher.launch(Launcher.java:58)
	at org.springframework.boot.loader.PropertiesLauncher.main(PropertiesLauncher.java:466)
Caused by: com.mysql.cj.exceptions.CJCommunicationsException: Communications link failure

The last packet sent successfully to the server was 0 milliseconds ago. The driver has not received any packets from the server.
	at java.base/jdk.internal.reflect.DirectConstructorHandleAccessor.newInstance(DirectConstructorHandleAccessor.java:62)
	at java.base/java.lang.reflect.Constructor.newInstanceWithCaller(Constructor.java:502)
	at java.base/java.lang.reflect.Constructor.newInstance(Constructor.java:486)
	at com.mysql.cj.exceptions.ExceptionFactory.createException(ExceptionFactory.java:61)
	at com.mysql.cj.exceptions.ExceptionFactory.createException(ExceptionFactory.java:105)
	at com.mysql.cj.exceptions.ExceptionFactory.createException(ExceptionFactory.java:151)
	at com.mysql.cj.exceptions.ExceptionFactory.createCommunicationsException(ExceptionFactory.java:167)
	at com.mysql.cj.protocol.a.NativeProtocol.readMessage(NativeProtocol.java:562)
	at com.mysql.cj.protocol.a.NativeProtocol.readServerCapabilities(NativeProtocol.java:514)
	at com.mysql.cj.protocol.a.NativeProtocol.beforeHandshake(NativeProtocol.java:404)
	at com.mysql.cj.protocol.a.NativeProtocol.connect(NativeProtocol.java:1450)
	at com.mysql.cj.NativeSession.connect(NativeSession.java:165)
	at com.mysql.cj.jdbc.ConnectionImpl.connectWithRetries(ConnectionImpl.java:849)
	... 181 common frames omitted
Caused by: java.net.SocketTimeoutException: Read timed out
	at java.base/sun.nio.ch.NioSocketImpl.timedRead(NioSocketImpl.java:278)
	at java.base/sun.nio.ch.NioSocketImpl.implRead(NioSocketImpl.java:304)
	at java.base/sun.nio.ch.NioSocketImpl.read(NioSocketImpl.java:346)
	at java.base/sun.nio.ch.NioSocketImpl$1.read(NioSocketImpl.java:796)
	at java.base/java.net.Socket$SocketInputStream.read(Socket.java:1099)
	at com.mysql.cj.protocol.ReadAheadInputStream.fill(ReadAheadInputStream.java:107)
	at com.mysql.cj.protocol.ReadAheadInputStream.readFromUnderlyingStreamIfNecessary(ReadAheadInputStream.java:150)
	at com.mysql.cj.protocol.ReadAheadInputStream.read(ReadAheadInputStream.java:180)
	at java.base/java.io.FilterInputStream.read(FilterInputStream.java:119)
	at com.mysql.cj.protocol.FullReadInputStream.readFully(FullReadInputStream.java:64)
	at com.mysql.cj.protocol.a.SimplePacketReader.readHeader(SimplePacketReader.java:63)
	at com.mysql.cj.protocol.a.SimplePacketReader.readHeader(SimplePacketReader.java:45)
	at com.mysql.cj.protocol.a.NativeProtocol.readMessage(NativeProtocol.java:556)
	... 186 common frames omitted
2025-11-09 18:22:51,172 INFO Nacos-related cluster resource initialization

2025-11-09 18:22:51,186 INFO The cluster resource is initialized

2025-11-09 18:22:51,674 INFO Reflections took 50 ms to scan 1 urls, producing 6 keys and 24 values 

2025-11-09 18:22:51,714 INFO Reflections took 9 ms to scan 1 urls, producing 2 keys and 12 values 

2025-11-09 18:22:51,724 INFO Reflections took 6 ms to scan 1 urls, producing 3 keys and 15 values 

2025-11-09 18:22:52,021 WARN Exception encountered during context initialization - cancelling refresh attempt: org.springframework.beans.factory.UnsatisfiedDependencyException: Error creating bean with name 'configOpsController' defined in URL [jar:file:/workspaces/dafuhaozui/nacos/target/nacos-server.jar!/BOOT-INF/lib/nacos-config-1.3.1.jar!/com/alibaba/nacos/config/server/controller/ConfigOpsController.class]: Unsatisfied dependency expressed through constructor parameter 1; nested exception is org.springframework.beans.factory.BeanCreationException: Error creating bean with name 'externalDumpService': Invocation of init method failed; nested exception is ErrCode:500, ErrMsg:Nacos Server did not start because dumpservice bean construction failure :
No DataSource set

2025-11-09 18:22:52,028 INFO Stopping service [Tomcat]

2025-11-09 18:22:52,033 WARN The web application [nacos] appears to have started a thread named [com.alibaba.nacos.server.Timer.0] but has failed to stop it. This is very likely to create a memory leak. Stack trace of thread:
 java.base/jdk.internal.misc.Unsafe.park(Native Method)
 java.base/java.util.concurrent.locks.LockSupport.parkNanos(LockSupport.java:269)
 java.base/java.util.concurrent.locks.AbstractQueuedSynchronizer$ConditionObject.awaitNanos(AbstractQueuedSynchronizer.java:1763)
 java.base/java.util.concurrent.ScheduledThreadPoolExecutor$DelayedWorkQueue.take(ScheduledThreadPoolExecutor.java:1182)
 java.base/java.util.concurrent.ScheduledThreadPoolExecutor$DelayedWorkQueue.take(ScheduledThreadPoolExecutor.java:899)
 java.base/java.util.concurrent.ThreadPoolExecutor.getTask(ThreadPoolExecutor.java:1070)
 java.base/java.util.concurrent.ThreadPoolExecutor.runWorker(ThreadPoolExecutor.java:1130)
 java.base/java.util.concurrent.ThreadPoolExecutor$Worker.run(ThreadPoolExecutor.java:642)
 java.base/java.lang.Thread.run(Thread.java:1583)

2025-11-09 18:22:52,033 WARN The web application [nacos] appears to have started a thread named [com.alibaba.nacos.server.Timer.-1] but has failed to stop it. This is very likely to create a memory leak. Stack trace of thread:
 java.base/jdk.internal.misc.Unsafe.park(Native Method)
 java.base/java.util.concurrent.locks.LockSupport.park(LockSupport.java:371)
 java.base/java.util.concurrent.locks.AbstractQueuedSynchronizer$ConditionNode.block(AbstractQueuedSynchronizer.java:519)
 java.base/java.util.concurrent.ForkJoinPool.unmanagedBlock(ForkJoinPool.java:3780)
 java.base/java.util.concurrent.ForkJoinPool.managedBlock(ForkJoinPool.java:3725)
 java.base/java.util.concurrent.locks.AbstractQueuedSynchronizer$ConditionObject.await(AbstractQueuedSynchronizer.java:1712)
 java.base/java.util.concurrent.ScheduledThreadPoolExecutor$DelayedWorkQueue.take(ScheduledThreadPoolExecutor.java:1177)
 java.base/java.util.concurrent.ScheduledThreadPoolExecutor$DelayedWorkQueue.take(ScheduledThreadPoolExecutor.java:899)
 java.base/java.util.concurrent.ThreadPoolExecutor.getTask(ThreadPoolExecutor.java:1070)
 java.base/java.util.concurrent.ThreadPoolExecutor.runWorker(ThreadPoolExecutor.java:1130)
 java.base/java.util.concurrent.ThreadPoolExecutor$Worker.run(ThreadPoolExecutor.java:642)
 java.base/java.lang.Thread.run(Thread.java:1583)

2025-11-09 18:22:52,033 WARN The web application [nacos] appears to have started a thread named [pool-2-thread-1] but has failed to stop it. This is very likely to create a memory leak. Stack trace of thread:
 java.base/sun.nio.ch.EPoll.wait(Native Method)
 java.base/sun.nio.ch.EPollSelectorImpl.doSelect(EPollSelectorImpl.java:121)
 java.base/sun.nio.ch.SelectorImpl.lockAndDoSelect(SelectorImpl.java:130)
 java.base/sun.nio.ch.SelectorImpl.select(SelectorImpl.java:142)
 org.apache.http.impl.nio.reactor.AbstractMultiworkerIOReactor.execute(AbstractMultiworkerIOReactor.java:340)
 org.apache.http.impl.nio.conn.PoolingNHttpClientConnectionManager.execute(PoolingNHttpClientConnectionManager.java:194)
 org.apache.http.impl.nio.client.CloseableHttpAsyncClientBase$1.run(CloseableHttpAsyncClientBase.java:64)
 java.base/java.lang.Thread.run(Thread.java:1583)

2025-11-09 18:22:52,034 WARN The web application [nacos] appears to have started a thread named [I/O dispatcher 1] but has failed to stop it. This is very likely to create a memory leak. Stack trace of thread:
 java.base/sun.nio.ch.EPoll.wait(Native Method)
 java.base/sun.nio.ch.EPollSelectorImpl.doSelect(EPollSelectorImpl.java:121)
 java.base/sun.nio.ch.SelectorImpl.lockAndDoSelect(SelectorImpl.java:130)
 java.base/sun.nio.ch.SelectorImpl.select(SelectorImpl.java:142)
 org.apache.http.impl.nio.reactor.AbstractIOReactor.execute(AbstractIOReactor.java:255)
 org.apache.http.impl.nio.reactor.BaseIOReactor.execute(BaseIOReactor.java:104)
 org.apache.http.impl.nio.reactor.AbstractMultiworkerIOReactor$Worker.run(AbstractMultiworkerIOReactor.java:588)
 java.base/java.lang.Thread.run(Thread.java:1583)

2025-11-09 18:22:52,034 WARN The web application [nacos] appears to have started a thread named [I/O dispatcher 2] but has failed to stop it. This is very likely to create a memory leak. Stack trace of thread:
 java.base/sun.nio.ch.EPoll.wait(Native Method)
 java.base/sun.nio.ch.EPollSelectorImpl.doSelect(EPollSelectorImpl.java:121)
 java.base/sun.nio.ch.SelectorImpl.lockAndDoSelect(SelectorImpl.java:130)
 java.base/sun.nio.ch.SelectorImpl.select(SelectorImpl.java:142)
 org.apache.http.impl.nio.reactor.AbstractIOReactor.execute(AbstractIOReactor.java:255)
 org.apache.http.impl.nio.reactor.BaseIOReactor.execute(BaseIOReactor.java:104)
 org.apache.http.impl.nio.reactor.AbstractMultiworkerIOReactor$Worker.run(AbstractMultiworkerIOReactor.java:588)
 java.base/java.lang.Thread.run(Thread.java:1583)

2025-11-09 18:22:52,034 WARN The web application [nacos] appears to have started a thread named [nacos.publisher-com.alibaba.nacos.core.cluster.MembersChangeEvent] but has failed to stop it. This is very likely to create a memory leak. Stack trace of thread:
 java.base/java.lang.Thread.sleep0(Native Method)
 java.base/java.lang.Thread.sleep(Thread.java:509)
 com.alibaba.nacos.common.utils.ThreadUtils.sleep(ThreadUtils.java:52)
 com.alibaba.nacos.core.notify.DefaultPublisher.openEventHandler(DefaultPublisher.java:106)
 com.alibaba.nacos.core.notify.DefaultPublisher.run(DefaultPublisher.java:94)

2025-11-09 18:22:52,035 WARN The web application [nacos] appears to have started a thread named [com.alibaba.nacos.naming.raft.notifier.0] but has failed to stop it. This is very likely to create a memory leak. Stack trace of thread:
 java.base/jdk.internal.misc.Unsafe.park(Native Method)
 java.base/java.util.concurrent.locks.LockSupport.park(LockSupport.java:371)
 java.base/java.util.concurrent.locks.AbstractQueuedSynchronizer$ConditionNode.block(AbstractQueuedSynchronizer.java:519)
 java.base/java.util.concurrent.ForkJoinPool.unmanagedBlock(ForkJoinPool.java:3780)
 java.base/java.util.concurrent.ForkJoinPool.managedBlock(ForkJoinPool.java:3725)
 java.base/java.util.concurrent.locks.AbstractQueuedSynchronizer$ConditionObject.await(AbstractQueuedSynchronizer.java:1712)
 java.base/java.util.concurrent.LinkedBlockingQueue.take(LinkedBlockingQueue.java:435)
 com.alibaba.nacos.naming.consistency.persistent.raft.RaftCore$Notifier.run(RaftCore.java:1052)
 java.base/java.util.concurrent.Executors$RunnableAdapter.call(Executors.java:572)
 java.base/java.util.concurrent.FutureTask.run(FutureTask.java:317)
 java.base/java.util.concurrent.ScheduledThreadPoolExecutor$ScheduledFutureTask.run(ScheduledThreadPoolExecutor.java:304)
 java.base/java.util.concurrent.ThreadPoolExecutor.runWorker(ThreadPoolExecutor.java:1144)
 java.base/java.util.concurrent.ThreadPoolExecutor$Worker.run(ThreadPoolExecutor.java:642)
 java.base/java.lang.Thread.run(Thread.java:1583)

2025-11-09 18:22:52,035 WARN The web application [nacos] appears to have started a thread named [com.alibaba.nacos.naming.timer.0] but has failed to stop it. This is very likely to create a memory leak. Stack trace of thread:
 java.base/jdk.internal.misc.Unsafe.park(Native Method)
 java.base/java.util.concurrent.locks.LockSupport.park(LockSupport.java:371)
 java.base/java.util.concurrent.locks.AbstractQueuedSynchronizer$ConditionNode.block(AbstractQueuedSynchronizer.java:519)
 java.base/java.util.concurrent.ForkJoinPool.unmanagedBlock(ForkJoinPool.java:3780)
 java.base/java.util.concurrent.ForkJoinPool.managedBlock(ForkJoinPool.java:3725)
 java.base/java.util.concurrent.locks.AbstractQueuedSynchronizer$ConditionObject.await(AbstractQueuedSynchronizer.java:1712)
 java.base/java.util.concurrent.ScheduledThreadPoolExecutor$DelayedWorkQueue.take(ScheduledThreadPoolExecutor.java:1177)
 java.base/java.util.concurrent.ScheduledThreadPoolExecutor$DelayedWorkQueue.take(ScheduledThreadPoolExecutor.java:899)
 java.base/java.util.concurrent.ThreadPoolExecutor.getTask(ThreadPoolExecutor.java:1070)
 java.base/java.util.concurrent.ThreadPoolExecutor.runWorker(ThreadPoolExecutor.java:1130)
 java.base/java.util.concurrent.ThreadPoolExecutor$Worker.run(ThreadPoolExecutor.java:642)
 java.base/java.lang.Thread.run(Thread.java:1583)

2025-11-09 18:22:52,035 WARN The web application [nacos] appears to have started a thread named [com.alibaba.nacos.naming.timer.-1] but has failed to stop it. This is very likely to create a memory leak. Stack trace of thread:
 java.base/jdk.internal.misc.Unsafe.park(Native Method)
 java.base/java.util.concurrent.locks.LockSupport.parkNanos(LockSupport.java:269)
 java.base/java.util.concurrent.locks.AbstractQueuedSynchronizer$ConditionObject.awaitNanos(AbstractQueuedSynchronizer.java:1763)
 java.base/java.util.concurrent.ScheduledThreadPoolExecutor$DelayedWorkQueue.take(ScheduledThreadPoolExecutor.java:1182)
 java.base/java.util.concurrent.ScheduledThreadPoolExecutor$DelayedWorkQueue.take(ScheduledThreadPoolExecutor.java:899)
 java.base/java.util.concurrent.ThreadPoolExecutor.getTask(ThreadPoolExecutor.java:1070)
 java.base/java.util.concurrent.ThreadPoolExecutor.runWorker(ThreadPoolExecutor.java:1130)
 java.base/java.util.concurrent.ThreadPoolExecutor$Worker.run(ThreadPoolExecutor.java:642)
 java.base/java.lang.Thread.run(Thread.java:1583)

2025-11-09 18:22:52,036 WARN The web application [nacos] appears to have started a thread named [com.alibaba.nacos.naming.timer.-2] but has failed to stop it. This is very likely to create a memory leak. Stack trace of thread:
 java.base/jdk.internal.misc.Unsafe.park(Native Method)
 java.base/java.util.concurrent.locks.LockSupport.park(LockSupport.java:371)
 java.base/java.util.concurrent.locks.AbstractQueuedSynchronizer$ConditionNode.block(AbstractQueuedSynchronizer.java:519)
 java.base/java.util.concurrent.ForkJoinPool.unmanagedBlock(ForkJoinPool.java:3780)
 java.base/java.util.concurrent.ForkJoinPool.managedBlock(ForkJoinPool.java:3725)
 java.base/java.util.concurrent.locks.AbstractQueuedSynchronizer$ConditionObject.await(AbstractQueuedSynchronizer.java:1712)
 java.base/java.util.concurrent.ScheduledThreadPoolExecutor$DelayedWorkQueue.take(ScheduledThreadPoolExecutor.java:1177)
 java.base/java.util.concurrent.ScheduledThreadPoolExecutor$DelayedWorkQueue.take(ScheduledThreadPoolExecutor.java:899)
 java.base/java.util.concurrent.ThreadPoolExecutor.getTask(ThreadPoolExecutor.java:1070)
 java.base/java.util.concurrent.ThreadPoolExecutor.runWorker(ThreadPoolExecutor.java:1130)
 java.base/java.util.concurrent.ThreadPoolExecutor$Worker.run(ThreadPoolExecutor.java:642)
 java.base/java.lang.Thread.run(Thread.java:1583)

2025-11-09 18:22:52,037 WARN The web application [nacos] appears to have started a thread named [com.alibaba.nacos.naming.timer.-3] but has failed to stop it. This is very likely to create a memory leak. Stack trace of thread:
 java.base/jdk.internal.misc.Unsafe.park(Native Method)
 java.base/java.util.concurrent.locks.LockSupport.parkNanos(LockSupport.java:269)
 java.base/java.util.concurrent.locks.AbstractQueuedSynchronizer$ConditionObject.awaitNanos(AbstractQueuedSynchronizer.java:1763)
 java.base/java.util.concurrent.ScheduledThreadPoolExecutor$DelayedWorkQueue.take(ScheduledThreadPoolExecutor.java:1182)
 java.base/java.util.concurrent.ScheduledThreadPoolExecutor$DelayedWorkQueue.take(ScheduledThreadPoolExecutor.java:899)
 java.base/java.util.concurrent.ThreadPoolExecutor.getTask(ThreadPoolExecutor.java:1070)
 java.base/java.util.concurrent.ThreadPoolExecutor.runWorker(ThreadPoolExecutor.java:1130)
 java.base/java.util.concurrent.ThreadPoolExecutor$Worker.run(ThreadPoolExecutor.java:642)
 java.base/java.lang.Thread.run(Thread.java:1583)

2025-11-09 18:22:52,037 WARN The web application [nacos] appears to have started a thread named [com.alibaba.nacos.naming.distro.data.syncer.0] but has failed to stop it. This is very likely to create a memory leak. Stack trace of thread:
 java.base/jdk.internal.misc.Unsafe.park(Native Method)
 java.base/java.util.concurrent.locks.LockSupport.parkNanos(LockSupport.java:269)
 java.base/java.util.concurrent.locks.AbstractQueuedSynchronizer$ConditionObject.awaitNanos(AbstractQueuedSynchronizer.java:1763)
 java.base/java.util.concurrent.ScheduledThreadPoolExecutor$DelayedWorkQueue.take(ScheduledThreadPoolExecutor.java:1182)
 java.base/java.util.concurrent.ScheduledThreadPoolExecutor$DelayedWorkQueue.take(ScheduledThreadPoolExecutor.java:899)
 java.base/java.util.concurrent.ThreadPoolExecutor.getTask(ThreadPoolExecutor.java:1070)
 java.base/java.util.concurrent.ThreadPoolExecutor.runWorker(ThreadPoolExecutor.java:1130)
 java.base/java.util.concurrent.ThreadPoolExecutor$Worker.run(ThreadPoolExecutor.java:642)
 java.base/java.lang.Thread.run(Thread.java:1583)

2025-11-09 18:22:52,038 WARN The web application [nacos] appears to have started a thread named [com.alibaba.nacos.naming.distro.task.dispatcher.0] but has failed to stop it. This is very likely to create a memory leak. Stack trace of thread:
 java.base/jdk.internal.misc.Unsafe.park(Native Method)
 java.base/java.util.concurrent.locks.LockSupport.parkNanos(LockSupport.java:269)
 java.base/java.util.concurrent.locks.AbstractQueuedSynchronizer$ConditionObject.awaitNanos(AbstractQueuedSynchronizer.java:1763)
 java.base/java.util.concurrent.LinkedBlockingQueue.poll(LinkedBlockingQueue.java:460)
 com.alibaba.nacos.naming.consistency.ephemeral.distro.TaskDispatcher$TaskScheduler.run(TaskDispatcher.java:102)
 java.base/java.util.concurrent.Executors$RunnableAdapter.call(Executors.java:572)
 java.base/java.util.concurrent.FutureTask.run(FutureTask.java:317)
 java.base/java.util.concurrent.ScheduledThreadPoolExecutor$ScheduledFutureTask.run(ScheduledThreadPoolExecutor.java:304)
 java.base/java.util.concurrent.ThreadPoolExecutor.runWorker(ThreadPoolExecutor.java:1144)
 java.base/java.util.concurrent.ThreadPoolExecutor$Worker.run(ThreadPoolExecutor.java:642)
 java.base/java.lang.Thread.run(Thread.java:1583)

2025-11-09 18:22:52,038 WARN The web application [nacos] appears to have started a thread named [com.alibaba.nacos.naming.distro.task.dispatcher.-1] but has failed to stop it. This is very likely to create a memory leak. Stack trace of thread:
 java.base/jdk.internal.misc.Unsafe.park(Native Method)
 java.base/java.util.concurrent.locks.LockSupport.parkNanos(LockSupport.java:269)
 java.base/java.util.concurrent.locks.AbstractQueuedSynchronizer$ConditionObject.awaitNanos(AbstractQueuedSynchronizer.java:1763)
 java.base/java.util.concurrent.LinkedBlockingQueue.poll(LinkedBlockingQueue.java:460)
 com.alibaba.nacos.naming.consistency.ephemeral.distro.TaskDispatcher$TaskScheduler.run(TaskDispatcher.java:102)
 java.base/java.util.concurrent.Executors$RunnableAdapter.call(Executors.java:572)
 java.base/java.util.concurrent.FutureTask.run(FutureTask.java:317)
 java.base/java.util.concurrent.ScheduledThreadPoolExecutor$ScheduledFutureTask.run(ScheduledThreadPoolExecutor.java:304)
 java.base/java.util.concurrent.ThreadPoolExecutor.runWorker(ThreadPoolExecutor.java:1144)
 java.base/java.util.concurrent.ThreadPoolExecutor$Worker.run(ThreadPoolExecutor.java:642)
 java.base/java.lang.Thread.run(Thread.java:1583)

2025-11-09 18:22:52,039 WARN The web application [nacos] appears to have started a thread named [com.alibaba.nacos.naming.distro.notifier.0] but has failed to stop it. This is very likely to create a memory leak. Stack trace of thread:
 java.base/jdk.internal.misc.Unsafe.park(Native Method)
 java.base/java.util.concurrent.locks.LockSupport.park(LockSupport.java:371)
 java.base/java.util.concurrent.locks.AbstractQueuedSynchronizer$ConditionNode.block(AbstractQueuedSynchronizer.java:519)
 java.base/java.util.concurrent.ForkJoinPool.unmanagedBlock(ForkJoinPool.java:3780)
 java.base/java.util.concurrent.ForkJoinPool.managedBlock(ForkJoinPool.java:3725)
 java.base/java.util.concurrent.locks.AbstractQueuedSynchronizer$ConditionObject.await(AbstractQueuedSynchronizer.java:1712)
 java.base/java.util.concurrent.ArrayBlockingQueue.take(ArrayBlockingQueue.java:420)
 com.alibaba.nacos.naming.consistency.ephemeral.distro.DistroConsistencyServiceImpl$Notifier.run(DistroConsistencyServiceImpl.java:416)
 java.base/java.util.concurrent.Executors$RunnableAdapter.call(Executors.java:572)
 java.base/java.util.concurrent.FutureTask.run(FutureTask.java:317)
 java.base/java.util.concurrent.ScheduledThreadPoolExecutor$ScheduledFutureTask.run(ScheduledThreadPoolExecutor.java:304)
 java.base/java.util.concurrent.ThreadPoolExecutor.runWorker(ThreadPoolExecutor.java:1144)
 java.base/java.util.concurrent.ThreadPoolExecutor$Worker.run(ThreadPoolExecutor.java:642)
 java.base/java.lang.Thread.run(Thread.java:1583)

2025-11-09 18:22:52,040 ERROR A child container failed during stop

java.util.concurrent.ExecutionException: org.apache.catalina.LifecycleException: Failed to stop component [WebappLoader[StandardEngine[Tomcat].StandardHost[localhost].TomcatEmbeddedContext[/nacos]]]
	at java.base/java.util.concurrent.FutureTask.report(FutureTask.java:122)
	at java.base/java.util.concurrent.FutureTask.get(FutureTask.java:191)
	at org.apache.catalina.core.ContainerBase.stopInternal(ContainerBase.java:1010)
	at org.apache.catalina.util.LifecycleBase.stop(LifecycleBase.java:257)
	at org.apache.catalina.core.ContainerBase$StopChild.call(ContainerBase.java:1448)
	at org.apache.catalina.core.ContainerBase$StopChild.call(ContainerBase.java:1437)
	at java.base/java.util.concurrent.FutureTask.run(FutureTask.java:317)
	at org.apache.tomcat.util.threads.InlineExecutorService.execute(InlineExecutorService.java:75)
	at java.base/java.util.concurrent.AbstractExecutorService.submit(AbstractExecutorService.java:145)
	at org.apache.catalina.core.ContainerBase.stopInternal(ContainerBase.java:1004)
	at org.apache.catalina.util.LifecycleBase.stop(LifecycleBase.java:257)
	at org.apache.catalina.core.StandardService.stopInternal(StandardService.java:474)
	at org.apache.catalina.util.LifecycleBase.stop(LifecycleBase.java:257)
	at org.apache.catalina.core.StandardServer.stopInternal(StandardServer.java:822)
	at org.apache.catalina.util.LifecycleBase.stop(LifecycleBase.java:257)
	at org.apache.catalina.startup.Tomcat.stop(Tomcat.java:382)
	at org.springframework.boot.web.embedded.tomcat.TomcatWebServer.stopTomcat(TomcatWebServer.java:250)
	at org.springframework.boot.web.embedded.tomcat.TomcatWebServer.stop(TomcatWebServer.java:306)
	at org.springframework.boot.web.servlet.context.ServletWebServerApplicationContext.stopAndReleaseWebServer(ServletWebServerApplicationContext.java:320)
	at org.springframework.boot.web.servlet.context.ServletWebServerApplicationContext.refresh(ServletWebServerApplicationContext.java:145)
	at org.springframework.boot.SpringApplication.refresh(SpringApplication.java:775)
	at org.springframework.boot.SpringApplication.refreshContext(SpringApplication.java:397)
	at org.springframework.boot.SpringApplication.run(SpringApplication.java:316)
	at org.springframework.boot.SpringApplication.run(SpringApplication.java:1260)
	at org.springframework.boot.SpringApplication.run(SpringApplication.java:1248)
	at com.alibaba.nacos.Nacos.main(Nacos.java:35)
	at java.base/jdk.internal.reflect.DirectMethodHandleAccessor.invoke(DirectMethodHandleAccessor.java:103)
	at java.base/java.lang.reflect.Method.invoke(Method.java:580)
	at org.springframework.boot.loader.MainMethodRunner.run(MainMethodRunner.java:49)
	at org.springframework.boot.loader.Launcher.launch(Launcher.java:109)
	at org.springframework.boot.loader.Launcher.launch(Launcher.java:58)
	at org.springframework.boot.loader.PropertiesLauncher.main(PropertiesLauncher.java:466)
Caused by: org.apache.catalina.LifecycleException: Failed to stop component [WebappLoader[StandardEngine[Tomcat].StandardHost[localhost].TomcatEmbeddedContext[/nacos]]]
	at org.apache.catalina.util.LifecycleBase.handleSubClassException(LifecycleBase.java:441)
	at org.apache.catalina.util.LifecycleBase.stop(LifecycleBase.java:267)
	at org.apache.catalina.core.StandardContext.stopInternal(StandardContext.java:5367)
	at org.apache.catalina.util.LifecycleBase.stop(LifecycleBase.java:257)
	at org.apache.catalina.core.ContainerBase$StopChild.call(ContainerBase.java:1448)
	at org.apache.catalina.core.ContainerBase$StopChild.call(ContainerBase.java:1437)
	at java.base/java.util.concurrent.FutureTask.run(FutureTask.java:317)
	at org.apache.tomcat.util.threads.InlineExecutorService.execute(InlineExecutorService.java:75)
	at java.base/java.util.concurrent.AbstractExecutorService.submit(AbstractExecutorService.java:145)
	at org.apache.catalina.core.ContainerBase.stopInternal(ContainerBase.java:1004)
	... 29 common frames omitted
Caused by: java.lang.reflect.InaccessibleObjectException: Unable to make field static final java.io.ClassCache java.io.ObjectStreamClass$Caches.localDescs accessible: module java.base does not "opens java.io" to unnamed module @77b52d12
	at java.base/java.lang.reflect.AccessibleObject.throwInaccessibleObjectException(AccessibleObject.java:391)
	at java.base/java.lang.reflect.AccessibleObject.checkCanSetAccessible(AccessibleObject.java:367)
	at java.base/java.lang.reflect.AccessibleObject.checkCanSetAccessible(AccessibleObject.java:315)
	at java.base/java.lang.reflect.Field.checkCanSetAccessible(Field.java:183)
	at java.base/java.lang.reflect.Field.setAccessible(Field.java:177)
	at org.apache.catalina.loader.WebappClassLoaderBase.clearCache(WebappClassLoaderBase.java:2225)
	at org.apache.catalina.loader.WebappClassLoaderBase.clearReferencesObjectStreamClassCaches(WebappClassLoaderBase.java:2213)
	at org.apache.catalina.loader.WebappClassLoaderBase.clearReferences(WebappClassLoaderBase.java:1586)
	at org.apache.catalina.loader.WebappClassLoaderBase.stop(WebappClassLoaderBase.java:1516)
	at org.apache.catalina.loader.WebappLoader.stopInternal(WebappLoader.java:442)
	at org.apache.catalina.util.LifecycleBase.stop(LifecycleBase.java:257)
	... 37 common frames omitted
2025-11-09 18:22:52,041 ERROR A child container failed during stop

java.util.concurrent.ExecutionException: org.apache.catalina.LifecycleException: A child container failed during stop
	at java.base/java.util.concurrent.FutureTask.report(FutureTask.java:122)
	at java.base/java.util.concurrent.FutureTask.get(FutureTask.java:191)
	at org.apache.catalina.core.ContainerBase.stopInternal(ContainerBase.java:1010)
	at org.apache.catalina.util.LifecycleBase.stop(LifecycleBase.java:257)
	at org.apache.catalina.core.StandardService.stopInternal(StandardService.java:474)
	at org.apache.catalina.util.LifecycleBase.stop(LifecycleBase.java:257)
	at org.apache.catalina.core.StandardServer.stopInternal(StandardServer.java:822)
	at org.apache.catalina.util.LifecycleBase.stop(LifecycleBase.java:257)
	at org.apache.catalina.startup.Tomcat.stop(Tomcat.java:382)
	at org.springframework.boot.web.embedded.tomcat.TomcatWebServer.stopTomcat(TomcatWebServer.java:250)
	at org.springframework.boot.web.embedded.tomcat.TomcatWebServer.stop(TomcatWebServer.java:306)
	at org.springframework.boot.web.servlet.context.ServletWebServerApplicationContext.stopAndReleaseWebServer(ServletWebServerApplicationContext.java:320)
	at org.springframework.boot.web.servlet.context.ServletWebServerApplicationContext.refresh(ServletWebServerApplicationContext.java:145)
	at org.springframework.boot.SpringApplication.refresh(SpringApplication.java:775)
	at org.springframework.boot.SpringApplication.refreshContext(SpringApplication.java:397)
	at org.springframework.boot.SpringApplication.run(SpringApplication.java:316)
	at org.springframework.boot.SpringApplication.run(SpringApplication.java:1260)
	at org.springframework.boot.SpringApplication.run(SpringApplication.java:1248)
	at com.alibaba.nacos.Nacos.main(Nacos.java:35)
	at java.base/jdk.internal.reflect.DirectMethodHandleAccessor.invoke(DirectMethodHandleAccessor.java:103)
	at java.base/java.lang.reflect.Method.invoke(Method.java:580)
	at org.springframework.boot.loader.MainMethodRunner.run(MainMethodRunner.java:49)
	at org.springframework.boot.loader.Launcher.launch(Launcher.java:109)
	at org.springframework.boot.loader.Launcher.launch(Launcher.java:58)
	at org.springframework.boot.loader.PropertiesLauncher.main(PropertiesLauncher.java:466)
Caused by: org.apache.catalina.LifecycleException: A child container failed during stop
	at org.apache.catalina.core.ContainerBase.stopInternal(ContainerBase.java:1018)
	at org.apache.catalina.util.LifecycleBase.stop(LifecycleBase.java:257)
	at org.apache.catalina.core.ContainerBase$StopChild.call(ContainerBase.java:1448)
	at org.apache.catalina.core.ContainerBase$StopChild.call(ContainerBase.java:1437)
	at java.base/java.util.concurrent.FutureTask.run(FutureTask.java:317)
	at org.apache.tomcat.util.threads.InlineExecutorService.execute(InlineExecutorService.java:75)
	at java.base/java.util.concurrent.AbstractExecutorService.submit(AbstractExecutorService.java:145)
	at org.apache.catalina.core.ContainerBase.stopInternal(ContainerBase.java:1004)
	... 22 common frames omitted
2025-11-09 18:22:52,042 INFO Nacos Log files: /workspaces/dafuhaozui/nacos/logs

2025-11-09 18:22:52,043 INFO Nacos Log files: /workspaces/dafuhaozui/nacos/conf

2025-11-09 18:22:52,044 INFO Nacos Log files: /workspaces/dafuhaozui/nacos/data

2025-11-09 18:22:52,044 ERROR Startup errors : {}

org.springframework.beans.factory.UnsatisfiedDependencyException: Error creating bean with name 'configOpsController' defined in URL [jar:file:/workspaces/dafuhaozui/nacos/target/nacos-server.jar!/BOOT-INF/lib/nacos-config-1.3.1.jar!/com/alibaba/nacos/config/server/controller/ConfigOpsController.class]: Unsatisfied dependency expressed through constructor parameter 1; nested exception is org.springframework.beans.factory.BeanCreationException: Error creating bean with name 'externalDumpService': Invocation of init method failed; nested exception is ErrCode:500, ErrMsg:Nacos Server did not start because dumpservice bean construction failure :
No DataSource set
	at org.springframework.beans.factory.support.ConstructorResolver.createArgumentArray(ConstructorResolver.java:769)
	at org.springframework.beans.factory.support.ConstructorResolver.autowireConstructor(ConstructorResolver.java:218)
	at org.springframework.beans.factory.support.AbstractAutowireCapableBeanFactory.autowireConstructor(AbstractAutowireCapableBeanFactory.java:1308)
	at org.springframework.beans.factory.support.AbstractAutowireCapableBeanFactory.createBeanInstance(AbstractAutowireCapableBeanFactory.java:1154)
	at org.springframework.beans.factory.support.AbstractAutowireCapableBeanFactory.doCreateBean(AbstractAutowireCapableBeanFactory.java:538)
	at org.springframework.beans.factory.support.AbstractAutowireCapableBeanFactory.createBean(AbstractAutowireCapableBeanFactory.java:498)
	at org.springframework.beans.factory.support.AbstractBeanFactory.lambda$doGetBean$0(AbstractBeanFactory.java:320)
	at org.springframework.beans.factory.support.DefaultSingletonBeanRegistry.getSingleton(DefaultSingletonBeanRegistry.java:222)
	at org.springframework.beans.factory.support.AbstractBeanFactory.doGetBean(AbstractBeanFactory.java:318)
	at org.springframework.beans.factory.support.AbstractBeanFactory.getBean(AbstractBeanFactory.java:199)
	at org.springframework.beans.factory.support.DefaultListableBeanFactory.preInstantiateSingletons(DefaultListableBeanFactory.java:846)
	at org.springframework.context.support.AbstractApplicationContext.finishBeanFactoryInitialization(AbstractApplicationContext.java:863)
	at org.springframework.context.support.AbstractApplicationContext.refresh(AbstractApplicationContext.java:546)
	at org.springframework.boot.web.servlet.context.ServletWebServerApplicationContext.refresh(ServletWebServerApplicationContext.java:142)
	at org.springframework.boot.SpringApplication.refresh(SpringApplication.java:775)
	at org.springframework.boot.SpringApplication.refreshContext(SpringApplication.java:397)
	at org.springframework.boot.SpringApplication.run(SpringApplication.java:316)
	at org.springframework.boot.SpringApplication.run(SpringApplication.java:1260)
	at org.springframework.boot.SpringApplication.run(SpringApplication.java:1248)
	at com.alibaba.nacos.Nacos.main(Nacos.java:35)
	at java.base/jdk.internal.reflect.DirectMethodHandleAccessor.invoke(DirectMethodHandleAccessor.java:103)
	at java.base/java.lang.reflect.Method.invoke(Method.java:580)
	at org.springframework.boot.loader.MainMethodRunner.run(MainMethodRunner.java:49)
	at org.springframework.boot.loader.Launcher.launch(Launcher.java:109)
	at org.springframework.boot.loader.Launcher.launch(Launcher.java:58)
	at org.springframework.boot.loader.PropertiesLauncher.main(PropertiesLauncher.java:466)
Caused by: org.springframework.beans.factory.BeanCreationException: Error creating bean with name 'externalDumpService': Invocation of init method failed; nested exception is ErrCode:500, ErrMsg:Nacos Server did not start because dumpservice bean construction failure :
No DataSource set
	at org.springframework.beans.factory.annotation.InitDestroyAnnotationBeanPostProcessor.postProcessBeforeInitialization(InitDestroyAnnotationBeanPostProcessor.java:139)
	at org.springframework.beans.factory.support.AbstractAutowireCapableBeanFactory.applyBeanPostProcessorsBeforeInitialization(AbstractAutowireCapableBeanFactory.java:419)
	at org.springframework.beans.factory.support.AbstractAutowireCapableBeanFactory.initializeBean(AbstractAutowireCapableBeanFactory.java:1737)
	at org.springframework.beans.factory.support.AbstractAutowireCapableBeanFactory.doCreateBean(AbstractAutowireCapableBeanFactory.java:576)
	at org.springframework.beans.factory.support.AbstractAutowireCapableBeanFactory.createBean(AbstractAutowireCapableBeanFactory.java:498)
	at org.springframework.beans.factory.support.AbstractBeanFactory.lambda$doGetBean$0(AbstractBeanFactory.java:320)
	at org.springframework.beans.factory.support.DefaultSingletonBeanRegistry.getSingleton(DefaultSingletonBeanRegistry.java:222)
	at org.springframework.beans.factory.support.AbstractBeanFactory.doGetBean(AbstractBeanFactory.java:318)
	at org.springframework.beans.factory.support.AbstractBeanFactory.getBean(AbstractBeanFactory.java:199)
	at org.springframework.beans.factory.config.DependencyDescriptor.resolveCandidate(DependencyDescriptor.java:273)
	at org.springframework.beans.factory.support.DefaultListableBeanFactory.doResolveDependency(DefaultListableBeanFactory.java:1237)
	at org.springframework.beans.factory.support.DefaultListableBeanFactory.resolveDependency(DefaultListableBeanFactory.java:1164)
	at org.springframework.beans.factory.support.ConstructorResolver.resolveAutowiredArgument(ConstructorResolver.java:857)
	at org.springframework.beans.factory.support.ConstructorResolver.createArgumentArray(ConstructorResolver.java:760)
	... 25 common frames omitted
Caused by: com.alibaba.nacos.api.exception.NacosException: Nacos Server did not start because dumpservice bean construction failure :
No DataSource set
	at com.alibaba.nacos.config.server.service.dump.DumpService.dumpOperate(DumpService.java:201)
	at com.alibaba.nacos.config.server.service.dump.ExternalDumpService.init(ExternalDumpService.java:50)
	at java.base/jdk.internal.reflect.DirectMethodHandleAccessor.invoke(DirectMethodHandleAccessor.java:103)
	at java.base/java.lang.reflect.Method.invoke(Method.java:580)
	at org.springframework.beans.factory.annotation.InitDestroyAnnotationBeanPostProcessor$LifecycleElement.invoke(InitDestroyAnnotationBeanPostProcessor.java:363)
	at org.springframework.beans.factory.annotation.InitDestroyAnnotationBeanPostProcessor$LifecycleMetadata.invokeInitMethods(InitDestroyAnnotationBeanPostProcessor.java:307)
	at org.springframework.beans.factory.annotation.InitDestroyAnnotationBeanPostProcessor.postProcessBeforeInitialization(InitDestroyAnnotationBeanPostProcessor.java:136)
	... 38 common frames omitted
Caused by: java.lang.IllegalStateException: No DataSource set
	at org.springframework.util.Assert.state(Assert.java:73)
	at org.springframework.jdbc.support.JdbcAccessor.obtainDataSource(JdbcAccessor.java:77)
	at org.springframework.jdbc.core.JdbcTemplate.execute(JdbcTemplate.java:371)
	at org.springframework.jdbc.core.JdbcTemplate.query(JdbcTemplate.java:452)
	at org.springframework.jdbc.core.JdbcTemplate.query(JdbcTemplate.java:462)
	at org.springframework.jdbc.core.JdbcTemplate.queryForObject(JdbcTemplate.java:473)
	at org.springframework.jdbc.core.JdbcTemplate.queryForObject(JdbcTemplate.java:480)
	at com.alibaba.nacos.config.server.service.repository.extrnal.ExternalStoragePersistServiceImpl.findConfigMaxId(ExternalStoragePersistServiceImpl.java:553)
	at com.alibaba.nacos.config.server.service.dump.processor.DumpAllProcessor.process(DumpAllProcessor.java:51)
	at com.alibaba.nacos.config.server.service.dump.DumpService.dumpConfigInfo(DumpService.java:259)
	at com.alibaba.nacos.config.server.service.dump.DumpService.dumpOperate(DumpService.java:170)
	... 44 common frames omitted
2025-11-09 18:22:52,045 WARN [HttpClientManager] Start destroying HttpClient

2025-11-09 18:22:52,046 WARN [HttpClientManager] Destruction of the end

2025-11-09 18:23:00,496 INFO HikariPool-1 - Starting...

2025-11-09 18:23:13,869 ERROR HikariPool-1 - Exception during pool initialization.

java.sql.SQLNonTransientConnectionException: Could not create connection to database server. Attempted reconnect 3 times. Giving up.
	at com.mysql.cj.jdbc.exceptions.SQLError.createSQLException(SQLError.java:110)
	at com.mysql.cj.jdbc.exceptions.SQLError.createSQLException(SQLError.java:97)
	at com.mysql.cj.jdbc.exceptions.SQLError.createSQLException(SQLError.java:89)
	at com.mysql.cj.jdbc.exceptions.SQLError.createSQLException(SQLError.java:63)
	at com.mysql.cj.jdbc.exceptions.SQLError.createSQLException(SQLError.java:73)
	at com.mysql.cj.jdbc.ConnectionImpl.connectWithRetries(ConnectionImpl.java:905)
	at com.mysql.cj.jdbc.ConnectionImpl.createNewIO(ConnectionImpl.java:830)
	at com.mysql.cj.jdbc.ConnectionImpl.<init>(ConnectionImpl.java:455)
	at com.mysql.cj.jdbc.ConnectionImpl.getInstance(ConnectionImpl.java:240)
	at com.mysql.cj.jdbc.NonRegisteringDriver.connect(NonRegisteringDriver.java:199)
	at com.zaxxer.hikari.util.DriverDataSource.getConnection(DriverDataSource.java:138)
	at com.zaxxer.hikari.pool.PoolBase.newConnection(PoolBase.java:354)
	at com.zaxxer.hikari.pool.PoolBase.newPoolEntry(PoolBase.java:202)
	at com.zaxxer.hikari.pool.HikariPool.createPoolEntry(HikariPool.java:473)
	at com.zaxxer.hikari.pool.HikariPool.checkFailFast(HikariPool.java:554)
	at com.zaxxer.hikari.pool.HikariPool.<init>(HikariPool.java:115)
	at com.zaxxer.hikari.HikariDataSource.getConnection(HikariDataSource.java:112)
	at org.springframework.jdbc.datasource.DataSourceUtils.fetchConnection(DataSourceUtils.java:151)
	at org.springframework.jdbc.datasource.DataSourceUtils.doGetConnection(DataSourceUtils.java:115)
	at org.springframework.jdbc.datasource.DataSourceUtils.getConnection(DataSourceUtils.java:78)
	at org.springframework.jdbc.core.JdbcTemplate.execute(JdbcTemplate.java:371)
	at org.springframework.jdbc.core.JdbcTemplate.update(JdbcTemplate.java:523)
	at com.alibaba.nacos.config.server.service.datasource.ExternalDataSourceServiceImpl$SelectMasterTask.run(ExternalDataSourceServiceImpl.java:233)
	at java.base/java.util.concurrent.Executors$RunnableAdapter.call(Executors.java:572)
	at java.base/java.util.concurrent.FutureTask.runAndReset(FutureTask.java:358)
	at java.base/java.util.concurrent.ScheduledThreadPoolExecutor$ScheduledFutureTask.run(ScheduledThreadPoolExecutor.java:305)
	at java.base/java.util.concurrent.ThreadPoolExecutor.runWorker(ThreadPoolExecutor.java:1144)
	at java.base/java.util.concurrent.ThreadPoolExecutor$Worker.run(ThreadPoolExecutor.java:642)
	at java.base/java.lang.Thread.run(Thread.java:1583)
Caused by: com.mysql.cj.exceptions.CJCommunicationsException: Communications link failure

The last packet sent successfully to the server was 0 milliseconds ago. The driver has not received any packets from the server.
	at java.base/jdk.internal.reflect.DirectConstructorHandleAccessor.newInstance(DirectConstructorHandleAccessor.java:62)
	at java.base/java.lang.reflect.Constructor.newInstanceWithCaller(Constructor.java:502)
	at java.base/java.lang.reflect.Constructor.newInstance(Constructor.java:486)
	at com.mysql.cj.exceptions.ExceptionFactory.createException(ExceptionFactory.java:61)
	at com.mysql.cj.exceptions.ExceptionFactory.createException(ExceptionFactory.java:105)
	at com.mysql.cj.exceptions.ExceptionFactory.createException(ExceptionFactory.java:151)
	at com.mysql.cj.exceptions.ExceptionFactory.createCommunicationsException(ExceptionFactory.java:167)
	at com.mysql.cj.protocol.a.NativeProtocol.readMessage(NativeProtocol.java:562)
	at com.mysql.cj.protocol.a.NativeProtocol.readServerCapabilities(NativeProtocol.java:514)
	at com.mysql.cj.protocol.a.NativeProtocol.beforeHandshake(NativeProtocol.java:404)
	at com.mysql.cj.protocol.a.NativeProtocol.connect(NativeProtocol.java:1450)
	at com.mysql.cj.NativeSession.connect(NativeSession.java:165)
	at com.mysql.cj.jdbc.ConnectionImpl.connectWithRetries(ConnectionImpl.java:849)
	... 23 common frames omitted
Caused by: java.net.SocketTimeoutException: Read timed out
	at java.base/sun.nio.ch.NioSocketImpl.timedRead(NioSocketImpl.java:278)
	at java.base/sun.nio.ch.NioSocketImpl.implRead(NioSocketImpl.java:304)
	at java.base/sun.nio.ch.NioSocketImpl.read(NioSocketImpl.java:346)
	at java.base/sun.nio.ch.NioSocketImpl$1.read(NioSocketImpl.java:796)
	at java.base/java.net.Socket$SocketInputStream.read(Socket.java:1099)
	at com.mysql.cj.protocol.ReadAheadInputStream.fill(ReadAheadInputStream.java:107)
	at com.mysql.cj.protocol.ReadAheadInputStream.readFromUnderlyingStreamIfNecessary(ReadAheadInputStream.java:150)
	at com.mysql.cj.protocol.ReadAheadInputStream.read(ReadAheadInputStream.java:180)
	at java.base/java.io.FilterInputStream.read(FilterInputStream.java:119)
	at com.mysql.cj.protocol.FullReadInputStream.readFully(FullReadInputStream.java:64)
	at com.mysql.cj.protocol.a.SimplePacketReader.readHeader(SimplePacketReader.java:63)
	at com.mysql.cj.protocol.a.SimplePacketReader.readHeader(SimplePacketReader.java:45)
	at com.mysql.cj.protocol.a.NativeProtocol.readMessage(NativeProtocol.java:556)
	... 28 common frames omitted
2025-11-09 18:23:13,869 INFO HikariPool-1 - Starting...

2025-11-09 18:23:13,870 WARN [WatchFileCenter] start close

2025-11-09 18:23:13,870 WARN [WatchFileCenter] already closed

2025-11-09 18:23:13,870 WARN [NotifyCenter] Start destroying Publisher

2025-11-09 18:23:13,871 WARN [NotifyCenter] Destruction of the end

2025-11-09 18:23:13,871 ERROR Nacos failed to start, please see /workspaces/dafuhaozui/nacos/logs/nacos.log for more details.

2025-11-09 18:23:13,890 INFO 

Error starting ApplicationContext. To display the conditions report re-run your application with 'debug' enabled.

2025-11-09 18:23:13,896 ERROR Application run failed

org.springframework.beans.factory.UnsatisfiedDependencyException: Error creating bean with name 'configOpsController' defined in URL [jar:file:/workspaces/dafuhaozui/nacos/target/nacos-server.jar!/BOOT-INF/lib/nacos-config-1.3.1.jar!/com/alibaba/nacos/config/server/controller/ConfigOpsController.class]: Unsatisfied dependency expressed through constructor parameter 1; nested exception is org.springframework.beans.factory.BeanCreationException: Error creating bean with name 'externalDumpService': Invocation of init method failed; nested exception is ErrCode:500, ErrMsg:Nacos Server did not start because dumpservice bean construction failure :
No DataSource set
	at org.springframework.beans.factory.support.ConstructorResolver.createArgumentArray(ConstructorResolver.java:769)
	at org.springframework.beans.factory.support.ConstructorResolver.autowireConstructor(ConstructorResolver.java:218)
	at org.springframework.beans.factory.support.AbstractAutowireCapableBeanFactory.autowireConstructor(AbstractAutowireCapableBeanFactory.java:1308)
	at org.springframework.beans.factory.support.AbstractAutowireCapableBeanFactory.createBeanInstance(AbstractAutowireCapableBeanFactory.java:1154)
	at org.springframework.beans.factory.support.AbstractAutowireCapableBeanFactory.doCreateBean(AbstractAutowireCapableBeanFactory.java:538)
	at org.springframework.beans.factory.support.AbstractAutowireCapableBeanFactory.createBean(AbstractAutowireCapableBeanFactory.java:498)
	at org.springframework.beans.factory.support.AbstractBeanFactory.lambda$doGetBean$0(AbstractBeanFactory.java:320)
	at org.springframework.beans.factory.support.DefaultSingletonBeanRegistry.getSingleton(DefaultSingletonBeanRegistry.java:222)
	at org.springframework.beans.factory.support.AbstractBeanFactory.doGetBean(AbstractBeanFactory.java:318)
	at org.springframework.beans.factory.support.AbstractBeanFactory.getBean(AbstractBeanFactory.java:199)
	at org.springframework.beans.factory.support.DefaultListableBeanFactory.preInstantiateSingletons(DefaultListableBeanFactory.java:846)
	at org.springframework.context.support.AbstractApplicationContext.finishBeanFactoryInitialization(AbstractApplicationContext.java:863)
	at org.springframework.context.support.AbstractApplicationContext.refresh(AbstractApplicationContext.java:546)
	at org.springframework.boot.web.servlet.context.ServletWebServerApplicationContext.refresh(ServletWebServerApplicationContext.java:142)
	at org.springframework.boot.SpringApplication.refresh(SpringApplication.java:775)
	at org.springframework.boot.SpringApplication.refreshContext(SpringApplication.java:397)
	at org.springframework.boot.SpringApplication.run(SpringApplication.java:316)
	at org.springframework.boot.SpringApplication.run(SpringApplication.java:1260)
	at org.springframework.boot.SpringApplication.run(SpringApplication.java:1248)
	at com.alibaba.nacos.Nacos.main(Nacos.java:35)
	at java.base/jdk.internal.reflect.DirectMethodHandleAccessor.invoke(DirectMethodHandleAccessor.java:103)
	at java.base/java.lang.reflect.Method.invoke(Method.java:580)
	at org.springframework.boot.loader.MainMethodRunner.run(MainMethodRunner.java:49)
	at org.springframework.boot.loader.Launcher.launch(Launcher.java:109)
	at org.springframework.boot.loader.Launcher.launch(Launcher.java:58)
	at org.springframework.boot.loader.PropertiesLauncher.main(PropertiesLauncher.java:466)
Caused by: org.springframework.beans.factory.BeanCreationException: Error creating bean with name 'externalDumpService': Invocation of init method failed; nested exception is ErrCode:500, ErrMsg:Nacos Server did not start because dumpservice bean construction failure :
No DataSource set
	at org.springframework.beans.factory.annotation.InitDestroyAnnotationBeanPostProcessor.postProcessBeforeInitialization(InitDestroyAnnotationBeanPostProcessor.java:139)
	at org.springframework.beans.factory.support.AbstractAutowireCapableBeanFactory.applyBeanPostProcessorsBeforeInitialization(AbstractAutowireCapableBeanFactory.java:419)
	at org.springframework.beans.factory.support.AbstractAutowireCapableBeanFactory.initializeBean(AbstractAutowireCapableBeanFactory.java:1737)
	at org.springframework.beans.factory.support.AbstractAutowireCapableBeanFactory.doCreateBean(AbstractAutowireCapableBeanFactory.java:576)
	at org.springframework.beans.factory.support.AbstractAutowireCapableBeanFactory.createBean(AbstractAutowireCapableBeanFactory.java:498)
	at org.springframework.beans.factory.support.AbstractBeanFactory.lambda$doGetBean$0(AbstractBeanFactory.java:320)
	at org.springframework.beans.factory.support.DefaultSingletonBeanRegistry.getSingleton(DefaultSingletonBeanRegistry.java:222)
	at org.springframework.beans.factory.support.AbstractBeanFactory.doGetBean(AbstractBeanFactory.java:318)
	at org.springframework.beans.factory.support.AbstractBeanFactory.getBean(AbstractBeanFactory.java:199)
	at org.springframework.beans.factory.config.DependencyDescriptor.resolveCandidate(DependencyDescriptor.java:273)
	at org.springframework.beans.factory.support.DefaultListableBeanFactory.doResolveDependency(DefaultListableBeanFactory.java:1237)
	at org.springframework.beans.factory.support.DefaultListableBeanFactory.resolveDependency(DefaultListableBeanFactory.java:1164)
	at org.springframework.beans.factory.support.ConstructorResolver.resolveAutowiredArgument(ConstructorResolver.java:857)
	at org.springframework.beans.factory.support.ConstructorResolver.createArgumentArray(ConstructorResolver.java:760)
	... 25 common frames omitted
Caused by: com.alibaba.nacos.api.exception.NacosException: Nacos Server did not start because dumpservice bean construction failure :
No DataSource set
	at com.alibaba.nacos.config.server.service.dump.DumpService.dumpOperate(DumpService.java:201)
	at com.alibaba.nacos.config.server.service.dump.ExternalDumpService.init(ExternalDumpService.java:50)
	at java.base/jdk.internal.reflect.DirectMethodHandleAccessor.invoke(DirectMethodHandleAccessor.java:103)
	at java.base/java.lang.reflect.Method.invoke(Method.java:580)
	at org.springframework.beans.factory.annotation.InitDestroyAnnotationBeanPostProcessor$LifecycleElement.invoke(InitDestroyAnnotationBeanPostProcessor.java:363)
	at org.springframework.beans.factory.annotation.InitDestroyAnnotationBeanPostProcessor$LifecycleMetadata.invokeInitMethods(InitDestroyAnnotationBeanPostProcessor.java:307)
	at org.springframework.beans.factory.annotation.InitDestroyAnnotationBeanPostProcessor.postProcessBeforeInitialization(InitDestroyAnnotationBeanPostProcessor.java:136)
	... 38 common frames omitted
Caused by: java.lang.IllegalStateException: No DataSource set
	at org.springframework.util.Assert.state(Assert.java:73)
	at org.springframework.jdbc.support.JdbcAccessor.obtainDataSource(JdbcAccessor.java:77)
	at org.springframework.jdbc.core.JdbcTemplate.execute(JdbcTemplate.java:371)
	at org.springframework.jdbc.core.JdbcTemplate.query(JdbcTemplate.java:452)
	at org.springframework.jdbc.core.JdbcTemplate.query(JdbcTemplate.java:462)
	at org.springframework.jdbc.core.JdbcTemplate.queryForObject(JdbcTemplate.java:473)
	at org.springframework.jdbc.core.JdbcTemplate.queryForObject(JdbcTemplate.java:480)
	at com.alibaba.nacos.config.server.service.repository.extrnal.ExternalStoragePersistServiceImpl.findConfigMaxId(ExternalStoragePersistServiceImpl.java:553)
	at com.alibaba.nacos.config.server.service.dump.processor.DumpAllProcessor.process(DumpAllProcessor.java:51)
	at com.alibaba.nacos.config.server.service.dump.DumpService.dumpConfigInfo(DumpService.java:259)
	at com.alibaba.nacos.config.server.service.dump.DumpService.dumpOperate(DumpService.java:170)
	... 44 common frames omitted
2025-11-09 18:23:25,889 ERROR HikariPool-1 - Exception during pool initialization.

java.sql.SQLNonTransientConnectionException: Could not create connection to database server. Attempted reconnect 3 times. Giving up.
	at com.mysql.cj.jdbc.exceptions.SQLError.createSQLException(SQLError.java:110)
	at com.mysql.cj.jdbc.exceptions.SQLError.createSQLException(SQLError.java:97)
	at com.mysql.cj.jdbc.exceptions.SQLError.createSQLException(SQLError.java:89)
	at com.mysql.cj.jdbc.exceptions.SQLError.createSQLException(SQLError.java:63)
	at com.mysql.cj.jdbc.exceptions.SQLError.createSQLException(SQLError.java:73)
	at com.mysql.cj.jdbc.ConnectionImpl.connectWithRetries(ConnectionImpl.java:905)
	at com.mysql.cj.jdbc.ConnectionImpl.createNewIO(ConnectionImpl.java:830)
	at com.mysql.cj.jdbc.ConnectionImpl.<init>(ConnectionImpl.java:455)
	at com.mysql.cj.jdbc.ConnectionImpl.getInstance(ConnectionImpl.java:240)
	at com.mysql.cj.jdbc.NonRegisteringDriver.connect(NonRegisteringDriver.java:199)
	at com.zaxxer.hikari.util.DriverDataSource.getConnection(DriverDataSource.java:138)
	at com.zaxxer.hikari.pool.PoolBase.newConnection(PoolBase.java:354)
	at com.zaxxer.hikari.pool.PoolBase.newPoolEntry(PoolBase.java:202)
	at com.zaxxer.hikari.pool.HikariPool.createPoolEntry(HikariPool.java:473)
	at com.zaxxer.hikari.pool.HikariPool.checkFailFast(HikariPool.java:554)
	at com.zaxxer.hikari.pool.HikariPool.<init>(HikariPool.java:115)
	at com.zaxxer.hikari.HikariDataSource.getConnection(HikariDataSource.java:112)
	at org.springframework.jdbc.datasource.DataSourceUtils.fetchConnection(DataSourceUtils.java:151)
	at org.springframework.jdbc.datasource.DataSourceUtils.doGetConnection(DataSourceUtils.java:115)
	at org.springframework.jdbc.datasource.DataSourceUtils.getConnection(DataSourceUtils.java:78)
	at org.springframework.jdbc.core.JdbcTemplate.execute(JdbcTemplate.java:371)
	at org.springframework.jdbc.core.JdbcTemplate.query(JdbcTemplate.java:452)
	at org.springframework.jdbc.core.JdbcTemplate.query(JdbcTemplate.java:462)
	at com.alibaba.nacos.config.server.service.datasource.ExternalDataSourceServiceImpl$CheckDbHealthTask.run(ExternalDataSourceServiceImpl.java:267)
	at java.base/java.util.concurrent.Executors$RunnableAdapter.call(Executors.java:572)
	at java.base/java.util.concurrent.FutureTask.runAndReset(FutureTask.java:358)
	at java.base/java.util.concurrent.ScheduledThreadPoolExecutor$ScheduledFutureTask.run(ScheduledThreadPoolExecutor.java:305)
	at java.base/java.util.concurrent.ThreadPoolExecutor.runWorker(ThreadPoolExecutor.java:1144)
	at java.base/java.util.concurrent.ThreadPoolExecutor$Worker.run(ThreadPoolExecutor.java:642)
	at java.base/java.lang.Thread.run(Thread.java:1583)
Caused by: com.mysql.cj.exceptions.CJCommunicationsException: Communications link failure

The last packet sent successfully to the server was 0 milliseconds ago. The driver has not received any packets from the server.
	at java.base/jdk.internal.reflect.DirectConstructorHandleAccessor.newInstance(DirectConstructorHandleAccessor.java:62)
	at java.base/java.lang.reflect.Constructor.newInstanceWithCaller(Constructor.java:502)
	at java.base/java.lang.reflect.Constructor.newInstance(Constructor.java:486)
	at com.mysql.cj.exceptions.ExceptionFactory.createException(ExceptionFactory.java:61)
	at com.mysql.cj.exceptions.ExceptionFactory.createException(ExceptionFactory.java:105)
	at com.mysql.cj.exceptions.ExceptionFactory.createException(ExceptionFactory.java:151)
	at com.mysql.cj.exceptions.ExceptionFactory.createCommunicationsException(ExceptionFactory.java:167)
	at com.mysql.cj.protocol.a.NativeProtocol.readMessage(NativeProtocol.java:562)
	at com.mysql.cj.protocol.a.NativeProtocol.readServerCapabilities(NativeProtocol.java:514)
	at com.mysql.cj.protocol.a.NativeProtocol.beforeHandshake(NativeProtocol.java:404)
	at com.mysql.cj.protocol.a.NativeProtocol.connect(NativeProtocol.java:1450)
	at com.mysql.cj.NativeSession.connect(NativeSession.java:165)
	at com.mysql.cj.jdbc.ConnectionImpl.connectWithRetries(ConnectionImpl.java:849)
	... 24 common frames omitted
Caused by: java.net.SocketTimeoutException: Read timed out
	at java.base/sun.nio.ch.NioSocketImpl.timedRead(NioSocketImpl.java:278)
	at java.base/sun.nio.ch.NioSocketImpl.implRead(NioSocketImpl.java:304)
	at java.base/sun.nio.ch.NioSocketImpl.read(NioSocketImpl.java:346)
	at java.base/sun.nio.ch.NioSocketImpl$1.read(NioSocketImpl.java:796)
	at java.base/java.net.Socket$SocketInputStream.read(Socket.java:1099)
	at com.mysql.cj.protocol.ReadAheadInputStream.fill(ReadAheadInputStream.java:107)
	at com.mysql.cj.protocol.ReadAheadInputStream.readFromUnderlyingStreamIfNecessary(ReadAheadInputStream.java:150)
	at com.mysql.cj.protocol.ReadAheadInputStream.read(ReadAheadInputStream.java:180)
	at java.base/java.io.FilterInputStream.read(FilterInputStream.java:119)
	at com.mysql.cj.protocol.FullReadInputStream.readFully(FullReadInputStream.java:64)
	at com.mysql.cj.protocol.a.SimplePacketReader.readHeader(SimplePacketReader.java:63)
	at com.mysql.cj.protocol.a.SimplePacketReader.readHeader(SimplePacketReader.java:45)
	at com.mysql.cj.protocol.a.NativeProtocol.readMessage(NativeProtocol.java:556)
	... 29 common frames omitted
2025-11-09 18:23:57,667 INFO Starting Nacos v1.3.1 on codespaces-fd54c5 with PID 6096 (/workspaces/dafuhaozui/nacos/target/nacos-server.jar started by codespace in /workspaces/dafuhaozui/nacos/bin)

2025-11-09 18:23:57,668 INFO The following profiles are active: standalone

2025-11-09 18:24:02,867 INFO Bean 'org.springframework.security.config.annotation.configuration.ObjectPostProcessorConfiguration' of type [org.springframework.security.config.annotation.configuration.ObjectPostProcessorConfiguration$$EnhancerBySpringCGLIB$$56e2bfed] is not eligible for getting processed by all BeanPostProcessors (for example: not eligible for auto-proxying)

2025-11-09 18:24:02,981 INFO Bean 'objectPostProcessor' of type [org.springframework.security.config.annotation.configuration.AutowireBeanFactoryObjectPostProcessor] is not eligible for getting processed by all BeanPostProcessors (for example: not eligible for auto-proxying)

2025-11-09 18:24:02,984 INFO Bean 'org.springframework.security.access.expression.method.DefaultMethodSecurityExpressionHandler@1922e6d' of type [org.springframework.security.access.expression.method.DefaultMethodSecurityExpressionHandler] is not eligible for getting processed by all BeanPostProcessors (for example: not eligible for auto-proxying)

2025-11-09 18:24:02,986 INFO Bean 'org.springframework.security.config.annotation.method.configuration.GlobalMethodSecurityConfiguration' of type [org.springframework.security.config.annotation.method.configuration.GlobalMethodSecurityConfiguration$$EnhancerBySpringCGLIB$$7bb7629f] is not eligible for getting processed by all BeanPostProcessors (for example: not eligible for auto-proxying)

2025-11-09 18:24:02,990 INFO Bean 'methodSecurityMetadataSource' of type [org.springframework.security.access.method.DelegatingMethodSecurityMetadataSource] is not eligible for getting processed by all BeanPostProcessors (for example: not eligible for auto-proxying)

2025-11-09 18:24:03,572 INFO Tomcat initialized with port(s): 6878 (http)

2025-11-09 18:24:03,604 INFO Starting service [Tomcat]

2025-11-09 18:24:03,606 INFO Starting Servlet Engine: Apache Tomcat/9.0.13

2025-11-09 18:24:03,641 INFO The APR based Apache Tomcat Native library which allows optimal performance in production environments was not found on the java.library.path: [/usr/java/packages/lib:/usr/lib64:/lib64:/lib:/usr/lib]

2025-11-09 18:24:03,789 INFO Initializing Spring embedded WebApplicationContext

2025-11-09 18:24:03,790 INFO Root WebApplicationContext: initialization completed in 5973 ms

2025-11-09 18:24:04,350 WARN HikariPool-1 - idleTimeout has been set but has no effect because the pool is operating as a fixed size pool.

2025-11-09 18:24:04,350 INFO HikariPool-1 - Starting...

2025-11-09 18:24:04,366 WARN Registered driver with driverClassName=org.apache.derby.jdbc.EmbeddedDriver was not found, trying direct instantiation.

2025-11-09 18:24:05,855 INFO HikariPool-1 - Driver does not support get/set network timeout for connections. (Feature not implemented: No details.)

2025-11-09 18:24:05,861 INFO HikariPool-1 - Start completed.

2025-11-09 18:24:07,656 INFO Nacos-related cluster resource initialization

2025-11-09 18:24:07,671 INFO The cluster resource is initialized

2025-11-09 18:24:09,162 INFO Reflections took 179 ms to scan 1 urls, producing 6 keys and 24 values 

2025-11-09 18:24:09,249 INFO Reflections took 19 ms to scan 1 urls, producing 2 keys and 12 values 

2025-11-09 18:24:09,275 INFO Reflections took 18 ms to scan 1 urls, producing 3 keys and 15 values 

2025-11-09 18:24:11,430 INFO Initializing ExecutorService 'applicationTaskExecutor'

2025-11-09 18:24:12,086 INFO Adding welcome page: class path resource [static/index.html]

2025-11-09 18:24:12,858 INFO Creating filter chain: Ant [pattern='/**'], []

2025-11-09 18:24:12,931 INFO Creating filter chain: any request, [org.springframework.security.web.context.request.async.WebAsyncManagerIntegrationFilter@79aee22a, org.springframework.security.web.context.SecurityContextPersistenceFilter@3451f01d, org.springframework.security.web.header.HeaderWriterFilter@47768e74, org.springframework.security.web.csrf.CsrfFilter@118dcbbd, org.springframework.security.web.authentication.logout.LogoutFilter@6bcc3f27, org.springframework.security.web.savedrequest.RequestCacheAwareFilter@1cfc2538, org.springframework.security.web.servletapi.SecurityContextHolderAwareRequestFilter@42cc183e, org.springframework.security.web.authentication.AnonymousAuthenticationFilter@36920bd6, org.springframework.security.web.session.SessionManagementFilter@76130a29, org.springframework.security.web.access.ExceptionTranslationFilter@3c380bd8]

2025-11-09 18:24:13,149 INFO Exposing 2 endpoint(s) beneath base path '/actuator'

2025-11-09 18:24:13,208 INFO Initializing ExecutorService 'taskScheduler'

2025-11-09 18:24:13,414 INFO Tomcat started on port(s): 6878 (http) with context path '/nacos'

2025-11-09 18:24:13,425 INFO Started Nacos in 18.535 seconds (JVM running for 19.736)

2025-11-09 18:24:13,425 INFO Nacos Log files: /workspaces/dafuhaozui/nacos/logs

2025-11-09 18:24:13,430 INFO Nacos Log files: /workspaces/dafuhaozui/nacos/conf

2025-11-09 18:24:13,431 INFO Nacos Log files: /workspaces/dafuhaozui/nacos/data

2025-11-09 18:24:13,432 INFO Nacos started successfully in stand alone mode. use embedded storage

2025-11-09 18:24:34,872 INFO Initializing Spring DispatcherServlet 'dispatcherServlet'

2025-11-09 18:24:34,872 INFO Initializing Servlet 'dispatcherServlet'

2025-11-09 18:24:34,888 INFO Completed initialization in 16 ms

2025-11-09 18:27:08,705 INFO Starting Nacos v1.3.1 on codespaces-fd54c5 with PID 8450 (/workspaces/dafuhaozui/nacos/target/nacos-server.jar started by codespace in /workspaces/dafuhaozui/nacos/bin)

2025-11-09 18:27:08,722 INFO The following profiles are active: standalone

2025-11-09 18:27:15,625 INFO Bean 'org.springframework.security.config.annotation.configuration.ObjectPostProcessorConfiguration' of type [org.springframework.security.config.annotation.configuration.ObjectPostProcessorConfiguration$$EnhancerBySpringCGLIB$$c545906c] is not eligible for getting processed by all BeanPostProcessors (for example: not eligible for auto-proxying)

2025-11-09 18:27:15,774 INFO Bean 'objectPostProcessor' of type [org.springframework.security.config.annotation.configuration.AutowireBeanFactoryObjectPostProcessor] is not eligible for getting processed by all BeanPostProcessors (for example: not eligible for auto-proxying)

2025-11-09 18:27:15,779 INFO Bean 'org.springframework.security.access.expression.method.DefaultMethodSecurityExpressionHandler@6e46d9f4' of type [org.springframework.security.access.expression.method.DefaultMethodSecurityExpressionHandler] is not eligible for getting processed by all BeanPostProcessors (for example: not eligible for auto-proxying)

2025-11-09 18:27:15,785 INFO Bean 'org.springframework.security.config.annotation.method.configuration.GlobalMethodSecurityConfiguration' of type [org.springframework.security.config.annotation.method.configuration.GlobalMethodSecurityConfiguration$$EnhancerBySpringCGLIB$$ea1a331e] is not eligible for getting processed by all BeanPostProcessors (for example: not eligible for auto-proxying)

2025-11-09 18:27:15,794 INFO Bean 'methodSecurityMetadataSource' of type [org.springframework.security.access.method.DelegatingMethodSecurityMetadataSource] is not eligible for getting processed by all BeanPostProcessors (for example: not eligible for auto-proxying)

2025-11-09 18:27:16,643 INFO Tomcat initialized with port(s): 6878 (http)

2025-11-09 18:27:16,684 INFO Starting service [Tomcat]

2025-11-09 18:27:16,684 INFO Starting Servlet Engine: Apache Tomcat/9.0.13

2025-11-09 18:27:16,793 INFO The APR based Apache Tomcat Native library which allows optimal performance in production environments was not found on the java.library.path: [/usr/java/packages/lib:/usr/lib64:/lib64:/lib:/usr/lib]

2025-11-09 18:27:16,925 INFO Initializing Spring embedded WebApplicationContext

2025-11-09 18:27:16,925 INFO Root WebApplicationContext: initialization completed in 7801 ms

2025-11-09 18:27:17,542 WARN HikariPool-1 - idleTimeout has been set but has no effect because the pool is operating as a fixed size pool.

2025-11-09 18:27:17,543 INFO HikariPool-1 - Starting...

2025-11-09 18:27:17,554 WARN Registered driver with driverClassName=org.apache.derby.jdbc.EmbeddedDriver was not found, trying direct instantiation.

2025-11-09 18:27:17,892 INFO HikariPool-1 - Driver does not support get/set network timeout for connections. (Feature not implemented: No details.)

2025-11-09 18:27:17,895 INFO HikariPool-1 - Start completed.

2025-11-09 18:27:19,004 INFO Nacos-related cluster resource initialization

2025-11-09 18:27:19,017 INFO The cluster resource is initialized

2025-11-09 18:27:19,792 INFO Reflections took 77 ms to scan 1 urls, producing 6 keys and 24 values 

2025-11-09 18:27:19,841 INFO Reflections took 7 ms to scan 1 urls, producing 2 keys and 12 values 

2025-11-09 18:27:19,850 INFO Reflections took 5 ms to scan 1 urls, producing 3 keys and 15 values 

2025-11-09 18:27:20,875 INFO Initializing ExecutorService 'applicationTaskExecutor'

2025-11-09 18:27:21,244 INFO Adding welcome page: class path resource [static/index.html]

2025-11-09 18:27:21,598 INFO Creating filter chain: Ant [pattern='/**'], []

2025-11-09 18:27:21,633 INFO Creating filter chain: any request, [org.springframework.security.web.context.request.async.WebAsyncManagerIntegrationFilter@550de6b8, org.springframework.security.web.context.SecurityContextPersistenceFilter@30893e08, org.springframework.security.web.header.HeaderWriterFilter@6bcc3f27, org.springframework.security.web.csrf.CsrfFilter@72503b19, org.springframework.security.web.authentication.logout.LogoutFilter@2b7e8044, org.springframework.security.web.savedrequest.RequestCacheAwareFilter@4548d254, org.springframework.security.web.servletapi.SecurityContextHolderAwareRequestFilter@188598ad, org.springframework.security.web.authentication.AnonymousAuthenticationFilter@3a1706e1, org.springframework.security.web.session.SessionManagementFilter@43b5021c, org.springframework.security.web.access.ExceptionTranslationFilter@205df5dc]

2025-11-09 18:27:21,731 INFO Exposing 2 endpoint(s) beneath base path '/actuator'

2025-11-09 18:27:21,782 INFO Initializing ExecutorService 'taskScheduler'

2025-11-09 18:27:21,911 INFO Tomcat started on port(s): 6878 (http) with context path '/nacos'

2025-11-09 18:27:21,914 INFO Started Nacos in 16.462 seconds (JVM running for 17.384)

2025-11-09 18:27:21,914 INFO Nacos Log files: /workspaces/dafuhaozui/nacos/logs

2025-11-09 18:27:21,917 INFO Nacos Log files: /workspaces/dafuhaozui/nacos/conf

2025-11-09 18:27:21,917 INFO Nacos Log files: /workspaces/dafuhaozui/nacos/data

2025-11-09 18:27:21,917 INFO Nacos started successfully in stand alone mode. use embedded storage

2025-11-09 18:27:42,998 INFO Initializing Spring DispatcherServlet 'dispatcherServlet'

2025-11-09 18:27:42,999 INFO Initializing Servlet 'dispatcherServlet'

2025-11-09 18:27:43,017 INFO Completed initialization in 18 ms

2025-11-09 18:31:11,383 INFO Starting Nacos v1.3.1 on codespaces-fd54c5 with PID 10935 (/workspaces/dafuhaozui/nacos/target/nacos-server.jar started by codespace in /workspaces/dafuhaozui/nacos/bin)

2025-11-09 18:31:11,392 INFO The following profiles are active: standalone

2025-11-09 18:31:17,538 INFO Bean 'org.springframework.security.config.annotation.configuration.ObjectPostProcessorConfiguration' of type [org.springframework.security.config.annotation.configuration.ObjectPostProcessorConfiguration$$EnhancerBySpringCGLIB$$6bf9d24d] is not eligible for getting processed by all BeanPostProcessors (for example: not eligible for auto-proxying)

2025-11-09 18:31:17,663 INFO Bean 'objectPostProcessor' of type [org.springframework.security.config.annotation.configuration.AutowireBeanFactoryObjectPostProcessor] is not eligible for getting processed by all BeanPostProcessors (for example: not eligible for auto-proxying)

2025-11-09 18:31:17,666 INFO Bean 'org.springframework.security.access.expression.method.DefaultMethodSecurityExpressionHandler@6fefce9e' of type [org.springframework.security.access.expression.method.DefaultMethodSecurityExpressionHandler] is not eligible for getting processed by all BeanPostProcessors (for example: not eligible for auto-proxying)

2025-11-09 18:31:17,667 INFO Bean 'org.springframework.security.config.annotation.method.configuration.GlobalMethodSecurityConfiguration' of type [org.springframework.security.config.annotation.method.configuration.GlobalMethodSecurityConfiguration$$EnhancerBySpringCGLIB$$90ce74ff] is not eligible for getting processed by all BeanPostProcessors (for example: not eligible for auto-proxying)

2025-11-09 18:31:17,671 INFO Bean 'methodSecurityMetadataSource' of type [org.springframework.security.access.method.DelegatingMethodSecurityMetadataSource] is not eligible for getting processed by all BeanPostProcessors (for example: not eligible for auto-proxying)

2025-11-09 18:31:18,440 INFO Tomcat initialized with port(s): 6878 (http)

2025-11-09 18:31:18,499 INFO Starting service [Tomcat]

2025-11-09 18:31:18,499 INFO Starting Servlet Engine: Apache Tomcat/9.0.13

2025-11-09 18:31:18,521 INFO The APR based Apache Tomcat Native library which allows optimal performance in production environments was not found on the java.library.path: [/usr/java/packages/lib:/usr/lib64:/lib64:/lib:/usr/lib]

2025-11-09 18:31:18,743 INFO Initializing Spring embedded WebApplicationContext

2025-11-09 18:31:18,743 INFO Root WebApplicationContext: initialization completed in 7085 ms

2025-11-09 18:31:19,450 WARN HikariPool-1 - idleTimeout has been set but has no effect because the pool is operating as a fixed size pool.

2025-11-09 18:31:19,451 INFO HikariPool-1 - Starting...

2025-11-09 18:31:19,467 WARN Registered driver with driverClassName=org.apache.derby.jdbc.EmbeddedDriver was not found, trying direct instantiation.

2025-11-09 18:31:19,803 INFO HikariPool-1 - Driver does not support get/set network timeout for connections. (Feature not implemented: No details.)

2025-11-09 18:31:19,806 INFO HikariPool-1 - Start completed.

2025-11-09 18:31:20,939 INFO Nacos-related cluster resource initialization

2025-11-09 18:31:20,958 INFO The cluster resource is initialized

2025-11-09 18:31:21,597 INFO Reflections took 45 ms to scan 1 urls, producing 6 keys and 24 values 

2025-11-09 18:31:21,650 INFO Reflections took 10 ms to scan 1 urls, producing 2 keys and 12 values 

2025-11-09 18:31:21,663 INFO Reflections took 7 ms to scan 1 urls, producing 3 keys and 15 values 

2025-11-09 18:31:22,663 INFO Initializing ExecutorService 'applicationTaskExecutor'

2025-11-09 18:31:22,897 INFO Adding welcome page: class path resource [static/index.html]

2025-11-09 18:31:23,377 INFO Creating filter chain: Ant [pattern='/**'], []

2025-11-09 18:31:23,414 INFO Creating filter chain: any request, [org.springframework.security.web.context.request.async.WebAsyncManagerIntegrationFilter@2ecf5915, org.springframework.security.web.context.SecurityContextPersistenceFilter@34b87182, org.springframework.security.web.header.HeaderWriterFilter@49cb1baf, org.springframework.security.web.csrf.CsrfFilter@286090c, org.springframework.security.web.authentication.logout.LogoutFilter@5d342959, org.springframework.security.web.savedrequest.RequestCacheAwareFilter@2740e316, org.springframework.security.web.servletapi.SecurityContextHolderAwareRequestFilter@76130a29, org.springframework.security.web.authentication.AnonymousAuthenticationFilter@53e76c11, org.springframework.security.web.session.SessionManagementFilter@1e0fdb2f, org.springframework.security.web.access.ExceptionTranslationFilter@7d979d34]

2025-11-09 18:31:23,508 INFO Exposing 2 endpoint(s) beneath base path '/actuator'

2025-11-09 18:31:23,542 INFO Initializing ExecutorService 'taskScheduler'

2025-11-09 18:31:23,662 INFO Tomcat started on port(s): 6878 (http) with context path '/nacos'

2025-11-09 18:31:23,665 INFO Started Nacos in 16.133 seconds (JVM running for 16.984)

2025-11-09 18:31:23,665 INFO Nacos Log files: /workspaces/dafuhaozui/nacos/logs

2025-11-09 18:31:23,667 INFO Nacos Log files: /workspaces/dafuhaozui/nacos/conf

2025-11-09 18:31:23,668 INFO Nacos Log files: /workspaces/dafuhaozui/nacos/data

2025-11-09 18:31:23,668 INFO Nacos started successfully in stand alone mode. use embedded storage

2025-11-09 18:31:44,216 INFO Initializing Spring DispatcherServlet 'dispatcherServlet'

2025-11-09 18:31:44,216 INFO Initializing Servlet 'dispatcherServlet'

2025-11-09 18:31:44,223 INFO Completed initialization in 7 ms

2025-11-09 18:34:37,312 INFO Starting Nacos v1.3.1 on codespaces-fd54c5 with PID 13441 (/workspaces/dafuhaozui/nacos/target/nacos-server.jar started by codespace in /workspaces/dafuhaozui/nacos/bin)

2025-11-09 18:34:37,315 INFO The following profiles are active: standalone

2025-11-09 18:34:42,417 INFO Bean 'org.springframework.security.config.annotation.configuration.ObjectPostProcessorConfiguration' of type [org.springframework.security.config.annotation.configuration.ObjectPostProcessorConfiguration$$EnhancerBySpringCGLIB$$dae77ca9] is not eligible for getting processed by all BeanPostProcessors (for example: not eligible for auto-proxying)

2025-11-09 18:34:42,514 INFO Bean 'objectPostProcessor' of type [org.springframework.security.config.annotation.configuration.AutowireBeanFactoryObjectPostProcessor] is not eligible for getting processed by all BeanPostProcessors (for example: not eligible for auto-proxying)

2025-11-09 18:34:42,518 INFO Bean 'org.springframework.security.access.expression.method.DefaultMethodSecurityExpressionHandler@4f8969b0' of type [org.springframework.security.access.expression.method.DefaultMethodSecurityExpressionHandler] is not eligible for getting processed by all BeanPostProcessors (for example: not eligible for auto-proxying)

2025-11-09 18:34:42,522 INFO Bean 'org.springframework.security.config.annotation.method.configuration.GlobalMethodSecurityConfiguration' of type [org.springframework.security.config.annotation.method.configuration.GlobalMethodSecurityConfiguration$$EnhancerBySpringCGLIB$$ffbc1f5b] is not eligible for getting processed by all BeanPostProcessors (for example: not eligible for auto-proxying)

2025-11-09 18:34:42,530 INFO Bean 'methodSecurityMetadataSource' of type [org.springframework.security.access.method.DelegatingMethodSecurityMetadataSource] is not eligible for getting processed by all BeanPostProcessors (for example: not eligible for auto-proxying)

2025-11-09 18:34:43,075 INFO Tomcat initialized with port(s): 6878 (http)

2025-11-09 18:34:43,138 INFO Starting service [Tomcat]

2025-11-09 18:34:43,139 INFO Starting Servlet Engine: Apache Tomcat/9.0.13

2025-11-09 18:34:43,156 INFO The APR based Apache Tomcat Native library which allows optimal performance in production environments was not found on the java.library.path: [/usr/java/packages/lib:/usr/lib64:/lib64:/lib:/usr/lib]

2025-11-09 18:34:43,349 INFO Initializing Spring embedded WebApplicationContext

2025-11-09 18:34:43,349 INFO Root WebApplicationContext: initialization completed in 5824 ms

2025-11-09 18:34:43,890 WARN HikariPool-1 - idleTimeout has been set but has no effect because the pool is operating as a fixed size pool.

2025-11-09 18:34:43,890 INFO HikariPool-1 - Starting...

2025-11-09 18:34:43,912 WARN Registered driver with driverClassName=org.apache.derby.jdbc.EmbeddedDriver was not found, trying direct instantiation.

2025-11-09 18:34:44,180 INFO HikariPool-1 - Driver does not support get/set network timeout for connections. (Feature not implemented: No details.)

2025-11-09 18:34:44,183 INFO HikariPool-1 - Start completed.

2025-11-09 18:34:45,268 INFO Nacos-related cluster resource initialization

2025-11-09 18:34:45,281 INFO The cluster resource is initialized

2025-11-09 18:34:46,260 INFO Reflections took 82 ms to scan 1 urls, producing 6 keys and 24 values 

2025-11-09 18:34:46,335 INFO Reflections took 15 ms to scan 1 urls, producing 2 keys and 12 values 

2025-11-09 18:34:46,351 INFO Reflections took 10 ms to scan 1 urls, producing 3 keys and 15 values 

2025-11-09 18:34:48,258 INFO Initializing ExecutorService 'applicationTaskExecutor'

2025-11-09 18:34:48,593 INFO Adding welcome page: class path resource [static/index.html]

2025-11-09 18:34:49,386 INFO Creating filter chain: Ant [pattern='/**'], []

2025-11-09 18:34:49,450 INFO Creating filter chain: any request, [org.springframework.security.web.context.request.async.WebAsyncManagerIntegrationFilter@79aee22a, org.springframework.security.web.context.SecurityContextPersistenceFilter@3451f01d, org.springframework.security.web.header.HeaderWriterFilter@47768e74, org.springframework.security.web.csrf.CsrfFilter@118dcbbd, org.springframework.security.web.authentication.logout.LogoutFilter@6bcc3f27, org.springframework.security.web.savedrequest.RequestCacheAwareFilter@1cfc2538, org.springframework.security.web.servletapi.SecurityContextHolderAwareRequestFilter@42cc183e, org.springframework.security.web.authentication.AnonymousAuthenticationFilter@36920bd6, org.springframework.security.web.session.SessionManagementFilter@76130a29, org.springframework.security.web.access.ExceptionTranslationFilter@3c380bd8]

2025-11-09 18:34:49,631 INFO Exposing 2 endpoint(s) beneath base path '/actuator'

2025-11-09 18:34:49,673 INFO Initializing ExecutorService 'taskScheduler'

2025-11-09 18:34:49,790 INFO Tomcat started on port(s): 6878 (http) with context path '/nacos'

2025-11-09 18:34:49,793 INFO Started Nacos in 16.105 seconds (JVM running for 17.756)

2025-11-09 18:34:49,794 INFO Nacos Log files: /workspaces/dafuhaozui/nacos/logs

2025-11-09 18:34:49,795 INFO Nacos Log files: /workspaces/dafuhaozui/nacos/conf

2025-11-09 18:34:49,795 INFO Nacos Log files: /workspaces/dafuhaozui/nacos/data

2025-11-09 18:34:49,796 INFO Nacos started successfully in stand alone mode. use embedded storage

2025-11-09 18:35:10,390 INFO Initializing Spring DispatcherServlet 'dispatcherServlet'

2025-11-09 18:35:10,392 INFO Initializing Servlet 'dispatcherServlet'

2025-11-09 18:35:10,406 INFO Completed initialization in 13 ms

2025-11-09 18:38:58,580 INFO Starting Nacos v1.3.1 on codespaces-fd54c5 with PID 16213 (/workspaces/dafuhaozui/nacos/target/nacos-server.jar started by codespace in /workspaces/dafuhaozui/nacos/bin)

2025-11-09 18:38:58,584 INFO The following profiles are active: standalone

2025-11-09 18:39:02,328 INFO Bean 'org.springframework.security.config.annotation.configuration.ObjectPostProcessorConfiguration' of type [org.springframework.security.config.annotation.configuration.ObjectPostProcessorConfiguration$$EnhancerBySpringCGLIB$$d8ab79a9] is not eligible for getting processed by all BeanPostProcessors (for example: not eligible for auto-proxying)

2025-11-09 18:39:02,469 INFO Bean 'objectPostProcessor' of type [org.springframework.security.config.annotation.configuration.AutowireBeanFactoryObjectPostProcessor] is not eligible for getting processed by all BeanPostProcessors (for example: not eligible for auto-proxying)

2025-11-09 18:39:02,475 INFO Bean 'org.springframework.security.access.expression.method.DefaultMethodSecurityExpressionHandler@7bb3a9fe' of type [org.springframework.security.access.expression.method.DefaultMethodSecurityExpressionHandler] is not eligible for getting processed by all BeanPostProcessors (for example: not eligible for auto-proxying)

2025-11-09 18:39:02,479 INFO Bean 'org.springframework.security.config.annotation.method.configuration.GlobalMethodSecurityConfiguration' of type [org.springframework.security.config.annotation.method.configuration.GlobalMethodSecurityConfiguration$$EnhancerBySpringCGLIB$$fd801c5b] is not eligible for getting processed by all BeanPostProcessors (for example: not eligible for auto-proxying)

2025-11-09 18:39:02,488 INFO Bean 'methodSecurityMetadataSource' of type [org.springframework.security.access.method.DelegatingMethodSecurityMetadataSource] is not eligible for getting processed by all BeanPostProcessors (for example: not eligible for auto-proxying)

2025-11-09 18:39:03,071 INFO Tomcat initialized with port(s): 6878 (http)

2025-11-09 18:39:03,107 INFO Starting service [Tomcat]

2025-11-09 18:39:03,108 INFO Starting Servlet Engine: Apache Tomcat/9.0.13

2025-11-09 18:39:03,165 INFO The APR based Apache Tomcat Native library which allows optimal performance in production environments was not found on the java.library.path: [/usr/java/packages/lib:/usr/lib64:/lib64:/lib:/usr/lib]

2025-11-09 18:39:03,253 INFO Initializing Spring embedded WebApplicationContext

2025-11-09 18:39:03,253 INFO Root WebApplicationContext: initialization completed in 4469 ms

2025-11-09 18:39:04,013 WARN HikariPool-1 - idleTimeout has been set but has no effect because the pool is operating as a fixed size pool.

2025-11-09 18:39:04,013 INFO HikariPool-1 - Starting...

2025-11-09 18:39:04,035 WARN Registered driver with driverClassName=org.apache.derby.jdbc.EmbeddedDriver was not found, trying direct instantiation.

2025-11-09 18:39:04,525 INFO HikariPool-1 - Driver does not support get/set network timeout for connections. (Feature not implemented: No details.)

2025-11-09 18:39:04,534 INFO HikariPool-1 - Start completed.

2025-11-09 18:39:07,278 INFO Nacos-related cluster resource initialization

2025-11-09 18:39:07,302 INFO The cluster resource is initialized

2025-11-09 18:39:08,583 INFO Reflections took 108 ms to scan 1 urls, producing 6 keys and 24 values 

2025-11-09 18:39:08,674 INFO Reflections took 18 ms to scan 1 urls, producing 2 keys and 12 values 

2025-11-09 18:39:08,700 INFO Reflections took 13 ms to scan 1 urls, producing 3 keys and 15 values 

2025-11-09 18:39:10,616 INFO Initializing ExecutorService 'applicationTaskExecutor'

2025-11-09 18:39:11,104 INFO Adding welcome page: class path resource [static/index.html]

2025-11-09 18:39:11,689 INFO Creating filter chain: Ant [pattern='/**'], []

2025-11-09 18:39:11,748 INFO Creating filter chain: any request, [org.springframework.security.web.context.request.async.WebAsyncManagerIntegrationFilter@4548d254, org.springframework.security.web.context.SecurityContextPersistenceFilter@6a1d6ef2, org.springframework.security.web.header.HeaderWriterFilter@72503b19, org.springframework.security.web.csrf.CsrfFilter@1e0fdb2f, org.springframework.security.web.authentication.logout.LogoutFilter@2e86807a, org.springframework.security.web.savedrequest.RequestCacheAwareFilter@205df5dc, org.springframework.security.web.servletapi.SecurityContextHolderAwareRequestFilter@61514735, org.springframework.security.web.authentication.AnonymousAuthenticationFilter@590f0c50, org.springframework.security.web.session.SessionManagementFilter@42cc183e, org.springframework.security.web.access.ExceptionTranslationFilter@124d02b2]

2025-11-09 18:39:11,927 INFO Exposing 2 endpoint(s) beneath base path '/actuator'

2025-11-09 18:39:11,991 INFO Initializing ExecutorService 'taskScheduler'

2025-11-09 18:39:12,132 INFO Tomcat started on port(s): 6878 (http) with context path '/nacos'

2025-11-09 18:39:12,135 INFO Started Nacos in 16.559 seconds (JVM running for 17.867)

2025-11-09 18:39:12,135 INFO Nacos Log files: /workspaces/dafuhaozui/nacos/logs

2025-11-09 18:39:12,137 INFO Nacos Log files: /workspaces/dafuhaozui/nacos/conf

2025-11-09 18:39:12,138 INFO Nacos Log files: /workspaces/dafuhaozui/nacos/data

2025-11-09 18:39:12,138 INFO Nacos started successfully in stand alone mode. use embedded storage

2025-11-09 18:39:32,683 INFO Initializing Spring DispatcherServlet 'dispatcherServlet'

2025-11-09 18:39:32,683 INFO Initializing Servlet 'dispatcherServlet'

2025-11-09 18:39:32,703 INFO Completed initialization in 20 ms

2025-11-09 18:49:09,294 INFO [capacityManagement] start correct usage

2025-11-09 18:49:09,726 INFO [capacityManagement] end correct usage, cost: 0s

2025-11-09 18:49:09,797 WARN clearConfigHistory start

2025-11-09 18:59:09,726 INFO [capacityManagement] start correct usage

2025-11-09 18:59:09,729 INFO [capacityManagement] end correct usage, cost: 0s

2025-11-09 18:59:09,848 WARN clearConfigHistory start

2025-11-09 19:03:43,971 INFO Starting Nacos v1.3.1 on codespaces-fd54c5 with PID 29263 (/workspaces/dafuhaozui/nacos/target/nacos-server.jar started by codespace in /workspaces/dafuhaozui/nacos/bin)

2025-11-09 19:03:43,975 INFO The following profiles are active: standalone

2025-11-09 19:03:47,755 INFO Bean 'org.springframework.security.config.annotation.configuration.ObjectPostProcessorConfiguration' of type [org.springframework.security.config.annotation.configuration.ObjectPostProcessorConfiguration$$EnhancerBySpringCGLIB$$d109bc3d] is not eligible for getting processed by all BeanPostProcessors (for example: not eligible for auto-proxying)

2025-11-09 19:03:47,991 INFO Bean 'objectPostProcessor' of type [org.springframework.security.config.annotation.configuration.AutowireBeanFactoryObjectPostProcessor] is not eligible for getting processed by all BeanPostProcessors (for example: not eligible for auto-proxying)

2025-11-09 19:03:48,001 INFO Bean 'org.springframework.security.access.expression.method.DefaultMethodSecurityExpressionHandler@c65a5ef' of type [org.springframework.security.access.expression.method.DefaultMethodSecurityExpressionHandler] is not eligible for getting processed by all BeanPostProcessors (for example: not eligible for auto-proxying)

2025-11-09 19:03:48,006 INFO Bean 'org.springframework.security.config.annotation.method.configuration.GlobalMethodSecurityConfiguration' of type [org.springframework.security.config.annotation.method.configuration.GlobalMethodSecurityConfiguration$$EnhancerBySpringCGLIB$$f5de5eef] is not eligible for getting processed by all BeanPostProcessors (for example: not eligible for auto-proxying)

2025-11-09 19:03:48,012 INFO Bean 'methodSecurityMetadataSource' of type [org.springframework.security.access.method.DelegatingMethodSecurityMetadataSource] is not eligible for getting processed by all BeanPostProcessors (for example: not eligible for auto-proxying)

2025-11-09 19:03:48,607 INFO Tomcat initialized with port(s): 6878 (http)

2025-11-09 19:03:48,660 INFO Starting service [Tomcat]

2025-11-09 19:03:48,661 INFO Starting Servlet Engine: Apache Tomcat/9.0.13

2025-11-09 19:03:48,675 INFO The APR based Apache Tomcat Native library which allows optimal performance in production environments was not found on the java.library.path: [/usr/java/packages/lib:/usr/lib64:/lib64:/lib:/usr/lib]

2025-11-09 19:03:48,830 INFO Initializing Spring embedded WebApplicationContext

2025-11-09 19:03:48,830 INFO Root WebApplicationContext: initialization completed in 4710 ms

2025-11-09 19:03:49,447 WARN HikariPool-1 - idleTimeout has been set but has no effect because the pool is operating as a fixed size pool.

2025-11-09 19:03:49,447 INFO HikariPool-1 - Starting...

2025-11-09 19:03:49,460 WARN Registered driver with driverClassName=org.apache.derby.jdbc.EmbeddedDriver was not found, trying direct instantiation.

2025-11-09 19:03:50,537 ERROR HikariPool-1 - Exception during pool initialization.

java.sql.SQLException: Failed to start database '/workspaces/dafuhaozui/nacos/data/derby-data' with class loader org.springframework.boot.loader.LaunchedURLClassLoader@2cdf8d8a, see the next exception for details.
	at org.apache.derby.impl.jdbc.SQLExceptionFactory.getSQLException(Unknown Source)
	at org.apache.derby.impl.jdbc.SQLExceptionFactory.getSQLException(Unknown Source)
	at org.apache.derby.impl.jdbc.Util.seeNextException(Unknown Source)
	at org.apache.derby.impl.jdbc.EmbedConnection.bootDatabase(Unknown Source)
	at org.apache.derby.impl.jdbc.EmbedConnection.<init>(Unknown Source)
	at org.apache.derby.jdbc.InternalDriver$1.run(Unknown Source)
	at org.apache.derby.jdbc.InternalDriver$1.run(Unknown Source)
	at java.base/java.security.AccessController.doPrivileged(AccessController.java:571)
	at org.apache.derby.jdbc.InternalDriver.getNewEmbedConnection(Unknown Source)
	at org.apache.derby.jdbc.InternalDriver$LoginCallable.call(Unknown Source)
	at org.apache.derby.jdbc.InternalDriver$LoginCallable.call(Unknown Source)
	at java.base/java.util.concurrent.FutureTask.run(FutureTask.java:317)
	at java.base/java.util.concurrent.ThreadPoolExecutor.runWorker(ThreadPoolExecutor.java:1144)
	at java.base/java.util.concurrent.ThreadPoolExecutor$Worker.run(ThreadPoolExecutor.java:642)
	at java.base/java.lang.Thread.run(Thread.java:1583)
Caused by: org.apache.derby.iapi.error.StandardException: Failed to start database '/workspaces/dafuhaozui/nacos/data/derby-data' with class loader org.springframework.boot.loader.LaunchedURLClassLoader@2cdf8d8a, see the next exception for details.
	at org.apache.derby.iapi.error.StandardException.newException(Unknown Source)
	at org.apache.derby.impl.jdbc.SQLExceptionFactory.wrapArgsForTransportAcrossDRDA(Unknown Source)
	... 15 common frames omitted
Caused by: org.apache.derby.iapi.error.StandardException: Another instance of Derby may have already booted the database /workspaces/dafuhaozui/nacos/data/derby-data.
	at org.apache.derby.iapi.error.StandardException.newException(Unknown Source)
	at org.apache.derby.iapi.error.StandardException.newException(Unknown Source)
	at org.apache.derby.impl.store.raw.data.BaseDataFileFactory.privGetJBMSLockOnDB(Unknown Source)
	at org.apache.derby.impl.store.raw.data.BaseDataFileFactory.run(Unknown Source)
	at java.base/java.security.AccessController.doPrivileged(AccessController.java:571)
	at org.apache.derby.impl.store.raw.data.BaseDataFileFactory.getJBMSLockOnDB(Unknown Source)
	at org.apache.derby.impl.store.raw.data.BaseDataFileFactory.boot(Unknown Source)
	at org.apache.derby.impl.services.monitor.BaseMonitor.boot(Unknown Source)
	at org.apache.derby.impl.services.monitor.TopService.bootModule(Unknown Source)
	at org.apache.derby.impl.services.monitor.BaseMonitor.startModule(Unknown Source)
	at org.apache.derby.impl.services.monitor.FileMonitor.startModule(Unknown Source)
	at org.apache.derby.iapi.services.monitor.Monitor.bootServiceModule(Unknown Source)
	at org.apache.derby.impl.store.raw.RawStore$6.run(Unknown Source)
	at java.base/java.security.AccessController.doPrivileged(AccessController.java:571)
	at org.apache.derby.impl.store.raw.RawStore.bootServiceModule(Unknown Source)
	at org.apache.derby.impl.store.raw.RawStore.boot(Unknown Source)
	at org.apache.derby.impl.services.monitor.BaseMonitor.boot(Unknown Source)
	at org.apache.derby.impl.services.monitor.TopService.bootModule(Unknown Source)
	at org.apache.derby.impl.services.monitor.BaseMonitor.startModule(Unknown Source)
	at org.apache.derby.impl.services.monitor.FileMonitor.startModule(Unknown Source)
	at org.apache.derby.iapi.services.monitor.Monitor.bootServiceModule(Unknown Source)
	at org.apache.derby.impl.store.access.RAMAccessManager$5.run(Unknown Source)
	at java.base/java.security.AccessController.doPrivileged(AccessController.java:571)
	at org.apache.derby.impl.store.access.RAMAccessManager.bootServiceModule(Unknown Source)
	at org.apache.derby.impl.store.access.RAMAccessManager.boot(Unknown Source)
	at org.apache.derby.impl.services.monitor.BaseMonitor.boot(Unknown Source)
	at org.apache.derby.impl.services.monitor.TopService.bootModule(Unknown Source)
	at org.apache.derby.impl.services.monitor.BaseMonitor.startModule(Unknown Source)
	at org.apache.derby.impl.services.monitor.FileMonitor.startModule(Unknown Source)
	at org.apache.derby.iapi.services.monitor.Monitor.bootServiceModule(Unknown Source)
	at org.apache.derby.impl.db.BasicDatabase$5.run(Unknown Source)
	at java.base/java.security.AccessController.doPrivileged(AccessController.java:571)
	at org.apache.derby.impl.db.BasicDatabase.bootServiceModule(Unknown Source)
	at org.apache.derby.impl.db.BasicDatabase.bootStore(Unknown Source)
	at org.apache.derby.impl.db.BasicDatabase.boot(Unknown Source)
	at org.apache.derby.impl.services.monitor.BaseMonitor.boot(Unknown Source)
	at org.apache.derby.impl.services.monitor.TopService.bootModule(Unknown Source)
	at org.apache.derby.impl.services.monitor.BaseMonitor.bootService(Unknown Source)
	at org.apache.derby.impl.services.monitor.BaseMonitor.startProviderService(Unknown Source)
	at org.apache.derby.impl.services.monitor.BaseMonitor.findProviderAndStartService(Unknown Source)
	at org.apache.derby.impl.services.monitor.BaseMonitor.startPersistentService(Unknown Source)
	at org.apache.derby.iapi.services.monitor.Monitor.startPersistentService(Unknown Source)
	at org.apache.derby.impl.jdbc.EmbedConnection$4.run(Unknown Source)
	at org.apache.derby.impl.jdbc.EmbedConnection$4.run(Unknown Source)
	at java.base/java.security.AccessController.doPrivileged(AccessController.java:571)
	at org.apache.derby.impl.jdbc.EmbedConnection.startPersistentService(Unknown Source)
	... 12 common frames omitted
2025-11-09 19:03:50,540 ERROR Error starting Tomcat context. Exception: org.springframework.beans.factory.BeanCreationException. Message: Error creating bean with name 'authFilterRegistration' defined in class path resource [com/alibaba/nacos/core/auth/AuthConfigs.class]: Bean instantiation via factory method failed; nested exception is org.springframework.beans.BeanInstantiationException: Failed to instantiate [org.springframework.boot.web.servlet.FilterRegistrationBean]: Factory method 'authFilterRegistration' threw exception; nested exception is org.springframework.beans.factory.UnsatisfiedDependencyException: Error creating bean with name 'authFilter': Unsatisfied dependency expressed through field 'authManager'; nested exception is org.springframework.beans.factory.UnsatisfiedDependencyException: Error creating bean with name 'nacosAuthManager': Unsatisfied dependency expressed through field 'authenticationManager'; nested exception is org.springframework.beans.factory.UnsatisfiedDependencyException: Error creating bean with name 'nacosAuthConfig': Unsatisfied dependency expressed through field 'userDetailsService'; nested exception is org.springframework.beans.factory.UnsatisfiedDependencyException: Error creating bean with name 'nacosUserDetailsServiceImpl': Unsatisfied dependency expressed through field 'userPersistService'; nested exception is org.springframework.beans.factory.UnsatisfiedDependencyException: Error creating bean with name 'embeddedUserPersistServiceImpl': Unsatisfied dependency expressed through field 'databaseOperate'; nested exception is org.springframework.beans.factory.BeanCreationException: Error creating bean with name 'standaloneDatabaseOperateImpl': Invocation of init method failed; nested exception is java.lang.RuntimeException: com.alibaba.nacos.api.exception.runtime.NacosRuntimeException: errCode: 500, errMsg: load schema.sql error. 

2025-11-09 19:03:50,572 INFO Stopping service [Tomcat]

2025-11-09 19:03:50,580 ERROR A child container failed during stop

java.util.concurrent.ExecutionException: org.apache.catalina.LifecycleException: Failed to stop component [WebappLoader[StandardEngine[Tomcat].StandardHost[localhost].TomcatEmbeddedContext[/nacos]]]
	at java.base/java.util.concurrent.FutureTask.report(FutureTask.java:122)
	at java.base/java.util.concurrent.FutureTask.get(FutureTask.java:191)
	at org.apache.catalina.core.ContainerBase.stopInternal(ContainerBase.java:1010)
	at org.apache.catalina.util.LifecycleBase.stop(LifecycleBase.java:257)
	at org.apache.catalina.core.ContainerBase$StopChild.call(ContainerBase.java:1448)
	at org.apache.catalina.core.ContainerBase$StopChild.call(ContainerBase.java:1437)
	at java.base/java.util.concurrent.FutureTask.run(FutureTask.java:317)
	at org.apache.tomcat.util.threads.InlineExecutorService.execute(InlineExecutorService.java:75)
	at java.base/java.util.concurrent.AbstractExecutorService.submit(AbstractExecutorService.java:145)
	at org.apache.catalina.core.ContainerBase.stopInternal(ContainerBase.java:1004)
	at org.apache.catalina.util.LifecycleBase.stop(LifecycleBase.java:257)
	at org.apache.catalina.core.StandardService.stopInternal(StandardService.java:474)
	at org.apache.catalina.util.LifecycleBase.stop(LifecycleBase.java:257)
	at org.apache.catalina.core.StandardServer.stopInternal(StandardServer.java:822)
	at org.apache.catalina.util.LifecycleBase.stop(LifecycleBase.java:257)
	at org.apache.catalina.startup.Tomcat.stop(Tomcat.java:382)
	at org.springframework.boot.web.embedded.tomcat.TomcatWebServer.stopTomcat(TomcatWebServer.java:250)
	at org.springframework.boot.web.embedded.tomcat.TomcatWebServer.stopSilently(TomcatWebServer.java:238)
	at org.springframework.boot.web.embedded.tomcat.TomcatWebServer.initialize(TomcatWebServer.java:124)
	at org.springframework.boot.web.embedded.tomcat.TomcatWebServer.<init>(TomcatWebServer.java:86)
	at org.springframework.boot.web.embedded.tomcat.TomcatServletWebServerFactory.getTomcatWebServer(TomcatServletWebServerFactory.java:414)
	at org.springframework.boot.web.embedded.tomcat.TomcatServletWebServerFactory.getWebServer(TomcatServletWebServerFactory.java:174)
	at org.springframework.boot.web.servlet.context.ServletWebServerApplicationContext.createWebServer(ServletWebServerApplicationContext.java:181)
	at org.springframework.boot.web.servlet.context.ServletWebServerApplicationContext.onRefresh(ServletWebServerApplicationContext.java:154)
	at org.springframework.context.support.AbstractApplicationContext.refresh(AbstractApplicationContext.java:540)
	at org.springframework.boot.web.servlet.context.ServletWebServerApplicationContext.refresh(ServletWebServerApplicationContext.java:142)
	at org.springframework.boot.SpringApplication.refresh(SpringApplication.java:775)
	at org.springframework.boot.SpringApplication.refreshContext(SpringApplication.java:397)
	at org.springframework.boot.SpringApplication.run(SpringApplication.java:316)
	at org.springframework.boot.SpringApplication.run(SpringApplication.java:1260)
	at org.springframework.boot.SpringApplication.run(SpringApplication.java:1248)
	at com.alibaba.nacos.Nacos.main(Nacos.java:35)
	at java.base/jdk.internal.reflect.DirectMethodHandleAccessor.invoke(DirectMethodHandleAccessor.java:103)
	at java.base/java.lang.reflect.Method.invoke(Method.java:580)
	at org.springframework.boot.loader.MainMethodRunner.run(MainMethodRunner.java:49)
	at org.springframework.boot.loader.Launcher.launch(Launcher.java:109)
	at org.springframework.boot.loader.Launcher.launch(Launcher.java:58)
	at org.springframework.boot.loader.PropertiesLauncher.main(PropertiesLauncher.java:466)
Caused by: org.apache.catalina.LifecycleException: Failed to stop component [WebappLoader[StandardEngine[Tomcat].StandardHost[localhost].TomcatEmbeddedContext[/nacos]]]
	at org.apache.catalina.util.LifecycleBase.handleSubClassException(LifecycleBase.java:441)
	at org.apache.catalina.util.LifecycleBase.stop(LifecycleBase.java:267)
	at org.apache.catalina.core.StandardContext.stopInternal(StandardContext.java:5367)
	at org.apache.catalina.util.LifecycleBase.stop(LifecycleBase.java:257)
	at org.apache.catalina.core.ContainerBase$StopChild.call(ContainerBase.java:1448)
	at org.apache.catalina.core.ContainerBase$StopChild.call(ContainerBase.java:1437)
	at java.base/java.util.concurrent.FutureTask.run(FutureTask.java:317)
	at org.apache.tomcat.util.threads.InlineExecutorService.execute(InlineExecutorService.java:75)
	at java.base/java.util.concurrent.AbstractExecutorService.submit(AbstractExecutorService.java:145)
	at org.apache.catalina.core.ContainerBase.stopInternal(ContainerBase.java:1004)
	... 35 common frames omitted
Caused by: java.lang.reflect.InaccessibleObjectException: Unable to make field static final java.io.ClassCache java.io.ObjectStreamClass$Caches.localDescs accessible: module java.base does not "opens java.io" to unnamed module @77b52d12
	at java.base/java.lang.reflect.AccessibleObject.throwInaccessibleObjectException(AccessibleObject.java:391)
	at java.base/java.lang.reflect.AccessibleObject.checkCanSetAccessible(AccessibleObject.java:367)
	at java.base/java.lang.reflect.AccessibleObject.checkCanSetAccessible(AccessibleObject.java:315)
	at java.base/java.lang.reflect.Field.checkCanSetAccessible(Field.java:183)
	at java.base/java.lang.reflect.Field.setAccessible(Field.java:177)
	at org.apache.catalina.loader.WebappClassLoaderBase.clearCache(WebappClassLoaderBase.java:2225)
	at org.apache.catalina.loader.WebappClassLoaderBase.clearReferencesObjectStreamClassCaches(WebappClassLoaderBase.java:2213)
	at org.apache.catalina.loader.WebappClassLoaderBase.clearReferences(WebappClassLoaderBase.java:1586)
	at org.apache.catalina.loader.WebappClassLoaderBase.stop(WebappClassLoaderBase.java:1516)
	at org.apache.catalina.loader.WebappLoader.stopInternal(WebappLoader.java:442)
	at org.apache.catalina.util.LifecycleBase.stop(LifecycleBase.java:257)
	... 43 common frames omitted
2025-11-09 19:03:50,581 ERROR A child container failed during stop

java.util.concurrent.ExecutionException: org.apache.catalina.LifecycleException: A child container failed during stop
	at java.base/java.util.concurrent.FutureTask.report(FutureTask.java:122)
	at java.base/java.util.concurrent.FutureTask.get(FutureTask.java:191)
	at org.apache.catalina.core.ContainerBase.stopInternal(ContainerBase.java:1010)
	at org.apache.catalina.util.LifecycleBase.stop(LifecycleBase.java:257)
	at org.apache.catalina.core.StandardService.stopInternal(StandardService.java:474)
	at org.apache.catalina.util.LifecycleBase.stop(LifecycleBase.java:257)
	at org.apache.catalina.core.StandardServer.stopInternal(StandardServer.java:822)
	at org.apache.catalina.util.LifecycleBase.stop(LifecycleBase.java:257)
	at org.apache.catalina.startup.Tomcat.stop(Tomcat.java:382)
	at org.springframework.boot.web.embedded.tomcat.TomcatWebServer.stopTomcat(TomcatWebServer.java:250)
	at org.springframework.boot.web.embedded.tomcat.TomcatWebServer.stopSilently(TomcatWebServer.java:238)
	at org.springframework.boot.web.embedded.tomcat.TomcatWebServer.initialize(TomcatWebServer.java:124)
	at org.springframework.boot.web.embedded.tomcat.TomcatWebServer.<init>(TomcatWebServer.java:86)
	at org.springframework.boot.web.embedded.tomcat.TomcatServletWebServerFactory.getTomcatWebServer(TomcatServletWebServerFactory.java:414)
	at org.springframework.boot.web.embedded.tomcat.TomcatServletWebServerFactory.getWebServer(TomcatServletWebServerFactory.java:174)
	at org.springframework.boot.web.servlet.context.ServletWebServerApplicationContext.createWebServer(ServletWebServerApplicationContext.java:181)
	at org.springframework.boot.web.servlet.context.ServletWebServerApplicationContext.onRefresh(ServletWebServerApplicationContext.java:154)
	at org.springframework.context.support.AbstractApplicationContext.refresh(AbstractApplicationContext.java:540)
	at org.springframework.boot.web.servlet.context.ServletWebServerApplicationContext.refresh(ServletWebServerApplicationContext.java:142)
	at org.springframework.boot.SpringApplication.refresh(SpringApplication.java:775)
	at org.springframework.boot.SpringApplication.refreshContext(SpringApplication.java:397)
	at org.springframework.boot.SpringApplication.run(SpringApplication.java:316)
	at org.springframework.boot.SpringApplication.run(SpringApplication.java:1260)
	at org.springframework.boot.SpringApplication.run(SpringApplication.java:1248)
	at com.alibaba.nacos.Nacos.main(Nacos.java:35)
	at java.base/jdk.internal.reflect.DirectMethodHandleAccessor.invoke(DirectMethodHandleAccessor.java:103)
	at java.base/java.lang.reflect.Method.invoke(Method.java:580)
	at org.springframework.boot.loader.MainMethodRunner.run(MainMethodRunner.java:49)
	at org.springframework.boot.loader.Launcher.launch(Launcher.java:109)
	at org.springframework.boot.loader.Launcher.launch(Launcher.java:58)
	at org.springframework.boot.loader.PropertiesLauncher.main(PropertiesLauncher.java:466)
Caused by: org.apache.catalina.LifecycleException: A child container failed during stop
	at org.apache.catalina.core.ContainerBase.stopInternal(ContainerBase.java:1018)
	at org.apache.catalina.util.LifecycleBase.stop(LifecycleBase.java:257)
	at org.apache.catalina.core.ContainerBase$StopChild.call(ContainerBase.java:1448)
	at org.apache.catalina.core.ContainerBase$StopChild.call(ContainerBase.java:1437)
	at java.base/java.util.concurrent.FutureTask.run(FutureTask.java:317)
	at org.apache.tomcat.util.threads.InlineExecutorService.execute(InlineExecutorService.java:75)
	at java.base/java.util.concurrent.AbstractExecutorService.submit(AbstractExecutorService.java:145)
	at org.apache.catalina.core.ContainerBase.stopInternal(ContainerBase.java:1004)
	... 28 common frames omitted
2025-11-09 19:03:50,581 WARN Exception encountered during context initialization - cancelling refresh attempt: org.springframework.context.ApplicationContextException: Unable to start web server; nested exception is org.springframework.boot.web.server.WebServerException: Unable to start embedded Tomcat

2025-11-09 19:03:50,584 INFO Nacos Log files: /workspaces/dafuhaozui/nacos/logs

2025-11-09 19:03:50,589 INFO Nacos Log files: /workspaces/dafuhaozui/nacos/conf

2025-11-09 19:03:50,590 INFO Nacos Log files: /workspaces/dafuhaozui/nacos/data

2025-11-09 19:03:50,592 ERROR Startup errors : {}

org.springframework.context.ApplicationContextException: Unable to start web server; nested exception is org.springframework.boot.web.server.WebServerException: Unable to start embedded Tomcat
	at org.springframework.boot.web.servlet.context.ServletWebServerApplicationContext.onRefresh(ServletWebServerApplicationContext.java:157)
	at org.springframework.context.support.AbstractApplicationContext.refresh(AbstractApplicationContext.java:540)
	at org.springframework.boot.web.servlet.context.ServletWebServerApplicationContext.refresh(ServletWebServerApplicationContext.java:142)
	at org.springframework.boot.SpringApplication.refresh(SpringApplication.java:775)
	at org.springframework.boot.SpringApplication.refreshContext(SpringApplication.java:397)
	at org.springframework.boot.SpringApplication.run(SpringApplication.java:316)
	at org.springframework.boot.SpringApplication.run(SpringApplication.java:1260)
	at org.springframework.boot.SpringApplication.run(SpringApplication.java:1248)
	at com.alibaba.nacos.Nacos.main(Nacos.java:35)
	at java.base/jdk.internal.reflect.DirectMethodHandleAccessor.invoke(DirectMethodHandleAccessor.java:103)
	at java.base/java.lang.reflect.Method.invoke(Method.java:580)
	at org.springframework.boot.loader.MainMethodRunner.run(MainMethodRunner.java:49)
	at org.springframework.boot.loader.Launcher.launch(Launcher.java:109)
	at org.springframework.boot.loader.Launcher.launch(Launcher.java:58)
	at org.springframework.boot.loader.PropertiesLauncher.main(PropertiesLauncher.java:466)
Caused by: org.springframework.boot.web.server.WebServerException: Unable to start embedded Tomcat
	at org.springframework.boot.web.embedded.tomcat.TomcatWebServer.initialize(TomcatWebServer.java:125)
	at org.springframework.boot.web.embedded.tomcat.TomcatWebServer.<init>(TomcatWebServer.java:86)
	at org.springframework.boot.web.embedded.tomcat.TomcatServletWebServerFactory.getTomcatWebServer(TomcatServletWebServerFactory.java:414)
	at org.springframework.boot.web.embedded.tomcat.TomcatServletWebServerFactory.getWebServer(TomcatServletWebServerFactory.java:174)
	at org.springframework.boot.web.servlet.context.ServletWebServerApplicationContext.createWebServer(ServletWebServerApplicationContext.java:181)
	at org.springframework.boot.web.servlet.context.ServletWebServerApplicationContext.onRefresh(ServletWebServerApplicationContext.java:154)
	... 14 common frames omitted
Caused by: org.springframework.beans.factory.BeanCreationException: Error creating bean with name 'authFilterRegistration' defined in class path resource [com/alibaba/nacos/core/auth/AuthConfigs.class]: Bean instantiation via factory method failed; nested exception is org.springframework.beans.BeanInstantiationException: Failed to instantiate [org.springframework.boot.web.servlet.FilterRegistrationBean]: Factory method 'authFilterRegistration' threw exception; nested exception is org.springframework.beans.factory.UnsatisfiedDependencyException: Error creating bean with name 'authFilter': Unsatisfied dependency expressed through field 'authManager'; nested exception is org.springframework.beans.factory.UnsatisfiedDependencyException: Error creating bean with name 'nacosAuthManager': Unsatisfied dependency expressed through field 'authenticationManager'; nested exception is org.springframework.beans.factory.UnsatisfiedDependencyException: Error creating bean with name 'nacosAuthConfig': Unsatisfied dependency expressed through field 'userDetailsService'; nested exception is org.springframework.beans.factory.UnsatisfiedDependencyException: Error creating bean with name 'nacosUserDetailsServiceImpl': Unsatisfied dependency expressed through field 'userPersistService'; nested exception is org.springframework.beans.factory.UnsatisfiedDependencyException: Error creating bean with name 'embeddedUserPersistServiceImpl': Unsatisfied dependency expressed through field 'databaseOperate'; nested exception is org.springframework.beans.factory.BeanCreationException: Error creating bean with name 'standaloneDatabaseOperateImpl': Invocation of init method failed; nested exception is java.lang.RuntimeException: com.alibaba.nacos.api.exception.runtime.NacosRuntimeException: errCode: 500, errMsg: load schema.sql error. 
	at org.springframework.beans.factory.support.ConstructorResolver.instantiate(ConstructorResolver.java:627)
	at org.springframework.beans.factory.support.ConstructorResolver.instantiateUsingFactoryMethod(ConstructorResolver.java:456)
	at org.springframework.beans.factory.support.AbstractAutowireCapableBeanFactory.instantiateUsingFactoryMethod(AbstractAutowireCapableBeanFactory.java:1288)
	at org.springframework.beans.factory.support.AbstractAutowireCapableBeanFactory.createBeanInstance(AbstractAutowireCapableBeanFactory.java:1127)
	at org.springframework.beans.factory.support.AbstractAutowireCapableBeanFactory.doCreateBean(AbstractAutowireCapableBeanFactory.java:538)
	at org.springframework.beans.factory.support.AbstractAutowireCapableBeanFactory.createBean(AbstractAutowireCapableBeanFactory.java:498)
	at org.springframework.beans.factory.support.AbstractBeanFactory.lambda$doGetBean$0(AbstractBeanFactory.java:320)
	at org.springframework.beans.factory.support.DefaultSingletonBeanRegistry.getSingleton(DefaultSingletonBeanRegistry.java:222)
	at org.springframework.beans.factory.support.AbstractBeanFactory.doGetBean(AbstractBeanFactory.java:318)
	at org.springframework.beans.factory.support.AbstractBeanFactory.getBean(AbstractBeanFactory.java:204)
	at org.springframework.boot.web.servlet.ServletContextInitializerBeans.getOrderedBeansOfType(ServletContextInitializerBeans.java:235)
	at org.springframework.boot.web.servlet.ServletContextInitializerBeans.getOrderedBeansOfType(ServletContextInitializerBeans.java:226)
	at org.springframework.boot.web.servlet.ServletContextInitializerBeans.addServletContextInitializerBeans(ServletContextInitializerBeans.java:101)
	at org.springframework.boot.web.servlet.ServletContextInitializerBeans.<init>(ServletContextInitializerBeans.java:88)
	at org.springframework.boot.web.servlet.context.ServletWebServerApplicationContext.getServletContextInitializerBeans(ServletWebServerApplicationContext.java:261)
	at org.springframework.boot.web.servlet.context.ServletWebServerApplicationContext.selfInitialize(ServletWebServerApplicationContext.java:234)
	at org.springframework.boot.web.embedded.tomcat.TomcatStarter.onStartup(TomcatStarter.java:54)
	at org.apache.catalina.core.StandardContext.startInternal(StandardContext.java:5098)
	at org.apache.catalina.util.LifecycleBase.start(LifecycleBase.java:183)
	at org.apache.catalina.core.ContainerBase$StartChild.call(ContainerBase.java:1432)
	at org.apache.catalina.core.ContainerBase$StartChild.call(ContainerBase.java:1422)
	at java.base/java.util.concurrent.FutureTask.run(FutureTask.java:317)
	at org.apache.tomcat.util.threads.InlineExecutorService.execute(InlineExecutorService.java:75)
	at java.base/java.util.concurrent.AbstractExecutorService.submit(AbstractExecutorService.java:145)
	at org.apache.catalina.core.ContainerBase.startInternal(ContainerBase.java:944)
	at org.apache.catalina.core.StandardHost.startInternal(StandardHost.java:831)
	at org.apache.catalina.util.LifecycleBase.start(LifecycleBase.java:183)
	at org.apache.catalina.core.ContainerBase$StartChild.call(ContainerBase.java:1432)
	at org.apache.catalina.core.ContainerBase$StartChild.call(ContainerBase.java:1422)
	at java.base/java.util.concurrent.FutureTask.run(FutureTask.java:317)
	at org.apache.tomcat.util.threads.InlineExecutorService.execute(InlineExecutorService.java:75)
	at java.base/java.util.concurrent.AbstractExecutorService.submit(AbstractExecutorService.java:145)
	at org.apache.catalina.core.ContainerBase.startInternal(ContainerBase.java:944)
	at org.apache.catalina.core.StandardEngine.startInternal(StandardEngine.java:261)
	at org.apache.catalina.util.LifecycleBase.start(LifecycleBase.java:183)
	at org.apache.catalina.core.StandardService.startInternal(StandardService.java:422)
	at org.apache.catalina.util.LifecycleBase.start(LifecycleBase.java:183)
	at org.apache.catalina.core.StandardServer.startInternal(StandardServer.java:801)
	at org.apache.catalina.util.LifecycleBase.start(LifecycleBase.java:183)
	at org.apache.catalina.startup.Tomcat.start(Tomcat.java:372)
	at org.springframework.boot.web.embedded.tomcat.TomcatWebServer.initialize(TomcatWebServer.java:106)
	... 19 common frames omitted
Caused by: org.springframework.beans.BeanInstantiationException: Failed to instantiate [org.springframework.boot.web.servlet.FilterRegistrationBean]: Factory method 'authFilterRegistration' threw exception; nested exception is org.springframework.beans.factory.UnsatisfiedDependencyException: Error creating bean with name 'authFilter': Unsatisfied dependency expressed through field 'authManager'; nested exception is org.springframework.beans.factory.UnsatisfiedDependencyException: Error creating bean with name 'nacosAuthManager': Unsatisfied dependency expressed through field 'authenticationManager'; nested exception is org.springframework.beans.factory.UnsatisfiedDependencyException: Error creating bean with name 'nacosAuthConfig': Unsatisfied dependency expressed through field 'userDetailsService'; nested exception is org.springframework.beans.factory.UnsatisfiedDependencyException: Error creating bean with name 'nacosUserDetailsServiceImpl': Unsatisfied dependency expressed through field 'userPersistService'; nested exception is org.springframework.beans.factory.UnsatisfiedDependencyException: Error creating bean with name 'embeddedUserPersistServiceImpl': Unsatisfied dependency expressed through field 'databaseOperate'; nested exception is org.springframework.beans.factory.BeanCreationException: Error creating bean with name 'standaloneDatabaseOperateImpl': Invocation of init method failed; nested exception is java.lang.RuntimeException: com.alibaba.nacos.api.exception.runtime.NacosRuntimeException: errCode: 500, errMsg: load schema.sql error. 
	at org.springframework.beans.factory.support.SimpleInstantiationStrategy.instantiate(SimpleInstantiationStrategy.java:185)
	at org.springframework.beans.factory.support.ConstructorResolver.instantiate(ConstructorResolver.java:622)
	... 59 common frames omitted
Caused by: org.springframework.beans.factory.UnsatisfiedDependencyException: Error creating bean with name 'authFilter': Unsatisfied dependency expressed through field 'authManager'; nested exception is org.springframework.beans.factory.UnsatisfiedDependencyException: Error creating bean with name 'nacosAuthManager': Unsatisfied dependency expressed through field 'authenticationManager'; nested exception is org.springframework.beans.factory.UnsatisfiedDependencyException: Error creating bean with name 'nacosAuthConfig': Unsatisfied dependency expressed through field 'userDetailsService'; nested exception is org.springframework.beans.factory.UnsatisfiedDependencyException: Error creating bean with name 'nacosUserDetailsServiceImpl': Unsatisfied dependency expressed through field 'userPersistService'; nested exception is org.springframework.beans.factory.UnsatisfiedDependencyException: Error creating bean with name 'embeddedUserPersistServiceImpl': Unsatisfied dependency expressed through field 'databaseOperate'; nested exception is org.springframework.beans.factory.BeanCreationException: Error creating bean with name 'standaloneDatabaseOperateImpl': Invocation of init method failed; nested exception is java.lang.RuntimeException: com.alibaba.nacos.api.exception.runtime.NacosRuntimeException: errCode: 500, errMsg: load schema.sql error. 
	at org.springframework.beans.factory.annotation.AutowiredAnnotationBeanPostProcessor$AutowiredFieldElement.inject(AutowiredAnnotationBeanPostProcessor.java:596)
	at org.springframework.beans.factory.annotation.InjectionMetadata.inject(InjectionMetadata.java:90)
	at org.springframework.beans.factory.annotation.AutowiredAnnotationBeanPostProcessor.postProcessProperties(AutowiredAnnotationBeanPostProcessor.java:374)
	at org.springframework.beans.factory.support.AbstractAutowireCapableBeanFactory.populateBean(AbstractAutowireCapableBeanFactory.java:1378)
	at org.springframework.beans.factory.support.AbstractAutowireCapableBeanFactory.doCreateBean(AbstractAutowireCapableBeanFactory.java:575)
	at org.springframework.beans.factory.support.AbstractAutowireCapableBeanFactory.createBean(AbstractAutowireCapableBeanFactory.java:498)
	at org.springframework.beans.factory.support.AbstractBeanFactory.lambda$doGetBean$0(AbstractBeanFactory.java:320)
	at org.springframework.beans.factory.support.DefaultSingletonBeanRegistry.getSingleton(DefaultSingletonBeanRegistry.java:222)
	at org.springframework.beans.factory.support.AbstractBeanFactory.doGetBean(AbstractBeanFactory.java:318)
	at org.springframework.beans.factory.support.AbstractBeanFactory.getBean(AbstractBeanFactory.java:199)
	at org.springframework.context.annotation.ConfigurationClassEnhancer$BeanMethodInterceptor.resolveBeanReference(ConfigurationClassEnhancer.java:394)
	at org.springframework.context.annotation.ConfigurationClassEnhancer$BeanMethodInterceptor.intercept(ConfigurationClassEnhancer.java:366)
	at com.alibaba.nacos.core.auth.AuthConfigs$$EnhancerBySpringCGLIB$$70a55241.authFilter(<generated>)
	at com.alibaba.nacos.core.auth.AuthConfigs.authFilterRegistration(AuthConfigs.java:114)
	at com.alibaba.nacos.core.auth.AuthConfigs$$EnhancerBySpringCGLIB$$70a55241.CGLIB$authFilterRegistration$4(<generated>)
	at com.alibaba.nacos.core.auth.AuthConfigs$$EnhancerBySpringCGLIB$$70a55241$$FastClassBySpringCGLIB$$75846a87.invoke(<generated>)
	at org.springframework.cglib.proxy.MethodProxy.invokeSuper(MethodProxy.java:244)
	at org.springframework.context.annotation.ConfigurationClassEnhancer$BeanMethodInterceptor.intercept(ConfigurationClassEnhancer.java:363)
	at com.alibaba.nacos.core.auth.AuthConfigs$$EnhancerBySpringCGLIB$$70a55241.authFilterRegistration(<generated>)
	at java.base/jdk.internal.reflect.DirectMethodHandleAccessor.invoke(DirectMethodHandleAccessor.java:103)
	at java.base/java.lang.reflect.Method.invoke(Method.java:580)
	at org.springframework.beans.factory.support.SimpleInstantiationStrategy.instantiate(SimpleInstantiationStrategy.java:154)
	... 60 common frames omitted
Caused by: org.springframework.beans.factory.UnsatisfiedDependencyException: Error creating bean with name 'nacosAuthManager': Unsatisfied dependency expressed through field 'authenticationManager'; nested exception is org.springframework.beans.factory.UnsatisfiedDependencyException: Error creating bean with name 'nacosAuthConfig': Unsatisfied dependency expressed through field 'userDetailsService'; nested exception is org.springframework.beans.factory.UnsatisfiedDependencyException: Error creating bean with name 'nacosUserDetailsServiceImpl': Unsatisfied dependency expressed through field 'userPersistService'; nested exception is org.springframework.beans.factory.UnsatisfiedDependencyException: Error creating bean with name 'embeddedUserPersistServiceImpl': Unsatisfied dependency expressed through field 'databaseOperate'; nested exception is org.springframework.beans.factory.BeanCreationException: Error creating bean with name 'standaloneDatabaseOperateImpl': Invocation of init method failed; nested exception is java.lang.RuntimeException: com.alibaba.nacos.api.exception.runtime.NacosRuntimeException: errCode: 500, errMsg: load schema.sql error. 
	at org.springframework.beans.factory.annotation.AutowiredAnnotationBeanPostProcessor$AutowiredFieldElement.inject(AutowiredAnnotationBeanPostProcessor.java:596)
	at org.springframework.beans.factory.annotation.InjectionMetadata.inject(InjectionMetadata.java:90)
	at org.springframework.beans.factory.annotation.AutowiredAnnotationBeanPostProcessor.postProcessProperties(AutowiredAnnotationBeanPostProcessor.java:374)
	at org.springframework.beans.factory.support.AbstractAutowireCapableBeanFactory.populateBean(AbstractAutowireCapableBeanFactory.java:1378)
	at org.springframework.beans.factory.support.AbstractAutowireCapableBeanFactory.doCreateBean(AbstractAutowireCapableBeanFactory.java:575)
	at org.springframework.beans.factory.support.AbstractAutowireCapableBeanFactory.createBean(AbstractAutowireCapableBeanFactory.java:498)
	at org.springframework.beans.factory.support.AbstractBeanFactory.lambda$doGetBean$0(AbstractBeanFactory.java:320)
	at org.springframework.beans.factory.support.DefaultSingletonBeanRegistry.getSingleton(DefaultSingletonBeanRegistry.java:222)
	at org.springframework.beans.factory.support.AbstractBeanFactory.doGetBean(AbstractBeanFactory.java:318)
	at org.springframework.beans.factory.support.AbstractBeanFactory.getBean(AbstractBeanFactory.java:199)
	at org.springframework.beans.factory.config.DependencyDescriptor.resolveCandidate(DependencyDescriptor.java:273)
	at org.springframework.beans.factory.support.DefaultListableBeanFactory.doResolveDependency(DefaultListableBeanFactory.java:1237)
	at org.springframework.beans.factory.support.DefaultListableBeanFactory.resolveDependency(DefaultListableBeanFactory.java:1164)
	at org.springframework.beans.factory.annotation.AutowiredAnnotationBeanPostProcessor$AutowiredFieldElement.inject(AutowiredAnnotationBeanPostProcessor.java:593)
	... 81 common frames omitted
Caused by: org.springframework.beans.factory.UnsatisfiedDependencyException: Error creating bean with name 'nacosAuthConfig': Unsatisfied dependency expressed through field 'userDetailsService'; nested exception is org.springframework.beans.factory.UnsatisfiedDependencyException: Error creating bean with name 'nacosUserDetailsServiceImpl': Unsatisfied dependency expressed through field 'userPersistService'; nested exception is org.springframework.beans.factory.UnsatisfiedDependencyException: Error creating bean with name 'embeddedUserPersistServiceImpl': Unsatisfied dependency expressed through field 'databaseOperate'; nested exception is org.springframework.beans.factory.BeanCreationException: Error creating bean with name 'standaloneDatabaseOperateImpl': Invocation of init method failed; nested exception is java.lang.RuntimeException: com.alibaba.nacos.api.exception.runtime.NacosRuntimeException: errCode: 500, errMsg: load schema.sql error. 
	at org.springframework.beans.factory.annotation.AutowiredAnnotationBeanPostProcessor$AutowiredFieldElement.inject(AutowiredAnnotationBeanPostProcessor.java:596)
	at org.springframework.beans.factory.annotation.InjectionMetadata.inject(InjectionMetadata.java:90)
	at org.springframework.beans.factory.annotation.AutowiredAnnotationBeanPostProcessor.postProcessProperties(AutowiredAnnotationBeanPostProcessor.java:374)
	at org.springframework.beans.factory.support.AbstractAutowireCapableBeanFactory.populateBean(AbstractAutowireCapableBeanFactory.java:1378)
	at org.springframework.beans.factory.support.AbstractAutowireCapableBeanFactory.doCreateBean(AbstractAutowireCapableBeanFactory.java:575)
	at org.springframework.beans.factory.support.AbstractAutowireCapableBeanFactory.createBean(AbstractAutowireCapableBeanFactory.java:498)
	at org.springframework.beans.factory.support.AbstractBeanFactory.lambda$doGetBean$0(AbstractBeanFactory.java:320)
	at org.springframework.beans.factory.support.DefaultSingletonBeanRegistry.getSingleton(DefaultSingletonBeanRegistry.java:222)
	at org.springframework.beans.factory.support.AbstractBeanFactory.doGetBean(AbstractBeanFactory.java:318)
	at org.springframework.beans.factory.support.AbstractBeanFactory.getBean(AbstractBeanFactory.java:199)
	at org.springframework.beans.factory.support.ConstructorResolver.instantiateUsingFactoryMethod(ConstructorResolver.java:392)
	at org.springframework.beans.factory.support.AbstractAutowireCapableBeanFactory.instantiateUsingFactoryMethod(AbstractAutowireCapableBeanFactory.java:1288)
	at org.springframework.beans.factory.support.AbstractAutowireCapableBeanFactory.createBeanInstance(AbstractAutowireCapableBeanFactory.java:1127)
	at org.springframework.beans.factory.support.AbstractAutowireCapableBeanFactory.doCreateBean(AbstractAutowireCapableBeanFactory.java:538)
	at org.springframework.beans.factory.support.AbstractAutowireCapableBeanFactory.createBean(AbstractAutowireCapableBeanFactory.java:498)
	at org.springframework.beans.factory.support.AbstractBeanFactory.lambda$doGetBean$0(AbstractBeanFactory.java:320)
	at org.springframework.beans.factory.support.DefaultSingletonBeanRegistry.getSingleton(DefaultSingletonBeanRegistry.java:222)
	at org.springframework.beans.factory.support.AbstractBeanFactory.doGetBean(AbstractBeanFactory.java:318)
	at org.springframework.beans.factory.support.AbstractBeanFactory.getBean(AbstractBeanFactory.java:199)
	at org.springframework.beans.factory.config.DependencyDescriptor.resolveCandidate(DependencyDescriptor.java:273)
	at org.springframework.beans.factory.support.DefaultListableBeanFactory.doResolveDependency(DefaultListableBeanFactory.java:1237)
	at org.springframework.beans.factory.support.DefaultListableBeanFactory.resolveDependency(DefaultListableBeanFactory.java:1164)
	at org.springframework.beans.factory.annotation.AutowiredAnnotationBeanPostProcessor$AutowiredFieldElement.inject(AutowiredAnnotationBeanPostProcessor.java:593)
	... 94 common frames omitted
Caused by: org.springframework.beans.factory.UnsatisfiedDependencyException: Error creating bean with name 'nacosUserDetailsServiceImpl': Unsatisfied dependency expressed through field 'userPersistService'; nested exception is org.springframework.beans.factory.UnsatisfiedDependencyException: Error creating bean with name 'embeddedUserPersistServiceImpl': Unsatisfied dependency expressed through field 'databaseOperate'; nested exception is org.springframework.beans.factory.BeanCreationException: Error creating bean with name 'standaloneDatabaseOperateImpl': Invocation of init method failed; nested exception is java.lang.RuntimeException: com.alibaba.nacos.api.exception.runtime.NacosRuntimeException: errCode: 500, errMsg: load schema.sql error. 
	at org.springframework.beans.factory.annotation.AutowiredAnnotationBeanPostProcessor$AutowiredFieldElement.inject(AutowiredAnnotationBeanPostProcessor.java:596)
	at org.springframework.beans.factory.annotation.InjectionMetadata.inject(InjectionMetadata.java:90)
	at org.springframework.beans.factory.annotation.AutowiredAnnotationBeanPostProcessor.postProcessProperties(AutowiredAnnotationBeanPostProcessor.java:374)
	at org.springframework.beans.factory.support.AbstractAutowireCapableBeanFactory.populateBean(AbstractAutowireCapableBeanFactory.java:1378)
	at org.springframework.beans.factory.support.AbstractAutowireCapableBeanFactory.doCreateBean(AbstractAutowireCapableBeanFactory.java:575)
	at org.springframework.beans.factory.support.AbstractAutowireCapableBeanFactory.createBean(AbstractAutowireCapableBeanFactory.java:498)
	at org.springframework.beans.factory.support.AbstractBeanFactory.lambda$doGetBean$0(AbstractBeanFactory.java:320)
	at org.springframework.beans.factory.support.DefaultSingletonBeanRegistry.getSingleton(DefaultSingletonBeanRegistry.java:222)
	at org.springframework.beans.factory.support.AbstractBeanFactory.doGetBean(AbstractBeanFactory.java:318)
	at org.springframework.beans.factory.support.AbstractBeanFactory.getBean(AbstractBeanFactory.java:199)
	at org.springframework.beans.factory.config.DependencyDescriptor.resolveCandidate(DependencyDescriptor.java:273)
	at org.springframework.beans.factory.support.DefaultListableBeanFactory.doResolveDependency(DefaultListableBeanFactory.java:1237)
	at org.springframework.beans.factory.support.DefaultListableBeanFactory.resolveDependency(DefaultListableBeanFactory.java:1164)
	at org.springframework.beans.factory.annotation.AutowiredAnnotationBeanPostProcessor$AutowiredFieldElement.inject(AutowiredAnnotationBeanPostProcessor.java:593)
	... 116 common frames omitted
Caused by: org.springframework.beans.factory.UnsatisfiedDependencyException: Error creating bean with name 'embeddedUserPersistServiceImpl': Unsatisfied dependency expressed through field 'databaseOperate'; nested exception is org.springframework.beans.factory.BeanCreationException: Error creating bean with name 'standaloneDatabaseOperateImpl': Invocation of init method failed; nested exception is java.lang.RuntimeException: com.alibaba.nacos.api.exception.runtime.NacosRuntimeException: errCode: 500, errMsg: load schema.sql error. 
	at org.springframework.beans.factory.annotation.AutowiredAnnotationBeanPostProcessor$AutowiredFieldElement.inject(AutowiredAnnotationBeanPostProcessor.java:596)
	at org.springframework.beans.factory.annotation.InjectionMetadata.inject(InjectionMetadata.java:90)
	at org.springframework.beans.factory.annotation.AutowiredAnnotationBeanPostProcessor.postProcessProperties(AutowiredAnnotationBeanPostProcessor.java:374)
	at org.springframework.beans.factory.support.AbstractAutowireCapableBeanFactory.populateBean(AbstractAutowireCapableBeanFactory.java:1378)
	at org.springframework.beans.factory.support.AbstractAutowireCapableBeanFactory.doCreateBean(AbstractAutowireCapableBeanFactory.java:575)
	at org.springframework.beans.factory.support.AbstractAutowireCapableBeanFactory.createBean(AbstractAutowireCapableBeanFactory.java:498)
	at org.springframework.beans.factory.support.AbstractBeanFactory.lambda$doGetBean$0(AbstractBeanFactory.java:320)
	at org.springframework.beans.factory.support.DefaultSingletonBeanRegistry.getSingleton(DefaultSingletonBeanRegistry.java:222)
	at org.springframework.beans.factory.support.AbstractBeanFactory.doGetBean(AbstractBeanFactory.java:318)
	at org.springframework.beans.factory.support.AbstractBeanFactory.getBean(AbstractBeanFactory.java:199)
	at org.springframework.beans.factory.config.DependencyDescriptor.resolveCandidate(DependencyDescriptor.java:273)
	at org.springframework.beans.factory.support.DefaultListableBeanFactory.doResolveDependency(DefaultListableBeanFactory.java:1237)
	at org.springframework.beans.factory.support.DefaultListableBeanFactory.resolveDependency(DefaultListableBeanFactory.java:1164)
	at org.springframework.beans.factory.annotation.AutowiredAnnotationBeanPostProcessor$AutowiredFieldElement.inject(AutowiredAnnotationBeanPostProcessor.java:593)
	... 129 common frames omitted
Caused by: org.springframework.beans.factory.BeanCreationException: Error creating bean with name 'standaloneDatabaseOperateImpl': Invocation of init method failed; nested exception is java.lang.RuntimeException: com.alibaba.nacos.api.exception.runtime.NacosRuntimeException: errCode: 500, errMsg: load schema.sql error. 
	at org.springframework.beans.factory.annotation.InitDestroyAnnotationBeanPostProcessor.postProcessBeforeInitialization(InitDestroyAnnotationBeanPostProcessor.java:139)
	at org.springframework.beans.factory.support.AbstractAutowireCapableBeanFactory.applyBeanPostProcessorsBeforeInitialization(AbstractAutowireCapableBeanFactory.java:419)
	at org.springframework.beans.factory.support.AbstractAutowireCapableBeanFactory.initializeBean(AbstractAutowireCapableBeanFactory.java:1737)
	at org.springframework.beans.factory.support.AbstractAutowireCapableBeanFactory.doCreateBean(AbstractAutowireCapableBeanFactory.java:576)
	at org.springframework.beans.factory.support.AbstractAutowireCapableBeanFactory.createBean(AbstractAutowireCapableBeanFactory.java:498)
	at org.springframework.beans.factory.support.AbstractBeanFactory.lambda$doGetBean$0(AbstractBeanFactory.java:320)
	at org.springframework.beans.factory.support.DefaultSingletonBeanRegistry.getSingleton(DefaultSingletonBeanRegistry.java:222)
	at org.springframework.beans.factory.support.AbstractBeanFactory.doGetBean(AbstractBeanFactory.java:318)
	at org.springframework.beans.factory.support.AbstractBeanFactory.getBean(AbstractBeanFactory.java:199)
	at org.springframework.beans.factory.config.DependencyDescriptor.resolveCandidate(DependencyDescriptor.java:273)
	at org.springframework.beans.factory.support.DefaultListableBeanFactory.doResolveDependency(DefaultListableBeanFactory.java:1237)
	at org.springframework.beans.factory.support.DefaultListableBeanFactory.resolveDependency(DefaultListableBeanFactory.java:1164)
	at org.springframework.beans.factory.annotation.AutowiredAnnotationBeanPostProcessor$AutowiredFieldElement.inject(AutowiredAnnotationBeanPostProcessor.java:593)
	... 142 common frames omitted
Caused by: java.lang.RuntimeException: com.alibaba.nacos.api.exception.runtime.NacosRuntimeException: errCode: 500, errMsg: load schema.sql error. 
	at com.alibaba.nacos.config.server.service.datasource.DynamicDataSource.getDataSource(DynamicDataSource.java:58)
	at com.alibaba.nacos.config.server.service.repository.embedded.StandaloneDatabaseOperateImpl.init(StandaloneDatabaseOperateImpl.java:60)
	at java.base/jdk.internal.reflect.DirectMethodHandleAccessor.invoke(DirectMethodHandleAccessor.java:103)
	at java.base/java.lang.reflect.Method.invoke(Method.java:580)
	at org.springframework.beans.factory.annotation.InitDestroyAnnotationBeanPostProcessor$LifecycleElement.invoke(InitDestroyAnnotationBeanPostProcessor.java:363)
	at org.springframework.beans.factory.annotation.InitDestroyAnnotationBeanPostProcessor$LifecycleMetadata.invokeInitMethods(InitDestroyAnnotationBeanPostProcessor.java:307)
	at org.springframework.beans.factory.annotation.InitDestroyAnnotationBeanPostProcessor.postProcessBeforeInitialization(InitDestroyAnnotationBeanPostProcessor.java:136)
	... 154 common frames omitted
Caused by: com.alibaba.nacos.api.exception.runtime.NacosRuntimeException: errCode: 500, errMsg: load schema.sql error. 
	at com.alibaba.nacos.config.server.service.datasource.LocalDataSourceServiceImpl.reload(LocalDataSourceServiceImpl.java:101)
	at com.alibaba.nacos.config.server.service.datasource.LocalDataSourceServiceImpl.initialize(LocalDataSourceServiceImpl.java:170)
	at com.alibaba.nacos.config.server.service.datasource.LocalDataSourceServiceImpl.init(LocalDataSourceServiceImpl.java:83)
	at com.alibaba.nacos.config.server.service.datasource.DynamicDataSource.getDataSource(DynamicDataSource.java:47)
	... 160 common frames omitted
Caused by: java.sql.SQLException: Failed to start database '/workspaces/dafuhaozui/nacos/data/derby-data' with class loader org.springframework.boot.loader.LaunchedURLClassLoader@2cdf8d8a, see the next exception for details.
	at org.apache.derby.impl.jdbc.SQLExceptionFactory.getSQLException(Unknown Source)
	at org.apache.derby.impl.jdbc.SQLExceptionFactory.getSQLException(Unknown Source)
	at org.apache.derby.impl.jdbc.Util.seeNextException(Unknown Source)
	at org.apache.derby.impl.jdbc.EmbedConnection.bootDatabase(Unknown Source)
	at org.apache.derby.impl.jdbc.EmbedConnection.<init>(Unknown Source)
	at org.apache.derby.jdbc.InternalDriver$1.run(Unknown Source)
	at org.apache.derby.jdbc.InternalDriver$1.run(Unknown Source)
	at java.base/java.security.AccessController.doPrivileged(AccessController.java:571)
	at org.apache.derby.jdbc.InternalDriver.getNewEmbedConnection(Unknown Source)
	at org.apache.derby.jdbc.InternalDriver$LoginCallable.call(Unknown Source)
	at org.apache.derby.jdbc.InternalDriver$LoginCallable.call(Unknown Source)
	at java.base/java.util.concurrent.FutureTask.run(FutureTask.java:317)
	at java.base/java.util.concurrent.ThreadPoolExecutor.runWorker(ThreadPoolExecutor.java:1144)
	at java.base/java.util.concurrent.ThreadPoolExecutor$Worker.run(ThreadPoolExecutor.java:642)
	at java.base/java.lang.Thread.run(Thread.java:1583)
Caused by: org.apache.derby.iapi.error.StandardException: Failed to start database '/workspaces/dafuhaozui/nacos/data/derby-data' with class loader org.springframework.boot.loader.LaunchedURLClassLoader@2cdf8d8a, see the next exception for details.
	at org.apache.derby.iapi.error.StandardException.newException(Unknown Source)
	at org.apache.derby.impl.jdbc.SQLExceptionFactory.wrapArgsForTransportAcrossDRDA(Unknown Source)
	... 15 common frames omitted
Caused by: org.apache.derby.iapi.error.StandardException: Another instance of Derby may have already booted the database /workspaces/dafuhaozui/nacos/data/derby-data.
	at org.apache.derby.iapi.error.StandardException.newException(Unknown Source)
	at org.apache.derby.iapi.error.StandardException.newException(Unknown Source)
	at org.apache.derby.impl.store.raw.data.BaseDataFileFactory.privGetJBMSLockOnDB(Unknown Source)
	at org.apache.derby.impl.store.raw.data.BaseDataFileFactory.run(Unknown Source)
	at java.base/java.security.AccessController.doPrivileged(AccessController.java:571)
	at org.apache.derby.impl.store.raw.data.BaseDataFileFactory.getJBMSLockOnDB(Unknown Source)
	at org.apache.derby.impl.store.raw.data.BaseDataFileFactory.boot(Unknown Source)
	at org.apache.derby.impl.services.monitor.BaseMonitor.boot(Unknown Source)
	at org.apache.derby.impl.services.monitor.TopService.bootModule(Unknown Source)
	at org.apache.derby.impl.services.monitor.BaseMonitor.startModule(Unknown Source)
	at org.apache.derby.impl.services.monitor.FileMonitor.startModule(Unknown Source)
	at org.apache.derby.iapi.services.monitor.Monitor.bootServiceModule(Unknown Source)
	at org.apache.derby.impl.store.raw.RawStore$6.run(Unknown Source)
	at java.base/java.security.AccessController.doPrivileged(AccessController.java:571)
	at org.apache.derby.impl.store.raw.RawStore.bootServiceModule(Unknown Source)
	at org.apache.derby.impl.store.raw.RawStore.boot(Unknown Source)
	at org.apache.derby.impl.services.monitor.BaseMonitor.boot(Unknown Source)
	at org.apache.derby.impl.services.monitor.TopService.bootModule(Unknown Source)
	at org.apache.derby.impl.services.monitor.BaseMonitor.startModule(Unknown Source)
	at org.apache.derby.impl.services.monitor.FileMonitor.startModule(Unknown Source)
	at org.apache.derby.iapi.services.monitor.Monitor.bootServiceModule(Unknown Source)
	at org.apache.derby.impl.store.access.RAMAccessManager$5.run(Unknown Source)
	at java.base/java.security.AccessController.doPrivileged(AccessController.java:571)
	at org.apache.derby.impl.store.access.RAMAccessManager.bootServiceModule(Unknown Source)
	at org.apache.derby.impl.store.access.RAMAccessManager.boot(Unknown Source)
	at org.apache.derby.impl.services.monitor.BaseMonitor.boot(Unknown Source)
	at org.apache.derby.impl.services.monitor.TopService.bootModule(Unknown Source)
	at org.apache.derby.impl.services.monitor.BaseMonitor.startModule(Unknown Source)
	at org.apache.derby.impl.services.monitor.FileMonitor.startModule(Unknown Source)
	at org.apache.derby.iapi.services.monitor.Monitor.bootServiceModule(Unknown Source)
	at org.apache.derby.impl.db.BasicDatabase$5.run(Unknown Source)
	at java.base/java.security.AccessController.doPrivileged(AccessController.java:571)
	at org.apache.derby.impl.db.BasicDatabase.bootServiceModule(Unknown Source)
	at org.apache.derby.impl.db.BasicDatabase.bootStore(Unknown Source)
	at org.apache.derby.impl.db.BasicDatabase.boot(Unknown Source)
	at org.apache.derby.impl.services.monitor.BaseMonitor.boot(Unknown Source)
	at org.apache.derby.impl.services.monitor.TopService.bootModule(Unknown Source)
	at org.apache.derby.impl.services.monitor.BaseMonitor.bootService(Unknown Source)
	at org.apache.derby.impl.services.monitor.BaseMonitor.startProviderService(Unknown Source)
	at org.apache.derby.impl.services.monitor.BaseMonitor.findProviderAndStartService(Unknown Source)
	at org.apache.derby.impl.services.monitor.BaseMonitor.startPersistentService(Unknown Source)
	at org.apache.derby.iapi.services.monitor.Monitor.startPersistentService(Unknown Source)
	at org.apache.derby.impl.jdbc.EmbedConnection$4.run(Unknown Source)
	at org.apache.derby.impl.jdbc.EmbedConnection$4.run(Unknown Source)
	at java.base/java.security.AccessController.doPrivileged(AccessController.java:571)
	at org.apache.derby.impl.jdbc.EmbedConnection.startPersistentService(Unknown Source)
	... 12 common frames omitted
2025-11-09 19:03:50,975 WARN [HttpClientManager] Start destroying HttpClient

2025-11-09 19:03:50,976 WARN [HttpClientManager] Destruction of the end

2025-11-09 19:03:53,978 WARN [WatchFileCenter] start close

2025-11-09 19:03:53,979 WARN [WatchFileCenter] already closed

2025-11-09 19:03:53,979 WARN [NotifyCenter] Start destroying Publisher

2025-11-09 19:03:53,979 WARN [NotifyCenter] Destruction of the end

2025-11-09 19:03:53,979 ERROR Nacos failed to start, please see /workspaces/dafuhaozui/nacos/logs/nacos.log for more details.

2025-11-09 19:03:53,990 INFO 

Error starting ApplicationContext. To display the conditions report re-run your application with 'debug' enabled.

2025-11-09 19:03:53,992 ERROR Application run failed

org.springframework.context.ApplicationContextException: Unable to start web server; nested exception is org.springframework.boot.web.server.WebServerException: Unable to start embedded Tomcat
	at org.springframework.boot.web.servlet.context.ServletWebServerApplicationContext.onRefresh(ServletWebServerApplicationContext.java:157)
	at org.springframework.context.support.AbstractApplicationContext.refresh(AbstractApplicationContext.java:540)
	at org.springframework.boot.web.servlet.context.ServletWebServerApplicationContext.refresh(ServletWebServerApplicationContext.java:142)
	at org.springframework.boot.SpringApplication.refresh(SpringApplication.java:775)
	at org.springframework.boot.SpringApplication.refreshContext(SpringApplication.java:397)
	at org.springframework.boot.SpringApplication.run(SpringApplication.java:316)
	at org.springframework.boot.SpringApplication.run(SpringApplication.java:1260)
	at org.springframework.boot.SpringApplication.run(SpringApplication.java:1248)
	at com.alibaba.nacos.Nacos.main(Nacos.java:35)
	at java.base/jdk.internal.reflect.DirectMethodHandleAccessor.invoke(DirectMethodHandleAccessor.java:103)
	at java.base/java.lang.reflect.Method.invoke(Method.java:580)
	at org.springframework.boot.loader.MainMethodRunner.run(MainMethodRunner.java:49)
	at org.springframework.boot.loader.Launcher.launch(Launcher.java:109)
	at org.springframework.boot.loader.Launcher.launch(Launcher.java:58)
	at org.springframework.boot.loader.PropertiesLauncher.main(PropertiesLauncher.java:466)
Caused by: org.springframework.boot.web.server.WebServerException: Unable to start embedded Tomcat
	at org.springframework.boot.web.embedded.tomcat.TomcatWebServer.initialize(TomcatWebServer.java:125)
	at org.springframework.boot.web.embedded.tomcat.TomcatWebServer.<init>(TomcatWebServer.java:86)
	at org.springframework.boot.web.embedded.tomcat.TomcatServletWebServerFactory.getTomcatWebServer(TomcatServletWebServerFactory.java:414)
	at org.springframework.boot.web.embedded.tomcat.TomcatServletWebServerFactory.getWebServer(TomcatServletWebServerFactory.java:174)
	at org.springframework.boot.web.servlet.context.ServletWebServerApplicationContext.createWebServer(ServletWebServerApplicationContext.java:181)
	at org.springframework.boot.web.servlet.context.ServletWebServerApplicationContext.onRefresh(ServletWebServerApplicationContext.java:154)
	... 14 common frames omitted
Caused by: org.springframework.beans.factory.BeanCreationException: Error creating bean with name 'authFilterRegistration' defined in class path resource [com/alibaba/nacos/core/auth/AuthConfigs.class]: Bean instantiation via factory method failed; nested exception is org.springframework.beans.BeanInstantiationException: Failed to instantiate [org.springframework.boot.web.servlet.FilterRegistrationBean]: Factory method 'authFilterRegistration' threw exception; nested exception is org.springframework.beans.factory.UnsatisfiedDependencyException: Error creating bean with name 'authFilter': Unsatisfied dependency expressed through field 'authManager'; nested exception is org.springframework.beans.factory.UnsatisfiedDependencyException: Error creating bean with name 'nacosAuthManager': Unsatisfied dependency expressed through field 'authenticationManager'; nested exception is org.springframework.beans.factory.UnsatisfiedDependencyException: Error creating bean with name 'nacosAuthConfig': Unsatisfied dependency expressed through field 'userDetailsService'; nested exception is org.springframework.beans.factory.UnsatisfiedDependencyException: Error creating bean with name 'nacosUserDetailsServiceImpl': Unsatisfied dependency expressed through field 'userPersistService'; nested exception is org.springframework.beans.factory.UnsatisfiedDependencyException: Error creating bean with name 'embeddedUserPersistServiceImpl': Unsatisfied dependency expressed through field 'databaseOperate'; nested exception is org.springframework.beans.factory.BeanCreationException: Error creating bean with name 'standaloneDatabaseOperateImpl': Invocation of init method failed; nested exception is java.lang.RuntimeException: com.alibaba.nacos.api.exception.runtime.NacosRuntimeException: errCode: 500, errMsg: load schema.sql error. 
	at org.springframework.beans.factory.support.ConstructorResolver.instantiate(ConstructorResolver.java:627)
	at org.springframework.beans.factory.support.ConstructorResolver.instantiateUsingFactoryMethod(ConstructorResolver.java:456)
	at org.springframework.beans.factory.support.AbstractAutowireCapableBeanFactory.instantiateUsingFactoryMethod(AbstractAutowireCapableBeanFactory.java:1288)
	at org.springframework.beans.factory.support.AbstractAutowireCapableBeanFactory.createBeanInstance(AbstractAutowireCapableBeanFactory.java:1127)
	at org.springframework.beans.factory.support.AbstractAutowireCapableBeanFactory.doCreateBean(AbstractAutowireCapableBeanFactory.java:538)
	at org.springframework.beans.factory.support.AbstractAutowireCapableBeanFactory.createBean(AbstractAutowireCapableBeanFactory.java:498)
	at org.springframework.beans.factory.support.AbstractBeanFactory.lambda$doGetBean$0(AbstractBeanFactory.java:320)
	at org.springframework.beans.factory.support.DefaultSingletonBeanRegistry.getSingleton(DefaultSingletonBeanRegistry.java:222)
	at org.springframework.beans.factory.support.AbstractBeanFactory.doGetBean(AbstractBeanFactory.java:318)
	at org.springframework.beans.factory.support.AbstractBeanFactory.getBean(AbstractBeanFactory.java:204)
	at org.springframework.boot.web.servlet.ServletContextInitializerBeans.getOrderedBeansOfType(ServletContextInitializerBeans.java:235)
	at org.springframework.boot.web.servlet.ServletContextInitializerBeans.getOrderedBeansOfType(ServletContextInitializerBeans.java:226)
	at org.springframework.boot.web.servlet.ServletContextInitializerBeans.addServletContextInitializerBeans(ServletContextInitializerBeans.java:101)
	at org.springframework.boot.web.servlet.ServletContextInitializerBeans.<init>(ServletContextInitializerBeans.java:88)
	at org.springframework.boot.web.servlet.context.ServletWebServerApplicationContext.getServletContextInitializerBeans(ServletWebServerApplicationContext.java:261)
	at org.springframework.boot.web.servlet.context.ServletWebServerApplicationContext.selfInitialize(ServletWebServerApplicationContext.java:234)
	at org.springframework.boot.web.embedded.tomcat.TomcatStarter.onStartup(TomcatStarter.java:54)
	at org.apache.catalina.core.StandardContext.startInternal(StandardContext.java:5098)
	at org.apache.catalina.util.LifecycleBase.start(LifecycleBase.java:183)
	at org.apache.catalina.core.ContainerBase$StartChild.call(ContainerBase.java:1432)
	at org.apache.catalina.core.ContainerBase$StartChild.call(ContainerBase.java:1422)
	at java.base/java.util.concurrent.FutureTask.run(FutureTask.java:317)
	at org.apache.tomcat.util.threads.InlineExecutorService.execute(InlineExecutorService.java:75)
	at java.base/java.util.concurrent.AbstractExecutorService.submit(AbstractExecutorService.java:145)
	at org.apache.catalina.core.ContainerBase.startInternal(ContainerBase.java:944)
	at org.apache.catalina.core.StandardHost.startInternal(StandardHost.java:831)
	at org.apache.catalina.util.LifecycleBase.start(LifecycleBase.java:183)
	at org.apache.catalina.core.ContainerBase$StartChild.call(ContainerBase.java:1432)
	at org.apache.catalina.core.ContainerBase$StartChild.call(ContainerBase.java:1422)
	at java.base/java.util.concurrent.FutureTask.run(FutureTask.java:317)
	at org.apache.tomcat.util.threads.InlineExecutorService.execute(InlineExecutorService.java:75)
	at java.base/java.util.concurrent.AbstractExecutorService.submit(AbstractExecutorService.java:145)
	at org.apache.catalina.core.ContainerBase.startInternal(ContainerBase.java:944)
	at org.apache.catalina.core.StandardEngine.startInternal(StandardEngine.java:261)
	at org.apache.catalina.util.LifecycleBase.start(LifecycleBase.java:183)
	at org.apache.catalina.core.StandardService.startInternal(StandardService.java:422)
	at org.apache.catalina.util.LifecycleBase.start(LifecycleBase.java:183)
	at org.apache.catalina.core.StandardServer.startInternal(StandardServer.java:801)
	at org.apache.catalina.util.LifecycleBase.start(LifecycleBase.java:183)
	at org.apache.catalina.startup.Tomcat.start(Tomcat.java:372)
	at org.springframework.boot.web.embedded.tomcat.TomcatWebServer.initialize(TomcatWebServer.java:106)
	... 19 common frames omitted
Caused by: org.springframework.beans.BeanInstantiationException: Failed to instantiate [org.springframework.boot.web.servlet.FilterRegistrationBean]: Factory method 'authFilterRegistration' threw exception; nested exception is org.springframework.beans.factory.UnsatisfiedDependencyException: Error creating bean with name 'authFilter': Unsatisfied dependency expressed through field 'authManager'; nested exception is org.springframework.beans.factory.UnsatisfiedDependencyException: Error creating bean with name 'nacosAuthManager': Unsatisfied dependency expressed through field 'authenticationManager'; nested exception is org.springframework.beans.factory.UnsatisfiedDependencyException: Error creating bean with name 'nacosAuthConfig': Unsatisfied dependency expressed through field 'userDetailsService'; nested exception is org.springframework.beans.factory.UnsatisfiedDependencyException: Error creating bean with name 'nacosUserDetailsServiceImpl': Unsatisfied dependency expressed through field 'userPersistService'; nested exception is org.springframework.beans.factory.UnsatisfiedDependencyException: Error creating bean with name 'embeddedUserPersistServiceImpl': Unsatisfied dependency expressed through field 'databaseOperate'; nested exception is org.springframework.beans.factory.BeanCreationException: Error creating bean with name 'standaloneDatabaseOperateImpl': Invocation of init method failed; nested exception is java.lang.RuntimeException: com.alibaba.nacos.api.exception.runtime.NacosRuntimeException: errCode: 500, errMsg: load schema.sql error. 
	at org.springframework.beans.factory.support.SimpleInstantiationStrategy.instantiate(SimpleInstantiationStrategy.java:185)
	at org.springframework.beans.factory.support.ConstructorResolver.instantiate(ConstructorResolver.java:622)
	... 59 common frames omitted
Caused by: org.springframework.beans.factory.UnsatisfiedDependencyException: Error creating bean with name 'authFilter': Unsatisfied dependency expressed through field 'authManager'; nested exception is org.springframework.beans.factory.UnsatisfiedDependencyException: Error creating bean with name 'nacosAuthManager': Unsatisfied dependency expressed through field 'authenticationManager'; nested exception is org.springframework.beans.factory.UnsatisfiedDependencyException: Error creating bean with name 'nacosAuthConfig': Unsatisfied dependency expressed through field 'userDetailsService'; nested exception is org.springframework.beans.factory.UnsatisfiedDependencyException: Error creating bean with name 'nacosUserDetailsServiceImpl': Unsatisfied dependency expressed through field 'userPersistService'; nested exception is org.springframework.beans.factory.UnsatisfiedDependencyException: Error creating bean with name 'embeddedUserPersistServiceImpl': Unsatisfied dependency expressed through field 'databaseOperate'; nested exception is org.springframework.beans.factory.BeanCreationException: Error creating bean with name 'standaloneDatabaseOperateImpl': Invocation of init method failed; nested exception is java.lang.RuntimeException: com.alibaba.nacos.api.exception.runtime.NacosRuntimeException: errCode: 500, errMsg: load schema.sql error. 
	at org.springframework.beans.factory.annotation.AutowiredAnnotationBeanPostProcessor$AutowiredFieldElement.inject(AutowiredAnnotationBeanPostProcessor.java:596)
	at org.springframework.beans.factory.annotation.InjectionMetadata.inject(InjectionMetadata.java:90)
	at org.springframework.beans.factory.annotation.AutowiredAnnotationBeanPostProcessor.postProcessProperties(AutowiredAnnotationBeanPostProcessor.java:374)
	at org.springframework.beans.factory.support.AbstractAutowireCapableBeanFactory.populateBean(AbstractAutowireCapableBeanFactory.java:1378)
	at org.springframework.beans.factory.support.AbstractAutowireCapableBeanFactory.doCreateBean(AbstractAutowireCapableBeanFactory.java:575)
	at org.springframework.beans.factory.support.AbstractAutowireCapableBeanFactory.createBean(AbstractAutowireCapableBeanFactory.java:498)
	at org.springframework.beans.factory.support.AbstractBeanFactory.lambda$doGetBean$0(AbstractBeanFactory.java:320)
	at org.springframework.beans.factory.support.DefaultSingletonBeanRegistry.getSingleton(DefaultSingletonBeanRegistry.java:222)
	at org.springframework.beans.factory.support.AbstractBeanFactory.doGetBean(AbstractBeanFactory.java:318)
	at org.springframework.beans.factory.support.AbstractBeanFactory.getBean(AbstractBeanFactory.java:199)
	at org.springframework.context.annotation.ConfigurationClassEnhancer$BeanMethodInterceptor.resolveBeanReference(ConfigurationClassEnhancer.java:394)
	at org.springframework.context.annotation.ConfigurationClassEnhancer$BeanMethodInterceptor.intercept(ConfigurationClassEnhancer.java:366)
	at com.alibaba.nacos.core.auth.AuthConfigs$$EnhancerBySpringCGLIB$$70a55241.authFilter(<generated>)
	at com.alibaba.nacos.core.auth.AuthConfigs.authFilterRegistration(AuthConfigs.java:114)
	at com.alibaba.nacos.core.auth.AuthConfigs$$EnhancerBySpringCGLIB$$70a55241.CGLIB$authFilterRegistration$4(<generated>)
	at com.alibaba.nacos.core.auth.AuthConfigs$$EnhancerBySpringCGLIB$$70a55241$$FastClassBySpringCGLIB$$75846a87.invoke(<generated>)
	at org.springframework.cglib.proxy.MethodProxy.invokeSuper(MethodProxy.java:244)
	at org.springframework.context.annotation.ConfigurationClassEnhancer$BeanMethodInterceptor.intercept(ConfigurationClassEnhancer.java:363)
	at com.alibaba.nacos.core.auth.AuthConfigs$$EnhancerBySpringCGLIB$$70a55241.authFilterRegistration(<generated>)
	at java.base/jdk.internal.reflect.DirectMethodHandleAccessor.invoke(DirectMethodHandleAccessor.java:103)
	at java.base/java.lang.reflect.Method.invoke(Method.java:580)
	at org.springframework.beans.factory.support.SimpleInstantiationStrategy.instantiate(SimpleInstantiationStrategy.java:154)
	... 60 common frames omitted
Caused by: org.springframework.beans.factory.UnsatisfiedDependencyException: Error creating bean with name 'nacosAuthManager': Unsatisfied dependency expressed through field 'authenticationManager'; nested exception is org.springframework.beans.factory.UnsatisfiedDependencyException: Error creating bean with name 'nacosAuthConfig': Unsatisfied dependency expressed through field 'userDetailsService'; nested exception is org.springframework.beans.factory.UnsatisfiedDependencyException: Error creating bean with name 'nacosUserDetailsServiceImpl': Unsatisfied dependency expressed through field 'userPersistService'; nested exception is org.springframework.beans.factory.UnsatisfiedDependencyException: Error creating bean with name 'embeddedUserPersistServiceImpl': Unsatisfied dependency expressed through field 'databaseOperate'; nested exception is org.springframework.beans.factory.BeanCreationException: Error creating bean with name 'standaloneDatabaseOperateImpl': Invocation of init method failed; nested exception is java.lang.RuntimeException: com.alibaba.nacos.api.exception.runtime.NacosRuntimeException: errCode: 500, errMsg: load schema.sql error. 
	at org.springframework.beans.factory.annotation.AutowiredAnnotationBeanPostProcessor$AutowiredFieldElement.inject(AutowiredAnnotationBeanPostProcessor.java:596)
	at org.springframework.beans.factory.annotation.InjectionMetadata.inject(InjectionMetadata.java:90)
	at org.springframework.beans.factory.annotation.AutowiredAnnotationBeanPostProcessor.postProcessProperties(AutowiredAnnotationBeanPostProcessor.java:374)
	at org.springframework.beans.factory.support.AbstractAutowireCapableBeanFactory.populateBean(AbstractAutowireCapableBeanFactory.java:1378)
	at org.springframework.beans.factory.support.AbstractAutowireCapableBeanFactory.doCreateBean(AbstractAutowireCapableBeanFactory.java:575)
	at org.springframework.beans.factory.support.AbstractAutowireCapableBeanFactory.createBean(AbstractAutowireCapableBeanFactory.java:498)
	at org.springframework.beans.factory.support.AbstractBeanFactory.lambda$doGetBean$0(AbstractBeanFactory.java:320)
	at org.springframework.beans.factory.support.DefaultSingletonBeanRegistry.getSingleton(DefaultSingletonBeanRegistry.java:222)
	at org.springframework.beans.factory.support.AbstractBeanFactory.doGetBean(AbstractBeanFactory.java:318)
	at org.springframework.beans.factory.support.AbstractBeanFactory.getBean(AbstractBeanFactory.java:199)
	at org.springframework.beans.factory.config.DependencyDescriptor.resolveCandidate(DependencyDescriptor.java:273)
	at org.springframework.beans.factory.support.DefaultListableBeanFactory.doResolveDependency(DefaultListableBeanFactory.java:1237)
	at org.springframework.beans.factory.support.DefaultListableBeanFactory.resolveDependency(DefaultListableBeanFactory.java:1164)
	at org.springframework.beans.factory.annotation.AutowiredAnnotationBeanPostProcessor$AutowiredFieldElement.inject(AutowiredAnnotationBeanPostProcessor.java:593)
	... 81 common frames omitted
Caused by: org.springframework.beans.factory.UnsatisfiedDependencyException: Error creating bean with name 'nacosAuthConfig': Unsatisfied dependency expressed through field 'userDetailsService'; nested exception is org.springframework.beans.factory.UnsatisfiedDependencyException: Error creating bean with name 'nacosUserDetailsServiceImpl': Unsatisfied dependency expressed through field 'userPersistService'; nested exception is org.springframework.beans.factory.UnsatisfiedDependencyException: Error creating bean with name 'embeddedUserPersistServiceImpl': Unsatisfied dependency expressed through field 'databaseOperate'; nested exception is org.springframework.beans.factory.BeanCreationException: Error creating bean with name 'standaloneDatabaseOperateImpl': Invocation of init method failed; nested exception is java.lang.RuntimeException: com.alibaba.nacos.api.exception.runtime.NacosRuntimeException: errCode: 500, errMsg: load schema.sql error. 
	at org.springframework.beans.factory.annotation.AutowiredAnnotationBeanPostProcessor$AutowiredFieldElement.inject(AutowiredAnnotationBeanPostProcessor.java:596)
	at org.springframework.beans.factory.annotation.InjectionMetadata.inject(InjectionMetadata.java:90)
	at org.springframework.beans.factory.annotation.AutowiredAnnotationBeanPostProcessor.postProcessProperties(AutowiredAnnotationBeanPostProcessor.java:374)
	at org.springframework.beans.factory.support.AbstractAutowireCapableBeanFactory.populateBean(AbstractAutowireCapableBeanFactory.java:1378)
	at org.springframework.beans.factory.support.AbstractAutowireCapableBeanFactory.doCreateBean(AbstractAutowireCapableBeanFactory.java:575)
	at org.springframework.beans.factory.support.AbstractAutowireCapableBeanFactory.createBean(AbstractAutowireCapableBeanFactory.java:498)
	at org.springframework.beans.factory.support.AbstractBeanFactory.lambda$doGetBean$0(AbstractBeanFactory.java:320)
	at org.springframework.beans.factory.support.DefaultSingletonBeanRegistry.getSingleton(DefaultSingletonBeanRegistry.java:222)
	at org.springframework.beans.factory.support.AbstractBeanFactory.doGetBean(AbstractBeanFactory.java:318)
	at org.springframework.beans.factory.support.AbstractBeanFactory.getBean(AbstractBeanFactory.java:199)
	at org.springframework.beans.factory.support.ConstructorResolver.instantiateUsingFactoryMethod(ConstructorResolver.java:392)
	at org.springframework.beans.factory.support.AbstractAutowireCapableBeanFactory.instantiateUsingFactoryMethod(AbstractAutowireCapableBeanFactory.java:1288)
	at org.springframework.beans.factory.support.AbstractAutowireCapableBeanFactory.createBeanInstance(AbstractAutowireCapableBeanFactory.java:1127)
	at org.springframework.beans.factory.support.AbstractAutowireCapableBeanFactory.doCreateBean(AbstractAutowireCapableBeanFactory.java:538)
	at org.springframework.beans.factory.support.AbstractAutowireCapableBeanFactory.createBean(AbstractAutowireCapableBeanFactory.java:498)
	at org.springframework.beans.factory.support.AbstractBeanFactory.lambda$doGetBean$0(AbstractBeanFactory.java:320)
	at org.springframework.beans.factory.support.DefaultSingletonBeanRegistry.getSingleton(DefaultSingletonBeanRegistry.java:222)
	at org.springframework.beans.factory.support.AbstractBeanFactory.doGetBean(AbstractBeanFactory.java:318)
	at org.springframework.beans.factory.support.AbstractBeanFactory.getBean(AbstractBeanFactory.java:199)
	at org.springframework.beans.factory.config.DependencyDescriptor.resolveCandidate(DependencyDescriptor.java:273)
	at org.springframework.beans.factory.support.DefaultListableBeanFactory.doResolveDependency(DefaultListableBeanFactory.java:1237)
	at org.springframework.beans.factory.support.DefaultListableBeanFactory.resolveDependency(DefaultListableBeanFactory.java:1164)
	at org.springframework.beans.factory.annotation.AutowiredAnnotationBeanPostProcessor$AutowiredFieldElement.inject(AutowiredAnnotationBeanPostProcessor.java:593)
	... 94 common frames omitted
Caused by: org.springframework.beans.factory.UnsatisfiedDependencyException: Error creating bean with name 'nacosUserDetailsServiceImpl': Unsatisfied dependency expressed through field 'userPersistService'; nested exception is org.springframework.beans.factory.UnsatisfiedDependencyException: Error creating bean with name 'embeddedUserPersistServiceImpl': Unsatisfied dependency expressed through field 'databaseOperate'; nested exception is org.springframework.beans.factory.BeanCreationException: Error creating bean with name 'standaloneDatabaseOperateImpl': Invocation of init method failed; nested exception is java.lang.RuntimeException: com.alibaba.nacos.api.exception.runtime.NacosRuntimeException: errCode: 500, errMsg: load schema.sql error. 
	at org.springframework.beans.factory.annotation.AutowiredAnnotationBeanPostProcessor$AutowiredFieldElement.inject(AutowiredAnnotationBeanPostProcessor.java:596)
	at org.springframework.beans.factory.annotation.InjectionMetadata.inject(InjectionMetadata.java:90)
	at org.springframework.beans.factory.annotation.AutowiredAnnotationBeanPostProcessor.postProcessProperties(AutowiredAnnotationBeanPostProcessor.java:374)
	at org.springframework.beans.factory.support.AbstractAutowireCapableBeanFactory.populateBean(AbstractAutowireCapableBeanFactory.java:1378)
	at org.springframework.beans.factory.support.AbstractAutowireCapableBeanFactory.doCreateBean(AbstractAutowireCapableBeanFactory.java:575)
	at org.springframework.beans.factory.support.AbstractAutowireCapableBeanFactory.createBean(AbstractAutowireCapableBeanFactory.java:498)
	at org.springframework.beans.factory.support.AbstractBeanFactory.lambda$doGetBean$0(AbstractBeanFactory.java:320)
	at org.springframework.beans.factory.support.DefaultSingletonBeanRegistry.getSingleton(DefaultSingletonBeanRegistry.java:222)
	at org.springframework.beans.factory.support.AbstractBeanFactory.doGetBean(AbstractBeanFactory.java:318)
	at org.springframework.beans.factory.support.AbstractBeanFactory.getBean(AbstractBeanFactory.java:199)
	at org.springframework.beans.factory.config.DependencyDescriptor.resolveCandidate(DependencyDescriptor.java:273)
	at org.springframework.beans.factory.support.DefaultListableBeanFactory.doResolveDependency(DefaultListableBeanFactory.java:1237)
	at org.springframework.beans.factory.support.DefaultListableBeanFactory.resolveDependency(DefaultListableBeanFactory.java:1164)
	at org.springframework.beans.factory.annotation.AutowiredAnnotationBeanPostProcessor$AutowiredFieldElement.inject(AutowiredAnnotationBeanPostProcessor.java:593)
	... 116 common frames omitted
Caused by: org.springframework.beans.factory.UnsatisfiedDependencyException: Error creating bean with name 'embeddedUserPersistServiceImpl': Unsatisfied dependency expressed through field 'databaseOperate'; nested exception is org.springframework.beans.factory.BeanCreationException: Error creating bean with name 'standaloneDatabaseOperateImpl': Invocation of init method failed; nested exception is java.lang.RuntimeException: com.alibaba.nacos.api.exception.runtime.NacosRuntimeException: errCode: 500, errMsg: load schema.sql error. 
	at org.springframework.beans.factory.annotation.AutowiredAnnotationBeanPostProcessor$AutowiredFieldElement.inject(AutowiredAnnotationBeanPostProcessor.java:596)
	at org.springframework.beans.factory.annotation.InjectionMetadata.inject(InjectionMetadata.java:90)
	at org.springframework.beans.factory.annotation.AutowiredAnnotationBeanPostProcessor.postProcessProperties(AutowiredAnnotationBeanPostProcessor.java:374)
	at org.springframework.beans.factory.support.AbstractAutowireCapableBeanFactory.populateBean(AbstractAutowireCapableBeanFactory.java:1378)
	at org.springframework.beans.factory.support.AbstractAutowireCapableBeanFactory.doCreateBean(AbstractAutowireCapableBeanFactory.java:575)
	at org.springframework.beans.factory.support.AbstractAutowireCapableBeanFactory.createBean(AbstractAutowireCapableBeanFactory.java:498)
	at org.springframework.beans.factory.support.AbstractBeanFactory.lambda$doGetBean$0(AbstractBeanFactory.java:320)
	at org.springframework.beans.factory.support.DefaultSingletonBeanRegistry.getSingleton(DefaultSingletonBeanRegistry.java:222)
	at org.springframework.beans.factory.support.AbstractBeanFactory.doGetBean(AbstractBeanFactory.java:318)
	at org.springframework.beans.factory.support.AbstractBeanFactory.getBean(AbstractBeanFactory.java:199)
	at org.springframework.beans.factory.config.DependencyDescriptor.resolveCandidate(DependencyDescriptor.java:273)
	at org.springframework.beans.factory.support.DefaultListableBeanFactory.doResolveDependency(DefaultListableBeanFactory.java:1237)
	at org.springframework.beans.factory.support.DefaultListableBeanFactory.resolveDependency(DefaultListableBeanFactory.java:1164)
	at org.springframework.beans.factory.annotation.AutowiredAnnotationBeanPostProcessor$AutowiredFieldElement.inject(AutowiredAnnotationBeanPostProcessor.java:593)
	... 129 common frames omitted
Caused by: org.springframework.beans.factory.BeanCreationException: Error creating bean with name 'standaloneDatabaseOperateImpl': Invocation of init method failed; nested exception is java.lang.RuntimeException: com.alibaba.nacos.api.exception.runtime.NacosRuntimeException: errCode: 500, errMsg: load schema.sql error. 
	at org.springframework.beans.factory.annotation.InitDestroyAnnotationBeanPostProcessor.postProcessBeforeInitialization(InitDestroyAnnotationBeanPostProcessor.java:139)
	at org.springframework.beans.factory.support.AbstractAutowireCapableBeanFactory.applyBeanPostProcessorsBeforeInitialization(AbstractAutowireCapableBeanFactory.java:419)
	at org.springframework.beans.factory.support.AbstractAutowireCapableBeanFactory.initializeBean(AbstractAutowireCapableBeanFactory.java:1737)
	at org.springframework.beans.factory.support.AbstractAutowireCapableBeanFactory.doCreateBean(AbstractAutowireCapableBeanFactory.java:576)
	at org.springframework.beans.factory.support.AbstractAutowireCapableBeanFactory.createBean(AbstractAutowireCapableBeanFactory.java:498)
	at org.springframework.beans.factory.support.AbstractBeanFactory.lambda$doGetBean$0(AbstractBeanFactory.java:320)
	at org.springframework.beans.factory.support.DefaultSingletonBeanRegistry.getSingleton(DefaultSingletonBeanRegistry.java:222)
	at org.springframework.beans.factory.support.AbstractBeanFactory.doGetBean(AbstractBeanFactory.java:318)
	at org.springframework.beans.factory.support.AbstractBeanFactory.getBean(AbstractBeanFactory.java:199)
	at org.springframework.beans.factory.config.DependencyDescriptor.resolveCandidate(DependencyDescriptor.java:273)
	at org.springframework.beans.factory.support.DefaultListableBeanFactory.doResolveDependency(DefaultListableBeanFactory.java:1237)
	at org.springframework.beans.factory.support.DefaultListableBeanFactory.resolveDependency(DefaultListableBeanFactory.java:1164)
	at org.springframework.beans.factory.annotation.AutowiredAnnotationBeanPostProcessor$AutowiredFieldElement.inject(AutowiredAnnotationBeanPostProcessor.java:593)
	... 142 common frames omitted
Caused by: java.lang.RuntimeException: com.alibaba.nacos.api.exception.runtime.NacosRuntimeException: errCode: 500, errMsg: load schema.sql error. 
	at com.alibaba.nacos.config.server.service.datasource.DynamicDataSource.getDataSource(DynamicDataSource.java:58)
	at com.alibaba.nacos.config.server.service.repository.embedded.StandaloneDatabaseOperateImpl.init(StandaloneDatabaseOperateImpl.java:60)
	at java.base/jdk.internal.reflect.DirectMethodHandleAccessor.invoke(DirectMethodHandleAccessor.java:103)
	at java.base/java.lang.reflect.Method.invoke(Method.java:580)
	at org.springframework.beans.factory.annotation.InitDestroyAnnotationBeanPostProcessor$LifecycleElement.invoke(InitDestroyAnnotationBeanPostProcessor.java:363)
	at org.springframework.beans.factory.annotation.InitDestroyAnnotationBeanPostProcessor$LifecycleMetadata.invokeInitMethods(InitDestroyAnnotationBeanPostProcessor.java:307)
	at org.springframework.beans.factory.annotation.InitDestroyAnnotationBeanPostProcessor.postProcessBeforeInitialization(InitDestroyAnnotationBeanPostProcessor.java:136)
	... 154 common frames omitted
Caused by: com.alibaba.nacos.api.exception.runtime.NacosRuntimeException: errCode: 500, errMsg: load schema.sql error. 
	at com.alibaba.nacos.config.server.service.datasource.LocalDataSourceServiceImpl.reload(LocalDataSourceServiceImpl.java:101)
	at com.alibaba.nacos.config.server.service.datasource.LocalDataSourceServiceImpl.initialize(LocalDataSourceServiceImpl.java:170)
	at com.alibaba.nacos.config.server.service.datasource.LocalDataSourceServiceImpl.init(LocalDataSourceServiceImpl.java:83)
	at com.alibaba.nacos.config.server.service.datasource.DynamicDataSource.getDataSource(DynamicDataSource.java:47)
	... 160 common frames omitted
Caused by: java.sql.SQLException: Failed to start database '/workspaces/dafuhaozui/nacos/data/derby-data' with class loader org.springframework.boot.loader.LaunchedURLClassLoader@2cdf8d8a, see the next exception for details.
	at org.apache.derby.impl.jdbc.SQLExceptionFactory.getSQLException(Unknown Source)
	at org.apache.derby.impl.jdbc.SQLExceptionFactory.getSQLException(Unknown Source)
	at org.apache.derby.impl.jdbc.Util.seeNextException(Unknown Source)
	at org.apache.derby.impl.jdbc.EmbedConnection.bootDatabase(Unknown Source)
	at org.apache.derby.impl.jdbc.EmbedConnection.<init>(Unknown Source)
	at org.apache.derby.jdbc.InternalDriver$1.run(Unknown Source)
	at org.apache.derby.jdbc.InternalDriver$1.run(Unknown Source)
	at java.base/java.security.AccessController.doPrivileged(AccessController.java:571)
	at org.apache.derby.jdbc.InternalDriver.getNewEmbedConnection(Unknown Source)
	at org.apache.derby.jdbc.InternalDriver$LoginCallable.call(Unknown Source)
	at org.apache.derby.jdbc.InternalDriver$LoginCallable.call(Unknown Source)
	at java.base/java.util.concurrent.FutureTask.run(FutureTask.java:317)
	at java.base/java.util.concurrent.ThreadPoolExecutor.runWorker(ThreadPoolExecutor.java:1144)
	at java.base/java.util.concurrent.ThreadPoolExecutor$Worker.run(ThreadPoolExecutor.java:642)
	at java.base/java.lang.Thread.run(Thread.java:1583)
Caused by: org.apache.derby.iapi.error.StandardException: Failed to start database '/workspaces/dafuhaozui/nacos/data/derby-data' with class loader org.springframework.boot.loader.LaunchedURLClassLoader@2cdf8d8a, see the next exception for details.
	at org.apache.derby.iapi.error.StandardException.newException(Unknown Source)
	at org.apache.derby.impl.jdbc.SQLExceptionFactory.wrapArgsForTransportAcrossDRDA(Unknown Source)
	... 15 common frames omitted
Caused by: org.apache.derby.iapi.error.StandardException: Another instance of Derby may have already booted the database /workspaces/dafuhaozui/nacos/data/derby-data.
	at org.apache.derby.iapi.error.StandardException.newException(Unknown Source)
	at org.apache.derby.iapi.error.StandardException.newException(Unknown Source)
	at org.apache.derby.impl.store.raw.data.BaseDataFileFactory.privGetJBMSLockOnDB(Unknown Source)
	at org.apache.derby.impl.store.raw.data.BaseDataFileFactory.run(Unknown Source)
	at java.base/java.security.AccessController.doPrivileged(AccessController.java:571)
	at org.apache.derby.impl.store.raw.data.BaseDataFileFactory.getJBMSLockOnDB(Unknown Source)
	at org.apache.derby.impl.store.raw.data.BaseDataFileFactory.boot(Unknown Source)
	at org.apache.derby.impl.services.monitor.BaseMonitor.boot(Unknown Source)
	at org.apache.derby.impl.services.monitor.TopService.bootModule(Unknown Source)
	at org.apache.derby.impl.services.monitor.BaseMonitor.startModule(Unknown Source)
	at org.apache.derby.impl.services.monitor.FileMonitor.startModule(Unknown Source)
	at org.apache.derby.iapi.services.monitor.Monitor.bootServiceModule(Unknown Source)
	at org.apache.derby.impl.store.raw.RawStore$6.run(Unknown Source)
	at java.base/java.security.AccessController.doPrivileged(AccessController.java:571)
	at org.apache.derby.impl.store.raw.RawStore.bootServiceModule(Unknown Source)
	at org.apache.derby.impl.store.raw.RawStore.boot(Unknown Source)
	at org.apache.derby.impl.services.monitor.BaseMonitor.boot(Unknown Source)
	at org.apache.derby.impl.services.monitor.TopService.bootModule(Unknown Source)
	at org.apache.derby.impl.services.monitor.BaseMonitor.startModule(Unknown Source)
	at org.apache.derby.impl.services.monitor.FileMonitor.startModule(Unknown Source)
	at org.apache.derby.iapi.services.monitor.Monitor.bootServiceModule(Unknown Source)
	at org.apache.derby.impl.store.access.RAMAccessManager$5.run(Unknown Source)
	at java.base/java.security.AccessController.doPrivileged(AccessController.java:571)
	at org.apache.derby.impl.store.access.RAMAccessManager.bootServiceModule(Unknown Source)
	at org.apache.derby.impl.store.access.RAMAccessManager.boot(Unknown Source)
	at org.apache.derby.impl.services.monitor.BaseMonitor.boot(Unknown Source)
	at org.apache.derby.impl.services.monitor.TopService.bootModule(Unknown Source)
	at org.apache.derby.impl.services.monitor.BaseMonitor.startModule(Unknown Source)
	at org.apache.derby.impl.services.monitor.FileMonitor.startModule(Unknown Source)
	at org.apache.derby.iapi.services.monitor.Monitor.bootServiceModule(Unknown Source)
	at org.apache.derby.impl.db.BasicDatabase$5.run(Unknown Source)
	at java.base/java.security.AccessController.doPrivileged(AccessController.java:571)
	at org.apache.derby.impl.db.BasicDatabase.bootServiceModule(Unknown Source)
	at org.apache.derby.impl.db.BasicDatabase.bootStore(Unknown Source)
	at org.apache.derby.impl.db.BasicDatabase.boot(Unknown Source)
	at org.apache.derby.impl.services.monitor.BaseMonitor.boot(Unknown Source)
	at org.apache.derby.impl.services.monitor.TopService.bootModule(Unknown Source)
	at org.apache.derby.impl.services.monitor.BaseMonitor.bootService(Unknown Source)
	at org.apache.derby.impl.services.monitor.BaseMonitor.startProviderService(Unknown Source)
	at org.apache.derby.impl.services.monitor.BaseMonitor.findProviderAndStartService(Unknown Source)
	at org.apache.derby.impl.services.monitor.BaseMonitor.startPersistentService(Unknown Source)
	at org.apache.derby.iapi.services.monitor.Monitor.startPersistentService(Unknown Source)
	at org.apache.derby.impl.jdbc.EmbedConnection$4.run(Unknown Source)
	at org.apache.derby.impl.jdbc.EmbedConnection$4.run(Unknown Source)
	at java.base/java.security.AccessController.doPrivileged(AccessController.java:571)
	at org.apache.derby.impl.jdbc.EmbedConnection.startPersistentService(Unknown Source)
	... 12 common frames omitted
2025-11-09 19:03:53,994 WARN [ThreadPoolManager] Start destroying ThreadPool

2025-11-09 19:03:53,994 WARN [ThreadPoolManager] Destruction of the end

2025-11-09 19:09:09,729 INFO [capacityManagement] start correct usage

2025-11-09 19:09:09,730 INFO [capacityManagement] end correct usage, cost: 0s

2025-11-09 19:09:09,850 WARN clearConfigHistory start

2025-11-09 19:12:15,730 INFO Starting Nacos v1.3.1 on codespaces-fd54c5 with PID 34570 (/workspaces/dafuhaozui/nacos/target/nacos-server.jar started by codespace in /workspaces/dafuhaozui/nacos/bin)

2025-11-09 19:12:15,732 INFO The following profiles are active: standalone

2025-11-09 19:12:19,595 INFO Bean 'org.springframework.security.config.annotation.configuration.ObjectPostProcessorConfiguration' of type [org.springframework.security.config.annotation.configuration.ObjectPostProcessorConfiguration$$EnhancerBySpringCGLIB$$b1a4942d] is not eligible for getting processed by all BeanPostProcessors (for example: not eligible for auto-proxying)

2025-11-09 19:12:19,690 INFO Bean 'objectPostProcessor' of type [org.springframework.security.config.annotation.configuration.AutowireBeanFactoryObjectPostProcessor] is not eligible for getting processed by all BeanPostProcessors (for example: not eligible for auto-proxying)

2025-11-09 19:12:19,693 INFO Bean 'org.springframework.security.access.expression.method.DefaultMethodSecurityExpressionHandler@1922e6d' of type [org.springframework.security.access.expression.method.DefaultMethodSecurityExpressionHandler] is not eligible for getting processed by all BeanPostProcessors (for example: not eligible for auto-proxying)

2025-11-09 19:12:19,696 INFO Bean 'org.springframework.security.config.annotation.method.configuration.GlobalMethodSecurityConfiguration' of type [org.springframework.security.config.annotation.method.configuration.GlobalMethodSecurityConfiguration$$EnhancerBySpringCGLIB$$d67936df] is not eligible for getting processed by all BeanPostProcessors (for example: not eligible for auto-proxying)

2025-11-09 19:12:19,700 INFO Bean 'methodSecurityMetadataSource' of type [org.springframework.security.access.method.DelegatingMethodSecurityMetadataSource] is not eligible for getting processed by all BeanPostProcessors (for example: not eligible for auto-proxying)

2025-11-09 19:12:20,198 INFO Tomcat initialized with port(s): 6878 (http)

2025-11-09 19:12:20,241 INFO Starting service [Tomcat]

2025-11-09 19:12:20,241 INFO Starting Servlet Engine: Apache Tomcat/9.0.13

2025-11-09 19:12:20,298 INFO The APR based Apache Tomcat Native library which allows optimal performance in production environments was not found on the java.library.path: [/usr/java/packages/lib:/usr/lib64:/lib64:/lib:/usr/lib]

2025-11-09 19:12:20,412 INFO Initializing Spring embedded WebApplicationContext

2025-11-09 19:12:20,412 INFO Root WebApplicationContext: initialization completed in 4508 ms

2025-11-09 19:12:22,036 WARN HikariPool-1 - idleTimeout has been set but has no effect because the pool is operating as a fixed size pool.

2025-11-09 19:12:22,037 INFO HikariPool-1 - Starting...

2025-11-09 19:12:22,050 WARN Registered driver with driverClassName=org.apache.derby.jdbc.EmbeddedDriver was not found, trying direct instantiation.

2025-11-09 19:12:22,476 INFO HikariPool-1 - Driver does not support get/set network timeout for connections. (Feature not implemented: No details.)

2025-11-09 19:12:22,479 INFO HikariPool-1 - Start completed.

2025-11-09 19:12:23,530 INFO Nacos-related cluster resource initialization

2025-11-09 19:12:23,542 INFO The cluster resource is initialized

2025-11-09 19:12:24,076 INFO Reflections took 54 ms to scan 1 urls, producing 6 keys and 24 values 

2025-11-09 19:12:24,121 INFO Reflections took 7 ms to scan 1 urls, producing 2 keys and 12 values 

2025-11-09 19:12:24,130 INFO Reflections took 5 ms to scan 1 urls, producing 3 keys and 15 values 

2025-11-09 19:12:25,193 INFO Initializing ExecutorService 'applicationTaskExecutor'

2025-11-09 19:12:25,479 INFO Adding welcome page: class path resource [static/index.html]

2025-11-09 19:12:25,846 INFO Creating filter chain: Ant [pattern='/**'], []

2025-11-09 19:12:25,884 INFO Creating filter chain: any request, [org.springframework.security.web.context.request.async.WebAsyncManagerIntegrationFilter@188598ad, org.springframework.security.web.context.SecurityContextPersistenceFilter@79aee22a, org.springframework.security.web.header.HeaderWriterFilter@53e76c11, org.springframework.security.web.csrf.CsrfFilter@5b5a4aed, org.springframework.security.web.authentication.logout.LogoutFilter@39c96e48, org.springframework.security.web.savedrequest.RequestCacheAwareFilter@61514735, org.springframework.security.web.servletapi.SecurityContextHolderAwareRequestFilter@30893e08, org.springframework.security.web.authentication.AnonymousAuthenticationFilter@40d23c82, org.springframework.security.web.session.SessionManagementFilter@6aa7b67f, org.springframework.security.web.access.ExceptionTranslationFilter@5d342959]

2025-11-09 19:12:26,008 INFO Exposing 2 endpoint(s) beneath base path '/actuator'

2025-11-09 19:12:26,053 INFO Initializing ExecutorService 'taskScheduler'

2025-11-09 19:12:26,164 INFO Tomcat started on port(s): 6878 (http) with context path '/nacos'

2025-11-09 19:12:26,166 INFO Started Nacos in 13.184 seconds (JVM running for 14.238)

2025-11-09 19:12:26,167 INFO Nacos Log files: /workspaces/dafuhaozui/nacos/logs

2025-11-09 19:12:26,168 INFO Nacos Log files: /workspaces/dafuhaozui/nacos/conf

2025-11-09 19:12:26,168 INFO Nacos Log files: /workspaces/dafuhaozui/nacos/data

2025-11-09 19:12:26,169 INFO Nacos started successfully in stand alone mode. use embedded storage

2025-11-09 19:12:46,737 INFO Initializing Spring DispatcherServlet 'dispatcherServlet'

2025-11-09 19:12:46,737 INFO Initializing Servlet 'dispatcherServlet'

2025-11-09 19:12:46,745 INFO Completed initialization in 7 ms

2025-11-09 19:15:17,713 INFO Starting Nacos v1.3.1 on codespaces-fd54c5 with PID 37049 (/workspaces/dafuhaozui/nacos/target/nacos-server.jar started by codespace in /workspaces/dafuhaozui/nacos/bin)

2025-11-09 19:15:17,718 INFO The following profiles are active: standalone

2025-11-09 19:15:21,290 INFO Bean 'org.springframework.security.config.annotation.configuration.ObjectPostProcessorConfiguration' of type [org.springframework.security.config.annotation.configuration.ObjectPostProcessorConfiguration$$EnhancerBySpringCGLIB$$34dfa4d2] is not eligible for getting processed by all BeanPostProcessors (for example: not eligible for auto-proxying)

2025-11-09 19:15:21,383 INFO Bean 'objectPostProcessor' of type [org.springframework.security.config.annotation.configuration.AutowireBeanFactoryObjectPostProcessor] is not eligible for getting processed by all BeanPostProcessors (for example: not eligible for auto-proxying)

2025-11-09 19:15:21,387 INFO Bean 'org.springframework.security.access.expression.method.DefaultMethodSecurityExpressionHandler@ec0c838' of type [org.springframework.security.access.expression.method.DefaultMethodSecurityExpressionHandler] is not eligible for getting processed by all BeanPostProcessors (for example: not eligible for auto-proxying)

2025-11-09 19:15:21,390 INFO Bean 'org.springframework.security.config.annotation.method.configuration.GlobalMethodSecurityConfiguration' of type [org.springframework.security.config.annotation.method.configuration.GlobalMethodSecurityConfiguration$$EnhancerBySpringCGLIB$$59b44784] is not eligible for getting processed by all BeanPostProcessors (for example: not eligible for auto-proxying)

2025-11-09 19:15:21,395 INFO Bean 'methodSecurityMetadataSource' of type [org.springframework.security.access.method.DelegatingMethodSecurityMetadataSource] is not eligible for getting processed by all BeanPostProcessors (for example: not eligible for auto-proxying)

2025-11-09 19:15:21,937 INFO Tomcat initialized with port(s): 6878 (http)

2025-11-09 19:15:21,972 INFO Starting service [Tomcat]

2025-11-09 19:15:21,973 INFO Starting Servlet Engine: Apache Tomcat/9.0.13

2025-11-09 19:15:22,021 INFO The APR based Apache Tomcat Native library which allows optimal performance in production environments was not found on the java.library.path: [/usr/java/packages/lib:/usr/lib64:/lib64:/lib:/usr/lib]

2025-11-09 19:15:22,128 INFO Initializing Spring embedded WebApplicationContext

2025-11-09 19:15:22,129 INFO Root WebApplicationContext: initialization completed in 4264 ms

2025-11-09 19:15:22,703 WARN HikariPool-1 - idleTimeout has been set but has no effect because the pool is operating as a fixed size pool.

2025-11-09 19:15:22,703 INFO HikariPool-1 - Starting...

2025-11-09 19:15:22,716 WARN Registered driver with driverClassName=org.apache.derby.jdbc.EmbeddedDriver was not found, trying direct instantiation.

2025-11-09 19:15:23,129 INFO HikariPool-1 - Driver does not support get/set network timeout for connections. (Feature not implemented: No details.)

2025-11-09 19:15:23,132 INFO HikariPool-1 - Start completed.

2025-11-09 19:15:24,342 INFO Nacos-related cluster resource initialization

2025-11-09 19:15:24,390 INFO The cluster resource is initialized

2025-11-09 19:15:24,824 INFO Reflections took 46 ms to scan 1 urls, producing 6 keys and 24 values 

2025-11-09 19:15:24,865 INFO Reflections took 6 ms to scan 1 urls, producing 2 keys and 12 values 

2025-11-09 19:15:24,875 INFO Reflections took 7 ms to scan 1 urls, producing 3 keys and 15 values 

2025-11-09 19:15:25,987 INFO Initializing ExecutorService 'applicationTaskExecutor'

2025-11-09 19:15:26,271 INFO Adding welcome page: class path resource [static/index.html]

2025-11-09 19:15:26,681 INFO Creating filter chain: Ant [pattern='/**'], []

2025-11-09 19:15:26,713 INFO Creating filter chain: any request, [org.springframework.security.web.context.request.async.WebAsyncManagerIntegrationFilter@2e86807a, org.springframework.security.web.context.SecurityContextPersistenceFilter@3e4e8fdf, org.springframework.security.web.header.HeaderWriterFilter@3451f01d, org.springframework.security.web.csrf.CsrfFilter@3458eca5, org.springframework.security.web.authentication.logout.LogoutFilter@30893e08, org.springframework.security.web.savedrequest.RequestCacheAwareFilter@2721044, org.springframework.security.web.servletapi.SecurityContextHolderAwareRequestFilter@36920bd6, org.springframework.security.web.authentication.AnonymousAuthenticationFilter@4548d254, org.springframework.security.web.session.SessionManagementFilter@53e76c11, org.springframework.security.web.access.ExceptionTranslationFilter@76130a29]

2025-11-09 19:15:26,801 INFO Exposing 2 endpoint(s) beneath base path '/actuator'

2025-11-09 19:15:26,833 INFO Initializing ExecutorService 'taskScheduler'

2025-11-09 19:15:26,946 INFO Tomcat started on port(s): 6878 (http) with context path '/nacos'

2025-11-09 19:15:26,949 INFO Started Nacos in 11.777 seconds (JVM running for 12.887)

2025-11-09 19:15:26,949 INFO Nacos Log files: /workspaces/dafuhaozui/nacos/logs

2025-11-09 19:15:26,952 INFO Nacos Log files: /workspaces/dafuhaozui/nacos/conf

2025-11-09 19:15:26,952 INFO Nacos Log files: /workspaces/dafuhaozui/nacos/data

2025-11-09 19:15:26,953 INFO Nacos started successfully in stand alone mode. use embedded storage

2025-11-09 19:15:47,853 INFO Initializing Spring DispatcherServlet 'dispatcherServlet'

2025-11-09 19:15:47,854 INFO Initializing Servlet 'dispatcherServlet'

2025-11-09 19:15:47,861 INFO Completed initialization in 7 ms

2025-11-09 19:25:25,086 INFO [capacityManagement] start correct usage

2025-11-09 19:25:25,113 INFO [capacityManagement] end correct usage, cost: 0s

2025-11-09 19:25:25,362 WARN clearConfigHistory start

2025-11-09 19:31:49,719 INFO Starting Nacos v1.3.1 on codespaces-fd54c5 with PID 45650 (/workspaces/dafuhaozui/nacos/target/nacos-server.jar started by codespace in /workspaces/dafuhaozui/nacos/bin)

2025-11-09 19:31:49,720 INFO The following profiles are active: standalone

2025-11-09 19:31:53,880 INFO Bean 'org.springframework.security.config.annotation.configuration.ObjectPostProcessorConfiguration' of type [org.springframework.security.config.annotation.configuration.ObjectPostProcessorConfiguration$$EnhancerBySpringCGLIB$$d289614e] is not eligible for getting processed by all BeanPostProcessors (for example: not eligible for auto-proxying)

2025-11-09 19:31:53,988 INFO Bean 'objectPostProcessor' of type [org.springframework.security.config.annotation.configuration.AutowireBeanFactoryObjectPostProcessor] is not eligible for getting processed by all BeanPostProcessors (for example: not eligible for auto-proxying)

2025-11-09 19:31:53,991 INFO Bean 'org.springframework.security.access.expression.method.DefaultMethodSecurityExpressionHandler@11dee337' of type [org.springframework.security.access.expression.method.DefaultMethodSecurityExpressionHandler] is not eligible for getting processed by all BeanPostProcessors (for example: not eligible for auto-proxying)

2025-11-09 19:31:53,993 INFO Bean 'org.springframework.security.config.annotation.method.configuration.GlobalMethodSecurityConfiguration' of type [org.springframework.security.config.annotation.method.configuration.GlobalMethodSecurityConfiguration$$EnhancerBySpringCGLIB$$f75e0400] is not eligible for getting processed by all BeanPostProcessors (for example: not eligible for auto-proxying)

2025-11-09 19:31:53,998 INFO Bean 'methodSecurityMetadataSource' of type [org.springframework.security.access.method.DelegatingMethodSecurityMetadataSource] is not eligible for getting processed by all BeanPostProcessors (for example: not eligible for auto-proxying)

2025-11-09 19:31:54,514 INFO Tomcat initialized with port(s): 6878 (http)

2025-11-09 19:31:54,563 INFO Starting service [Tomcat]

2025-11-09 19:31:54,566 INFO Starting Servlet Engine: Apache Tomcat/9.0.13

2025-11-09 19:31:54,580 INFO The APR based Apache Tomcat Native library which allows optimal performance in production environments was not found on the java.library.path: [/usr/java/packages/lib:/usr/lib64:/lib64:/lib:/usr/lib]

2025-11-09 19:31:54,710 INFO Initializing Spring embedded WebApplicationContext

2025-11-09 19:31:54,710 INFO Root WebApplicationContext: initialization completed in 4740 ms

2025-11-09 19:31:55,296 WARN HikariPool-1 - idleTimeout has been set but has no effect because the pool is operating as a fixed size pool.

2025-11-09 19:31:55,297 INFO HikariPool-1 - Starting...

2025-11-09 19:31:55,309 WARN Registered driver with driverClassName=org.apache.derby.jdbc.EmbeddedDriver was not found, trying direct instantiation.

2025-11-09 19:31:55,598 INFO HikariPool-1 - Driver does not support get/set network timeout for connections. (Feature not implemented: No details.)

2025-11-09 19:31:55,602 INFO HikariPool-1 - Start completed.

2025-11-09 19:31:56,657 INFO Nacos-related cluster resource initialization

2025-11-09 19:31:56,666 INFO The cluster resource is initialized

2025-11-09 19:31:57,217 INFO Reflections took 45 ms to scan 1 urls, producing 6 keys and 24 values 

2025-11-09 19:31:57,251 INFO Reflections took 6 ms to scan 1 urls, producing 2 keys and 12 values 

2025-11-09 19:31:57,261 INFO Reflections took 5 ms to scan 1 urls, producing 3 keys and 15 values 

2025-11-09 19:31:58,298 INFO Initializing ExecutorService 'applicationTaskExecutor'

2025-11-09 19:31:58,550 INFO Adding welcome page: class path resource [static/index.html]

2025-11-09 19:31:59,081 INFO Creating filter chain: Ant [pattern='/**'], []

2025-11-09 19:31:59,113 INFO Creating filter chain: any request, [org.springframework.security.web.context.request.async.WebAsyncManagerIntegrationFilter@ebe067d, org.springframework.security.web.context.SecurityContextPersistenceFilter@6bee793f, org.springframework.security.web.header.HeaderWriterFilter@6a1d6ef2, org.springframework.security.web.csrf.CsrfFilter@7f973a14, org.springframework.security.web.authentication.logout.LogoutFilter@7cf78c85, org.springframework.security.web.savedrequest.RequestCacheAwareFilter@43b5021c, org.springframework.security.web.servletapi.SecurityContextHolderAwareRequestFilter@590f0c50, org.springframework.security.web.authentication.AnonymousAuthenticationFilter@3a4ab7f7, org.springframework.security.web.session.SessionManagementFilter@36920bd6, org.springframework.security.web.access.ExceptionTranslationFilter@42cc183e]

2025-11-09 19:31:59,209 INFO Exposing 2 endpoint(s) beneath base path '/actuator'

2025-11-09 19:31:59,238 INFO Initializing ExecutorService 'taskScheduler'

2025-11-09 19:31:59,355 INFO Tomcat started on port(s): 6878 (http) with context path '/nacos'

2025-11-09 19:31:59,359 INFO Started Nacos in 12.144 seconds (JVM running for 13.06)

2025-11-09 19:31:59,359 INFO Nacos Log files: /workspaces/dafuhaozui/nacos/logs

2025-11-09 19:31:59,361 INFO Nacos Log files: /workspaces/dafuhaozui/nacos/conf

2025-11-09 19:31:59,361 INFO Nacos Log files: /workspaces/dafuhaozui/nacos/data

2025-11-09 19:31:59,362 INFO Nacos started successfully in stand alone mode. use embedded storage

2025-11-09 19:32:20,060 INFO Initializing Spring DispatcherServlet 'dispatcherServlet'

2025-11-09 19:32:20,060 INFO Initializing Servlet 'dispatcherServlet'

2025-11-09 19:32:20,068 INFO Completed initialization in 8 ms

2025-11-09 19:41:57,435 INFO [capacityManagement] start correct usage

2025-11-09 19:41:57,480 INFO [capacityManagement] end correct usage, cost: 0s

2025-11-09 19:41:57,725 WARN clearConfigHistory start

2025-11-09 19:51:57,481 INFO [capacityManagement] start correct usage

2025-11-09 19:51:57,484 INFO [capacityManagement] end correct usage, cost: 0s

2025-11-09 19:51:57,756 WARN clearConfigHistory start

2025-11-09 20:01:57,484 INFO [capacityManagement] start correct usage

2025-11-09 20:01:57,485 INFO [capacityManagement] end correct usage, cost: 0s

2025-11-09 20:01:57,758 WARN clearConfigHistory start

2025-11-09 20:11:57,485 INFO [capacityManagement] start correct usage

2025-11-09 20:11:57,486 INFO [capacityManagement] end correct usage, cost: 0s

2025-11-09 20:11:57,760 WARN clearConfigHistory start

