11-09 18:24:38.882 WARN  [background-preinit] [o.s.h.converter.json.Jackson2ObjectMapperBuilder] : For Jackson Kotlin classes support please add "com.fasterxml.jackson.module:jackson-module-kotlin" to the classpath
11-09 18:24:39.757 INFO  [main] [com.petrel.register.RegisterApplication] : The following profiles are active: prod
11-09 18:24:41.474 WARN  [main] [o.springframework.boot.actuate.endpoint.EndpointId] : Endpoint ID 'nacos-discovery' contains invalid characters, please migrate to a valid format.
11-09 18:24:41.809 INFO  [main] [o.s.d.r.config.RepositoryConfigurationDelegate] : Multiple Spring Data modules found, entering strict repository configuration mode!
11-09 18:24:41.814 INFO  [main] [o.s.d.r.config.RepositoryConfigurationDelegate] : Bootstrapping Spring Data Redis repositories in DEFAULT mode.
11-09 18:24:41.884 INFO  [main] [o.s.d.r.config.RepositoryConfigurationDelegate] : Finished Spring Data repository scanning in 30ms. Found 0 Redis repository interfaces.
11-09 18:24:42.001 WARN  [main] [o.springframework.boot.actuate.endpoint.EndpointId] : Endpoint ID 'service-registry' contains invalid characters, please migrate to a valid format.
11-09 18:24:42.401 INFO  [main] [o.springframework.cloud.context.scope.GenericScope] : BeanFactory id=441f032e-5849-35c7-a938-61bd75f12b40
11-09 18:24:43.366 INFO  [main] [o.s.c.s.PostProcessorRegistrationDelegate$BeanPostProcessorChecker] : Bean 'spring.datasource.dynamic-com.baomidou.dynamic.datasource.spring.boot.autoconfigure.DynamicDataSourceProperties' of type [com.baomidou.dynamic.datasource.spring.boot.autoconfigure.DynamicDataSourceProperties] is not eligible for getting processed by all BeanPostProcessors (for example: not eligible for auto-proxying)
11-09 18:24:43.390 INFO  [main] [o.s.c.s.PostProcessorRegistrationDelegate$BeanPostProcessorChecker] : Bean 'com.baomidou.dynamic.datasource.spring.boot.autoconfigure.DynamicDataSourceAutoConfiguration' of type [com.baomidou.dynamic.datasource.spring.boot.autoconfigure.DynamicDataSourceAutoConfiguration$$EnhancerBySpringCGLIB$$527fc611] is not eligible for getting processed by all BeanPostProcessors (for example: not eligible for auto-proxying)
11-09 18:24:43.428 INFO  [main] [o.s.c.s.PostProcessorRegistrationDelegate$BeanPostProcessorChecker] : Bean 'dsProcessor' of type [com.baomidou.dynamic.datasource.processor.DsHeaderProcessor] is not eligible for getting processed by all BeanPostProcessors (for example: not eligible for auto-proxying)
11-09 18:24:44.295 INFO  [main] [o.s.boot.web.embedded.tomcat.TomcatWebServer] : Tomcat initialized with port(s): 7180 (http)
11-09 18:24:44.316 INFO  [main] [org.apache.catalina.core.StandardService] : Starting service [Tomcat]
11-09 18:24:44.316 INFO  [main] [org.apache.catalina.core.StandardEngine] : Starting Servlet engine: [Apache Tomcat/9.0.31]
11-09 18:24:44.452 INFO  [main] [o.a.c.core.ContainerBase.[Tomcat].[localhost].[/]] : Initializing Spring embedded WebApplicationContext
11-09 18:24:44.452 INFO  [main] [org.springframework.web.context.ContextLoader] : Root WebApplicationContext: initialization completed in 4650 ms
11-09 18:24:56.920 INFO  [main] [com.alibaba.druid.pool.DruidDataSource] : {dataSource-1,petrel_core} inited
11-09 18:25:07.807 INFO  [main] [com.alibaba.druid.pool.DruidDataSource] : {dataSource-2,petrel_record} inited
11-09 18:25:07.808 INFO  [main] [c.b.dynamic.datasource.DynamicRoutingDataSource] : dynamic-datasource - load a datasource named [petrel_record] success
11-09 18:25:07.808 INFO  [main] [c.b.dynamic.datasource.DynamicRoutingDataSource] : dynamic-datasource - load a datasource named [petrel_core] success
11-09 18:25:07.808 INFO  [main] [c.b.dynamic.datasource.DynamicRoutingDataSource] : dynamic-datasource initial loaded [2] datasource,primary datasource named [petrel_core]
11-09 18:25:10.177 INFO  [main] [c.a.n.s.c.e.LoggingNacosConfigMetadataEventListener] : Nacos Config Metadata : dataId='petrel-game-config.yaml', groupId='DEFAULT_GROUP', beanName='lobbyConfig', bean='GameConfig(hostUrl=https://gengxin1123.oss-ap-southeast-1.aliyuncs.com/ycd_update/, wxId=wxid_value, wxSecret=wxSecret_value, lobbyVersion=3, lobbyVfx=YCD)', beanType='class com.petrel.register.config.GameConfig', annotatedElement='class com.petrel.register.config.GameConfig', xmlResource='null', nacosProperties='{encode=UTF-8, password=nacos, serverAddr=202.189.7.196:6878, username=nacos}', nacosPropertiesAttributes='{accessKey=${nacos.access-key:}, clusterName=${nacos.cluster-name:}, configLongPollTimeout=${nacos.configLongPollTimeout:}, configRetryTime=${nacos.configRetryTime:}, contextPath=${nacos.context-path:}, enableRemoteSyncConfig=${nacos.enableRemoteSyncConfig:}, encode=${nacos.encode:UTF-8}, endpoint=${nacos.endpoint:}, maxRetry=${nacos.maxRetry:}, namespace=${nacos.namespace:}, password=${nacos.password:}, secretKey=${nacos.secret-key:}, serverAddr=${nacos.server-addr:}, username=${nacos.username:}}', source='@com.alibaba.nacos.api.config.annotation.NacosConfigurationProperties(autoRefreshed=true, dataId=petrel-game-config.yaml, exceptionIfInvalid=true, groupId=DEFAULT_GROUP, ignoreInvalidFields=false, ignoreNestedProperties=false, ignoreUnknownFields=true, prefix=, properties=@com.alibaba.nacos.api.annotation.NacosProperties(accessKey=${nacos.access-key:}, clusterName=${nacos.cluster-name:}, configLongPollTimeout=${nacos.configLongPollTimeout:}, configRetryTime=${nacos.configRetryTime:}, contextPath=${nacos.context-path:}, enableRemoteSyncConfig=${nacos.enableRemoteSyncConfig:}, encode=${nacos.encode:UTF-8}, endpoint=${nacos.endpoint:}, maxRetry=${nacos.maxRetry:}, namespace=${nacos.namespace:}, password=${nacos.password:}, secretKey=${nacos.secret-key:}, serverAddr=${nacos.server-addr:}, username=${nacos.username:}), type=YAML, yaml=false)', timestamp='1762712710169'
11-09 18:25:11.111 WARN  [main] [o.s.c.netflix.archaius.ArchaiusAutoConfiguration] : No spring.application.name found, defaulting to 'application'
11-09 18:25:11.115 WARN  [main] [com.netflix.config.sources.URLConfigurationSource] : No URLs will be polled as dynamic configuration sources.
11-09 18:25:11.116 INFO  [main] [com.netflix.config.sources.URLConfigurationSource] : To enable URLs as dynamic configuration sources, define System property archaius.configurationSource.additionalUrls or make config.properties available on classpath.
11-09 18:25:11.121 WARN  [main] [com.netflix.config.sources.URLConfigurationSource] : No URLs will be polled as dynamic configuration sources.
11-09 18:25:11.121 INFO  [main] [com.netflix.config.sources.URLConfigurationSource] : To enable URLs as dynamic configuration sources, define System property archaius.configurationSource.additionalUrls or make config.properties available on classpath.
11-09 18:25:12.124 INFO  [main] [o.s.scheduling.concurrent.ThreadPoolTaskScheduler] : Initializing ExecutorService 'Nacso-Watch-Task-Scheduler'
11-09 18:25:13.505 INFO  [main] [o.s.b.actuate.endpoint.web.EndpointLinksResolver] : Exposing 2 endpoint(s) beneath base path '/actuator'
11-09 18:25:15.310 INFO  [main] [o.s.boot.web.embedded.tomcat.TomcatWebServer] : Tomcat started on port(s): 7180 (http) with context path ''
11-09 18:25:15.314 WARN  [main] [c.a.cloud.nacos.registry.NacosServiceRegistry] : No service to register for nacos client...
11-09 18:25:15.322 INFO  [main] [com.petrel.register.RegisterApplication] : Started RegisterApplication in 37.96 seconds (JVM running for 40.207)
11-09 18:25:15.848 INFO  [main] [io.lettuce.core.EpollProvider] : Starting with epoll library
11-09 18:25:15.858 INFO  [main] [io.lettuce.core.KqueueProvider] : Starting without optional kqueue library
11-09 18:25:16.195 INFO  [main] [o.s.b.a.l.ConditionEvaluationReportLoggingListener] : 

Error starting ApplicationContext. To display the conditions report re-run your application with 'debug' enabled.
11-09 18:25:16.204 INFO  [main] [o.s.scheduling.concurrent.ThreadPoolTaskScheduler] : Shutting down ExecutorService 'Nacso-Watch-Task-Scheduler'
11-09 18:25:16.221 INFO  [main] [c.a.cloud.nacos.registry.NacosServiceRegistry] : De-registering from Nacos Server now...
11-09 18:25:16.223 WARN  [main] [c.a.cloud.nacos.registry.NacosServiceRegistry] : No dom to de-register for nacos client...
11-09 18:25:16.391 INFO  [main] [c.b.dynamic.datasource.DynamicRoutingDataSource] : dynamic-datasource start closing ....
11-09 18:25:16.410 INFO  [main] [com.alibaba.druid.pool.DruidDataSource] : {dataSource-2} closing ...
11-09 18:25:16.464 INFO  [main] [com.alibaba.druid.pool.DruidDataSource] : {dataSource-2} closed
11-09 18:25:16.466 INFO  [main] [com.alibaba.druid.pool.DruidDataSource] : {dataSource-1} closing ...
11-09 18:25:16.468 INFO  [main] [com.alibaba.druid.pool.DruidDataSource] : {dataSource-1} closed
11-09 18:25:16.469 INFO  [main] [c.b.dynamic.datasource.DynamicRoutingDataSource] : dynamic-datasource all closed success,bye
11-09 18:25:16.470 INFO  [main] [c.a.n.s.c.a.c.NacosValueAnnotationBeanPostProcessor] : class com.alibaba.nacos.spring.context.annotation.config.NacosValueAnnotationBeanPostProcessor was destroying!
11-09 18:25:16.478 INFO  [main] [c.a.n.s.b.f.a.AnnotationNacosInjectedBeanPostProcessor] : class com.alibaba.nacos.spring.beans.factory.annotation.AnnotationNacosInjectedBeanPostProcessor was destroying!
11-09 18:25:16.543 ERROR [main] [org.springframework.boot.SpringApplication] : Application run failed
java.lang.IllegalStateException: Failed to execute ApplicationRunner
	at org.springframework.boot.SpringApplication.callRunner(SpringApplication.java:778)
	at org.springframework.boot.SpringApplication.callRunners(SpringApplication.java:765)
	at org.springframework.boot.SpringApplication.run(SpringApplication.java:322)
	at org.springframework.boot.SpringApplication.run(SpringApplication.java:1226)
	at org.springframework.boot.SpringApplication.run(SpringApplication.java:1215)
	at com.petrel.register.RegisterApplication.main(RegisterApplication.java:19)
	at java.base/jdk.internal.reflect.DirectMethodHandleAccessor.invoke(DirectMethodHandleAccessor.java:103)
	at java.base/java.lang.reflect.Method.invoke(Method.java:580)
	at org.springframework.boot.loader.MainMethodRunner.run(MainMethodRunner.java:48)
	at org.springframework.boot.loader.Launcher.launch(Launcher.java:87)
	at org.springframework.boot.loader.Launcher.launch(Launcher.java:51)
	at org.springframework.boot.loader.PropertiesLauncher.main(PropertiesLauncher.java:597)
Caused by: org.springframework.data.redis.connection.PoolException: Could not get a resource from the pool; nested exception is io.lettuce.core.RedisConnectionException: Unable to connect to 127.0.0.1/<unresolved>:6379
	at org.springframework.data.redis.connection.lettuce.LettucePoolingConnectionProvider.getConnection(LettucePoolingConnectionProvider.java:109)
	at org.springframework.data.redis.connection.lettuce.LettuceConnectionFactory$SharedConnection.getNativeConnection(LettuceConnectionFactory.java:1197)
	at org.springframework.data.redis.connection.lettuce.LettuceConnectionFactory$SharedConnection.getConnection(LettuceConnectionFactory.java:1178)
	at org.springframework.data.redis.connection.lettuce.LettuceConnectionFactory.getSharedConnection(LettuceConnectionFactory.java:942)
	at org.springframework.data.redis.connection.lettuce.LettuceConnectionFactory.getConnection(LettuceConnectionFactory.java:353)
	at org.springframework.data.redis.core.RedisConnectionUtils.doGetConnection(RedisConnectionUtils.java:134)
	at org.springframework.data.redis.core.RedisConnectionUtils.getConnection(RedisConnectionUtils.java:97)
	at org.springframework.data.redis.core.RedisConnectionUtils.getConnection(RedisConnectionUtils.java:84)
	at org.springframework.data.redis.core.RedisTemplate.execute(RedisTemplate.java:215)
	at org.springframework.data.redis.core.RedisTemplate.execute(RedisTemplate.java:188)
	at org.springframework.data.redis.core.AbstractOperations.execute(AbstractOperations.java:96)
	at org.springframework.data.redis.core.DefaultHashOperations.values(DefaultHashOperations.java:219)
	at com.zebra.rpc.register.ServerRedisService.findAllServers(ServerRedisService.java:49)
	at com.zebra.rpc.register.ServerRegistryService.startRegister(ServerRegistryService.java:28)
	at com.petrel.register.config.StartInitialize.start(StartInitialize.java:32)
	at com.petrel.register.config.StartInitialize.run(StartInitialize.java:27)
	at org.springframework.boot.SpringApplication.callRunner(SpringApplication.java:775)
	... 11 common frames omitted
Caused by: io.lettuce.core.RedisConnectionException: Unable to connect to 127.0.0.1/<unresolved>:6379
	at io.lettuce.core.RedisConnectionException.create(RedisConnectionException.java:78)
	at io.lettuce.core.RedisConnectionException.create(RedisConnectionException.java:56)
	at io.lettuce.core.AbstractRedisClient.getConnection(AbstractRedisClient.java:234)
	at io.lettuce.core.RedisClient.connect(RedisClient.java:207)
	at org.springframework.data.redis.connection.lettuce.StandaloneConnectionProvider.lambda$getConnection$1(StandaloneConnectionProvider.java:115)
	at java.base/java.util.Optional.orElseGet(Optional.java:364)
	at org.springframework.data.redis.connection.lettuce.StandaloneConnectionProvider.getConnection(StandaloneConnectionProvider.java:115)
	at org.springframework.data.redis.connection.lettuce.LettucePoolingConnectionProvider.lambda$null$0(LettucePoolingConnectionProvider.java:97)
	at io.lettuce.core.support.ConnectionPoolSupport$RedisPooledObjectFactory.create(ConnectionPoolSupport.java:209)
	at io.lettuce.core.support.ConnectionPoolSupport$RedisPooledObjectFactory.create(ConnectionPoolSupport.java:199)
	at org.apache.commons.pool2.BasePooledObjectFactory.makeObject(BasePooledObjectFactory.java:58)
	at org.apache.commons.pool2.impl.GenericObjectPool.create(GenericObjectPool.java:899)
	at org.apache.commons.pool2.impl.GenericObjectPool.borrowObject(GenericObjectPool.java:429)
	at org.apache.commons.pool2.impl.GenericObjectPool.borrowObject(GenericObjectPool.java:354)
	at io.lettuce.core.support.ConnectionPoolSupport$1.borrowObject(ConnectionPoolSupport.java:122)
	at io.lettuce.core.support.ConnectionPoolSupport$1.borrowObject(ConnectionPoolSupport.java:117)
	at org.springframework.data.redis.connection.lettuce.LettucePoolingConnectionProvider.getConnection(LettucePoolingConnectionProvider.java:103)
	... 27 common frames omitted
Caused by: io.netty.channel.AbstractChannel$AnnotatedConnectException: finishConnect(..) failed: Connection refused: /127.0.0.1:6379
Caused by: java.net.ConnectException: finishConnect(..) failed: Connection refused
	at io.netty.channel.unix.Errors.throwConnectException(Errors.java:124)
	at io.netty.channel.unix.Socket.finishConnect(Socket.java:243)
	at io.netty.channel.epoll.AbstractEpollChannel$AbstractEpollUnsafe.doFinishConnect(AbstractEpollChannel.java:672)
	at io.netty.channel.epoll.AbstractEpollChannel$AbstractEpollUnsafe.finishConnect(AbstractEpollChannel.java:649)
	at io.netty.channel.epoll.AbstractEpollChannel$AbstractEpollUnsafe.epollOutReady(AbstractEpollChannel.java:529)
	at io.netty.channel.epoll.EpollEventLoop.processReady(EpollEventLoop.java:465)
	at io.netty.channel.epoll.EpollEventLoop.run(EpollEventLoop.java:378)
	at io.netty.util.concurrent.SingleThreadEventExecutor$4.run(SingleThreadEventExecutor.java:989)
	at io.netty.util.internal.ThreadExecutorMap$2.run(ThreadExecutorMap.java:74)
	at io.netty.util.concurrent.FastThreadLocalRunnable.run(FastThreadLocalRunnable.java:30)
	at java.base/java.lang.Thread.run(Thread.java:1583)
11-09 18:25:16.564 ERROR [main] [com.petrel.register.RegisterApplication] : start kernel user error
java.lang.IllegalStateException: Failed to execute ApplicationRunner
	at org.springframework.boot.SpringApplication.callRunner(SpringApplication.java:778)
	at org.springframework.boot.SpringApplication.callRunners(SpringApplication.java:765)
	at org.springframework.boot.SpringApplication.run(SpringApplication.java:322)
	at org.springframework.boot.SpringApplication.run(SpringApplication.java:1226)
	at org.springframework.boot.SpringApplication.run(SpringApplication.java:1215)
	at com.petrel.register.RegisterApplication.main(RegisterApplication.java:19)
	at java.base/jdk.internal.reflect.DirectMethodHandleAccessor.invoke(DirectMethodHandleAccessor.java:103)
	at java.base/java.lang.reflect.Method.invoke(Method.java:580)
	at org.springframework.boot.loader.MainMethodRunner.run(MainMethodRunner.java:48)
	at org.springframework.boot.loader.Launcher.launch(Launcher.java:87)
	at org.springframework.boot.loader.Launcher.launch(Launcher.java:51)
	at org.springframework.boot.loader.PropertiesLauncher.main(PropertiesLauncher.java:597)
Caused by: org.springframework.data.redis.connection.PoolException: Could not get a resource from the pool; nested exception is io.lettuce.core.RedisConnectionException: Unable to connect to 127.0.0.1/<unresolved>:6379
	at org.springframework.data.redis.connection.lettuce.LettucePoolingConnectionProvider.getConnection(LettucePoolingConnectionProvider.java:109)
	at org.springframework.data.redis.connection.lettuce.LettuceConnectionFactory$SharedConnection.getNativeConnection(LettuceConnectionFactory.java:1197)
	at org.springframework.data.redis.connection.lettuce.LettuceConnectionFactory$SharedConnection.getConnection(LettuceConnectionFactory.java:1178)
	at org.springframework.data.redis.connection.lettuce.LettuceConnectionFactory.getSharedConnection(LettuceConnectionFactory.java:942)
	at org.springframework.data.redis.connection.lettuce.LettuceConnectionFactory.getConnection(LettuceConnectionFactory.java:353)
	at org.springframework.data.redis.core.RedisConnectionUtils.doGetConnection(RedisConnectionUtils.java:134)
	at org.springframework.data.redis.core.RedisConnectionUtils.getConnection(RedisConnectionUtils.java:97)
	at org.springframework.data.redis.core.RedisConnectionUtils.getConnection(RedisConnectionUtils.java:84)
	at org.springframework.data.redis.core.RedisTemplate.execute(RedisTemplate.java:215)
	at org.springframework.data.redis.core.RedisTemplate.execute(RedisTemplate.java:188)
	at org.springframework.data.redis.core.AbstractOperations.execute(AbstractOperations.java:96)
	at org.springframework.data.redis.core.DefaultHashOperations.values(DefaultHashOperations.java:219)
	at com.zebra.rpc.register.ServerRedisService.findAllServers(ServerRedisService.java:49)
	at com.zebra.rpc.register.ServerRegistryService.startRegister(ServerRegistryService.java:28)
	at com.petrel.register.config.StartInitialize.start(StartInitialize.java:32)
	at com.petrel.register.config.StartInitialize.run(StartInitialize.java:27)
	at org.springframework.boot.SpringApplication.callRunner(SpringApplication.java:775)
	... 11 common frames omitted
Caused by: io.lettuce.core.RedisConnectionException: Unable to connect to 127.0.0.1/<unresolved>:6379
	at io.lettuce.core.RedisConnectionException.create(RedisConnectionException.java:78)
	at io.lettuce.core.RedisConnectionException.create(RedisConnectionException.java:56)
	at io.lettuce.core.AbstractRedisClient.getConnection(AbstractRedisClient.java:234)
	at io.lettuce.core.RedisClient.connect(RedisClient.java:207)
	at org.springframework.data.redis.connection.lettuce.StandaloneConnectionProvider.lambda$getConnection$1(StandaloneConnectionProvider.java:115)
	at java.base/java.util.Optional.orElseGet(Optional.java:364)
	at org.springframework.data.redis.connection.lettuce.StandaloneConnectionProvider.getConnection(StandaloneConnectionProvider.java:115)
	at org.springframework.data.redis.connection.lettuce.LettucePoolingConnectionProvider.lambda$null$0(LettucePoolingConnectionProvider.java:97)
	at io.lettuce.core.support.ConnectionPoolSupport$RedisPooledObjectFactory.create(ConnectionPoolSupport.java:209)
	at io.lettuce.core.support.ConnectionPoolSupport$RedisPooledObjectFactory.create(ConnectionPoolSupport.java:199)
	at org.apache.commons.pool2.BasePooledObjectFactory.makeObject(BasePooledObjectFactory.java:58)
	at org.apache.commons.pool2.impl.GenericObjectPool.create(GenericObjectPool.java:899)
	at org.apache.commons.pool2.impl.GenericObjectPool.borrowObject(GenericObjectPool.java:429)
	at org.apache.commons.pool2.impl.GenericObjectPool.borrowObject(GenericObjectPool.java:354)
	at io.lettuce.core.support.ConnectionPoolSupport$1.borrowObject(ConnectionPoolSupport.java:122)
	at io.lettuce.core.support.ConnectionPoolSupport$1.borrowObject(ConnectionPoolSupport.java:117)
	at org.springframework.data.redis.connection.lettuce.LettucePoolingConnectionProvider.getConnection(LettucePoolingConnectionProvider.java:103)
	... 27 common frames omitted
Caused by: io.netty.channel.AbstractChannel$AnnotatedConnectException: finishConnect(..) failed: Connection refused: /127.0.0.1:6379
Caused by: java.net.ConnectException: finishConnect(..) failed: Connection refused
	at io.netty.channel.unix.Errors.throwConnectException(Errors.java:124)
	at io.netty.channel.unix.Socket.finishConnect(Socket.java:243)
	at io.netty.channel.epoll.AbstractEpollChannel$AbstractEpollUnsafe.doFinishConnect(AbstractEpollChannel.java:672)
	at io.netty.channel.epoll.AbstractEpollChannel$AbstractEpollUnsafe.finishConnect(AbstractEpollChannel.java:649)
	at io.netty.channel.epoll.AbstractEpollChannel$AbstractEpollUnsafe.epollOutReady(AbstractEpollChannel.java:529)
	at io.netty.channel.epoll.EpollEventLoop.processReady(EpollEventLoop.java:465)
	at io.netty.channel.epoll.EpollEventLoop.run(EpollEventLoop.java:378)
	at io.netty.util.concurrent.SingleThreadEventExecutor$4.run(SingleThreadEventExecutor.java:989)
	at io.netty.util.internal.ThreadExecutorMap$2.run(ThreadExecutorMap.java:74)
	at io.netty.util.concurrent.FastThreadLocalRunnable.run(FastThreadLocalRunnable.java:30)
	at java.base/java.lang.Thread.run(Thread.java:1583)
11-09 18:25:27.763 WARN  [background-preinit] [o.s.h.converter.json.Jackson2ObjectMapperBuilder] : For Jackson Kotlin classes support please add "com.fasterxml.jackson.module:jackson-module-kotlin" to the classpath
11-09 18:25:28.436 INFO  [main] [com.petrel.user.UserApplication] : The following profiles are active: prod
11-09 18:25:30.422 WARN  [main] [o.springframework.boot.actuate.endpoint.EndpointId] : Endpoint ID 'nacos-discovery' contains invalid characters, please migrate to a valid format.
11-09 18:25:31.242 INFO  [main] [o.s.d.r.config.RepositoryConfigurationDelegate] : Multiple Spring Data modules found, entering strict repository configuration mode!
11-09 18:25:31.254 INFO  [main] [o.s.d.r.config.RepositoryConfigurationDelegate] : Bootstrapping Spring Data Redis repositories in DEFAULT mode.
11-09 18:25:31.342 INFO  [main] [o.s.d.r.config.RepositoryConfigurationDelegate] : Finished Spring Data repository scanning in 36ms. Found 0 Redis repository interfaces.
11-09 18:25:31.550 WARN  [main] [o.springframework.boot.actuate.endpoint.EndpointId] : Endpoint ID 'service-registry' contains invalid characters, please migrate to a valid format.
11-09 18:25:32.357 INFO  [main] [o.springframework.cloud.context.scope.GenericScope] : BeanFactory id=ce81e8a4-9faa-3e8e-a614-e20eee678bf6
11-09 18:25:33.794 INFO  [main] [o.s.c.s.PostProcessorRegistrationDelegate$BeanPostProcessorChecker] : Bean 'spring.datasource.dynamic-com.baomidou.dynamic.datasource.spring.boot.autoconfigure.DynamicDataSourceProperties' of type [com.baomidou.dynamic.datasource.spring.boot.autoconfigure.DynamicDataSourceProperties] is not eligible for getting processed by all BeanPostProcessors (for example: not eligible for auto-proxying)
11-09 18:25:33.813 INFO  [main] [o.s.c.s.PostProcessorRegistrationDelegate$BeanPostProcessorChecker] : Bean 'com.baomidou.dynamic.datasource.spring.boot.autoconfigure.DynamicDataSourceAutoConfiguration' of type [com.baomidou.dynamic.datasource.spring.boot.autoconfigure.DynamicDataSourceAutoConfiguration$$EnhancerBySpringCGLIB$$cea427a8] is not eligible for getting processed by all BeanPostProcessors (for example: not eligible for auto-proxying)
11-09 18:25:33.842 INFO  [main] [o.s.c.s.PostProcessorRegistrationDelegate$BeanPostProcessorChecker] : Bean 'dsProcessor' of type [com.baomidou.dynamic.datasource.processor.DsHeaderProcessor] is not eligible for getting processed by all BeanPostProcessors (for example: not eligible for auto-proxying)
11-09 18:25:34.673 INFO  [main] [o.s.boot.web.embedded.tomcat.TomcatWebServer] : Tomcat initialized with port(s): 8719 (http)
11-09 18:25:34.729 INFO  [main] [org.apache.catalina.core.StandardService] : Starting service [Tomcat]
11-09 18:25:34.729 INFO  [main] [org.apache.catalina.core.StandardEngine] : Starting Servlet engine: [Apache Tomcat/9.0.31]
11-09 18:25:34.824 INFO  [main] [o.a.c.core.ContainerBase.[Tomcat].[localhost].[/]] : Initializing Spring embedded WebApplicationContext
11-09 18:25:34.824 INFO  [main] [org.springframework.web.context.ContextLoader] : Root WebApplicationContext: initialization completed in 6330 ms
11-09 18:25:43.323 WARN  [background-preinit] [o.s.h.converter.json.Jackson2ObjectMapperBuilder] : For Jackson Kotlin classes support please add "com.fasterxml.jackson.module:jackson-module-kotlin" to the classpath
11-09 18:25:44.727 INFO  [main] [com.petrel.game.GameApplication] : The following profiles are active: prod
11-09 18:25:47.858 WARN  [main] [o.springframework.boot.actuate.endpoint.EndpointId] : Endpoint ID 'nacos-discovery' contains invalid characters, please migrate to a valid format.
11-09 18:25:48.424 INFO  [main] [o.s.d.r.config.RepositoryConfigurationDelegate] : Multiple Spring Data modules found, entering strict repository configuration mode!
11-09 18:25:48.429 INFO  [main] [o.s.d.r.config.RepositoryConfigurationDelegate] : Bootstrapping Spring Data Redis repositories in DEFAULT mode.
11-09 18:25:48.495 INFO  [main] [o.s.d.r.config.RepositoryConfigurationDelegate] : Finished Spring Data repository scanning in 29ms. Found 0 Redis repository interfaces.
11-09 18:25:48.615 WARN  [main] [o.springframework.boot.actuate.endpoint.EndpointId] : Endpoint ID 'service-registry' contains invalid characters, please migrate to a valid format.
11-09 18:25:48.999 INFO  [main] [o.springframework.cloud.context.scope.GenericScope] : BeanFactory id=803ac902-efef-3310-96c4-874a8e137fbf
11-09 18:25:49.855 INFO  [main] [o.s.c.s.PostProcessorRegistrationDelegate$BeanPostProcessorChecker] : Bean 'spring.datasource.dynamic-com.baomidou.dynamic.datasource.spring.boot.autoconfigure.DynamicDataSourceProperties' of type [com.baomidou.dynamic.datasource.spring.boot.autoconfigure.DynamicDataSourceProperties] is not eligible for getting processed by all BeanPostProcessors (for example: not eligible for auto-proxying)
11-09 18:25:49.873 INFO  [main] [o.s.c.s.PostProcessorRegistrationDelegate$BeanPostProcessorChecker] : Bean 'com.baomidou.dynamic.datasource.spring.boot.autoconfigure.DynamicDataSourceAutoConfiguration' of type [com.baomidou.dynamic.datasource.spring.boot.autoconfigure.DynamicDataSourceAutoConfiguration$$EnhancerBySpringCGLIB$$1c5e8a5e] is not eligible for getting processed by all BeanPostProcessors (for example: not eligible for auto-proxying)
11-09 18:25:49.919 INFO  [main] [o.s.c.s.PostProcessorRegistrationDelegate$BeanPostProcessorChecker] : Bean 'dsProcessor' of type [com.baomidou.dynamic.datasource.processor.DsHeaderProcessor] is not eligible for getting processed by all BeanPostProcessors (for example: not eligible for auto-proxying)
11-09 18:25:50.818 INFO  [main] [o.s.boot.web.embedded.tomcat.TomcatWebServer] : Tomcat initialized with port(s): 8752 (http)
11-09 18:25:50.888 INFO  [main] [org.apache.catalina.core.StandardService] : Starting service [Tomcat]
11-09 18:25:50.889 INFO  [main] [org.apache.catalina.core.StandardEngine] : Starting Servlet engine: [Apache Tomcat/9.0.31]
11-09 18:25:51.047 INFO  [main] [o.a.c.core.ContainerBase.[Tomcat].[localhost].[/]] : Initializing Spring embedded WebApplicationContext
11-09 18:25:51.047 INFO  [main] [org.springframework.web.context.ContextLoader] : Root WebApplicationContext: initialization completed in 6200 ms
11-09 18:26:36.605 INFO  [main] [com.alibaba.druid.pool.DruidDataSource] : {dataSource-1,petrel_core} inited
11-09 18:27:47.669 WARN  [background-preinit] [o.s.h.converter.json.Jackson2ObjectMapperBuilder] : For Jackson Kotlin classes support please add "com.fasterxml.jackson.module:jackson-module-kotlin" to the classpath
11-09 18:27:48.431 INFO  [main] [com.petrel.register.RegisterApplication] : The following profiles are active: prod
11-09 18:27:51.083 WARN  [main] [o.springframework.boot.actuate.endpoint.EndpointId] : Endpoint ID 'nacos-discovery' contains invalid characters, please migrate to a valid format.
11-09 18:27:51.754 INFO  [main] [o.s.d.r.config.RepositoryConfigurationDelegate] : Multiple Spring Data modules found, entering strict repository configuration mode!
11-09 18:27:51.767 INFO  [main] [o.s.d.r.config.RepositoryConfigurationDelegate] : Bootstrapping Spring Data Redis repositories in DEFAULT mode.
11-09 18:27:51.859 INFO  [main] [o.s.d.r.config.RepositoryConfigurationDelegate] : Finished Spring Data repository scanning in 40ms. Found 0 Redis repository interfaces.
11-09 18:27:52.159 WARN  [main] [o.springframework.boot.actuate.endpoint.EndpointId] : Endpoint ID 'service-registry' contains invalid characters, please migrate to a valid format.
11-09 18:27:52.886 INFO  [main] [o.springframework.cloud.context.scope.GenericScope] : BeanFactory id=441f032e-5849-35c7-a938-61bd75f12b40
11-09 18:27:53.980 INFO  [main] [o.s.c.s.PostProcessorRegistrationDelegate$BeanPostProcessorChecker] : Bean 'spring.datasource.dynamic-com.baomidou.dynamic.datasource.spring.boot.autoconfigure.DynamicDataSourceProperties' of type [com.baomidou.dynamic.datasource.spring.boot.autoconfigure.DynamicDataSourceProperties] is not eligible for getting processed by all BeanPostProcessors (for example: not eligible for auto-proxying)
11-09 18:27:53.992 INFO  [main] [o.s.c.s.PostProcessorRegistrationDelegate$BeanPostProcessorChecker] : Bean 'com.baomidou.dynamic.datasource.spring.boot.autoconfigure.DynamicDataSourceAutoConfiguration' of type [com.baomidou.dynamic.datasource.spring.boot.autoconfigure.DynamicDataSourceAutoConfiguration$$EnhancerBySpringCGLIB$$4b35aada] is not eligible for getting processed by all BeanPostProcessors (for example: not eligible for auto-proxying)
11-09 18:27:54.015 INFO  [main] [o.s.c.s.PostProcessorRegistrationDelegate$BeanPostProcessorChecker] : Bean 'dsProcessor' of type [com.baomidou.dynamic.datasource.processor.DsHeaderProcessor] is not eligible for getting processed by all BeanPostProcessors (for example: not eligible for auto-proxying)
11-09 18:27:54.465 INFO  [main] [o.s.boot.web.embedded.tomcat.TomcatWebServer] : Tomcat initialized with port(s): 7180 (http)
11-09 18:27:54.512 INFO  [main] [org.apache.catalina.core.StandardService] : Starting service [Tomcat]
11-09 18:27:54.512 INFO  [main] [org.apache.catalina.core.StandardEngine] : Starting Servlet engine: [Apache Tomcat/9.0.31]
11-09 18:27:54.586 INFO  [main] [o.a.c.core.ContainerBase.[Tomcat].[localhost].[/]] : Initializing Spring embedded WebApplicationContext
11-09 18:27:54.587 INFO  [main] [org.springframework.web.context.ContextLoader] : Root WebApplicationContext: initialization completed in 6090 ms
11-09 18:28:06.898 INFO  [main] [com.alibaba.druid.pool.DruidDataSource] : {dataSource-1,petrel_core} inited
11-09 18:28:17.790 INFO  [main] [com.alibaba.druid.pool.DruidDataSource] : {dataSource-2,petrel_record} inited
11-09 18:28:17.790 INFO  [main] [c.b.dynamic.datasource.DynamicRoutingDataSource] : dynamic-datasource - load a datasource named [petrel_record] success
11-09 18:28:17.790 INFO  [main] [c.b.dynamic.datasource.DynamicRoutingDataSource] : dynamic-datasource - load a datasource named [petrel_core] success
11-09 18:28:17.790 INFO  [main] [c.b.dynamic.datasource.DynamicRoutingDataSource] : dynamic-datasource initial loaded [2] datasource,primary datasource named [petrel_core]
11-09 18:28:18.129 ERROR [main] [o.s.boot.web.embedded.tomcat.TomcatStarter] : Error starting Tomcat context. Exception: org.springframework.beans.factory.BeanCreationException. Message: Error creating bean with name 'servletEndpointRegistrar' defined in class path resource [org/springframework/boot/actuate/autoconfigure/endpoint/web/ServletEndpointManagementContextConfiguration$WebMvcServletEndpointManagementContextConfiguration.class]: Bean instantiation via factory method failed; nested exception is org.springframework.beans.BeanInstantiationException: Failed to instantiate [org.springframework.boot.actuate.endpoint.web.ServletEndpointRegistrar]: Factory method 'servletEndpointRegistrar' threw exception; nested exception is org.springframework.beans.factory.UnsatisfiedDependencyException: Error creating bean with name 'healthEndpoint' defined in class path resource [org/springframework/boot/actuate/autoconfigure/health/HealthEndpointConfiguration.class]: Unsatisfied dependency expressed through method 'healthEndpoint' parameter 0; nested exception is org.springframework.beans.factory.BeanCreationException: Error creating bean with name 'healthContributorRegistry' defined in class path resource [org/springframework/boot/actuate/autoconfigure/health/HealthEndpointConfiguration.class]: Bean instantiation via factory method failed; nested exception is org.springframework.beans.BeanInstantiationException: Failed to instantiate [org.springframework.boot.actuate.health.HealthContributorRegistry]: Factory method 'healthContributorRegistry' threw exception; nested exception is org.springframework.beans.factory.UnsatisfiedDependencyException: Error creating bean with name 'org.springframework.boot.actuate.autoconfigure.redis.RedisReactiveHealthContributorAutoConfiguration': Unsatisfied dependency expressed through constructor parameter 0; nested exception is org.springframework.beans.factory.UnsatisfiedDependencyException: Error creating bean with name 'lettuceConnectionFactory' defined in class path resource [com/petrel/common/config/RedisSourceConfiguration.class]: Unsatisfied dependency expressed through method 'lettuceConnectionFactory' parameter 0; nested exception is org.springframework.beans.factory.UnsatisfiedDependencyException: Error creating bean with name 'genericObjectPoolConfig' defined in class path resource [com/petrel/common/config/RedisSourceConfiguration.class]: Unsatisfied dependency expressed through method 'genericObjectPoolConfig' parameter 0; nested exception is org.springframework.beans.factory.BeanCreationException: Error creating bean with name 'redisSourceProperties': Injection of autowired dependencies failed; nested exception is java.lang.IllegalArgumentException: Could not resolve placeholder 'redis.password' in value "${redis.password}"
11-09 18:28:18.191 INFO  [main] [org.apache.catalina.core.StandardService] : Stopping service [Tomcat]
11-09 18:28:18.212 WARN  [main] [org.apache.catalina.loader.WebappClassLoaderBase] : The web application [ROOT] appears to have started a thread named [spring.cloud.inetutils] but has failed to stop it. This is very likely to create a memory leak. Stack trace of thread:
 java.base/jdk.internal.misc.Unsafe.park(Native Method)
 java.base/java.util.concurrent.locks.LockSupport.park(LockSupport.java:371)
 java.base/java.util.concurrent.locks.AbstractQueuedSynchronizer$ConditionNode.block(AbstractQueuedSynchronizer.java:519)
 java.base/java.util.concurrent.ForkJoinPool.unmanagedBlock(ForkJoinPool.java:3780)
 java.base/java.util.concurrent.ForkJoinPool.managedBlock(ForkJoinPool.java:3725)
 java.base/java.util.concurrent.locks.AbstractQueuedSynchronizer$ConditionObject.await(AbstractQueuedSynchronizer.java:1712)
 java.base/java.util.concurrent.LinkedBlockingQueue.take(LinkedBlockingQueue.java:435)
 java.base/java.util.concurrent.ThreadPoolExecutor.getTask(ThreadPoolExecutor.java:1070)
 java.base/java.util.concurrent.ThreadPoolExecutor.runWorker(ThreadPoolExecutor.java:1130)
 java.base/java.util.concurrent.ThreadPoolExecutor$Worker.run(ThreadPoolExecutor.java:642)
 java.base/java.lang.Thread.run(Thread.java:1583)
11-09 18:28:18.213 WARN  [main] [org.apache.catalina.loader.WebappClassLoaderBase] : The web application [ROOT] appears to have started a thread named [logback-1] but has failed to stop it. This is very likely to create a memory leak. Stack trace of thread:
 java.base/jdk.internal.misc.Unsafe.park(Native Method)
 java.base/java.util.concurrent.locks.LockSupport.parkNanos(LockSupport.java:269)
 java.base/java.util.concurrent.locks.AbstractQueuedSynchronizer$ConditionObject.awaitNanos(AbstractQueuedSynchronizer.java:1763)
 java.base/java.util.concurrent.ScheduledThreadPoolExecutor$DelayedWorkQueue.take(ScheduledThreadPoolExecutor.java:1182)
 java.base/java.util.concurrent.ScheduledThreadPoolExecutor$DelayedWorkQueue.take(ScheduledThreadPoolExecutor.java:899)
 java.base/java.util.concurrent.ThreadPoolExecutor.getTask(ThreadPoolExecutor.java:1070)
 java.base/java.util.concurrent.ThreadPoolExecutor.runWorker(ThreadPoolExecutor.java:1130)
 java.base/java.util.concurrent.ThreadPoolExecutor$Worker.run(ThreadPoolExecutor.java:642)
 java.base/java.lang.Thread.run(Thread.java:1583)
11-09 18:28:18.213 WARN  [main] [org.apache.catalina.loader.WebappClassLoaderBase] : The web application [ROOT] appears to have started a thread named [com.alibaba.nacos.naming.client.listener] but has failed to stop it. This is very likely to create a memory leak. Stack trace of thread:
 java.base/jdk.internal.misc.Unsafe.park(Native Method)
 java.base/java.util.concurrent.locks.LockSupport.parkNanos(LockSupport.java:269)
 java.base/java.util.concurrent.locks.AbstractQueuedSynchronizer$ConditionObject.awaitNanos(AbstractQueuedSynchronizer.java:1763)
 java.base/java.util.concurrent.LinkedBlockingQueue.poll(LinkedBlockingQueue.java:460)
 com.alibaba.nacos.client.naming.core.EventDispatcher$Notifier.run(EventDispatcher.java:118)
 java.base/java.util.concurrent.ThreadPoolExecutor.runWorker(ThreadPoolExecutor.java:1144)
 java.base/java.util.concurrent.ThreadPoolExecutor$Worker.run(ThreadPoolExecutor.java:642)
 java.base/java.lang.Thread.run(Thread.java:1583)
11-09 18:28:18.213 WARN  [main] [org.apache.catalina.loader.WebappClassLoaderBase] : The web application [ROOT] appears to have started a thread named [com.alibaba.nacos.client.naming.updater] but has failed to stop it. This is very likely to create a memory leak. Stack trace of thread:
 java.base/jdk.internal.misc.Unsafe.park(Native Method)
 java.base/java.util.concurrent.locks.LockSupport.park(LockSupport.java:371)
 java.base/java.util.concurrent.locks.AbstractQueuedSynchronizer$ConditionNode.block(AbstractQueuedSynchronizer.java:519)
 java.base/java.util.concurrent.ForkJoinPool.unmanagedBlock(ForkJoinPool.java:3780)
 java.base/java.util.concurrent.ForkJoinPool.managedBlock(ForkJoinPool.java:3725)
 java.base/java.util.concurrent.locks.AbstractQueuedSynchronizer$ConditionObject.await(AbstractQueuedSynchronizer.java:1712)
 java.base/java.util.concurrent.ScheduledThreadPoolExecutor$DelayedWorkQueue.take(ScheduledThreadPoolExecutor.java:1177)
 java.base/java.util.concurrent.ScheduledThreadPoolExecutor$DelayedWorkQueue.take(ScheduledThreadPoolExecutor.java:899)
 java.base/java.util.concurrent.ThreadPoolExecutor.getTask(ThreadPoolExecutor.java:1070)
 java.base/java.util.concurrent.ThreadPoolExecutor.runWorker(ThreadPoolExecutor.java:1130)
 java.base/java.util.concurrent.ThreadPoolExecutor$Worker.run(ThreadPoolExecutor.java:642)
 java.base/java.lang.Thread.run(Thread.java:1583)
11-09 18:28:18.213 WARN  [main] [org.apache.catalina.loader.WebappClassLoaderBase] : The web application [ROOT] appears to have started a thread named [com.alibaba.nacos.client.naming.updater] but has failed to stop it. This is very likely to create a memory leak. Stack trace of thread:
 java.base/jdk.internal.misc.Unsafe.park(Native Method)
 java.base/java.util.concurrent.locks.LockSupport.parkNanos(LockSupport.java:269)
 java.base/java.util.concurrent.locks.AbstractQueuedSynchronizer$ConditionObject.awaitNanos(AbstractQueuedSynchronizer.java:1763)
 java.base/java.util.concurrent.ScheduledThreadPoolExecutor$DelayedWorkQueue.take(ScheduledThreadPoolExecutor.java:1182)
 java.base/java.util.concurrent.ScheduledThreadPoolExecutor$DelayedWorkQueue.take(ScheduledThreadPoolExecutor.java:899)
 java.base/java.util.concurrent.ThreadPoolExecutor.getTask(ThreadPoolExecutor.java:1070)
 java.base/java.util.concurrent.ThreadPoolExecutor.runWorker(ThreadPoolExecutor.java:1130)
 java.base/java.util.concurrent.ThreadPoolExecutor$Worker.run(ThreadPoolExecutor.java:642)
 java.base/java.lang.Thread.run(Thread.java:1583)
11-09 18:28:18.214 WARN  [main] [org.apache.catalina.loader.WebappClassLoaderBase] : The web application [ROOT] appears to have started a thread named [com.alibaba.nacos.naming.failover] but has failed to stop it. This is very likely to create a memory leak. Stack trace of thread:
 java.base/jdk.internal.misc.Unsafe.park(Native Method)
 java.base/java.util.concurrent.locks.LockSupport.parkNanos(LockSupport.java:269)
 java.base/java.util.concurrent.locks.AbstractQueuedSynchronizer$ConditionObject.awaitNanos(AbstractQueuedSynchronizer.java:1763)
 java.base/java.util.concurrent.ScheduledThreadPoolExecutor$DelayedWorkQueue.take(ScheduledThreadPoolExecutor.java:1182)
 java.base/java.util.concurrent.ScheduledThreadPoolExecutor$DelayedWorkQueue.take(ScheduledThreadPoolExecutor.java:899)
 java.base/java.util.concurrent.ThreadPoolExecutor.getTask(ThreadPoolExecutor.java:1070)
 java.base/java.util.concurrent.ThreadPoolExecutor.runWorker(ThreadPoolExecutor.java:1130)
 java.base/java.util.concurrent.ThreadPoolExecutor$Worker.run(ThreadPoolExecutor.java:642)
 java.base/java.lang.Thread.run(Thread.java:1583)
11-09 18:28:18.216 WARN  [main] [org.apache.catalina.loader.WebappClassLoaderBase] : The web application [ROOT] appears to have started a thread named [com.alibaba.nacos.naming.push.receiver] but has failed to stop it. This is very likely to create a memory leak. Stack trace of thread:
 java.base/sun.nio.ch.DatagramChannelImpl.receive0(Native Method)
 java.base/sun.nio.ch.DatagramChannelImpl.receiveIntoNativeBuffer(DatagramChannelImpl.java:814)
 java.base/sun.nio.ch.DatagramChannelImpl.receive(DatagramChannelImpl.java:790)
 java.base/sun.nio.ch.DatagramChannelImpl.tryBlockingReceive(DatagramChannelImpl.java:751)
 java.base/sun.nio.ch.DatagramChannelImpl.blockingReceive(DatagramChannelImpl.java:692)
 java.base/sun.nio.ch.DatagramSocketAdaptor.receive(DatagramSocketAdaptor.java:204)
 java.base/java.net.DatagramSocket.receive(DatagramSocket.java:714)
 com.alibaba.nacos.client.naming.core.PushReceiver.run(PushReceiver.java:73)
 java.base/java.util.concurrent.Executors$RunnableAdapter.call(Executors.java:572)
 java.base/java.util.concurrent.FutureTask.run(FutureTask.java:317)
 java.base/java.util.concurrent.ScheduledThreadPoolExecutor$ScheduledFutureTask.run(ScheduledThreadPoolExecutor.java:304)
 java.base/java.util.concurrent.ThreadPoolExecutor.runWorker(ThreadPoolExecutor.java:1144)
 java.base/java.util.concurrent.ThreadPoolExecutor$Worker.run(ThreadPoolExecutor.java:642)
 java.base/java.lang.Thread.run(Thread.java:1583)
11-09 18:28:18.216 WARN  [main] [org.apache.catalina.loader.WebappClassLoaderBase] : The web application [ROOT] appears to have started a thread named [Druid-ConnectionPool-Create-964981922] but has failed to stop it. This is very likely to create a memory leak. Stack trace of thread:
 java.base/jdk.internal.misc.Unsafe.park(Native Method)
 java.base/java.util.concurrent.locks.LockSupport.park(LockSupport.java:371)
 java.base/java.util.concurrent.locks.AbstractQueuedSynchronizer$ConditionNode.block(AbstractQueuedSynchronizer.java:519)
 java.base/java.util.concurrent.ForkJoinPool.unmanagedBlock(ForkJoinPool.java:3780)
 java.base/java.util.concurrent.ForkJoinPool.managedBlock(ForkJoinPool.java:3725)
 java.base/java.util.concurrent.locks.AbstractQueuedSynchronizer$ConditionObject.await(AbstractQueuedSynchronizer.java:1712)
 com.alibaba.druid.pool.DruidDataSource$CreateConnectionThread.run(DruidDataSource.java:2754)
11-09 18:28:18.217 WARN  [main] [org.apache.catalina.loader.WebappClassLoaderBase] : The web application [ROOT] appears to have started a thread named [Druid-ConnectionPool-Destroy-964981922] but has failed to stop it. This is very likely to create a memory leak. Stack trace of thread:
 java.base/java.lang.Thread.sleep0(Native Method)
 java.base/java.lang.Thread.sleep(Thread.java:509)
 com.alibaba.druid.pool.DruidDataSource$DestroyConnectionThread.run(DruidDataSource.java:2850)
11-09 18:28:18.217 WARN  [main] [org.apache.catalina.loader.WebappClassLoaderBase] : The web application [ROOT] appears to have started a thread named [Druid-ConnectionPool-Create-1367503763] but has failed to stop it. This is very likely to create a memory leak. Stack trace of thread:
 java.base/jdk.internal.misc.Unsafe.park(Native Method)
 java.base/java.util.concurrent.locks.LockSupport.park(LockSupport.java:371)
 java.base/java.util.concurrent.locks.AbstractQueuedSynchronizer$ConditionNode.block(AbstractQueuedSynchronizer.java:519)
 java.base/java.util.concurrent.ForkJoinPool.unmanagedBlock(ForkJoinPool.java:3780)
 java.base/java.util.concurrent.ForkJoinPool.managedBlock(ForkJoinPool.java:3725)
 java.base/java.util.concurrent.locks.AbstractQueuedSynchronizer$ConditionObject.await(AbstractQueuedSynchronizer.java:1712)
 com.alibaba.druid.pool.DruidDataSource$CreateConnectionThread.run(DruidDataSource.java:2754)
11-09 18:28:18.217 WARN  [main] [org.apache.catalina.loader.WebappClassLoaderBase] : The web application [ROOT] appears to have started a thread named [Druid-ConnectionPool-Destroy-1367503763] but has failed to stop it. This is very likely to create a memory leak. Stack trace of thread:
 java.base/java.lang.Thread.sleep0(Native Method)
 java.base/java.lang.Thread.sleep(Thread.java:509)
 com.alibaba.druid.pool.DruidDataSource$DestroyConnectionThread.run(DruidDataSource.java:2850)
11-09 18:28:18.232 WARN  [main] [o.s.b.w.s.c.AnnotationConfigServletWebServerApplicationContext] : Exception encountered during context initialization - cancelling refresh attempt: org.springframework.context.ApplicationContextException: Unable to start web server; nested exception is org.springframework.boot.web.server.WebServerException: Unable to start embedded Tomcat
11-09 18:28:18.232 INFO  [main] [c.b.dynamic.datasource.DynamicRoutingDataSource] : dynamic-datasource start closing ....
11-09 18:28:18.241 INFO  [main] [com.alibaba.druid.pool.DruidDataSource] : {dataSource-2} closing ...
11-09 18:28:18.256 INFO  [main] [com.alibaba.druid.pool.DruidDataSource] : {dataSource-2} closed
11-09 18:28:18.256 INFO  [main] [com.alibaba.druid.pool.DruidDataSource] : {dataSource-1} closing ...
11-09 18:28:18.258 INFO  [main] [com.alibaba.druid.pool.DruidDataSource] : {dataSource-1} closed
11-09 18:28:18.258 INFO  [main] [c.b.dynamic.datasource.DynamicRoutingDataSource] : dynamic-datasource all closed success,bye
11-09 18:28:18.263 INFO  [main] [c.a.n.s.c.a.c.NacosValueAnnotationBeanPostProcessor] : class com.alibaba.nacos.spring.context.annotation.config.NacosValueAnnotationBeanPostProcessor was destroying!
11-09 18:28:18.264 INFO  [main] [c.a.n.s.b.f.a.AnnotationNacosInjectedBeanPostProcessor] : class com.alibaba.nacos.spring.beans.factory.annotation.AnnotationNacosInjectedBeanPostProcessor was destroying!
11-09 18:28:18.305 INFO  [main] [o.s.b.a.l.ConditionEvaluationReportLoggingListener] : 

Error starting ApplicationContext. To display the conditions report re-run your application with 'debug' enabled.
11-09 18:28:18.323 ERROR [main] [org.springframework.boot.SpringApplication] : Application run failed
org.springframework.context.ApplicationContextException: Unable to start web server; nested exception is org.springframework.boot.web.server.WebServerException: Unable to start embedded Tomcat
	at org.springframework.boot.web.servlet.context.ServletWebServerApplicationContext.onRefresh(ServletWebServerApplicationContext.java:156)
	at org.springframework.context.support.AbstractApplicationContext.refresh(AbstractApplicationContext.java:544)
	at org.springframework.boot.web.servlet.context.ServletWebServerApplicationContext.refresh(ServletWebServerApplicationContext.java:141)
	at org.springframework.boot.SpringApplication.refresh(SpringApplication.java:747)
	at org.springframework.boot.SpringApplication.refreshContext(SpringApplication.java:397)
	at org.springframework.boot.SpringApplication.run(SpringApplication.java:315)
	at org.springframework.boot.SpringApplication.run(SpringApplication.java:1226)
	at org.springframework.boot.SpringApplication.run(SpringApplication.java:1215)
	at com.petrel.register.RegisterApplication.main(RegisterApplication.java:19)
	at java.base/jdk.internal.reflect.DirectMethodHandleAccessor.invoke(DirectMethodHandleAccessor.java:103)
	at java.base/java.lang.reflect.Method.invoke(Method.java:580)
	at org.springframework.boot.loader.MainMethodRunner.run(MainMethodRunner.java:48)
	at org.springframework.boot.loader.Launcher.launch(Launcher.java:87)
	at org.springframework.boot.loader.Launcher.launch(Launcher.java:51)
	at org.springframework.boot.loader.PropertiesLauncher.main(PropertiesLauncher.java:597)
Caused by: org.springframework.boot.web.server.WebServerException: Unable to start embedded Tomcat
	at org.springframework.boot.web.embedded.tomcat.TomcatWebServer.initialize(TomcatWebServer.java:126)
	at org.springframework.boot.web.embedded.tomcat.TomcatWebServer.<init>(TomcatWebServer.java:88)
	at org.springframework.boot.web.embedded.tomcat.TomcatServletWebServerFactory.getTomcatWebServer(TomcatServletWebServerFactory.java:438)
	at org.springframework.boot.web.embedded.tomcat.TomcatServletWebServerFactory.getWebServer(TomcatServletWebServerFactory.java:191)
	at org.springframework.boot.web.servlet.context.ServletWebServerApplicationContext.createWebServer(ServletWebServerApplicationContext.java:180)
	at org.springframework.boot.web.servlet.context.ServletWebServerApplicationContext.onRefresh(ServletWebServerApplicationContext.java:153)
	... 14 common frames omitted
Caused by: org.springframework.beans.factory.BeanCreationException: Error creating bean with name 'servletEndpointRegistrar' defined in class path resource [org/springframework/boot/actuate/autoconfigure/endpoint/web/ServletEndpointManagementContextConfiguration$WebMvcServletEndpointManagementContextConfiguration.class]: Bean instantiation via factory method failed; nested exception is org.springframework.beans.BeanInstantiationException: Failed to instantiate [org.springframework.boot.actuate.endpoint.web.ServletEndpointRegistrar]: Factory method 'servletEndpointRegistrar' threw exception; nested exception is org.springframework.beans.factory.UnsatisfiedDependencyException: Error creating bean with name 'healthEndpoint' defined in class path resource [org/springframework/boot/actuate/autoconfigure/health/HealthEndpointConfiguration.class]: Unsatisfied dependency expressed through method 'healthEndpoint' parameter 0; nested exception is org.springframework.beans.factory.BeanCreationException: Error creating bean with name 'healthContributorRegistry' defined in class path resource [org/springframework/boot/actuate/autoconfigure/health/HealthEndpointConfiguration.class]: Bean instantiation via factory method failed; nested exception is org.springframework.beans.BeanInstantiationException: Failed to instantiate [org.springframework.boot.actuate.health.HealthContributorRegistry]: Factory method 'healthContributorRegistry' threw exception; nested exception is org.springframework.beans.factory.UnsatisfiedDependencyException: Error creating bean with name 'org.springframework.boot.actuate.autoconfigure.redis.RedisReactiveHealthContributorAutoConfiguration': Unsatisfied dependency expressed through constructor parameter 0; nested exception is org.springframework.beans.factory.UnsatisfiedDependencyException: Error creating bean with name 'lettuceConnectionFactory' defined in class path resource [com/petrel/common/config/RedisSourceConfiguration.class]: Unsatisfied dependency expressed through method 'lettuceConnectionFactory' parameter 0; nested exception is org.springframework.beans.factory.UnsatisfiedDependencyException: Error creating bean with name 'genericObjectPoolConfig' defined in class path resource [com/petrel/common/config/RedisSourceConfiguration.class]: Unsatisfied dependency expressed through method 'genericObjectPoolConfig' parameter 0; nested exception is org.springframework.beans.factory.BeanCreationException: Error creating bean with name 'redisSourceProperties': Injection of autowired dependencies failed; nested exception is java.lang.IllegalArgumentException: Could not resolve placeholder 'redis.password' in value "${redis.password}"
	at org.springframework.beans.factory.support.ConstructorResolver.instantiate(ConstructorResolver.java:656)
	at org.springframework.beans.factory.support.ConstructorResolver.instantiateUsingFactoryMethod(ConstructorResolver.java:636)
	at org.springframework.beans.factory.support.AbstractAutowireCapableBeanFactory.instantiateUsingFactoryMethod(AbstractAutowireCapableBeanFactory.java:1338)
	at org.springframework.beans.factory.support.AbstractAutowireCapableBeanFactory.createBeanInstance(AbstractAutowireCapableBeanFactory.java:1177)
	at org.springframework.beans.factory.support.AbstractAutowireCapableBeanFactory.doCreateBean(AbstractAutowireCapableBeanFactory.java:557)
	at org.springframework.beans.factory.support.AbstractAutowireCapableBeanFactory.createBean(AbstractAutowireCapableBeanFactory.java:517)
	at org.springframework.beans.factory.support.AbstractBeanFactory.lambda$doGetBean$0(AbstractBeanFactory.java:323)
	at org.springframework.beans.factory.support.DefaultSingletonBeanRegistry.getSingleton(DefaultSingletonBeanRegistry.java:222)
	at org.springframework.beans.factory.support.AbstractBeanFactory.doGetBean(AbstractBeanFactory.java:321)
	at org.springframework.beans.factory.support.AbstractBeanFactory.getBean(AbstractBeanFactory.java:207)
	at org.springframework.boot.web.servlet.ServletContextInitializerBeans.getOrderedBeansOfType(ServletContextInitializerBeans.java:211)
	at org.springframework.boot.web.servlet.ServletContextInitializerBeans.getOrderedBeansOfType(ServletContextInitializerBeans.java:202)
	at org.springframework.boot.web.servlet.ServletContextInitializerBeans.addServletContextInitializerBeans(ServletContextInitializerBeans.java:96)
	at org.springframework.boot.web.servlet.ServletContextInitializerBeans.<init>(ServletContextInitializerBeans.java:85)
	at org.springframework.boot.web.servlet.context.ServletWebServerApplicationContext.getServletContextInitializerBeans(ServletWebServerApplicationContext.java:253)
	at org.springframework.boot.web.servlet.context.ServletWebServerApplicationContext.selfInitialize(ServletWebServerApplicationContext.java:227)
	at org.springframework.boot.web.embedded.tomcat.TomcatStarter.onStartup(TomcatStarter.java:53)
	at org.apache.catalina.core.StandardContext.startInternal(StandardContext.java:5135)
	at org.apache.catalina.util.LifecycleBase.start(LifecycleBase.java:183)
	at org.apache.catalina.core.ContainerBase$StartChild.call(ContainerBase.java:1384)
	at org.apache.catalina.core.ContainerBase$StartChild.call(ContainerBase.java:1374)
	at java.base/java.util.concurrent.FutureTask.run(FutureTask.java:317)
	at org.apache.tomcat.util.threads.InlineExecutorService.execute(InlineExecutorService.java:75)
	at java.base/java.util.concurrent.AbstractExecutorService.submit(AbstractExecutorService.java:145)
	at org.apache.catalina.core.ContainerBase.startInternal(ContainerBase.java:909)
	at org.apache.catalina.core.StandardHost.startInternal(StandardHost.java:841)
	at org.apache.catalina.util.LifecycleBase.start(LifecycleBase.java:183)
	at org.apache.catalina.core.ContainerBase$StartChild.call(ContainerBase.java:1384)
	at org.apache.catalina.core.ContainerBase$StartChild.call(ContainerBase.java:1374)
	at java.base/java.util.concurrent.FutureTask.run(FutureTask.java:317)
	at org.apache.tomcat.util.threads.InlineExecutorService.execute(InlineExecutorService.java:75)
	at java.base/java.util.concurrent.AbstractExecutorService.submit(AbstractExecutorService.java:145)
	at org.apache.catalina.core.ContainerBase.startInternal(ContainerBase.java:909)
	at org.apache.catalina.core.StandardEngine.startInternal(StandardEngine.java:262)
	at org.apache.catalina.util.LifecycleBase.start(LifecycleBase.java:183)
	at org.apache.catalina.core.StandardService.startInternal(StandardService.java:421)
	at org.apache.catalina.util.LifecycleBase.start(LifecycleBase.java:183)
	at org.apache.catalina.core.StandardServer.startInternal(StandardServer.java:930)
	at org.apache.catalina.util.LifecycleBase.start(LifecycleBase.java:183)
	at org.apache.catalina.startup.Tomcat.start(Tomcat.java:467)
	at org.springframework.boot.web.embedded.tomcat.TomcatWebServer.initialize(TomcatWebServer.java:107)
	... 19 common frames omitted
Caused by: org.springframework.beans.BeanInstantiationException: Failed to instantiate [org.springframework.boot.actuate.endpoint.web.ServletEndpointRegistrar]: Factory method 'servletEndpointRegistrar' threw exception; nested exception is org.springframework.beans.factory.UnsatisfiedDependencyException: Error creating bean with name 'healthEndpoint' defined in class path resource [org/springframework/boot/actuate/autoconfigure/health/HealthEndpointConfiguration.class]: Unsatisfied dependency expressed through method 'healthEndpoint' parameter 0; nested exception is org.springframework.beans.factory.BeanCreationException: Error creating bean with name 'healthContributorRegistry' defined in class path resource [org/springframework/boot/actuate/autoconfigure/health/HealthEndpointConfiguration.class]: Bean instantiation via factory method failed; nested exception is org.springframework.beans.BeanInstantiationException: Failed to instantiate [org.springframework.boot.actuate.health.HealthContributorRegistry]: Factory method 'healthContributorRegistry' threw exception; nested exception is org.springframework.beans.factory.UnsatisfiedDependencyException: Error creating bean with name 'org.springframework.boot.actuate.autoconfigure.redis.RedisReactiveHealthContributorAutoConfiguration': Unsatisfied dependency expressed through constructor parameter 0; nested exception is org.springframework.beans.factory.UnsatisfiedDependencyException: Error creating bean with name 'lettuceConnectionFactory' defined in class path resource [com/petrel/common/config/RedisSourceConfiguration.class]: Unsatisfied dependency expressed through method 'lettuceConnectionFactory' parameter 0; nested exception is org.springframework.beans.factory.UnsatisfiedDependencyException: Error creating bean with name 'genericObjectPoolConfig' defined in class path resource [com/petrel/common/config/RedisSourceConfiguration.class]: Unsatisfied dependency expressed through method 'genericObjectPoolConfig' parameter 0; nested exception is org.springframework.beans.factory.BeanCreationException: Error creating bean with name 'redisSourceProperties': Injection of autowired dependencies failed; nested exception is java.lang.IllegalArgumentException: Could not resolve placeholder 'redis.password' in value "${redis.password}"
	at org.springframework.beans.factory.support.SimpleInstantiationStrategy.instantiate(SimpleInstantiationStrategy.java:185)
	at org.springframework.beans.factory.support.ConstructorResolver.instantiate(ConstructorResolver.java:651)
	... 59 common frames omitted
Caused by: org.springframework.beans.factory.UnsatisfiedDependencyException: Error creating bean with name 'healthEndpoint' defined in class path resource [org/springframework/boot/actuate/autoconfigure/health/HealthEndpointConfiguration.class]: Unsatisfied dependency expressed through method 'healthEndpoint' parameter 0; nested exception is org.springframework.beans.factory.BeanCreationException: Error creating bean with name 'healthContributorRegistry' defined in class path resource [org/springframework/boot/actuate/autoconfigure/health/HealthEndpointConfiguration.class]: Bean instantiation via factory method failed; nested exception is org.springframework.beans.BeanInstantiationException: Failed to instantiate [org.springframework.boot.actuate.health.HealthContributorRegistry]: Factory method 'healthContributorRegistry' threw exception; nested exception is org.springframework.beans.factory.UnsatisfiedDependencyException: Error creating bean with name 'org.springframework.boot.actuate.autoconfigure.redis.RedisReactiveHealthContributorAutoConfiguration': Unsatisfied dependency expressed through constructor parameter 0; nested exception is org.springframework.beans.factory.UnsatisfiedDependencyException: Error creating bean with name 'lettuceConnectionFactory' defined in class path resource [com/petrel/common/config/RedisSourceConfiguration.class]: Unsatisfied dependency expressed through method 'lettuceConnectionFactory' parameter 0; nested exception is org.springframework.beans.factory.UnsatisfiedDependencyException: Error creating bean with name 'genericObjectPoolConfig' defined in class path resource [com/petrel/common/config/RedisSourceConfiguration.class]: Unsatisfied dependency expressed through method 'genericObjectPoolConfig' parameter 0; nested exception is org.springframework.beans.factory.BeanCreationException: Error creating bean with name 'redisSourceProperties': Injection of autowired dependencies failed; nested exception is java.lang.IllegalArgumentException: Could not resolve placeholder 'redis.password' in value "${redis.password}"
	at org.springframework.beans.factory.support.ConstructorResolver.createArgumentArray(ConstructorResolver.java:798)
	at org.springframework.beans.factory.support.ConstructorResolver.instantiateUsingFactoryMethod(ConstructorResolver.java:539)
	at org.springframework.beans.factory.support.AbstractAutowireCapableBeanFactory.instantiateUsingFactoryMethod(AbstractAutowireCapableBeanFactory.java:1338)
	at org.springframework.beans.factory.support.AbstractAutowireCapableBeanFactory.createBeanInstance(AbstractAutowireCapableBeanFactory.java:1177)
	at org.springframework.beans.factory.support.AbstractAutowireCapableBeanFactory.doCreateBean(AbstractAutowireCapableBeanFactory.java:557)
	at org.springframework.beans.factory.support.AbstractAutowireCapableBeanFactory.createBean(AbstractAutowireCapableBeanFactory.java:517)
	at org.springframework.beans.factory.support.AbstractBeanFactory.lambda$doGetBean$0(AbstractBeanFactory.java:323)
	at org.springframework.beans.factory.support.DefaultSingletonBeanRegistry.getSingleton(DefaultSingletonBeanRegistry.java:222)
	at org.springframework.beans.factory.support.AbstractBeanFactory.doGetBean(AbstractBeanFactory.java:321)
	at org.springframework.beans.factory.support.AbstractBeanFactory.getBean(AbstractBeanFactory.java:202)
	at org.springframework.context.support.AbstractApplicationContext.getBean(AbstractApplicationContext.java:1108)
	at org.springframework.boot.actuate.endpoint.annotation.EndpointDiscoverer.createEndpointBean(EndpointDiscoverer.java:143)
	at org.springframework.boot.actuate.endpoint.annotation.EndpointDiscoverer.createEndpointBeans(EndpointDiscoverer.java:133)
	at org.springframework.boot.actuate.endpoint.annotation.EndpointDiscoverer.discoverEndpoints(EndpointDiscoverer.java:122)
	at org.springframework.boot.actuate.endpoint.annotation.EndpointDiscoverer.getEndpoints(EndpointDiscoverer.java:116)
	at org.springframework.boot.actuate.autoconfigure.endpoint.web.ServletEndpointManagementContextConfiguration$WebMvcServletEndpointManagementContextConfiguration.servletEndpointRegistrar(ServletEndpointManagementContextConfiguration.java:65)
	at java.base/jdk.internal.reflect.DirectMethodHandleAccessor.invoke(DirectMethodHandleAccessor.java:103)
	at java.base/java.lang.reflect.Method.invoke(Method.java:580)
	at org.springframework.beans.factory.support.SimpleInstantiationStrategy.instantiate(SimpleInstantiationStrategy.java:154)
	... 60 common frames omitted
Caused by: org.springframework.beans.factory.BeanCreationException: Error creating bean with name 'healthContributorRegistry' defined in class path resource [org/springframework/boot/actuate/autoconfigure/health/HealthEndpointConfiguration.class]: Bean instantiation via factory method failed; nested exception is org.springframework.beans.BeanInstantiationException: Failed to instantiate [org.springframework.boot.actuate.health.HealthContributorRegistry]: Factory method 'healthContributorRegistry' threw exception; nested exception is org.springframework.beans.factory.UnsatisfiedDependencyException: Error creating bean with name 'org.springframework.boot.actuate.autoconfigure.redis.RedisReactiveHealthContributorAutoConfiguration': Unsatisfied dependency expressed through constructor parameter 0; nested exception is org.springframework.beans.factory.UnsatisfiedDependencyException: Error creating bean with name 'lettuceConnectionFactory' defined in class path resource [com/petrel/common/config/RedisSourceConfiguration.class]: Unsatisfied dependency expressed through method 'lettuceConnectionFactory' parameter 0; nested exception is org.springframework.beans.factory.UnsatisfiedDependencyException: Error creating bean with name 'genericObjectPoolConfig' defined in class path resource [com/petrel/common/config/RedisSourceConfiguration.class]: Unsatisfied dependency expressed through method 'genericObjectPoolConfig' parameter 0; nested exception is org.springframework.beans.factory.BeanCreationException: Error creating bean with name 'redisSourceProperties': Injection of autowired dependencies failed; nested exception is java.lang.IllegalArgumentException: Could not resolve placeholder 'redis.password' in value "${redis.password}"
	at org.springframework.beans.factory.support.ConstructorResolver.instantiate(ConstructorResolver.java:656)
	at org.springframework.beans.factory.support.ConstructorResolver.instantiateUsingFactoryMethod(ConstructorResolver.java:636)
	at org.springframework.beans.factory.support.AbstractAutowireCapableBeanFactory.instantiateUsingFactoryMethod(AbstractAutowireCapableBeanFactory.java:1338)
	at org.springframework.beans.factory.support.AbstractAutowireCapableBeanFactory.createBeanInstance(AbstractAutowireCapableBeanFactory.java:1177)
	at org.springframework.beans.factory.support.AbstractAutowireCapableBeanFactory.doCreateBean(AbstractAutowireCapableBeanFactory.java:557)
	at org.springframework.beans.factory.support.AbstractAutowireCapableBeanFactory.createBean(AbstractAutowireCapableBeanFactory.java:517)
	at org.springframework.beans.factory.support.AbstractBeanFactory.lambda$doGetBean$0(AbstractBeanFactory.java:323)
	at org.springframework.beans.factory.support.DefaultSingletonBeanRegistry.getSingleton(DefaultSingletonBeanRegistry.java:222)
	at org.springframework.beans.factory.support.AbstractBeanFactory.doGetBean(AbstractBeanFactory.java:321)
	at org.springframework.beans.factory.support.AbstractBeanFactory.getBean(AbstractBeanFactory.java:202)
	at org.springframework.beans.factory.config.DependencyDescriptor.resolveCandidate(DependencyDescriptor.java:276)
	at org.springframework.beans.factory.support.DefaultListableBeanFactory.doResolveDependency(DefaultListableBeanFactory.java:1287)
	at org.springframework.beans.factory.support.DefaultListableBeanFactory.resolveDependency(DefaultListableBeanFactory.java:1207)
	at org.springframework.beans.factory.support.ConstructorResolver.resolveAutowiredArgument(ConstructorResolver.java:885)
	at org.springframework.beans.factory.support.ConstructorResolver.createArgumentArray(ConstructorResolver.java:789)
	... 78 common frames omitted
Caused by: org.springframework.beans.BeanInstantiationException: Failed to instantiate [org.springframework.boot.actuate.health.HealthContributorRegistry]: Factory method 'healthContributorRegistry' threw exception; nested exception is org.springframework.beans.factory.UnsatisfiedDependencyException: Error creating bean with name 'org.springframework.boot.actuate.autoconfigure.redis.RedisReactiveHealthContributorAutoConfiguration': Unsatisfied dependency expressed through constructor parameter 0; nested exception is org.springframework.beans.factory.UnsatisfiedDependencyException: Error creating bean with name 'lettuceConnectionFactory' defined in class path resource [com/petrel/common/config/RedisSourceConfiguration.class]: Unsatisfied dependency expressed through method 'lettuceConnectionFactory' parameter 0; nested exception is org.springframework.beans.factory.UnsatisfiedDependencyException: Error creating bean with name 'genericObjectPoolConfig' defined in class path resource [com/petrel/common/config/RedisSourceConfiguration.class]: Unsatisfied dependency expressed through method 'genericObjectPoolConfig' parameter 0; nested exception is org.springframework.beans.factory.BeanCreationException: Error creating bean with name 'redisSourceProperties': Injection of autowired dependencies failed; nested exception is java.lang.IllegalArgumentException: Could not resolve placeholder 'redis.password' in value "${redis.password}"
	at org.springframework.beans.factory.support.SimpleInstantiationStrategy.instantiate(SimpleInstantiationStrategy.java:185)
	at org.springframework.beans.factory.support.ConstructorResolver.instantiate(ConstructorResolver.java:651)
	... 92 common frames omitted
Caused by: org.springframework.beans.factory.UnsatisfiedDependencyException: Error creating bean with name 'org.springframework.boot.actuate.autoconfigure.redis.RedisReactiveHealthContributorAutoConfiguration': Unsatisfied dependency expressed through constructor parameter 0; nested exception is org.springframework.beans.factory.UnsatisfiedDependencyException: Error creating bean with name 'lettuceConnectionFactory' defined in class path resource [com/petrel/common/config/RedisSourceConfiguration.class]: Unsatisfied dependency expressed through method 'lettuceConnectionFactory' parameter 0; nested exception is org.springframework.beans.factory.UnsatisfiedDependencyException: Error creating bean with name 'genericObjectPoolConfig' defined in class path resource [com/petrel/common/config/RedisSourceConfiguration.class]: Unsatisfied dependency expressed through method 'genericObjectPoolConfig' parameter 0; nested exception is org.springframework.beans.factory.BeanCreationException: Error creating bean with name 'redisSourceProperties': Injection of autowired dependencies failed; nested exception is java.lang.IllegalArgumentException: Could not resolve placeholder 'redis.password' in value "${redis.password}"
	at org.springframework.beans.factory.support.ConstructorResolver.createArgumentArray(ConstructorResolver.java:798)
	at org.springframework.beans.factory.support.ConstructorResolver.autowireConstructor(ConstructorResolver.java:228)
	at org.springframework.beans.factory.support.AbstractAutowireCapableBeanFactory.autowireConstructor(AbstractAutowireCapableBeanFactory.java:1358)
	at org.springframework.beans.factory.support.AbstractAutowireCapableBeanFactory.createBeanInstance(AbstractAutowireCapableBeanFactory.java:1204)
	at org.springframework.beans.factory.support.AbstractAutowireCapableBeanFactory.doCreateBean(AbstractAutowireCapableBeanFactory.java:557)
	at org.springframework.beans.factory.support.AbstractAutowireCapableBeanFactory.createBean(AbstractAutowireCapableBeanFactory.java:517)
	at org.springframework.beans.factory.support.AbstractBeanFactory.lambda$doGetBean$0(AbstractBeanFactory.java:323)
	at org.springframework.beans.factory.support.DefaultSingletonBeanRegistry.getSingleton(DefaultSingletonBeanRegistry.java:222)
	at org.springframework.beans.factory.support.AbstractBeanFactory.doGetBean(AbstractBeanFactory.java:321)
	at org.springframework.beans.factory.support.AbstractBeanFactory.getBean(AbstractBeanFactory.java:202)
	at org.springframework.beans.factory.support.ConstructorResolver.instantiateUsingFactoryMethod(ConstructorResolver.java:409)
	at org.springframework.beans.factory.support.AbstractAutowireCapableBeanFactory.instantiateUsingFactoryMethod(AbstractAutowireCapableBeanFactory.java:1338)
	at org.springframework.beans.factory.support.AbstractAutowireCapableBeanFactory.createBeanInstance(AbstractAutowireCapableBeanFactory.java:1177)
	at org.springframework.beans.factory.support.AbstractAutowireCapableBeanFactory.doCreateBean(AbstractAutowireCapableBeanFactory.java:557)
	at org.springframework.beans.factory.support.AbstractAutowireCapableBeanFactory.createBean(AbstractAutowireCapableBeanFactory.java:517)
	at org.springframework.beans.factory.support.AbstractBeanFactory.lambda$doGetBean$0(AbstractBeanFactory.java:323)
	at org.springframework.beans.factory.support.DefaultSingletonBeanRegistry.getSingleton(DefaultSingletonBeanRegistry.java:222)
	at org.springframework.beans.factory.support.AbstractBeanFactory.doGetBean(AbstractBeanFactory.java:321)
	at org.springframework.beans.factory.support.AbstractBeanFactory.getBean(AbstractBeanFactory.java:202)
	at org.springframework.beans.factory.support.DefaultListableBeanFactory.getBeansOfType(DefaultListableBeanFactory.java:617)
	at org.springframework.beans.factory.support.DefaultListableBeanFactory.getBeansOfType(DefaultListableBeanFactory.java:605)
	at org.springframework.context.support.AbstractApplicationContext.getBeansOfType(AbstractApplicationContext.java:1242)
	at org.springframework.boot.actuate.autoconfigure.health.HealthEndpointConfiguration$AdaptedReactiveHealthContributors.<init>(HealthEndpointConfiguration.java:101)
	at org.springframework.boot.actuate.autoconfigure.health.HealthEndpointConfiguration.healthContributorRegistry(HealthEndpointConfiguration.java:80)
	at java.base/jdk.internal.reflect.DirectMethodHandleAccessor.invoke(DirectMethodHandleAccessor.java:103)
	at java.base/java.lang.reflect.Method.invoke(Method.java:580)
	at org.springframework.beans.factory.support.SimpleInstantiationStrategy.instantiate(SimpleInstantiationStrategy.java:154)
	... 93 common frames omitted
Caused by: org.springframework.beans.factory.UnsatisfiedDependencyException: Error creating bean with name 'lettuceConnectionFactory' defined in class path resource [com/petrel/common/config/RedisSourceConfiguration.class]: Unsatisfied dependency expressed through method 'lettuceConnectionFactory' parameter 0; nested exception is org.springframework.beans.factory.UnsatisfiedDependencyException: Error creating bean with name 'genericObjectPoolConfig' defined in class path resource [com/petrel/common/config/RedisSourceConfiguration.class]: Unsatisfied dependency expressed through method 'genericObjectPoolConfig' parameter 0; nested exception is org.springframework.beans.factory.BeanCreationException: Error creating bean with name 'redisSourceProperties': Injection of autowired dependencies failed; nested exception is java.lang.IllegalArgumentException: Could not resolve placeholder 'redis.password' in value "${redis.password}"
	at org.springframework.beans.factory.support.ConstructorResolver.createArgumentArray(ConstructorResolver.java:798)
	at org.springframework.beans.factory.support.ConstructorResolver.instantiateUsingFactoryMethod(ConstructorResolver.java:539)
	at org.springframework.beans.factory.support.AbstractAutowireCapableBeanFactory.instantiateUsingFactoryMethod(AbstractAutowireCapableBeanFactory.java:1338)
	at org.springframework.beans.factory.support.AbstractAutowireCapableBeanFactory.createBeanInstance(AbstractAutowireCapableBeanFactory.java:1177)
	at org.springframework.beans.factory.support.AbstractAutowireCapableBeanFactory.doCreateBean(AbstractAutowireCapableBeanFactory.java:557)
	at org.springframework.beans.factory.support.AbstractAutowireCapableBeanFactory.createBean(AbstractAutowireCapableBeanFactory.java:517)
	at org.springframework.beans.factory.support.AbstractBeanFactory.lambda$doGetBean$0(AbstractBeanFactory.java:323)
	at org.springframework.beans.factory.support.DefaultSingletonBeanRegistry.getSingleton(DefaultSingletonBeanRegistry.java:222)
	at org.springframework.beans.factory.support.AbstractBeanFactory.doGetBean(AbstractBeanFactory.java:321)
	at org.springframework.beans.factory.support.AbstractBeanFactory.getBean(AbstractBeanFactory.java:202)
	at org.springframework.beans.factory.config.DependencyDescriptor.resolveCandidate(DependencyDescriptor.java:276)
	at org.springframework.beans.factory.support.DefaultListableBeanFactory.addCandidateEntry(DefaultListableBeanFactory.java:1503)
	at org.springframework.beans.factory.support.DefaultListableBeanFactory.findAutowireCandidates(DefaultListableBeanFactory.java:1467)
	at org.springframework.beans.factory.support.DefaultListableBeanFactory.resolveMultipleBeans(DefaultListableBeanFactory.java:1386)
	at org.springframework.beans.factory.support.DefaultListableBeanFactory.doResolveDependency(DefaultListableBeanFactory.java:1245)
	at org.springframework.beans.factory.support.DefaultListableBeanFactory.resolveDependency(DefaultListableBeanFactory.java:1207)
	at org.springframework.beans.factory.support.ConstructorResolver.resolveAutowiredArgument(ConstructorResolver.java:885)
	at org.springframework.beans.factory.support.ConstructorResolver.createArgumentArray(ConstructorResolver.java:789)
	... 119 common frames omitted
Caused by: org.springframework.beans.factory.UnsatisfiedDependencyException: Error creating bean with name 'genericObjectPoolConfig' defined in class path resource [com/petrel/common/config/RedisSourceConfiguration.class]: Unsatisfied dependency expressed through method 'genericObjectPoolConfig' parameter 0; nested exception is org.springframework.beans.factory.BeanCreationException: Error creating bean with name 'redisSourceProperties': Injection of autowired dependencies failed; nested exception is java.lang.IllegalArgumentException: Could not resolve placeholder 'redis.password' in value "${redis.password}"
	at org.springframework.beans.factory.support.ConstructorResolver.createArgumentArray(ConstructorResolver.java:798)
	at org.springframework.beans.factory.support.ConstructorResolver.instantiateUsingFactoryMethod(ConstructorResolver.java:539)
	at org.springframework.beans.factory.support.AbstractAutowireCapableBeanFactory.instantiateUsingFactoryMethod(AbstractAutowireCapableBeanFactory.java:1338)
	at org.springframework.beans.factory.support.AbstractAutowireCapableBeanFactory.createBeanInstance(AbstractAutowireCapableBeanFactory.java:1177)
	at org.springframework.beans.factory.support.AbstractAutowireCapableBeanFactory.doCreateBean(AbstractAutowireCapableBeanFactory.java:557)
	at org.springframework.beans.factory.support.AbstractAutowireCapableBeanFactory.createBean(AbstractAutowireCapableBeanFactory.java:517)
	at org.springframework.beans.factory.support.AbstractBeanFactory.lambda$doGetBean$0(AbstractBeanFactory.java:323)
	at org.springframework.beans.factory.support.DefaultSingletonBeanRegistry.getSingleton(DefaultSingletonBeanRegistry.java:222)
	at org.springframework.beans.factory.support.AbstractBeanFactory.doGetBean(AbstractBeanFactory.java:321)
	at org.springframework.beans.factory.support.AbstractBeanFactory.getBean(AbstractBeanFactory.java:202)
	at org.springframework.beans.factory.config.DependencyDescriptor.resolveCandidate(DependencyDescriptor.java:276)
	at org.springframework.beans.factory.support.DefaultListableBeanFactory.doResolveDependency(DefaultListableBeanFactory.java:1287)
	at org.springframework.beans.factory.support.DefaultListableBeanFactory.resolveDependency(DefaultListableBeanFactory.java:1207)
	at org.springframework.beans.factory.support.ConstructorResolver.resolveAutowiredArgument(ConstructorResolver.java:885)
	at org.springframework.beans.factory.support.ConstructorResolver.createArgumentArray(ConstructorResolver.java:789)
	... 136 common frames omitted
Caused by: org.springframework.beans.factory.BeanCreationException: Error creating bean with name 'redisSourceProperties': Injection of autowired dependencies failed; nested exception is java.lang.IllegalArgumentException: Could not resolve placeholder 'redis.password' in value "${redis.password}"
	at org.springframework.beans.factory.annotation.AutowiredAnnotationBeanPostProcessor.postProcessProperties(AutowiredAnnotationBeanPostProcessor.java:405)
	at org.springframework.beans.factory.support.AbstractAutowireCapableBeanFactory.populateBean(AbstractAutowireCapableBeanFactory.java:1422)
	at org.springframework.beans.factory.support.AbstractAutowireCapableBeanFactory.doCreateBean(AbstractAutowireCapableBeanFactory.java:594)
	at org.springframework.beans.factory.support.AbstractAutowireCapableBeanFactory.createBean(AbstractAutowireCapableBeanFactory.java:517)
	at org.springframework.beans.factory.support.AbstractBeanFactory.lambda$doGetBean$0(AbstractBeanFactory.java:323)
	at org.springframework.beans.factory.support.DefaultSingletonBeanRegistry.getSingleton(DefaultSingletonBeanRegistry.java:222)
	at org.springframework.beans.factory.support.AbstractBeanFactory.doGetBean(AbstractBeanFactory.java:321)
	at org.springframework.beans.factory.support.AbstractBeanFactory.getBean(AbstractBeanFactory.java:202)
	at org.springframework.beans.factory.config.DependencyDescriptor.resolveCandidate(DependencyDescriptor.java:276)
	at org.springframework.beans.factory.support.DefaultListableBeanFactory.doResolveDependency(DefaultListableBeanFactory.java:1287)
	at org.springframework.beans.factory.support.DefaultListableBeanFactory.resolveDependency(DefaultListableBeanFactory.java:1207)
	at org.springframework.beans.factory.support.ConstructorResolver.resolveAutowiredArgument(ConstructorResolver.java:885)
	at org.springframework.beans.factory.support.ConstructorResolver.createArgumentArray(ConstructorResolver.java:789)
	... 150 common frames omitted
Caused by: java.lang.IllegalArgumentException: Could not resolve placeholder 'redis.password' in value "${redis.password}"
	at org.springframework.util.PropertyPlaceholderHelper.parseStringValue(PropertyPlaceholderHelper.java:178)
	at org.springframework.util.PropertyPlaceholderHelper.replacePlaceholders(PropertyPlaceholderHelper.java:124)
	at org.springframework.core.env.AbstractPropertyResolver.doResolvePlaceholders(AbstractPropertyResolver.java:236)
	at org.springframework.core.env.AbstractPropertyResolver.resolveRequiredPlaceholders(AbstractPropertyResolver.java:210)
	at org.springframework.context.support.PropertySourcesPlaceholderConfigurer.lambda$processProperties$0(PropertySourcesPlaceholderConfigurer.java:175)
	at org.springframework.beans.factory.support.AbstractBeanFactory.resolveEmbeddedValue(AbstractBeanFactory.java:909)
	at org.springframework.beans.factory.support.DefaultListableBeanFactory.doResolveDependency(DefaultListableBeanFactory.java:1228)
	at org.springframework.beans.factory.support.DefaultListableBeanFactory.resolveDependency(DefaultListableBeanFactory.java:1207)
	at org.springframework.beans.factory.annotation.AutowiredAnnotationBeanPostProcessor$AutowiredFieldElement.inject(AutowiredAnnotationBeanPostProcessor.java:640)
	at org.springframework.beans.factory.annotation.InjectionMetadata.inject(InjectionMetadata.java:130)
	at org.springframework.beans.factory.annotation.AutowiredAnnotationBeanPostProcessor.postProcessProperties(AutowiredAnnotationBeanPostProcessor.java:399)
	... 162 common frames omitted
11-09 18:28:18.328 ERROR [main] [com.petrel.register.RegisterApplication] : start kernel user error
org.springframework.context.ApplicationContextException: Unable to start web server; nested exception is org.springframework.boot.web.server.WebServerException: Unable to start embedded Tomcat
	at org.springframework.boot.web.servlet.context.ServletWebServerApplicationContext.onRefresh(ServletWebServerApplicationContext.java:156)
	at org.springframework.context.support.AbstractApplicationContext.refresh(AbstractApplicationContext.java:544)
	at org.springframework.boot.web.servlet.context.ServletWebServerApplicationContext.refresh(ServletWebServerApplicationContext.java:141)
	at org.springframework.boot.SpringApplication.refresh(SpringApplication.java:747)
	at org.springframework.boot.SpringApplication.refreshContext(SpringApplication.java:397)
	at org.springframework.boot.SpringApplication.run(SpringApplication.java:315)
	at org.springframework.boot.SpringApplication.run(SpringApplication.java:1226)
	at org.springframework.boot.SpringApplication.run(SpringApplication.java:1215)
	at com.petrel.register.RegisterApplication.main(RegisterApplication.java:19)
	at java.base/jdk.internal.reflect.DirectMethodHandleAccessor.invoke(DirectMethodHandleAccessor.java:103)
	at java.base/java.lang.reflect.Method.invoke(Method.java:580)
	at org.springframework.boot.loader.MainMethodRunner.run(MainMethodRunner.java:48)
	at org.springframework.boot.loader.Launcher.launch(Launcher.java:87)
	at org.springframework.boot.loader.Launcher.launch(Launcher.java:51)
	at org.springframework.boot.loader.PropertiesLauncher.main(PropertiesLauncher.java:597)
Caused by: org.springframework.boot.web.server.WebServerException: Unable to start embedded Tomcat
	at org.springframework.boot.web.embedded.tomcat.TomcatWebServer.initialize(TomcatWebServer.java:126)
	at org.springframework.boot.web.embedded.tomcat.TomcatWebServer.<init>(TomcatWebServer.java:88)
	at org.springframework.boot.web.embedded.tomcat.TomcatServletWebServerFactory.getTomcatWebServer(TomcatServletWebServerFactory.java:438)
	at org.springframework.boot.web.embedded.tomcat.TomcatServletWebServerFactory.getWebServer(TomcatServletWebServerFactory.java:191)
	at org.springframework.boot.web.servlet.context.ServletWebServerApplicationContext.createWebServer(ServletWebServerApplicationContext.java:180)
	at org.springframework.boot.web.servlet.context.ServletWebServerApplicationContext.onRefresh(ServletWebServerApplicationContext.java:153)
	... 14 common frames omitted
Caused by: org.springframework.beans.factory.BeanCreationException: Error creating bean with name 'servletEndpointRegistrar' defined in class path resource [org/springframework/boot/actuate/autoconfigure/endpoint/web/ServletEndpointManagementContextConfiguration$WebMvcServletEndpointManagementContextConfiguration.class]: Bean instantiation via factory method failed; nested exception is org.springframework.beans.BeanInstantiationException: Failed to instantiate [org.springframework.boot.actuate.endpoint.web.ServletEndpointRegistrar]: Factory method 'servletEndpointRegistrar' threw exception; nested exception is org.springframework.beans.factory.UnsatisfiedDependencyException: Error creating bean with name 'healthEndpoint' defined in class path resource [org/springframework/boot/actuate/autoconfigure/health/HealthEndpointConfiguration.class]: Unsatisfied dependency expressed through method 'healthEndpoint' parameter 0; nested exception is org.springframework.beans.factory.BeanCreationException: Error creating bean with name 'healthContributorRegistry' defined in class path resource [org/springframework/boot/actuate/autoconfigure/health/HealthEndpointConfiguration.class]: Bean instantiation via factory method failed; nested exception is org.springframework.beans.BeanInstantiationException: Failed to instantiate [org.springframework.boot.actuate.health.HealthContributorRegistry]: Factory method 'healthContributorRegistry' threw exception; nested exception is org.springframework.beans.factory.UnsatisfiedDependencyException: Error creating bean with name 'org.springframework.boot.actuate.autoconfigure.redis.RedisReactiveHealthContributorAutoConfiguration': Unsatisfied dependency expressed through constructor parameter 0; nested exception is org.springframework.beans.factory.UnsatisfiedDependencyException: Error creating bean with name 'lettuceConnectionFactory' defined in class path resource [com/petrel/common/config/RedisSourceConfiguration.class]: Unsatisfied dependency expressed through method 'lettuceConnectionFactory' parameter 0; nested exception is org.springframework.beans.factory.UnsatisfiedDependencyException: Error creating bean with name 'genericObjectPoolConfig' defined in class path resource [com/petrel/common/config/RedisSourceConfiguration.class]: Unsatisfied dependency expressed through method 'genericObjectPoolConfig' parameter 0; nested exception is org.springframework.beans.factory.BeanCreationException: Error creating bean with name 'redisSourceProperties': Injection of autowired dependencies failed; nested exception is java.lang.IllegalArgumentException: Could not resolve placeholder 'redis.password' in value "${redis.password}"
	at org.springframework.beans.factory.support.ConstructorResolver.instantiate(ConstructorResolver.java:656)
	at org.springframework.beans.factory.support.ConstructorResolver.instantiateUsingFactoryMethod(ConstructorResolver.java:636)
	at org.springframework.beans.factory.support.AbstractAutowireCapableBeanFactory.instantiateUsingFactoryMethod(AbstractAutowireCapableBeanFactory.java:1338)
	at org.springframework.beans.factory.support.AbstractAutowireCapableBeanFactory.createBeanInstance(AbstractAutowireCapableBeanFactory.java:1177)
	at org.springframework.beans.factory.support.AbstractAutowireCapableBeanFactory.doCreateBean(AbstractAutowireCapableBeanFactory.java:557)
	at org.springframework.beans.factory.support.AbstractAutowireCapableBeanFactory.createBean(AbstractAutowireCapableBeanFactory.java:517)
	at org.springframework.beans.factory.support.AbstractBeanFactory.lambda$doGetBean$0(AbstractBeanFactory.java:323)
	at org.springframework.beans.factory.support.DefaultSingletonBeanRegistry.getSingleton(DefaultSingletonBeanRegistry.java:222)
	at org.springframework.beans.factory.support.AbstractBeanFactory.doGetBean(AbstractBeanFactory.java:321)
	at org.springframework.beans.factory.support.AbstractBeanFactory.getBean(AbstractBeanFactory.java:207)
	at org.springframework.boot.web.servlet.ServletContextInitializerBeans.getOrderedBeansOfType(ServletContextInitializerBeans.java:211)
	at org.springframework.boot.web.servlet.ServletContextInitializerBeans.getOrderedBeansOfType(ServletContextInitializerBeans.java:202)
	at org.springframework.boot.web.servlet.ServletContextInitializerBeans.addServletContextInitializerBeans(ServletContextInitializerBeans.java:96)
	at org.springframework.boot.web.servlet.ServletContextInitializerBeans.<init>(ServletContextInitializerBeans.java:85)
	at org.springframework.boot.web.servlet.context.ServletWebServerApplicationContext.getServletContextInitializerBeans(ServletWebServerApplicationContext.java:253)
	at org.springframework.boot.web.servlet.context.ServletWebServerApplicationContext.selfInitialize(ServletWebServerApplicationContext.java:227)
	at org.springframework.boot.web.embedded.tomcat.TomcatStarter.onStartup(TomcatStarter.java:53)
	at org.apache.catalina.core.StandardContext.startInternal(StandardContext.java:5135)
	at org.apache.catalina.util.LifecycleBase.start(LifecycleBase.java:183)
	at org.apache.catalina.core.ContainerBase$StartChild.call(ContainerBase.java:1384)
	at org.apache.catalina.core.ContainerBase$StartChild.call(ContainerBase.java:1374)
	at java.base/java.util.concurrent.FutureTask.run(FutureTask.java:317)
	at org.apache.tomcat.util.threads.InlineExecutorService.execute(InlineExecutorService.java:75)
	at java.base/java.util.concurrent.AbstractExecutorService.submit(AbstractExecutorService.java:145)
	at org.apache.catalina.core.ContainerBase.startInternal(ContainerBase.java:909)
	at org.apache.catalina.core.StandardHost.startInternal(StandardHost.java:841)
	at org.apache.catalina.util.LifecycleBase.start(LifecycleBase.java:183)
	at org.apache.catalina.core.ContainerBase$StartChild.call(ContainerBase.java:1384)
	at org.apache.catalina.core.ContainerBase$StartChild.call(ContainerBase.java:1374)
	at java.base/java.util.concurrent.FutureTask.run(FutureTask.java:317)
	at org.apache.tomcat.util.threads.InlineExecutorService.execute(InlineExecutorService.java:75)
	at java.base/java.util.concurrent.AbstractExecutorService.submit(AbstractExecutorService.java:145)
	at org.apache.catalina.core.ContainerBase.startInternal(ContainerBase.java:909)
	at org.apache.catalina.core.StandardEngine.startInternal(StandardEngine.java:262)
	at org.apache.catalina.util.LifecycleBase.start(LifecycleBase.java:183)
	at org.apache.catalina.core.StandardService.startInternal(StandardService.java:421)
	at org.apache.catalina.util.LifecycleBase.start(LifecycleBase.java:183)
	at org.apache.catalina.core.StandardServer.startInternal(StandardServer.java:930)
	at org.apache.catalina.util.LifecycleBase.start(LifecycleBase.java:183)
	at org.apache.catalina.startup.Tomcat.start(Tomcat.java:467)
	at org.springframework.boot.web.embedded.tomcat.TomcatWebServer.initialize(TomcatWebServer.java:107)
	... 19 common frames omitted
Caused by: org.springframework.beans.BeanInstantiationException: Failed to instantiate [org.springframework.boot.actuate.endpoint.web.ServletEndpointRegistrar]: Factory method 'servletEndpointRegistrar' threw exception; nested exception is org.springframework.beans.factory.UnsatisfiedDependencyException: Error creating bean with name 'healthEndpoint' defined in class path resource [org/springframework/boot/actuate/autoconfigure/health/HealthEndpointConfiguration.class]: Unsatisfied dependency expressed through method 'healthEndpoint' parameter 0; nested exception is org.springframework.beans.factory.BeanCreationException: Error creating bean with name 'healthContributorRegistry' defined in class path resource [org/springframework/boot/actuate/autoconfigure/health/HealthEndpointConfiguration.class]: Bean instantiation via factory method failed; nested exception is org.springframework.beans.BeanInstantiationException: Failed to instantiate [org.springframework.boot.actuate.health.HealthContributorRegistry]: Factory method 'healthContributorRegistry' threw exception; nested exception is org.springframework.beans.factory.UnsatisfiedDependencyException: Error creating bean with name 'org.springframework.boot.actuate.autoconfigure.redis.RedisReactiveHealthContributorAutoConfiguration': Unsatisfied dependency expressed through constructor parameter 0; nested exception is org.springframework.beans.factory.UnsatisfiedDependencyException: Error creating bean with name 'lettuceConnectionFactory' defined in class path resource [com/petrel/common/config/RedisSourceConfiguration.class]: Unsatisfied dependency expressed through method 'lettuceConnectionFactory' parameter 0; nested exception is org.springframework.beans.factory.UnsatisfiedDependencyException: Error creating bean with name 'genericObjectPoolConfig' defined in class path resource [com/petrel/common/config/RedisSourceConfiguration.class]: Unsatisfied dependency expressed through method 'genericObjectPoolConfig' parameter 0; nested exception is org.springframework.beans.factory.BeanCreationException: Error creating bean with name 'redisSourceProperties': Injection of autowired dependencies failed; nested exception is java.lang.IllegalArgumentException: Could not resolve placeholder 'redis.password' in value "${redis.password}"
	at org.springframework.beans.factory.support.SimpleInstantiationStrategy.instantiate(SimpleInstantiationStrategy.java:185)
	at org.springframework.beans.factory.support.ConstructorResolver.instantiate(ConstructorResolver.java:651)
	... 59 common frames omitted
Caused by: org.springframework.beans.factory.UnsatisfiedDependencyException: Error creating bean with name 'healthEndpoint' defined in class path resource [org/springframework/boot/actuate/autoconfigure/health/HealthEndpointConfiguration.class]: Unsatisfied dependency expressed through method 'healthEndpoint' parameter 0; nested exception is org.springframework.beans.factory.BeanCreationException: Error creating bean with name 'healthContributorRegistry' defined in class path resource [org/springframework/boot/actuate/autoconfigure/health/HealthEndpointConfiguration.class]: Bean instantiation via factory method failed; nested exception is org.springframework.beans.BeanInstantiationException: Failed to instantiate [org.springframework.boot.actuate.health.HealthContributorRegistry]: Factory method 'healthContributorRegistry' threw exception; nested exception is org.springframework.beans.factory.UnsatisfiedDependencyException: Error creating bean with name 'org.springframework.boot.actuate.autoconfigure.redis.RedisReactiveHealthContributorAutoConfiguration': Unsatisfied dependency expressed through constructor parameter 0; nested exception is org.springframework.beans.factory.UnsatisfiedDependencyException: Error creating bean with name 'lettuceConnectionFactory' defined in class path resource [com/petrel/common/config/RedisSourceConfiguration.class]: Unsatisfied dependency expressed through method 'lettuceConnectionFactory' parameter 0; nested exception is org.springframework.beans.factory.UnsatisfiedDependencyException: Error creating bean with name 'genericObjectPoolConfig' defined in class path resource [com/petrel/common/config/RedisSourceConfiguration.class]: Unsatisfied dependency expressed through method 'genericObjectPoolConfig' parameter 0; nested exception is org.springframework.beans.factory.BeanCreationException: Error creating bean with name 'redisSourceProperties': Injection of autowired dependencies failed; nested exception is java.lang.IllegalArgumentException: Could not resolve placeholder 'redis.password' in value "${redis.password}"
	at org.springframework.beans.factory.support.ConstructorResolver.createArgumentArray(ConstructorResolver.java:798)
	at org.springframework.beans.factory.support.ConstructorResolver.instantiateUsingFactoryMethod(ConstructorResolver.java:539)
	at org.springframework.beans.factory.support.AbstractAutowireCapableBeanFactory.instantiateUsingFactoryMethod(AbstractAutowireCapableBeanFactory.java:1338)
	at org.springframework.beans.factory.support.AbstractAutowireCapableBeanFactory.createBeanInstance(AbstractAutowireCapableBeanFactory.java:1177)
	at org.springframework.beans.factory.support.AbstractAutowireCapableBeanFactory.doCreateBean(AbstractAutowireCapableBeanFactory.java:557)
	at org.springframework.beans.factory.support.AbstractAutowireCapableBeanFactory.createBean(AbstractAutowireCapableBeanFactory.java:517)
	at org.springframework.beans.factory.support.AbstractBeanFactory.lambda$doGetBean$0(AbstractBeanFactory.java:323)
	at org.springframework.beans.factory.support.DefaultSingletonBeanRegistry.getSingleton(DefaultSingletonBeanRegistry.java:222)
	at org.springframework.beans.factory.support.AbstractBeanFactory.doGetBean(AbstractBeanFactory.java:321)
	at org.springframework.beans.factory.support.AbstractBeanFactory.getBean(AbstractBeanFactory.java:202)
	at org.springframework.context.support.AbstractApplicationContext.getBean(AbstractApplicationContext.java:1108)
	at org.springframework.boot.actuate.endpoint.annotation.EndpointDiscoverer.createEndpointBean(EndpointDiscoverer.java:143)
	at org.springframework.boot.actuate.endpoint.annotation.EndpointDiscoverer.createEndpointBeans(EndpointDiscoverer.java:133)
	at org.springframework.boot.actuate.endpoint.annotation.EndpointDiscoverer.discoverEndpoints(EndpointDiscoverer.java:122)
	at org.springframework.boot.actuate.endpoint.annotation.EndpointDiscoverer.getEndpoints(EndpointDiscoverer.java:116)
	at org.springframework.boot.actuate.autoconfigure.endpoint.web.ServletEndpointManagementContextConfiguration$WebMvcServletEndpointManagementContextConfiguration.servletEndpointRegistrar(ServletEndpointManagementContextConfiguration.java:65)
	at java.base/jdk.internal.reflect.DirectMethodHandleAccessor.invoke(DirectMethodHandleAccessor.java:103)
	at java.base/java.lang.reflect.Method.invoke(Method.java:580)
	at org.springframework.beans.factory.support.SimpleInstantiationStrategy.instantiate(SimpleInstantiationStrategy.java:154)
	... 60 common frames omitted
Caused by: org.springframework.beans.factory.BeanCreationException: Error creating bean with name 'healthContributorRegistry' defined in class path resource [org/springframework/boot/actuate/autoconfigure/health/HealthEndpointConfiguration.class]: Bean instantiation via factory method failed; nested exception is org.springframework.beans.BeanInstantiationException: Failed to instantiate [org.springframework.boot.actuate.health.HealthContributorRegistry]: Factory method 'healthContributorRegistry' threw exception; nested exception is org.springframework.beans.factory.UnsatisfiedDependencyException: Error creating bean with name 'org.springframework.boot.actuate.autoconfigure.redis.RedisReactiveHealthContributorAutoConfiguration': Unsatisfied dependency expressed through constructor parameter 0; nested exception is org.springframework.beans.factory.UnsatisfiedDependencyException: Error creating bean with name 'lettuceConnectionFactory' defined in class path resource [com/petrel/common/config/RedisSourceConfiguration.class]: Unsatisfied dependency expressed through method 'lettuceConnectionFactory' parameter 0; nested exception is org.springframework.beans.factory.UnsatisfiedDependencyException: Error creating bean with name 'genericObjectPoolConfig' defined in class path resource [com/petrel/common/config/RedisSourceConfiguration.class]: Unsatisfied dependency expressed through method 'genericObjectPoolConfig' parameter 0; nested exception is org.springframework.beans.factory.BeanCreationException: Error creating bean with name 'redisSourceProperties': Injection of autowired dependencies failed; nested exception is java.lang.IllegalArgumentException: Could not resolve placeholder 'redis.password' in value "${redis.password}"
	at org.springframework.beans.factory.support.ConstructorResolver.instantiate(ConstructorResolver.java:656)
	at org.springframework.beans.factory.support.ConstructorResolver.instantiateUsingFactoryMethod(ConstructorResolver.java:636)
	at org.springframework.beans.factory.support.AbstractAutowireCapableBeanFactory.instantiateUsingFactoryMethod(AbstractAutowireCapableBeanFactory.java:1338)
	at org.springframework.beans.factory.support.AbstractAutowireCapableBeanFactory.createBeanInstance(AbstractAutowireCapableBeanFactory.java:1177)
	at org.springframework.beans.factory.support.AbstractAutowireCapableBeanFactory.doCreateBean(AbstractAutowireCapableBeanFactory.java:557)
	at org.springframework.beans.factory.support.AbstractAutowireCapableBeanFactory.createBean(AbstractAutowireCapableBeanFactory.java:517)
	at org.springframework.beans.factory.support.AbstractBeanFactory.lambda$doGetBean$0(AbstractBeanFactory.java:323)
	at org.springframework.beans.factory.support.DefaultSingletonBeanRegistry.getSingleton(DefaultSingletonBeanRegistry.java:222)
	at org.springframework.beans.factory.support.AbstractBeanFactory.doGetBean(AbstractBeanFactory.java:321)
	at org.springframework.beans.factory.support.AbstractBeanFactory.getBean(AbstractBeanFactory.java:202)
	at org.springframework.beans.factory.config.DependencyDescriptor.resolveCandidate(DependencyDescriptor.java:276)
	at org.springframework.beans.factory.support.DefaultListableBeanFactory.doResolveDependency(DefaultListableBeanFactory.java:1287)
	at org.springframework.beans.factory.support.DefaultListableBeanFactory.resolveDependency(DefaultListableBeanFactory.java:1207)
	at org.springframework.beans.factory.support.ConstructorResolver.resolveAutowiredArgument(ConstructorResolver.java:885)
	at org.springframework.beans.factory.support.ConstructorResolver.createArgumentArray(ConstructorResolver.java:789)
	... 78 common frames omitted
Caused by: org.springframework.beans.BeanInstantiationException: Failed to instantiate [org.springframework.boot.actuate.health.HealthContributorRegistry]: Factory method 'healthContributorRegistry' threw exception; nested exception is org.springframework.beans.factory.UnsatisfiedDependencyException: Error creating bean with name 'org.springframework.boot.actuate.autoconfigure.redis.RedisReactiveHealthContributorAutoConfiguration': Unsatisfied dependency expressed through constructor parameter 0; nested exception is org.springframework.beans.factory.UnsatisfiedDependencyException: Error creating bean with name 'lettuceConnectionFactory' defined in class path resource [com/petrel/common/config/RedisSourceConfiguration.class]: Unsatisfied dependency expressed through method 'lettuceConnectionFactory' parameter 0; nested exception is org.springframework.beans.factory.UnsatisfiedDependencyException: Error creating bean with name 'genericObjectPoolConfig' defined in class path resource [com/petrel/common/config/RedisSourceConfiguration.class]: Unsatisfied dependency expressed through method 'genericObjectPoolConfig' parameter 0; nested exception is org.springframework.beans.factory.BeanCreationException: Error creating bean with name 'redisSourceProperties': Injection of autowired dependencies failed; nested exception is java.lang.IllegalArgumentException: Could not resolve placeholder 'redis.password' in value "${redis.password}"
	at org.springframework.beans.factory.support.SimpleInstantiationStrategy.instantiate(SimpleInstantiationStrategy.java:185)
	at org.springframework.beans.factory.support.ConstructorResolver.instantiate(ConstructorResolver.java:651)
	... 92 common frames omitted
Caused by: org.springframework.beans.factory.UnsatisfiedDependencyException: Error creating bean with name 'org.springframework.boot.actuate.autoconfigure.redis.RedisReactiveHealthContributorAutoConfiguration': Unsatisfied dependency expressed through constructor parameter 0; nested exception is org.springframework.beans.factory.UnsatisfiedDependencyException: Error creating bean with name 'lettuceConnectionFactory' defined in class path resource [com/petrel/common/config/RedisSourceConfiguration.class]: Unsatisfied dependency expressed through method 'lettuceConnectionFactory' parameter 0; nested exception is org.springframework.beans.factory.UnsatisfiedDependencyException: Error creating bean with name 'genericObjectPoolConfig' defined in class path resource [com/petrel/common/config/RedisSourceConfiguration.class]: Unsatisfied dependency expressed through method 'genericObjectPoolConfig' parameter 0; nested exception is org.springframework.beans.factory.BeanCreationException: Error creating bean with name 'redisSourceProperties': Injection of autowired dependencies failed; nested exception is java.lang.IllegalArgumentException: Could not resolve placeholder 'redis.password' in value "${redis.password}"
	at org.springframework.beans.factory.support.ConstructorResolver.createArgumentArray(ConstructorResolver.java:798)
	at org.springframework.beans.factory.support.ConstructorResolver.autowireConstructor(ConstructorResolver.java:228)
	at org.springframework.beans.factory.support.AbstractAutowireCapableBeanFactory.autowireConstructor(AbstractAutowireCapableBeanFactory.java:1358)
	at org.springframework.beans.factory.support.AbstractAutowireCapableBeanFactory.createBeanInstance(AbstractAutowireCapableBeanFactory.java:1204)
	at org.springframework.beans.factory.support.AbstractAutowireCapableBeanFactory.doCreateBean(AbstractAutowireCapableBeanFactory.java:557)
	at org.springframework.beans.factory.support.AbstractAutowireCapableBeanFactory.createBean(AbstractAutowireCapableBeanFactory.java:517)
	at org.springframework.beans.factory.support.AbstractBeanFactory.lambda$doGetBean$0(AbstractBeanFactory.java:323)
	at org.springframework.beans.factory.support.DefaultSingletonBeanRegistry.getSingleton(DefaultSingletonBeanRegistry.java:222)
	at org.springframework.beans.factory.support.AbstractBeanFactory.doGetBean(AbstractBeanFactory.java:321)
	at org.springframework.beans.factory.support.AbstractBeanFactory.getBean(AbstractBeanFactory.java:202)
	at org.springframework.beans.factory.support.ConstructorResolver.instantiateUsingFactoryMethod(ConstructorResolver.java:409)
	at org.springframework.beans.factory.support.AbstractAutowireCapableBeanFactory.instantiateUsingFactoryMethod(AbstractAutowireCapableBeanFactory.java:1338)
	at org.springframework.beans.factory.support.AbstractAutowireCapableBeanFactory.createBeanInstance(AbstractAutowireCapableBeanFactory.java:1177)
	at org.springframework.beans.factory.support.AbstractAutowireCapableBeanFactory.doCreateBean(AbstractAutowireCapableBeanFactory.java:557)
	at org.springframework.beans.factory.support.AbstractAutowireCapableBeanFactory.createBean(AbstractAutowireCapableBeanFactory.java:517)
	at org.springframework.beans.factory.support.AbstractBeanFactory.lambda$doGetBean$0(AbstractBeanFactory.java:323)
	at org.springframework.beans.factory.support.DefaultSingletonBeanRegistry.getSingleton(DefaultSingletonBeanRegistry.java:222)
	at org.springframework.beans.factory.support.AbstractBeanFactory.doGetBean(AbstractBeanFactory.java:321)
	at org.springframework.beans.factory.support.AbstractBeanFactory.getBean(AbstractBeanFactory.java:202)
	at org.springframework.beans.factory.support.DefaultListableBeanFactory.getBeansOfType(DefaultListableBeanFactory.java:617)
	at org.springframework.beans.factory.support.DefaultListableBeanFactory.getBeansOfType(DefaultListableBeanFactory.java:605)
	at org.springframework.context.support.AbstractApplicationContext.getBeansOfType(AbstractApplicationContext.java:1242)
	at org.springframework.boot.actuate.autoconfigure.health.HealthEndpointConfiguration$AdaptedReactiveHealthContributors.<init>(HealthEndpointConfiguration.java:101)
	at org.springframework.boot.actuate.autoconfigure.health.HealthEndpointConfiguration.healthContributorRegistry(HealthEndpointConfiguration.java:80)
	at java.base/jdk.internal.reflect.DirectMethodHandleAccessor.invoke(DirectMethodHandleAccessor.java:103)
	at java.base/java.lang.reflect.Method.invoke(Method.java:580)
	at org.springframework.beans.factory.support.SimpleInstantiationStrategy.instantiate(SimpleInstantiationStrategy.java:154)
	... 93 common frames omitted
Caused by: org.springframework.beans.factory.UnsatisfiedDependencyException: Error creating bean with name 'lettuceConnectionFactory' defined in class path resource [com/petrel/common/config/RedisSourceConfiguration.class]: Unsatisfied dependency expressed through method 'lettuceConnectionFactory' parameter 0; nested exception is org.springframework.beans.factory.UnsatisfiedDependencyException: Error creating bean with name 'genericObjectPoolConfig' defined in class path resource [com/petrel/common/config/RedisSourceConfiguration.class]: Unsatisfied dependency expressed through method 'genericObjectPoolConfig' parameter 0; nested exception is org.springframework.beans.factory.BeanCreationException: Error creating bean with name 'redisSourceProperties': Injection of autowired dependencies failed; nested exception is java.lang.IllegalArgumentException: Could not resolve placeholder 'redis.password' in value "${redis.password}"
	at org.springframework.beans.factory.support.ConstructorResolver.createArgumentArray(ConstructorResolver.java:798)
	at org.springframework.beans.factory.support.ConstructorResolver.instantiateUsingFactoryMethod(ConstructorResolver.java:539)
	at org.springframework.beans.factory.support.AbstractAutowireCapableBeanFactory.instantiateUsingFactoryMethod(AbstractAutowireCapableBeanFactory.java:1338)
	at org.springframework.beans.factory.support.AbstractAutowireCapableBeanFactory.createBeanInstance(AbstractAutowireCapableBeanFactory.java:1177)
	at org.springframework.beans.factory.support.AbstractAutowireCapableBeanFactory.doCreateBean(AbstractAutowireCapableBeanFactory.java:557)
	at org.springframework.beans.factory.support.AbstractAutowireCapableBeanFactory.createBean(AbstractAutowireCapableBeanFactory.java:517)
	at org.springframework.beans.factory.support.AbstractBeanFactory.lambda$doGetBean$0(AbstractBeanFactory.java:323)
	at org.springframework.beans.factory.support.DefaultSingletonBeanRegistry.getSingleton(DefaultSingletonBeanRegistry.java:222)
	at org.springframework.beans.factory.support.AbstractBeanFactory.doGetBean(AbstractBeanFactory.java:321)
	at org.springframework.beans.factory.support.AbstractBeanFactory.getBean(AbstractBeanFactory.java:202)
	at org.springframework.beans.factory.config.DependencyDescriptor.resolveCandidate(DependencyDescriptor.java:276)
	at org.springframework.beans.factory.support.DefaultListableBeanFactory.addCandidateEntry(DefaultListableBeanFactory.java:1503)
	at org.springframework.beans.factory.support.DefaultListableBeanFactory.findAutowireCandidates(DefaultListableBeanFactory.java:1467)
	at org.springframework.beans.factory.support.DefaultListableBeanFactory.resolveMultipleBeans(DefaultListableBeanFactory.java:1386)
	at org.springframework.beans.factory.support.DefaultListableBeanFactory.doResolveDependency(DefaultListableBeanFactory.java:1245)
	at org.springframework.beans.factory.support.DefaultListableBeanFactory.resolveDependency(DefaultListableBeanFactory.java:1207)
	at org.springframework.beans.factory.support.ConstructorResolver.resolveAutowiredArgument(ConstructorResolver.java:885)
	at org.springframework.beans.factory.support.ConstructorResolver.createArgumentArray(ConstructorResolver.java:789)
	... 119 common frames omitted
Caused by: org.springframework.beans.factory.UnsatisfiedDependencyException: Error creating bean with name 'genericObjectPoolConfig' defined in class path resource [com/petrel/common/config/RedisSourceConfiguration.class]: Unsatisfied dependency expressed through method 'genericObjectPoolConfig' parameter 0; nested exception is org.springframework.beans.factory.BeanCreationException: Error creating bean with name 'redisSourceProperties': Injection of autowired dependencies failed; nested exception is java.lang.IllegalArgumentException: Could not resolve placeholder 'redis.password' in value "${redis.password}"
	at org.springframework.beans.factory.support.ConstructorResolver.createArgumentArray(ConstructorResolver.java:798)
	at org.springframework.beans.factory.support.ConstructorResolver.instantiateUsingFactoryMethod(ConstructorResolver.java:539)
	at org.springframework.beans.factory.support.AbstractAutowireCapableBeanFactory.instantiateUsingFactoryMethod(AbstractAutowireCapableBeanFactory.java:1338)
	at org.springframework.beans.factory.support.AbstractAutowireCapableBeanFactory.createBeanInstance(AbstractAutowireCapableBeanFactory.java:1177)
	at org.springframework.beans.factory.support.AbstractAutowireCapableBeanFactory.doCreateBean(AbstractAutowireCapableBeanFactory.java:557)
	at org.springframework.beans.factory.support.AbstractAutowireCapableBeanFactory.createBean(AbstractAutowireCapableBeanFactory.java:517)
	at org.springframework.beans.factory.support.AbstractBeanFactory.lambda$doGetBean$0(AbstractBeanFactory.java:323)
	at org.springframework.beans.factory.support.DefaultSingletonBeanRegistry.getSingleton(DefaultSingletonBeanRegistry.java:222)
	at org.springframework.beans.factory.support.AbstractBeanFactory.doGetBean(AbstractBeanFactory.java:321)
	at org.springframework.beans.factory.support.AbstractBeanFactory.getBean(AbstractBeanFactory.java:202)
	at org.springframework.beans.factory.config.DependencyDescriptor.resolveCandidate(DependencyDescriptor.java:276)
	at org.springframework.beans.factory.support.DefaultListableBeanFactory.doResolveDependency(DefaultListableBeanFactory.java:1287)
	at org.springframework.beans.factory.support.DefaultListableBeanFactory.resolveDependency(DefaultListableBeanFactory.java:1207)
	at org.springframework.beans.factory.support.ConstructorResolver.resolveAutowiredArgument(ConstructorResolver.java:885)
	at org.springframework.beans.factory.support.ConstructorResolver.createArgumentArray(ConstructorResolver.java:789)
	... 136 common frames omitted
Caused by: org.springframework.beans.factory.BeanCreationException: Error creating bean with name 'redisSourceProperties': Injection of autowired dependencies failed; nested exception is java.lang.IllegalArgumentException: Could not resolve placeholder 'redis.password' in value "${redis.password}"
	at org.springframework.beans.factory.annotation.AutowiredAnnotationBeanPostProcessor.postProcessProperties(AutowiredAnnotationBeanPostProcessor.java:405)
	at org.springframework.beans.factory.support.AbstractAutowireCapableBeanFactory.populateBean(AbstractAutowireCapableBeanFactory.java:1422)
	at org.springframework.beans.factory.support.AbstractAutowireCapableBeanFactory.doCreateBean(AbstractAutowireCapableBeanFactory.java:594)
	at org.springframework.beans.factory.support.AbstractAutowireCapableBeanFactory.createBean(AbstractAutowireCapableBeanFactory.java:517)
	at org.springframework.beans.factory.support.AbstractBeanFactory.lambda$doGetBean$0(AbstractBeanFactory.java:323)
	at org.springframework.beans.factory.support.DefaultSingletonBeanRegistry.getSingleton(DefaultSingletonBeanRegistry.java:222)
	at org.springframework.beans.factory.support.AbstractBeanFactory.doGetBean(AbstractBeanFactory.java:321)
	at org.springframework.beans.factory.support.AbstractBeanFactory.getBean(AbstractBeanFactory.java:202)
	at org.springframework.beans.factory.config.DependencyDescriptor.resolveCandidate(DependencyDescriptor.java:276)
	at org.springframework.beans.factory.support.DefaultListableBeanFactory.doResolveDependency(DefaultListableBeanFactory.java:1287)
	at org.springframework.beans.factory.support.DefaultListableBeanFactory.resolveDependency(DefaultListableBeanFactory.java:1207)
	at org.springframework.beans.factory.support.ConstructorResolver.resolveAutowiredArgument(ConstructorResolver.java:885)
	at org.springframework.beans.factory.support.ConstructorResolver.createArgumentArray(ConstructorResolver.java:789)
	... 150 common frames omitted
Caused by: java.lang.IllegalArgumentException: Could not resolve placeholder 'redis.password' in value "${redis.password}"
	at org.springframework.util.PropertyPlaceholderHelper.parseStringValue(PropertyPlaceholderHelper.java:178)
	at org.springframework.util.PropertyPlaceholderHelper.replacePlaceholders(PropertyPlaceholderHelper.java:124)
	at org.springframework.core.env.AbstractPropertyResolver.doResolvePlaceholders(AbstractPropertyResolver.java:236)
	at org.springframework.core.env.AbstractPropertyResolver.resolveRequiredPlaceholders(AbstractPropertyResolver.java:210)
	at org.springframework.context.support.PropertySourcesPlaceholderConfigurer.lambda$processProperties$0(PropertySourcesPlaceholderConfigurer.java:175)
	at org.springframework.beans.factory.support.AbstractBeanFactory.resolveEmbeddedValue(AbstractBeanFactory.java:909)
	at org.springframework.beans.factory.support.DefaultListableBeanFactory.doResolveDependency(DefaultListableBeanFactory.java:1228)
	at org.springframework.beans.factory.support.DefaultListableBeanFactory.resolveDependency(DefaultListableBeanFactory.java:1207)
	at org.springframework.beans.factory.annotation.AutowiredAnnotationBeanPostProcessor$AutowiredFieldElement.inject(AutowiredAnnotationBeanPostProcessor.java:640)
	at org.springframework.beans.factory.annotation.InjectionMetadata.inject(InjectionMetadata.java:130)
	at org.springframework.beans.factory.annotation.AutowiredAnnotationBeanPostProcessor.postProcessProperties(AutowiredAnnotationBeanPostProcessor.java:399)
	... 162 common frames omitted
11-09 18:31:47.584 WARN  [background-preinit] [o.s.h.converter.json.Jackson2ObjectMapperBuilder] : For Jackson Kotlin classes support please add "com.fasterxml.jackson.module:jackson-module-kotlin" to the classpath
11-09 18:31:48.389 INFO  [main] [com.petrel.register.RegisterApplication] : The following profiles are active: prod
11-09 18:31:50.155 WARN  [main] [o.springframework.boot.actuate.endpoint.EndpointId] : Endpoint ID 'nacos-discovery' contains invalid characters, please migrate to a valid format.
11-09 18:31:50.498 INFO  [main] [o.s.d.r.config.RepositoryConfigurationDelegate] : Multiple Spring Data modules found, entering strict repository configuration mode!
11-09 18:31:50.502 INFO  [main] [o.s.d.r.config.RepositoryConfigurationDelegate] : Bootstrapping Spring Data Redis repositories in DEFAULT mode.
11-09 18:31:50.542 INFO  [main] [o.s.d.r.config.RepositoryConfigurationDelegate] : Finished Spring Data repository scanning in 23ms. Found 0 Redis repository interfaces.
11-09 18:31:50.675 WARN  [main] [o.springframework.boot.actuate.endpoint.EndpointId] : Endpoint ID 'service-registry' contains invalid characters, please migrate to a valid format.
11-09 18:31:51.162 INFO  [main] [o.springframework.cloud.context.scope.GenericScope] : BeanFactory id=441f032e-5849-35c7-a938-61bd75f12b40
11-09 18:31:52.242 INFO  [main] [o.s.c.s.PostProcessorRegistrationDelegate$BeanPostProcessorChecker] : Bean 'spring.datasource.dynamic-com.baomidou.dynamic.datasource.spring.boot.autoconfigure.DynamicDataSourceProperties' of type [com.baomidou.dynamic.datasource.spring.boot.autoconfigure.DynamicDataSourceProperties] is not eligible for getting processed by all BeanPostProcessors (for example: not eligible for auto-proxying)
11-09 18:31:52.264 INFO  [main] [o.s.c.s.PostProcessorRegistrationDelegate$BeanPostProcessorChecker] : Bean 'com.baomidou.dynamic.datasource.spring.boot.autoconfigure.DynamicDataSourceAutoConfiguration' of type [com.baomidou.dynamic.datasource.spring.boot.autoconfigure.DynamicDataSourceAutoConfiguration$$EnhancerBySpringCGLIB$$20e079f9] is not eligible for getting processed by all BeanPostProcessors (for example: not eligible for auto-proxying)
11-09 18:31:52.311 INFO  [main] [o.s.c.s.PostProcessorRegistrationDelegate$BeanPostProcessorChecker] : Bean 'dsProcessor' of type [com.baomidou.dynamic.datasource.processor.DsHeaderProcessor] is not eligible for getting processed by all BeanPostProcessors (for example: not eligible for auto-proxying)
11-09 18:31:53.039 INFO  [main] [o.s.boot.web.embedded.tomcat.TomcatWebServer] : Tomcat initialized with port(s): 7180 (http)
11-09 18:31:53.113 INFO  [main] [org.apache.catalina.core.StandardService] : Starting service [Tomcat]
11-09 18:31:53.119 INFO  [main] [org.apache.catalina.core.StandardEngine] : Starting Servlet engine: [Apache Tomcat/9.0.31]
11-09 18:31:53.256 INFO  [main] [o.a.c.core.ContainerBase.[Tomcat].[localhost].[/]] : Initializing Spring embedded WebApplicationContext
11-09 18:31:53.257 INFO  [main] [org.springframework.web.context.ContextLoader] : Root WebApplicationContext: initialization completed in 4809 ms
11-09 18:32:06.402 INFO  [main] [com.alibaba.druid.pool.DruidDataSource] : {dataSource-1,petrel_core} inited
11-09 18:32:17.294 INFO  [main] [com.alibaba.druid.pool.DruidDataSource] : {dataSource-2,petrel_record} inited
11-09 18:32:17.295 INFO  [main] [c.b.dynamic.datasource.DynamicRoutingDataSource] : dynamic-datasource - load a datasource named [petrel_record] success
11-09 18:32:17.295 INFO  [main] [c.b.dynamic.datasource.DynamicRoutingDataSource] : dynamic-datasource - load a datasource named [petrel_core] success
11-09 18:32:17.295 INFO  [main] [c.b.dynamic.datasource.DynamicRoutingDataSource] : dynamic-datasource initial loaded [2] datasource,primary datasource named [petrel_core]
11-09 18:32:20.417 INFO  [main] [c.a.n.s.c.e.LoggingNacosConfigMetadataEventListener] : Nacos Config Metadata : dataId='petrel-game-config.yaml', groupId='DEFAULT_GROUP', beanName='lobbyConfig', bean='GameConfig(hostUrl=https://gengxin1123.oss-ap-southeast-1.aliyuncs.com/ycd_update/, wxId=wxid_value, wxSecret=wxSecret_value, lobbyVersion=3, lobbyVfx=YCD)', beanType='class com.petrel.register.config.GameConfig', annotatedElement='class com.petrel.register.config.GameConfig', xmlResource='null', nacosProperties='{encode=UTF-8, password=nacos, serverAddr=202.189.7.196:6878, username=nacos}', nacosPropertiesAttributes='{accessKey=${nacos.access-key:}, clusterName=${nacos.cluster-name:}, configLongPollTimeout=${nacos.configLongPollTimeout:}, configRetryTime=${nacos.configRetryTime:}, contextPath=${nacos.context-path:}, enableRemoteSyncConfig=${nacos.enableRemoteSyncConfig:}, encode=${nacos.encode:UTF-8}, endpoint=${nacos.endpoint:}, maxRetry=${nacos.maxRetry:}, namespace=${nacos.namespace:}, password=${nacos.password:}, secretKey=${nacos.secret-key:}, serverAddr=${nacos.server-addr:}, username=${nacos.username:}}', source='@com.alibaba.nacos.api.config.annotation.NacosConfigurationProperties(autoRefreshed=true, dataId=petrel-game-config.yaml, exceptionIfInvalid=true, groupId=DEFAULT_GROUP, ignoreInvalidFields=false, ignoreNestedProperties=false, ignoreUnknownFields=true, prefix=, properties=@com.alibaba.nacos.api.annotation.NacosProperties(accessKey=${nacos.access-key:}, clusterName=${nacos.cluster-name:}, configLongPollTimeout=${nacos.configLongPollTimeout:}, configRetryTime=${nacos.configRetryTime:}, contextPath=${nacos.context-path:}, enableRemoteSyncConfig=${nacos.enableRemoteSyncConfig:}, encode=${nacos.encode:UTF-8}, endpoint=${nacos.endpoint:}, maxRetry=${nacos.maxRetry:}, namespace=${nacos.namespace:}, password=${nacos.password:}, secretKey=${nacos.secret-key:}, serverAddr=${nacos.server-addr:}, username=${nacos.username:}), type=YAML, yaml=false)', timestamp='1762713140406'
11-09 18:32:22.141 WARN  [main] [o.s.c.netflix.archaius.ArchaiusAutoConfiguration] : No spring.application.name found, defaulting to 'application'
11-09 18:32:22.159 WARN  [main] [com.netflix.config.sources.URLConfigurationSource] : No URLs will be polled as dynamic configuration sources.
11-09 18:32:22.159 INFO  [main] [com.netflix.config.sources.URLConfigurationSource] : To enable URLs as dynamic configuration sources, define System property archaius.configurationSource.additionalUrls or make config.properties available on classpath.
11-09 18:32:22.178 WARN  [main] [com.netflix.config.sources.URLConfigurationSource] : No URLs will be polled as dynamic configuration sources.
11-09 18:32:22.181 INFO  [main] [com.netflix.config.sources.URLConfigurationSource] : To enable URLs as dynamic configuration sources, define System property archaius.configurationSource.additionalUrls or make config.properties available on classpath.
11-09 18:32:23.649 INFO  [main] [o.s.scheduling.concurrent.ThreadPoolTaskScheduler] : Initializing ExecutorService 'Nacso-Watch-Task-Scheduler'
11-09 18:32:24.947 INFO  [main] [o.s.b.actuate.endpoint.web.EndpointLinksResolver] : Exposing 2 endpoint(s) beneath base path '/actuator'
11-09 18:32:26.024 INFO  [main] [o.s.boot.web.embedded.tomcat.TomcatWebServer] : Tomcat started on port(s): 7180 (http) with context path ''
11-09 18:32:26.026 WARN  [main] [c.a.cloud.nacos.registry.NacosServiceRegistry] : No service to register for nacos client...
11-09 18:32:26.033 INFO  [main] [com.petrel.register.RegisterApplication] : Started RegisterApplication in 40.115 seconds (JVM running for 41.614)
11-09 18:32:26.317 INFO  [main] [io.lettuce.core.EpollProvider] : Starting with epoll library
11-09 18:32:26.322 INFO  [main] [io.lettuce.core.KqueueProvider] : Starting without optional kqueue library
11-09 18:32:26.539 INFO  [main] [o.s.b.a.l.ConditionEvaluationReportLoggingListener] : 

Error starting ApplicationContext. To display the conditions report re-run your application with 'debug' enabled.
11-09 18:32:26.541 INFO  [main] [o.s.scheduling.concurrent.ThreadPoolTaskScheduler] : Shutting down ExecutorService 'Nacso-Watch-Task-Scheduler'
11-09 18:32:26.551 INFO  [main] [c.a.cloud.nacos.registry.NacosServiceRegistry] : De-registering from Nacos Server now...
11-09 18:32:26.551 WARN  [main] [c.a.cloud.nacos.registry.NacosServiceRegistry] : No dom to de-register for nacos client...
11-09 18:32:26.689 INFO  [main] [c.b.dynamic.datasource.DynamicRoutingDataSource] : dynamic-datasource start closing ....
11-09 18:32:26.699 INFO  [main] [com.alibaba.druid.pool.DruidDataSource] : {dataSource-2} closing ...
11-09 18:32:26.713 INFO  [main] [com.alibaba.druid.pool.DruidDataSource] : {dataSource-2} closed
11-09 18:32:26.715 INFO  [main] [com.alibaba.druid.pool.DruidDataSource] : {dataSource-1} closing ...
11-09 18:32:26.716 INFO  [main] [com.alibaba.druid.pool.DruidDataSource] : {dataSource-1} closed
11-09 18:32:26.716 INFO  [main] [c.b.dynamic.datasource.DynamicRoutingDataSource] : dynamic-datasource all closed success,bye
11-09 18:32:26.721 INFO  [main] [c.a.n.s.c.a.c.NacosValueAnnotationBeanPostProcessor] : class com.alibaba.nacos.spring.context.annotation.config.NacosValueAnnotationBeanPostProcessor was destroying!
11-09 18:32:26.724 INFO  [main] [c.a.n.s.b.f.a.AnnotationNacosInjectedBeanPostProcessor] : class com.alibaba.nacos.spring.beans.factory.annotation.AnnotationNacosInjectedBeanPostProcessor was destroying!
11-09 18:32:26.769 ERROR [main] [org.springframework.boot.SpringApplication] : Application run failed
java.lang.IllegalStateException: Failed to execute ApplicationRunner
	at org.springframework.boot.SpringApplication.callRunner(SpringApplication.java:778)
	at org.springframework.boot.SpringApplication.callRunners(SpringApplication.java:765)
	at org.springframework.boot.SpringApplication.run(SpringApplication.java:322)
	at org.springframework.boot.SpringApplication.run(SpringApplication.java:1226)
	at org.springframework.boot.SpringApplication.run(SpringApplication.java:1215)
	at com.petrel.register.RegisterApplication.main(RegisterApplication.java:19)
	at java.base/jdk.internal.reflect.DirectMethodHandleAccessor.invoke(DirectMethodHandleAccessor.java:103)
	at java.base/java.lang.reflect.Method.invoke(Method.java:580)
	at org.springframework.boot.loader.MainMethodRunner.run(MainMethodRunner.java:48)
	at org.springframework.boot.loader.Launcher.launch(Launcher.java:87)
	at org.springframework.boot.loader.Launcher.launch(Launcher.java:51)
	at org.springframework.boot.loader.PropertiesLauncher.main(PropertiesLauncher.java:597)
Caused by: org.springframework.data.redis.connection.PoolException: Could not get a resource from the pool; nested exception is io.lettuce.core.RedisConnectionException: Unable to connect to 127.0.0.1/<unresolved>:6379
	at org.springframework.data.redis.connection.lettuce.LettucePoolingConnectionProvider.getConnection(LettucePoolingConnectionProvider.java:109)
	at org.springframework.data.redis.connection.lettuce.LettuceConnectionFactory$SharedConnection.getNativeConnection(LettuceConnectionFactory.java:1197)
	at org.springframework.data.redis.connection.lettuce.LettuceConnectionFactory$SharedConnection.getConnection(LettuceConnectionFactory.java:1178)
	at org.springframework.data.redis.connection.lettuce.LettuceConnectionFactory.getSharedConnection(LettuceConnectionFactory.java:942)
	at org.springframework.data.redis.connection.lettuce.LettuceConnectionFactory.getConnection(LettuceConnectionFactory.java:353)
	at org.springframework.data.redis.core.RedisConnectionUtils.doGetConnection(RedisConnectionUtils.java:134)
	at org.springframework.data.redis.core.RedisConnectionUtils.getConnection(RedisConnectionUtils.java:97)
	at org.springframework.data.redis.core.RedisConnectionUtils.getConnection(RedisConnectionUtils.java:84)
	at org.springframework.data.redis.core.RedisTemplate.execute(RedisTemplate.java:215)
	at org.springframework.data.redis.core.RedisTemplate.execute(RedisTemplate.java:188)
	at org.springframework.data.redis.core.AbstractOperations.execute(AbstractOperations.java:96)
	at org.springframework.data.redis.core.DefaultHashOperations.values(DefaultHashOperations.java:219)
	at com.zebra.rpc.register.ServerRedisService.findAllServers(ServerRedisService.java:49)
	at com.zebra.rpc.register.ServerRegistryService.startRegister(ServerRegistryService.java:28)
	at com.petrel.register.config.StartInitialize.start(StartInitialize.java:32)
	at com.petrel.register.config.StartInitialize.run(StartInitialize.java:27)
	at org.springframework.boot.SpringApplication.callRunner(SpringApplication.java:775)
	... 11 common frames omitted
Caused by: io.lettuce.core.RedisConnectionException: Unable to connect to 127.0.0.1/<unresolved>:6379
	at io.lettuce.core.RedisConnectionException.create(RedisConnectionException.java:78)
	at io.lettuce.core.RedisConnectionException.create(RedisConnectionException.java:56)
	at io.lettuce.core.AbstractRedisClient.getConnection(AbstractRedisClient.java:234)
	at io.lettuce.core.RedisClient.connect(RedisClient.java:207)
	at org.springframework.data.redis.connection.lettuce.StandaloneConnectionProvider.lambda$getConnection$1(StandaloneConnectionProvider.java:115)
	at java.base/java.util.Optional.orElseGet(Optional.java:364)
	at org.springframework.data.redis.connection.lettuce.StandaloneConnectionProvider.getConnection(StandaloneConnectionProvider.java:115)
	at org.springframework.data.redis.connection.lettuce.LettucePoolingConnectionProvider.lambda$null$0(LettucePoolingConnectionProvider.java:97)
	at io.lettuce.core.support.ConnectionPoolSupport$RedisPooledObjectFactory.create(ConnectionPoolSupport.java:209)
	at io.lettuce.core.support.ConnectionPoolSupport$RedisPooledObjectFactory.create(ConnectionPoolSupport.java:199)
	at org.apache.commons.pool2.BasePooledObjectFactory.makeObject(BasePooledObjectFactory.java:58)
	at org.apache.commons.pool2.impl.GenericObjectPool.create(GenericObjectPool.java:899)
	at org.apache.commons.pool2.impl.GenericObjectPool.borrowObject(GenericObjectPool.java:429)
	at org.apache.commons.pool2.impl.GenericObjectPool.borrowObject(GenericObjectPool.java:354)
	at io.lettuce.core.support.ConnectionPoolSupport$1.borrowObject(ConnectionPoolSupport.java:122)
	at io.lettuce.core.support.ConnectionPoolSupport$1.borrowObject(ConnectionPoolSupport.java:117)
	at org.springframework.data.redis.connection.lettuce.LettucePoolingConnectionProvider.getConnection(LettucePoolingConnectionProvider.java:103)
	... 27 common frames omitted
Caused by: io.netty.channel.AbstractChannel$AnnotatedConnectException: finishConnect(..) failed: Connection refused: /127.0.0.1:6379
Caused by: java.net.ConnectException: finishConnect(..) failed: Connection refused
	at io.netty.channel.unix.Errors.throwConnectException(Errors.java:124)
	at io.netty.channel.unix.Socket.finishConnect(Socket.java:243)
	at io.netty.channel.epoll.AbstractEpollChannel$AbstractEpollUnsafe.doFinishConnect(AbstractEpollChannel.java:672)
	at io.netty.channel.epoll.AbstractEpollChannel$AbstractEpollUnsafe.finishConnect(AbstractEpollChannel.java:649)
	at io.netty.channel.epoll.AbstractEpollChannel$AbstractEpollUnsafe.epollOutReady(AbstractEpollChannel.java:529)
	at io.netty.channel.epoll.EpollEventLoop.processReady(EpollEventLoop.java:465)
	at io.netty.channel.epoll.EpollEventLoop.run(EpollEventLoop.java:378)
	at io.netty.util.concurrent.SingleThreadEventExecutor$4.run(SingleThreadEventExecutor.java:989)
	at io.netty.util.internal.ThreadExecutorMap$2.run(ThreadExecutorMap.java:74)
	at io.netty.util.concurrent.FastThreadLocalRunnable.run(FastThreadLocalRunnable.java:30)
	at java.base/java.lang.Thread.run(Thread.java:1583)
11-09 18:32:26.772 ERROR [main] [com.petrel.register.RegisterApplication] : start kernel user error
java.lang.IllegalStateException: Failed to execute ApplicationRunner
	at org.springframework.boot.SpringApplication.callRunner(SpringApplication.java:778)
	at org.springframework.boot.SpringApplication.callRunners(SpringApplication.java:765)
	at org.springframework.boot.SpringApplication.run(SpringApplication.java:322)
	at org.springframework.boot.SpringApplication.run(SpringApplication.java:1226)
	at org.springframework.boot.SpringApplication.run(SpringApplication.java:1215)
	at com.petrel.register.RegisterApplication.main(RegisterApplication.java:19)
	at java.base/jdk.internal.reflect.DirectMethodHandleAccessor.invoke(DirectMethodHandleAccessor.java:103)
	at java.base/java.lang.reflect.Method.invoke(Method.java:580)
	at org.springframework.boot.loader.MainMethodRunner.run(MainMethodRunner.java:48)
	at org.springframework.boot.loader.Launcher.launch(Launcher.java:87)
	at org.springframework.boot.loader.Launcher.launch(Launcher.java:51)
	at org.springframework.boot.loader.PropertiesLauncher.main(PropertiesLauncher.java:597)
Caused by: org.springframework.data.redis.connection.PoolException: Could not get a resource from the pool; nested exception is io.lettuce.core.RedisConnectionException: Unable to connect to 127.0.0.1/<unresolved>:6379
	at org.springframework.data.redis.connection.lettuce.LettucePoolingConnectionProvider.getConnection(LettucePoolingConnectionProvider.java:109)
	at org.springframework.data.redis.connection.lettuce.LettuceConnectionFactory$SharedConnection.getNativeConnection(LettuceConnectionFactory.java:1197)
	at org.springframework.data.redis.connection.lettuce.LettuceConnectionFactory$SharedConnection.getConnection(LettuceConnectionFactory.java:1178)
	at org.springframework.data.redis.connection.lettuce.LettuceConnectionFactory.getSharedConnection(LettuceConnectionFactory.java:942)
	at org.springframework.data.redis.connection.lettuce.LettuceConnectionFactory.getConnection(LettuceConnectionFactory.java:353)
	at org.springframework.data.redis.core.RedisConnectionUtils.doGetConnection(RedisConnectionUtils.java:134)
	at org.springframework.data.redis.core.RedisConnectionUtils.getConnection(RedisConnectionUtils.java:97)
	at org.springframework.data.redis.core.RedisConnectionUtils.getConnection(RedisConnectionUtils.java:84)
	at org.springframework.data.redis.core.RedisTemplate.execute(RedisTemplate.java:215)
	at org.springframework.data.redis.core.RedisTemplate.execute(RedisTemplate.java:188)
	at org.springframework.data.redis.core.AbstractOperations.execute(AbstractOperations.java:96)
	at org.springframework.data.redis.core.DefaultHashOperations.values(DefaultHashOperations.java:219)
	at com.zebra.rpc.register.ServerRedisService.findAllServers(ServerRedisService.java:49)
	at com.zebra.rpc.register.ServerRegistryService.startRegister(ServerRegistryService.java:28)
	at com.petrel.register.config.StartInitialize.start(StartInitialize.java:32)
	at com.petrel.register.config.StartInitialize.run(StartInitialize.java:27)
	at org.springframework.boot.SpringApplication.callRunner(SpringApplication.java:775)
	... 11 common frames omitted
Caused by: io.lettuce.core.RedisConnectionException: Unable to connect to 127.0.0.1/<unresolved>:6379
	at io.lettuce.core.RedisConnectionException.create(RedisConnectionException.java:78)
	at io.lettuce.core.RedisConnectionException.create(RedisConnectionException.java:56)
	at io.lettuce.core.AbstractRedisClient.getConnection(AbstractRedisClient.java:234)
	at io.lettuce.core.RedisClient.connect(RedisClient.java:207)
	at org.springframework.data.redis.connection.lettuce.StandaloneConnectionProvider.lambda$getConnection$1(StandaloneConnectionProvider.java:115)
	at java.base/java.util.Optional.orElseGet(Optional.java:364)
	at org.springframework.data.redis.connection.lettuce.StandaloneConnectionProvider.getConnection(StandaloneConnectionProvider.java:115)
	at org.springframework.data.redis.connection.lettuce.LettucePoolingConnectionProvider.lambda$null$0(LettucePoolingConnectionProvider.java:97)
	at io.lettuce.core.support.ConnectionPoolSupport$RedisPooledObjectFactory.create(ConnectionPoolSupport.java:209)
	at io.lettuce.core.support.ConnectionPoolSupport$RedisPooledObjectFactory.create(ConnectionPoolSupport.java:199)
	at org.apache.commons.pool2.BasePooledObjectFactory.makeObject(BasePooledObjectFactory.java:58)
	at org.apache.commons.pool2.impl.GenericObjectPool.create(GenericObjectPool.java:899)
	at org.apache.commons.pool2.impl.GenericObjectPool.borrowObject(GenericObjectPool.java:429)
	at org.apache.commons.pool2.impl.GenericObjectPool.borrowObject(GenericObjectPool.java:354)
	at io.lettuce.core.support.ConnectionPoolSupport$1.borrowObject(ConnectionPoolSupport.java:122)
	at io.lettuce.core.support.ConnectionPoolSupport$1.borrowObject(ConnectionPoolSupport.java:117)
	at org.springframework.data.redis.connection.lettuce.LettucePoolingConnectionProvider.getConnection(LettucePoolingConnectionProvider.java:103)
	... 27 common frames omitted
Caused by: io.netty.channel.AbstractChannel$AnnotatedConnectException: finishConnect(..) failed: Connection refused: /127.0.0.1:6379
Caused by: java.net.ConnectException: finishConnect(..) failed: Connection refused
	at io.netty.channel.unix.Errors.throwConnectException(Errors.java:124)
	at io.netty.channel.unix.Socket.finishConnect(Socket.java:243)
	at io.netty.channel.epoll.AbstractEpollChannel$AbstractEpollUnsafe.doFinishConnect(AbstractEpollChannel.java:672)
	at io.netty.channel.epoll.AbstractEpollChannel$AbstractEpollUnsafe.finishConnect(AbstractEpollChannel.java:649)
	at io.netty.channel.epoll.AbstractEpollChannel$AbstractEpollUnsafe.epollOutReady(AbstractEpollChannel.java:529)
	at io.netty.channel.epoll.EpollEventLoop.processReady(EpollEventLoop.java:465)
	at io.netty.channel.epoll.EpollEventLoop.run(EpollEventLoop.java:378)
	at io.netty.util.concurrent.SingleThreadEventExecutor$4.run(SingleThreadEventExecutor.java:989)
	at io.netty.util.internal.ThreadExecutorMap$2.run(ThreadExecutorMap.java:74)
	at io.netty.util.concurrent.FastThreadLocalRunnable.run(FastThreadLocalRunnable.java:30)
	at java.base/java.lang.Thread.run(Thread.java:1583)
11-09 18:32:39.789 WARN  [background-preinit] [o.s.h.converter.json.Jackson2ObjectMapperBuilder] : For Jackson Kotlin classes support please add "com.fasterxml.jackson.module:jackson-module-kotlin" to the classpath
11-09 18:32:40.543 INFO  [main] [com.petrel.user.UserApplication] : The following profiles are active: prod
11-09 18:32:41.708 WARN  [main] [o.springframework.boot.actuate.endpoint.EndpointId] : Endpoint ID 'nacos-discovery' contains invalid characters, please migrate to a valid format.
11-09 18:32:41.969 INFO  [main] [o.s.d.r.config.RepositoryConfigurationDelegate] : Multiple Spring Data modules found, entering strict repository configuration mode!
11-09 18:32:41.974 INFO  [main] [o.s.d.r.config.RepositoryConfigurationDelegate] : Bootstrapping Spring Data Redis repositories in DEFAULT mode.
11-09 18:32:42.011 INFO  [main] [o.s.d.r.config.RepositoryConfigurationDelegate] : Finished Spring Data repository scanning in 16ms. Found 0 Redis repository interfaces.
11-09 18:32:42.098 WARN  [main] [o.springframework.boot.actuate.endpoint.EndpointId] : Endpoint ID 'service-registry' contains invalid characters, please migrate to a valid format.
11-09 18:32:42.438 INFO  [main] [o.springframework.cloud.context.scope.GenericScope] : BeanFactory id=ce81e8a4-9faa-3e8e-a614-e20eee678bf6
11-09 18:32:43.070 INFO  [main] [o.s.c.s.PostProcessorRegistrationDelegate$BeanPostProcessorChecker] : Bean 'spring.datasource.dynamic-com.baomidou.dynamic.datasource.spring.boot.autoconfigure.DynamicDataSourceProperties' of type [com.baomidou.dynamic.datasource.spring.boot.autoconfigure.DynamicDataSourceProperties] is not eligible for getting processed by all BeanPostProcessors (for example: not eligible for auto-proxying)
11-09 18:32:43.087 INFO  [main] [o.s.c.s.PostProcessorRegistrationDelegate$BeanPostProcessorChecker] : Bean 'com.baomidou.dynamic.datasource.spring.boot.autoconfigure.DynamicDataSourceAutoConfiguration' of type [com.baomidou.dynamic.datasource.spring.boot.autoconfigure.DynamicDataSourceAutoConfiguration$$EnhancerBySpringCGLIB$$7dfe5769] is not eligible for getting processed by all BeanPostProcessors (for example: not eligible for auto-proxying)
11-09 18:32:43.118 INFO  [main] [o.s.c.s.PostProcessorRegistrationDelegate$BeanPostProcessorChecker] : Bean 'dsProcessor' of type [com.baomidou.dynamic.datasource.processor.DsHeaderProcessor] is not eligible for getting processed by all BeanPostProcessors (for example: not eligible for auto-proxying)
11-09 18:32:43.677 INFO  [main] [o.s.boot.web.embedded.tomcat.TomcatWebServer] : Tomcat initialized with port(s): 8719 (http)
11-09 18:32:43.686 INFO  [main] [org.apache.catalina.core.StandardService] : Starting service [Tomcat]
11-09 18:32:43.688 INFO  [main] [org.apache.catalina.core.StandardEngine] : Starting Servlet engine: [Apache Tomcat/9.0.31]
11-09 18:32:43.777 INFO  [main] [o.a.c.core.ContainerBase.[Tomcat].[localhost].[/]] : Initializing Spring embedded WebApplicationContext
11-09 18:32:43.777 INFO  [main] [org.springframework.web.context.ContextLoader] : Root WebApplicationContext: initialization completed in 3191 ms
11-09 18:32:53.076 WARN  [background-preinit] [o.s.h.converter.json.Jackson2ObjectMapperBuilder] : For Jackson Kotlin classes support please add "com.fasterxml.jackson.module:jackson-module-kotlin" to the classpath
11-09 18:32:53.908 INFO  [main] [com.petrel.game.GameApplication] : The following profiles are active: prod
11-09 18:32:55.523 WARN  [main] [o.springframework.boot.actuate.endpoint.EndpointId] : Endpoint ID 'nacos-discovery' contains invalid characters, please migrate to a valid format.
11-09 18:32:56.013 INFO  [main] [o.s.d.r.config.RepositoryConfigurationDelegate] : Multiple Spring Data modules found, entering strict repository configuration mode!
11-09 18:32:56.018 INFO  [main] [o.s.d.r.config.RepositoryConfigurationDelegate] : Bootstrapping Spring Data Redis repositories in DEFAULT mode.
11-09 18:32:56.068 INFO  [main] [o.s.d.r.config.RepositoryConfigurationDelegate] : Finished Spring Data repository scanning in 23ms. Found 0 Redis repository interfaces.
11-09 18:32:56.221 WARN  [main] [o.springframework.boot.actuate.endpoint.EndpointId] : Endpoint ID 'service-registry' contains invalid characters, please migrate to a valid format.
11-09 18:32:56.679 INFO  [main] [o.springframework.cloud.context.scope.GenericScope] : BeanFactory id=803ac902-efef-3310-96c4-874a8e137fbf
11-09 18:32:57.549 INFO  [main] [o.s.c.s.PostProcessorRegistrationDelegate$BeanPostProcessorChecker] : Bean 'spring.datasource.dynamic-com.baomidou.dynamic.datasource.spring.boot.autoconfigure.DynamicDataSourceProperties' of type [com.baomidou.dynamic.datasource.spring.boot.autoconfigure.DynamicDataSourceProperties] is not eligible for getting processed by all BeanPostProcessors (for example: not eligible for auto-proxying)
11-09 18:32:57.564 INFO  [main] [o.s.c.s.PostProcessorRegistrationDelegate$BeanPostProcessorChecker] : Bean 'com.baomidou.dynamic.datasource.spring.boot.autoconfigure.DynamicDataSourceAutoConfiguration' of type [com.baomidou.dynamic.datasource.spring.boot.autoconfigure.DynamicDataSourceAutoConfiguration$$EnhancerBySpringCGLIB$$bc3f971] is not eligible for getting processed by all BeanPostProcessors (for example: not eligible for auto-proxying)
11-09 18:32:57.593 INFO  [main] [o.s.c.s.PostProcessorRegistrationDelegate$BeanPostProcessorChecker] : Bean 'dsProcessor' of type [com.baomidou.dynamic.datasource.processor.DsHeaderProcessor] is not eligible for getting processed by all BeanPostProcessors (for example: not eligible for auto-proxying)
11-09 18:32:58.201 INFO  [main] [o.s.boot.web.embedded.tomcat.TomcatWebServer] : Tomcat initialized with port(s): 8752 (http)
11-09 18:32:58.243 INFO  [main] [org.apache.catalina.core.StandardService] : Starting service [Tomcat]
11-09 18:32:58.243 INFO  [main] [org.apache.catalina.core.StandardEngine] : Starting Servlet engine: [Apache Tomcat/9.0.31]
11-09 18:32:58.391 INFO  [main] [o.a.c.core.ContainerBase.[Tomcat].[localhost].[/]] : Initializing Spring embedded WebApplicationContext
11-09 18:32:58.392 INFO  [main] [org.springframework.web.context.ContextLoader] : Root WebApplicationContext: initialization completed in 4412 ms
11-09 18:33:43.630 INFO  [main] [com.alibaba.druid.pool.DruidDataSource] : {dataSource-1,petrel_core} inited
11-09 18:34:12.431 INFO  [main] [com.alibaba.druid.pool.DruidDataSource] : {dataSource-1,petrel_core} inited
11-09 18:35:13.913 WARN  [background-preinit] [o.s.h.converter.json.Jackson2ObjectMapperBuilder] : For Jackson Kotlin classes support please add "com.fasterxml.jackson.module:jackson-module-kotlin" to the classpath
11-09 18:35:14.433 INFO  [main] [com.petrel.register.RegisterApplication] : The following profiles are active: prod
11-09 18:35:16.203 WARN  [main] [o.springframework.boot.actuate.endpoint.EndpointId] : Endpoint ID 'nacos-discovery' contains invalid characters, please migrate to a valid format.
11-09 18:35:16.703 INFO  [main] [o.s.d.r.config.RepositoryConfigurationDelegate] : Multiple Spring Data modules found, entering strict repository configuration mode!
11-09 18:35:16.712 INFO  [main] [o.s.d.r.config.RepositoryConfigurationDelegate] : Bootstrapping Spring Data Redis repositories in DEFAULT mode.
11-09 18:35:16.775 INFO  [main] [o.s.d.r.config.RepositoryConfigurationDelegate] : Finished Spring Data repository scanning in 29ms. Found 0 Redis repository interfaces.
11-09 18:35:16.920 WARN  [main] [o.springframework.boot.actuate.endpoint.EndpointId] : Endpoint ID 'service-registry' contains invalid characters, please migrate to a valid format.
11-09 18:35:17.510 INFO  [main] [o.springframework.cloud.context.scope.GenericScope] : BeanFactory id=441f032e-5849-35c7-a938-61bd75f12b40
11-09 18:35:18.662 INFO  [main] [o.s.c.s.PostProcessorRegistrationDelegate$BeanPostProcessorChecker] : Bean 'spring.datasource.dynamic-com.baomidou.dynamic.datasource.spring.boot.autoconfigure.DynamicDataSourceProperties' of type [com.baomidou.dynamic.datasource.spring.boot.autoconfigure.DynamicDataSourceProperties] is not eligible for getting processed by all BeanPostProcessors (for example: not eligible for auto-proxying)
11-09 18:35:18.683 INFO  [main] [o.s.c.s.PostProcessorRegistrationDelegate$BeanPostProcessorChecker] : Bean 'com.baomidou.dynamic.datasource.spring.boot.autoconfigure.DynamicDataSourceAutoConfiguration' of type [com.baomidou.dynamic.datasource.spring.boot.autoconfigure.DynamicDataSourceAutoConfiguration$$EnhancerBySpringCGLIB$$9122c9a9] is not eligible for getting processed by all BeanPostProcessors (for example: not eligible for auto-proxying)
11-09 18:35:18.724 INFO  [main] [o.s.c.s.PostProcessorRegistrationDelegate$BeanPostProcessorChecker] : Bean 'dsProcessor' of type [com.baomidou.dynamic.datasource.processor.DsHeaderProcessor] is not eligible for getting processed by all BeanPostProcessors (for example: not eligible for auto-proxying)
11-09 18:35:19.713 INFO  [main] [o.s.boot.web.embedded.tomcat.TomcatWebServer] : Tomcat initialized with port(s): 7180 (http)
11-09 18:35:19.738 INFO  [main] [org.apache.catalina.core.StandardService] : Starting service [Tomcat]
11-09 18:35:19.740 INFO  [main] [org.apache.catalina.core.StandardEngine] : Starting Servlet engine: [Apache Tomcat/9.0.31]
11-09 18:35:19.849 INFO  [main] [o.a.c.core.ContainerBase.[Tomcat].[localhost].[/]] : Initializing Spring embedded WebApplicationContext
11-09 18:35:19.850 INFO  [main] [org.springframework.web.context.ContextLoader] : Root WebApplicationContext: initialization completed in 5361 ms
11-09 18:35:32.575 INFO  [main] [com.alibaba.druid.pool.DruidDataSource] : {dataSource-1,petrel_core} inited
11-09 18:35:43.470 INFO  [main] [com.alibaba.druid.pool.DruidDataSource] : {dataSource-2,petrel_record} inited
11-09 18:35:43.471 INFO  [main] [c.b.dynamic.datasource.DynamicRoutingDataSource] : dynamic-datasource - load a datasource named [petrel_record] success
11-09 18:35:43.471 INFO  [main] [c.b.dynamic.datasource.DynamicRoutingDataSource] : dynamic-datasource - load a datasource named [petrel_core] success
11-09 18:35:43.472 INFO  [main] [c.b.dynamic.datasource.DynamicRoutingDataSource] : dynamic-datasource initial loaded [2] datasource,primary datasource named [petrel_core]
11-09 18:35:47.611 INFO  [main] [c.a.n.s.c.e.LoggingNacosConfigMetadataEventListener] : Nacos Config Metadata : dataId='petrel-game-config.yaml', groupId='DEFAULT_GROUP', beanName='lobbyConfig', bean='GameConfig(hostUrl=https://gengxin1123.oss-ap-southeast-1.aliyuncs.com/ycd_update/, wxId=wxid_value, wxSecret=wxSecret_value, lobbyVersion=3, lobbyVfx=YCD)', beanType='class com.petrel.register.config.GameConfig', annotatedElement='class com.petrel.register.config.GameConfig', xmlResource='null', nacosProperties='{encode=UTF-8, password=nacos, serverAddr=202.189.7.196:6878, username=nacos}', nacosPropertiesAttributes='{accessKey=${nacos.access-key:}, clusterName=${nacos.cluster-name:}, configLongPollTimeout=${nacos.configLongPollTimeout:}, configRetryTime=${nacos.configRetryTime:}, contextPath=${nacos.context-path:}, enableRemoteSyncConfig=${nacos.enableRemoteSyncConfig:}, encode=${nacos.encode:UTF-8}, endpoint=${nacos.endpoint:}, maxRetry=${nacos.maxRetry:}, namespace=${nacos.namespace:}, password=${nacos.password:}, secretKey=${nacos.secret-key:}, serverAddr=${nacos.server-addr:}, username=${nacos.username:}}', source='@com.alibaba.nacos.api.config.annotation.NacosConfigurationProperties(autoRefreshed=true, dataId=petrel-game-config.yaml, exceptionIfInvalid=true, groupId=DEFAULT_GROUP, ignoreInvalidFields=false, ignoreNestedProperties=false, ignoreUnknownFields=true, prefix=, properties=@com.alibaba.nacos.api.annotation.NacosProperties(accessKey=${nacos.access-key:}, clusterName=${nacos.cluster-name:}, configLongPollTimeout=${nacos.configLongPollTimeout:}, configRetryTime=${nacos.configRetryTime:}, contextPath=${nacos.context-path:}, enableRemoteSyncConfig=${nacos.enableRemoteSyncConfig:}, encode=${nacos.encode:UTF-8}, endpoint=${nacos.endpoint:}, maxRetry=${nacos.maxRetry:}, namespace=${nacos.namespace:}, password=${nacos.password:}, secretKey=${nacos.secret-key:}, serverAddr=${nacos.server-addr:}, username=${nacos.username:}), type=YAML, yaml=false)', timestamp='1762713347603'
11-09 18:35:48.761 WARN  [main] [o.s.c.netflix.archaius.ArchaiusAutoConfiguration] : No spring.application.name found, defaulting to 'application'
11-09 18:35:48.767 WARN  [main] [com.netflix.config.sources.URLConfigurationSource] : No URLs will be polled as dynamic configuration sources.
11-09 18:35:48.769 INFO  [main] [com.netflix.config.sources.URLConfigurationSource] : To enable URLs as dynamic configuration sources, define System property archaius.configurationSource.additionalUrls or make config.properties available on classpath.
11-09 18:35:48.778 WARN  [main] [com.netflix.config.sources.URLConfigurationSource] : No URLs will be polled as dynamic configuration sources.
11-09 18:35:48.779 INFO  [main] [com.netflix.config.sources.URLConfigurationSource] : To enable URLs as dynamic configuration sources, define System property archaius.configurationSource.additionalUrls or make config.properties available on classpath.
11-09 18:35:49.772 INFO  [main] [o.s.scheduling.concurrent.ThreadPoolTaskScheduler] : Initializing ExecutorService 'Nacso-Watch-Task-Scheduler'
11-09 18:35:51.277 INFO  [main] [o.s.b.actuate.endpoint.web.EndpointLinksResolver] : Exposing 2 endpoint(s) beneath base path '/actuator'
11-09 18:35:52.423 INFO  [main] [o.s.boot.web.embedded.tomcat.TomcatWebServer] : Tomcat started on port(s): 7180 (http) with context path ''
11-09 18:35:52.424 WARN  [main] [c.a.cloud.nacos.registry.NacosServiceRegistry] : No service to register for nacos client...
11-09 18:35:52.429 INFO  [main] [com.petrel.register.RegisterApplication] : Started RegisterApplication in 40.354 seconds (JVM running for 41.818)
11-09 18:35:52.736 INFO  [main] [io.lettuce.core.EpollProvider] : Starting with epoll library
11-09 18:35:52.748 INFO  [main] [io.lettuce.core.KqueueProvider] : Starting without optional kqueue library
11-09 18:35:52.957 INFO  [main] [o.s.b.a.l.ConditionEvaluationReportLoggingListener] : 

Error starting ApplicationContext. To display the conditions report re-run your application with 'debug' enabled.
11-09 18:35:52.962 INFO  [main] [o.s.scheduling.concurrent.ThreadPoolTaskScheduler] : Shutting down ExecutorService 'Nacso-Watch-Task-Scheduler'
11-09 18:35:52.975 INFO  [main] [c.a.cloud.nacos.registry.NacosServiceRegistry] : De-registering from Nacos Server now...
11-09 18:35:52.977 WARN  [main] [c.a.cloud.nacos.registry.NacosServiceRegistry] : No dom to de-register for nacos client...
11-09 18:35:53.128 INFO  [main] [c.b.dynamic.datasource.DynamicRoutingDataSource] : dynamic-datasource start closing ....
11-09 18:35:53.132 INFO  [main] [com.alibaba.druid.pool.DruidDataSource] : {dataSource-2} closing ...
11-09 18:35:53.142 INFO  [main] [com.alibaba.druid.pool.DruidDataSource] : {dataSource-2} closed
11-09 18:35:53.142 INFO  [main] [com.alibaba.druid.pool.DruidDataSource] : {dataSource-1} closing ...
11-09 18:35:53.143 INFO  [main] [com.alibaba.druid.pool.DruidDataSource] : {dataSource-1} closed
11-09 18:35:53.143 INFO  [main] [c.b.dynamic.datasource.DynamicRoutingDataSource] : dynamic-datasource all closed success,bye
11-09 18:35:53.144 INFO  [main] [c.a.n.s.c.a.c.NacosValueAnnotationBeanPostProcessor] : class com.alibaba.nacos.spring.context.annotation.config.NacosValueAnnotationBeanPostProcessor was destroying!
11-09 18:35:53.144 INFO  [main] [c.a.n.s.b.f.a.AnnotationNacosInjectedBeanPostProcessor] : class com.alibaba.nacos.spring.beans.factory.annotation.AnnotationNacosInjectedBeanPostProcessor was destroying!
11-09 18:35:53.170 ERROR [main] [org.springframework.boot.SpringApplication] : Application run failed
java.lang.IllegalStateException: Failed to execute ApplicationRunner
	at org.springframework.boot.SpringApplication.callRunner(SpringApplication.java:778)
	at org.springframework.boot.SpringApplication.callRunners(SpringApplication.java:765)
	at org.springframework.boot.SpringApplication.run(SpringApplication.java:322)
	at org.springframework.boot.SpringApplication.run(SpringApplication.java:1226)
	at org.springframework.boot.SpringApplication.run(SpringApplication.java:1215)
	at com.petrel.register.RegisterApplication.main(RegisterApplication.java:19)
	at java.base/jdk.internal.reflect.DirectMethodHandleAccessor.invoke(DirectMethodHandleAccessor.java:103)
	at java.base/java.lang.reflect.Method.invoke(Method.java:580)
	at org.springframework.boot.loader.MainMethodRunner.run(MainMethodRunner.java:48)
	at org.springframework.boot.loader.Launcher.launch(Launcher.java:87)
	at org.springframework.boot.loader.Launcher.launch(Launcher.java:51)
	at org.springframework.boot.loader.PropertiesLauncher.main(PropertiesLauncher.java:597)
Caused by: org.springframework.data.redis.RedisSystemException: Error in execution; nested exception is io.lettuce.core.RedisCommandExecutionException: NOAUTH Authentication required.
	at org.springframework.data.redis.connection.lettuce.LettuceExceptionConverter.convert(LettuceExceptionConverter.java:54)
	at org.springframework.data.redis.connection.lettuce.LettuceExceptionConverter.convert(LettuceExceptionConverter.java:52)
	at org.springframework.data.redis.connection.lettuce.LettuceExceptionConverter.convert(LettuceExceptionConverter.java:41)
	at org.springframework.data.redis.PassThroughExceptionTranslationStrategy.translate(PassThroughExceptionTranslationStrategy.java:44)
	at org.springframework.data.redis.FallbackExceptionTranslationStrategy.translate(FallbackExceptionTranslationStrategy.java:42)
	at org.springframework.data.redis.connection.lettuce.LettuceConnection.convertLettuceAccessException(LettuceConnection.java:270)
	at org.springframework.data.redis.connection.lettuce.LettuceHashCommands.convertLettuceAccessException(LettuceHashCommands.java:471)
	at org.springframework.data.redis.connection.lettuce.LettuceHashCommands.hVals(LettuceHashCommands.java:371)
	at org.springframework.data.redis.connection.DefaultedRedisConnection.hVals(DefaultedRedisConnection.java:1102)
	at org.springframework.data.redis.core.DefaultHashOperations.lambda$values$11(DefaultHashOperations.java:219)
	at org.springframework.data.redis.core.RedisTemplate.execute(RedisTemplate.java:228)
	at org.springframework.data.redis.core.RedisTemplate.execute(RedisTemplate.java:188)
	at org.springframework.data.redis.core.AbstractOperations.execute(AbstractOperations.java:96)
	at org.springframework.data.redis.core.DefaultHashOperations.values(DefaultHashOperations.java:219)
	at com.zebra.rpc.register.ServerRedisService.findAllServers(ServerRedisService.java:49)
	at com.zebra.rpc.register.ServerRegistryService.startRegister(ServerRegistryService.java:28)
	at com.petrel.register.config.StartInitialize.start(StartInitialize.java:32)
	at com.petrel.register.config.StartInitialize.run(StartInitialize.java:27)
	at org.springframework.boot.SpringApplication.callRunner(SpringApplication.java:775)
	... 11 common frames omitted
Caused by: io.lettuce.core.RedisCommandExecutionException: NOAUTH Authentication required.
	at io.lettuce.core.ExceptionFactory.createExecutionException(ExceptionFactory.java:135)
	at io.lettuce.core.ExceptionFactory.createExecutionException(ExceptionFactory.java:108)
	at io.lettuce.core.protocol.AsyncCommand.completeResult(AsyncCommand.java:120)
	at io.lettuce.core.protocol.AsyncCommand.complete(AsyncCommand.java:111)
	at io.lettuce.core.protocol.CommandWrapper.complete(CommandWrapper.java:59)
	at io.lettuce.core.protocol.CommandHandler.complete(CommandHandler.java:654)
	at io.lettuce.core.protocol.CommandHandler.decode(CommandHandler.java:614)
	at io.lettuce.core.protocol.CommandHandler.channelRead(CommandHandler.java:565)
	at io.netty.channel.AbstractChannelHandlerContext.invokeChannelRead(AbstractChannelHandlerContext.java:377)
	at io.netty.channel.AbstractChannelHandlerContext.invokeChannelRead(AbstractChannelHandlerContext.java:363)
	at io.netty.channel.AbstractChannelHandlerContext.fireChannelRead(AbstractChannelHandlerContext.java:355)
	at io.netty.channel.DefaultChannelPipeline$HeadContext.channelRead(DefaultChannelPipeline.java:1410)
	at io.netty.channel.AbstractChannelHandlerContext.invokeChannelRead(AbstractChannelHandlerContext.java:377)
	at io.netty.channel.AbstractChannelHandlerContext.invokeChannelRead(AbstractChannelHandlerContext.java:363)
	at io.netty.channel.DefaultChannelPipeline.fireChannelRead(DefaultChannelPipeline.java:919)
	at io.netty.channel.epoll.AbstractEpollStreamChannel$EpollStreamUnsafe.epollInReady(AbstractEpollStreamChannel.java:792)
	at io.netty.channel.epoll.EpollEventLoop.processReady(EpollEventLoop.java:475)
	at io.netty.channel.epoll.EpollEventLoop.run(EpollEventLoop.java:378)
	at io.netty.util.concurrent.SingleThreadEventExecutor$4.run(SingleThreadEventExecutor.java:989)
	at io.netty.util.internal.ThreadExecutorMap$2.run(ThreadExecutorMap.java:74)
	at io.netty.util.concurrent.FastThreadLocalRunnable.run(FastThreadLocalRunnable.java:30)
	at java.base/java.lang.Thread.run(Thread.java:1583)
11-09 18:35:53.172 ERROR [main] [com.petrel.register.RegisterApplication] : start kernel user error
java.lang.IllegalStateException: Failed to execute ApplicationRunner
	at org.springframework.boot.SpringApplication.callRunner(SpringApplication.java:778)
	at org.springframework.boot.SpringApplication.callRunners(SpringApplication.java:765)
	at org.springframework.boot.SpringApplication.run(SpringApplication.java:322)
	at org.springframework.boot.SpringApplication.run(SpringApplication.java:1226)
	at org.springframework.boot.SpringApplication.run(SpringApplication.java:1215)
	at com.petrel.register.RegisterApplication.main(RegisterApplication.java:19)
	at java.base/jdk.internal.reflect.DirectMethodHandleAccessor.invoke(DirectMethodHandleAccessor.java:103)
	at java.base/java.lang.reflect.Method.invoke(Method.java:580)
	at org.springframework.boot.loader.MainMethodRunner.run(MainMethodRunner.java:48)
	at org.springframework.boot.loader.Launcher.launch(Launcher.java:87)
	at org.springframework.boot.loader.Launcher.launch(Launcher.java:51)
	at org.springframework.boot.loader.PropertiesLauncher.main(PropertiesLauncher.java:597)
Caused by: org.springframework.data.redis.RedisSystemException: Error in execution; nested exception is io.lettuce.core.RedisCommandExecutionException: NOAUTH Authentication required.
	at org.springframework.data.redis.connection.lettuce.LettuceExceptionConverter.convert(LettuceExceptionConverter.java:54)
	at org.springframework.data.redis.connection.lettuce.LettuceExceptionConverter.convert(LettuceExceptionConverter.java:52)
	at org.springframework.data.redis.connection.lettuce.LettuceExceptionConverter.convert(LettuceExceptionConverter.java:41)
	at org.springframework.data.redis.PassThroughExceptionTranslationStrategy.translate(PassThroughExceptionTranslationStrategy.java:44)
	at org.springframework.data.redis.FallbackExceptionTranslationStrategy.translate(FallbackExceptionTranslationStrategy.java:42)
	at org.springframework.data.redis.connection.lettuce.LettuceConnection.convertLettuceAccessException(LettuceConnection.java:270)
	at org.springframework.data.redis.connection.lettuce.LettuceHashCommands.convertLettuceAccessException(LettuceHashCommands.java:471)
	at org.springframework.data.redis.connection.lettuce.LettuceHashCommands.hVals(LettuceHashCommands.java:371)
	at org.springframework.data.redis.connection.DefaultedRedisConnection.hVals(DefaultedRedisConnection.java:1102)
	at org.springframework.data.redis.core.DefaultHashOperations.lambda$values$11(DefaultHashOperations.java:219)
	at org.springframework.data.redis.core.RedisTemplate.execute(RedisTemplate.java:228)
	at org.springframework.data.redis.core.RedisTemplate.execute(RedisTemplate.java:188)
	at org.springframework.data.redis.core.AbstractOperations.execute(AbstractOperations.java:96)
	at org.springframework.data.redis.core.DefaultHashOperations.values(DefaultHashOperations.java:219)
	at com.zebra.rpc.register.ServerRedisService.findAllServers(ServerRedisService.java:49)
	at com.zebra.rpc.register.ServerRegistryService.startRegister(ServerRegistryService.java:28)
	at com.petrel.register.config.StartInitialize.start(StartInitialize.java:32)
	at com.petrel.register.config.StartInitialize.run(StartInitialize.java:27)
	at org.springframework.boot.SpringApplication.callRunner(SpringApplication.java:775)
	... 11 common frames omitted
Caused by: io.lettuce.core.RedisCommandExecutionException: NOAUTH Authentication required.
	at io.lettuce.core.ExceptionFactory.createExecutionException(ExceptionFactory.java:135)
	at io.lettuce.core.ExceptionFactory.createExecutionException(ExceptionFactory.java:108)
	at io.lettuce.core.protocol.AsyncCommand.completeResult(AsyncCommand.java:120)
	at io.lettuce.core.protocol.AsyncCommand.complete(AsyncCommand.java:111)
	at io.lettuce.core.protocol.CommandWrapper.complete(CommandWrapper.java:59)
	at io.lettuce.core.protocol.CommandHandler.complete(CommandHandler.java:654)
	at io.lettuce.core.protocol.CommandHandler.decode(CommandHandler.java:614)
	at io.lettuce.core.protocol.CommandHandler.channelRead(CommandHandler.java:565)
	at io.netty.channel.AbstractChannelHandlerContext.invokeChannelRead(AbstractChannelHandlerContext.java:377)
	at io.netty.channel.AbstractChannelHandlerContext.invokeChannelRead(AbstractChannelHandlerContext.java:363)
	at io.netty.channel.AbstractChannelHandlerContext.fireChannelRead(AbstractChannelHandlerContext.java:355)
	at io.netty.channel.DefaultChannelPipeline$HeadContext.channelRead(DefaultChannelPipeline.java:1410)
	at io.netty.channel.AbstractChannelHandlerContext.invokeChannelRead(AbstractChannelHandlerContext.java:377)
	at io.netty.channel.AbstractChannelHandlerContext.invokeChannelRead(AbstractChannelHandlerContext.java:363)
	at io.netty.channel.DefaultChannelPipeline.fireChannelRead(DefaultChannelPipeline.java:919)
	at io.netty.channel.epoll.AbstractEpollStreamChannel$EpollStreamUnsafe.epollInReady(AbstractEpollStreamChannel.java:792)
	at io.netty.channel.epoll.EpollEventLoop.processReady(EpollEventLoop.java:475)
	at io.netty.channel.epoll.EpollEventLoop.run(EpollEventLoop.java:378)
	at io.netty.util.concurrent.SingleThreadEventExecutor$4.run(SingleThreadEventExecutor.java:989)
	at io.netty.util.internal.ThreadExecutorMap$2.run(ThreadExecutorMap.java:74)
	at io.netty.util.concurrent.FastThreadLocalRunnable.run(FastThreadLocalRunnable.java:30)
	at java.base/java.lang.Thread.run(Thread.java:1583)
11-09 18:39:39.114 WARN  [background-preinit] [o.s.h.converter.json.Jackson2ObjectMapperBuilder] : For Jackson Kotlin classes support please add "com.fasterxml.jackson.module:jackson-module-kotlin" to the classpath
11-09 18:39:39.953 INFO  [main] [com.petrel.register.RegisterApplication] : The following profiles are active: prod
11-09 18:39:41.495 WARN  [main] [o.springframework.boot.actuate.endpoint.EndpointId] : Endpoint ID 'nacos-discovery' contains invalid characters, please migrate to a valid format.
11-09 18:39:41.913 INFO  [main] [o.s.d.r.config.RepositoryConfigurationDelegate] : Multiple Spring Data modules found, entering strict repository configuration mode!
11-09 18:39:41.919 INFO  [main] [o.s.d.r.config.RepositoryConfigurationDelegate] : Bootstrapping Spring Data Redis repositories in DEFAULT mode.
11-09 18:39:41.976 INFO  [main] [o.s.d.r.config.RepositoryConfigurationDelegate] : Finished Spring Data repository scanning in 27ms. Found 0 Redis repository interfaces.
11-09 18:39:42.116 WARN  [main] [o.springframework.boot.actuate.endpoint.EndpointId] : Endpoint ID 'service-registry' contains invalid characters, please migrate to a valid format.
11-09 18:39:42.531 INFO  [main] [o.springframework.cloud.context.scope.GenericScope] : BeanFactory id=441f032e-5849-35c7-a938-61bd75f12b40
11-09 18:39:43.422 INFO  [main] [o.s.c.s.PostProcessorRegistrationDelegate$BeanPostProcessorChecker] : Bean 'spring.datasource.dynamic-com.baomidou.dynamic.datasource.spring.boot.autoconfigure.DynamicDataSourceProperties' of type [com.baomidou.dynamic.datasource.spring.boot.autoconfigure.DynamicDataSourceProperties] is not eligible for getting processed by all BeanPostProcessors (for example: not eligible for auto-proxying)
11-09 18:39:43.464 INFO  [main] [o.s.c.s.PostProcessorRegistrationDelegate$BeanPostProcessorChecker] : Bean 'com.baomidou.dynamic.datasource.spring.boot.autoconfigure.DynamicDataSourceAutoConfiguration' of type [com.baomidou.dynamic.datasource.spring.boot.autoconfigure.DynamicDataSourceAutoConfiguration$$EnhancerBySpringCGLIB$$adfedb9e] is not eligible for getting processed by all BeanPostProcessors (for example: not eligible for auto-proxying)
11-09 18:39:43.500 INFO  [main] [o.s.c.s.PostProcessorRegistrationDelegate$BeanPostProcessorChecker] : Bean 'dsProcessor' of type [com.baomidou.dynamic.datasource.processor.DsHeaderProcessor] is not eligible for getting processed by all BeanPostProcessors (for example: not eligible for auto-proxying)
11-09 18:39:44.041 INFO  [main] [o.s.boot.web.embedded.tomcat.TomcatWebServer] : Tomcat initialized with port(s): 7180 (http)
11-09 18:39:44.068 INFO  [main] [org.apache.catalina.core.StandardService] : Starting service [Tomcat]
11-09 18:39:44.070 INFO  [main] [org.apache.catalina.core.StandardEngine] : Starting Servlet engine: [Apache Tomcat/9.0.31]
11-09 18:39:44.212 INFO  [main] [o.a.c.core.ContainerBase.[Tomcat].[localhost].[/]] : Initializing Spring embedded WebApplicationContext
11-09 18:39:44.212 INFO  [main] [org.springframework.web.context.ContextLoader] : Root WebApplicationContext: initialization completed in 4182 ms
11-09 18:39:56.372 INFO  [main] [com.alibaba.druid.pool.DruidDataSource] : {dataSource-1,petrel_core} inited
11-09 18:40:07.277 INFO  [main] [com.alibaba.druid.pool.DruidDataSource] : {dataSource-2,petrel_record} inited
11-09 18:40:07.278 INFO  [main] [c.b.dynamic.datasource.DynamicRoutingDataSource] : dynamic-datasource - load a datasource named [petrel_record] success
11-09 18:40:07.278 INFO  [main] [c.b.dynamic.datasource.DynamicRoutingDataSource] : dynamic-datasource - load a datasource named [petrel_core] success
11-09 18:40:07.278 INFO  [main] [c.b.dynamic.datasource.DynamicRoutingDataSource] : dynamic-datasource initial loaded [2] datasource,primary datasource named [petrel_core]
11-09 18:40:09.439 INFO  [main] [c.a.n.s.c.e.LoggingNacosConfigMetadataEventListener] : Nacos Config Metadata : dataId='petrel-game-config.yaml', groupId='DEFAULT_GROUP', beanName='lobbyConfig', bean='GameConfig(hostUrl=https://gengxin1123.oss-ap-southeast-1.aliyuncs.com/ycd_update/, wxId=wxid_value, wxSecret=wxSecret_value, lobbyVersion=3, lobbyVfx=YCD)', beanType='class com.petrel.register.config.GameConfig', annotatedElement='class com.petrel.register.config.GameConfig', xmlResource='null', nacosProperties='{encode=UTF-8, password=nacos, serverAddr=202.189.7.196:6878, username=nacos}', nacosPropertiesAttributes='{accessKey=${nacos.access-key:}, clusterName=${nacos.cluster-name:}, configLongPollTimeout=${nacos.configLongPollTimeout:}, configRetryTime=${nacos.configRetryTime:}, contextPath=${nacos.context-path:}, enableRemoteSyncConfig=${nacos.enableRemoteSyncConfig:}, encode=${nacos.encode:UTF-8}, endpoint=${nacos.endpoint:}, maxRetry=${nacos.maxRetry:}, namespace=${nacos.namespace:}, password=${nacos.password:}, secretKey=${nacos.secret-key:}, serverAddr=${nacos.server-addr:}, username=${nacos.username:}}', source='@com.alibaba.nacos.api.config.annotation.NacosConfigurationProperties(autoRefreshed=true, dataId=petrel-game-config.yaml, exceptionIfInvalid=true, groupId=DEFAULT_GROUP, ignoreInvalidFields=false, ignoreNestedProperties=false, ignoreUnknownFields=true, prefix=, properties=@com.alibaba.nacos.api.annotation.NacosProperties(accessKey=${nacos.access-key:}, clusterName=${nacos.cluster-name:}, configLongPollTimeout=${nacos.configLongPollTimeout:}, configRetryTime=${nacos.configRetryTime:}, contextPath=${nacos.context-path:}, enableRemoteSyncConfig=${nacos.enableRemoteSyncConfig:}, encode=${nacos.encode:UTF-8}, endpoint=${nacos.endpoint:}, maxRetry=${nacos.maxRetry:}, namespace=${nacos.namespace:}, password=${nacos.password:}, secretKey=${nacos.secret-key:}, serverAddr=${nacos.server-addr:}, username=${nacos.username:}), type=YAML, yaml=false)', timestamp='1762713609430'
11-09 18:40:10.366 WARN  [main] [o.s.c.netflix.archaius.ArchaiusAutoConfiguration] : No spring.application.name found, defaulting to 'application'
11-09 18:40:10.375 WARN  [main] [com.netflix.config.sources.URLConfigurationSource] : No URLs will be polled as dynamic configuration sources.
11-09 18:40:10.375 INFO  [main] [com.netflix.config.sources.URLConfigurationSource] : To enable URLs as dynamic configuration sources, define System property archaius.configurationSource.additionalUrls or make config.properties available on classpath.
11-09 18:40:10.383 WARN  [main] [com.netflix.config.sources.URLConfigurationSource] : No URLs will be polled as dynamic configuration sources.
11-09 18:40:10.384 INFO  [main] [com.netflix.config.sources.URLConfigurationSource] : To enable URLs as dynamic configuration sources, define System property archaius.configurationSource.additionalUrls or make config.properties available on classpath.
11-09 18:40:11.478 INFO  [main] [o.s.scheduling.concurrent.ThreadPoolTaskScheduler] : Initializing ExecutorService 'Nacso-Watch-Task-Scheduler'
11-09 18:40:12.813 INFO  [main] [o.s.b.actuate.endpoint.web.EndpointLinksResolver] : Exposing 2 endpoint(s) beneath base path '/actuator'
11-09 18:40:13.730 INFO  [main] [o.s.boot.web.embedded.tomcat.TomcatWebServer] : Tomcat started on port(s): 7180 (http) with context path ''
11-09 18:40:13.732 WARN  [main] [c.a.cloud.nacos.registry.NacosServiceRegistry] : No service to register for nacos client...
11-09 18:40:13.739 INFO  [main] [com.petrel.register.RegisterApplication] : Started RegisterApplication in 37.743 seconds (JVM running for 40.771)
11-09 18:40:14.026 INFO  [main] [io.lettuce.core.EpollProvider] : Starting with epoll library
11-09 18:40:14.034 INFO  [main] [io.lettuce.core.KqueueProvider] : Starting without optional kqueue library
11-09 18:40:26.892 WARN  [background-preinit] [o.s.h.converter.json.Jackson2ObjectMapperBuilder] : For Jackson Kotlin classes support please add "com.fasterxml.jackson.module:jackson-module-kotlin" to the classpath
11-09 18:40:27.485 INFO  [main] [com.petrel.user.UserApplication] : The following profiles are active: prod
11-09 18:40:28.818 WARN  [main] [o.springframework.boot.actuate.endpoint.EndpointId] : Endpoint ID 'nacos-discovery' contains invalid characters, please migrate to a valid format.
11-09 18:40:29.218 INFO  [main] [o.s.d.r.config.RepositoryConfigurationDelegate] : Multiple Spring Data modules found, entering strict repository configuration mode!
11-09 18:40:29.223 INFO  [main] [o.s.d.r.config.RepositoryConfigurationDelegate] : Bootstrapping Spring Data Redis repositories in DEFAULT mode.
11-09 18:40:29.298 INFO  [main] [o.s.d.r.config.RepositoryConfigurationDelegate] : Finished Spring Data repository scanning in 44ms. Found 0 Redis repository interfaces.
11-09 18:40:29.425 WARN  [main] [o.springframework.boot.actuate.endpoint.EndpointId] : Endpoint ID 'service-registry' contains invalid characters, please migrate to a valid format.
11-09 18:40:29.962 INFO  [main] [o.springframework.cloud.context.scope.GenericScope] : BeanFactory id=ce81e8a4-9faa-3e8e-a614-e20eee678bf6
11-09 18:40:31.142 INFO  [main] [o.s.c.s.PostProcessorRegistrationDelegate$BeanPostProcessorChecker] : Bean 'spring.datasource.dynamic-com.baomidou.dynamic.datasource.spring.boot.autoconfigure.DynamicDataSourceProperties' of type [com.baomidou.dynamic.datasource.spring.boot.autoconfigure.DynamicDataSourceProperties] is not eligible for getting processed by all BeanPostProcessors (for example: not eligible for auto-proxying)
11-09 18:40:31.162 INFO  [main] [o.s.c.s.PostProcessorRegistrationDelegate$BeanPostProcessorChecker] : Bean 'com.baomidou.dynamic.datasource.spring.boot.autoconfigure.DynamicDataSourceAutoConfiguration' of type [com.baomidou.dynamic.datasource.spring.boot.autoconfigure.DynamicDataSourceAutoConfiguration$$EnhancerBySpringCGLIB$$64bd4645] is not eligible for getting processed by all BeanPostProcessors (for example: not eligible for auto-proxying)
11-09 18:40:31.211 INFO  [main] [o.s.c.s.PostProcessorRegistrationDelegate$BeanPostProcessorChecker] : Bean 'dsProcessor' of type [com.baomidou.dynamic.datasource.processor.DsHeaderProcessor] is not eligible for getting processed by all BeanPostProcessors (for example: not eligible for auto-proxying)
11-09 18:40:32.328 INFO  [main] [o.s.boot.web.embedded.tomcat.TomcatWebServer] : Tomcat initialized with port(s): 8719 (http)
11-09 18:40:32.425 INFO  [main] [org.apache.catalina.core.StandardService] : Starting service [Tomcat]
11-09 18:40:32.426 INFO  [main] [org.apache.catalina.core.StandardEngine] : Starting Servlet engine: [Apache Tomcat/9.0.31]
11-09 18:40:32.582 INFO  [main] [o.a.c.core.ContainerBase.[Tomcat].[localhost].[/]] : Initializing Spring embedded WebApplicationContext
11-09 18:40:32.585 INFO  [main] [org.springframework.web.context.ContextLoader] : Root WebApplicationContext: initialization completed in 5053 ms
11-09 18:40:41.713 WARN  [background-preinit] [o.s.h.converter.json.Jackson2ObjectMapperBuilder] : For Jackson Kotlin classes support please add "com.fasterxml.jackson.module:jackson-module-kotlin" to the classpath
11-09 18:40:42.339 INFO  [main] [com.petrel.game.GameApplication] : The following profiles are active: prod
11-09 18:40:43.570 WARN  [main] [o.springframework.boot.actuate.endpoint.EndpointId] : Endpoint ID 'nacos-discovery' contains invalid characters, please migrate to a valid format.
11-09 18:40:44.044 INFO  [main] [o.s.d.r.config.RepositoryConfigurationDelegate] : Multiple Spring Data modules found, entering strict repository configuration mode!
11-09 18:40:44.053 INFO  [main] [o.s.d.r.config.RepositoryConfigurationDelegate] : Bootstrapping Spring Data Redis repositories in DEFAULT mode.
11-09 18:40:44.126 INFO  [main] [o.s.d.r.config.RepositoryConfigurationDelegate] : Finished Spring Data repository scanning in 36ms. Found 0 Redis repository interfaces.
11-09 18:40:44.237 WARN  [main] [o.springframework.boot.actuate.endpoint.EndpointId] : Endpoint ID 'service-registry' contains invalid characters, please migrate to a valid format.
11-09 18:40:44.778 INFO  [main] [o.springframework.cloud.context.scope.GenericScope] : BeanFactory id=803ac902-efef-3310-96c4-874a8e137fbf
11-09 18:40:46.907 INFO  [main] [o.s.c.s.PostProcessorRegistrationDelegate$BeanPostProcessorChecker] : Bean 'spring.datasource.dynamic-com.baomidou.dynamic.datasource.spring.boot.autoconfigure.DynamicDataSourceProperties' of type [com.baomidou.dynamic.datasource.spring.boot.autoconfigure.DynamicDataSourceProperties] is not eligible for getting processed by all BeanPostProcessors (for example: not eligible for auto-proxying)
11-09 18:40:46.939 INFO  [main] [o.s.c.s.PostProcessorRegistrationDelegate$BeanPostProcessorChecker] : Bean 'com.baomidou.dynamic.datasource.spring.boot.autoconfigure.DynamicDataSourceAutoConfiguration' of type [com.baomidou.dynamic.datasource.spring.boot.autoconfigure.DynamicDataSourceAutoConfiguration$$EnhancerBySpringCGLIB$$865f8fd3] is not eligible for getting processed by all BeanPostProcessors (for example: not eligible for auto-proxying)
11-09 18:40:47.004 INFO  [main] [o.s.c.s.PostProcessorRegistrationDelegate$BeanPostProcessorChecker] : Bean 'dsProcessor' of type [com.baomidou.dynamic.datasource.processor.DsHeaderProcessor] is not eligible for getting processed by all BeanPostProcessors (for example: not eligible for auto-proxying)
11-09 18:40:48.534 INFO  [main] [o.s.boot.web.embedded.tomcat.TomcatWebServer] : Tomcat initialized with port(s): 8752 (http)
11-09 18:40:48.570 INFO  [main] [org.apache.catalina.core.StandardService] : Starting service [Tomcat]
11-09 18:40:48.578 INFO  [main] [org.apache.catalina.core.StandardEngine] : Starting Servlet engine: [Apache Tomcat/9.0.31]
11-09 18:40:48.886 INFO  [main] [o.a.c.core.ContainerBase.[Tomcat].[localhost].[/]] : Initializing Spring embedded WebApplicationContext
11-09 18:40:48.886 INFO  [main] [org.springframework.web.context.ContextLoader] : Root WebApplicationContext: initialization completed in 6492 ms
11-09 18:41:34.986 INFO  [main] [com.alibaba.druid.pool.DruidDataSource] : {dataSource-1,petrel_core} inited
11-09 18:42:02.250 INFO  [main] [com.alibaba.druid.pool.DruidDataSource] : {dataSource-1,petrel_core} inited
11-09 18:42:18.507 INFO  [main] [com.alibaba.druid.pool.DruidDataSource] : {dataSource-2,petrel_record} inited
11-09 18:42:18.514 INFO  [main] [c.b.dynamic.datasource.DynamicRoutingDataSource] : dynamic-datasource - load a datasource named [petrel_record] success
11-09 18:42:18.514 INFO  [main] [c.b.dynamic.datasource.DynamicRoutingDataSource] : dynamic-datasource - load a datasource named [petrel_core] success
11-09 18:42:18.514 INFO  [main] [c.b.dynamic.datasource.DynamicRoutingDataSource] : dynamic-datasource initial loaded [2] datasource,primary datasource named [petrel_core]
11-09 18:42:23.827 INFO  [main] [c.a.n.s.c.e.LoggingNacosConfigMetadataEventListener] : Nacos Config Metadata : dataId='petrel-strategy-config.yaml', groupId='DEFAULT_GROUP', beanName='lobbyConfig', bean='StrategyConfig(ceilLastDiffTimes=0_30|10;30_50|30;50_-1|500, ceilMultiple=3-5, ceilFixed=150, ceilCardRange=50-200, strategyCheat=10000, strategyLoseA=0.53, strategyLoseB=1.515E-5, strategyPlayTimes=800-1000-1300)', beanType='class com.petrel.game.config.StrategyConfig', annotatedElement='class com.petrel.game.config.StrategyConfig', xmlResource='null', nacosProperties='{encode=UTF-8, password=nacos, serverAddr=202.189.7.196:6878, username=nacos}', nacosPropertiesAttributes='{accessKey=${nacos.access-key:}, clusterName=${nacos.cluster-name:}, configLongPollTimeout=${nacos.configLongPollTimeout:}, configRetryTime=${nacos.configRetryTime:}, contextPath=${nacos.context-path:}, enableRemoteSyncConfig=${nacos.enableRemoteSyncConfig:}, encode=${nacos.encode:UTF-8}, endpoint=${nacos.endpoint:}, maxRetry=${nacos.maxRetry:}, namespace=${nacos.namespace:}, password=${nacos.password:}, secretKey=${nacos.secret-key:}, serverAddr=${nacos.server-addr:}, username=${nacos.username:}}', source='@com.alibaba.nacos.api.config.annotation.NacosConfigurationProperties(autoRefreshed=true, dataId=petrel-strategy-config.yaml, exceptionIfInvalid=true, groupId=DEFAULT_GROUP, ignoreInvalidFields=false, ignoreNestedProperties=false, ignoreUnknownFields=true, prefix=, properties=@com.alibaba.nacos.api.annotation.NacosProperties(accessKey=${nacos.access-key:}, clusterName=${nacos.cluster-name:}, configLongPollTimeout=${nacos.configLongPollTimeout:}, configRetryTime=${nacos.configRetryTime:}, contextPath=${nacos.context-path:}, enableRemoteSyncConfig=${nacos.enableRemoteSyncConfig:}, encode=${nacos.encode:UTF-8}, endpoint=${nacos.endpoint:}, maxRetry=${nacos.maxRetry:}, namespace=${nacos.namespace:}, password=${nacos.password:}, secretKey=${nacos.secret-key:}, serverAddr=${nacos.server-addr:}, username=${nacos.username:}), type=YAML, yaml=false)', timestamp='1762713743821'
11-09 18:42:25.716 WARN  [main] [o.s.c.netflix.archaius.ArchaiusAutoConfiguration] : No spring.application.name found, defaulting to 'application'
11-09 18:42:25.725 WARN  [main] [com.netflix.config.sources.URLConfigurationSource] : No URLs will be polled as dynamic configuration sources.
11-09 18:42:25.725 INFO  [main] [com.netflix.config.sources.URLConfigurationSource] : To enable URLs as dynamic configuration sources, define System property archaius.configurationSource.additionalUrls or make config.properties available on classpath.
11-09 18:42:25.738 WARN  [main] [com.netflix.config.sources.URLConfigurationSource] : No URLs will be polled as dynamic configuration sources.
11-09 18:42:25.738 INFO  [main] [com.netflix.config.sources.URLConfigurationSource] : To enable URLs as dynamic configuration sources, define System property archaius.configurationSource.additionalUrls or make config.properties available on classpath.
11-09 18:42:27.075 INFO  [main] [o.s.scheduling.concurrent.ThreadPoolTaskScheduler] : Initializing ExecutorService 'Nacso-Watch-Task-Scheduler'
11-09 18:42:29.145 INFO  [main] [o.s.b.actuate.endpoint.web.EndpointLinksResolver] : Exposing 2 endpoint(s) beneath base path '/actuator'
11-09 18:42:30.786 INFO  [main] [o.s.boot.web.embedded.tomcat.TomcatWebServer] : Tomcat started on port(s): 8752 (http) with context path ''
11-09 18:42:30.792 WARN  [main] [c.a.cloud.nacos.registry.NacosServiceRegistry] : No service to register for nacos client...
11-09 18:42:30.803 INFO  [main] [com.petrel.game.GameApplication] : Started GameApplication in 110.345 seconds (JVM running for 111.238)
11-09 18:42:30.840 INFO  [main] [com.zebra.common.concurrent.ZebraExecutorManager] : Initialize executorGroup size 32
11-09 18:42:46.165 INFO  [main] [com.alibaba.druid.pool.DruidDataSource] : {dataSource-2,petrel_record} inited
11-09 18:42:46.362 INFO  [main] [c.b.dynamic.datasource.DynamicRoutingDataSource] : dynamic-datasource - load a datasource named [petrel_record] success
11-09 18:42:46.364 INFO  [main] [c.b.dynamic.datasource.DynamicRoutingDataSource] : dynamic-datasource - load a datasource named [petrel_core] success
11-09 18:42:46.364 INFO  [main] [c.b.dynamic.datasource.DynamicRoutingDataSource] : dynamic-datasource initial loaded [2] datasource,primary datasource named [petrel_core]
11-09 18:42:53.428 INFO  [main] [c.a.n.s.c.e.LoggingNacosConfigMetadataEventListener] : Nacos Config Metadata : dataId='petrel-lobby-user-config.yaml', groupId='DEFAULT_GROUP', beanName='lobbyConfig', bean='LobbyUserConfig(gidLen=8, gidStart=0, registerNumber=0, signPlays=200, signDays=28, signDaysHalf=14, signGold=15, signHalf=30, signAll=60)', beanType='class com.petrel.user.config.LobbyUserConfig', annotatedElement='class com.petrel.user.config.LobbyUserConfig', xmlResource='null', nacosProperties='{encode=UTF-8, password=nacos, serverAddr=202.189.7.196:6878, username=nacos}', nacosPropertiesAttributes='{accessKey=${nacos.access-key:}, clusterName=${nacos.cluster-name:}, configLongPollTimeout=${nacos.configLongPollTimeout:}, configRetryTime=${nacos.configRetryTime:}, contextPath=${nacos.context-path:}, enableRemoteSyncConfig=${nacos.enableRemoteSyncConfig:}, encode=${nacos.encode:UTF-8}, endpoint=${nacos.endpoint:}, maxRetry=${nacos.maxRetry:}, namespace=${nacos.namespace:}, password=${nacos.password:}, secretKey=${nacos.secret-key:}, serverAddr=${nacos.server-addr:}, username=${nacos.username:}}', source='@com.alibaba.nacos.api.config.annotation.NacosConfigurationProperties(autoRefreshed=true, dataId=petrel-lobby-user-config.yaml, exceptionIfInvalid=true, groupId=DEFAULT_GROUP, ignoreInvalidFields=false, ignoreNestedProperties=false, ignoreUnknownFields=true, prefix=, properties=@com.alibaba.nacos.api.annotation.NacosProperties(accessKey=${nacos.access-key:}, clusterName=${nacos.cluster-name:}, configLongPollTimeout=${nacos.configLongPollTimeout:}, configRetryTime=${nacos.configRetryTime:}, contextPath=${nacos.context-path:}, enableRemoteSyncConfig=${nacos.enableRemoteSyncConfig:}, encode=${nacos.encode:UTF-8}, endpoint=${nacos.endpoint:}, maxRetry=${nacos.maxRetry:}, namespace=${nacos.namespace:}, password=${nacos.password:}, secretKey=${nacos.secret-key:}, serverAddr=${nacos.server-addr:}, username=${nacos.username:}), type=YAML, yaml=false)', timestamp='1762713773416'
11-09 18:42:53.655 INFO  [NacosConfigListener-ThreadPool-1] [c.a.n.s.c.e.LoggingNacosConfigMetadataEventListener] : Nacos Config Metadata : dataId='petrel-lobby-user-config.yaml', groupId='DEFAULT_GROUP', beanName='lobbyConfig', bean='LobbyUserConfig(gidLen=8, gidStart=0, registerNumber=0, signPlays=200, signDays=28, signDaysHalf=14, signGold=15, signHalf=30, signAll=60)', beanType='class com.petrel.user.config.LobbyUserConfig', annotatedElement='class com.petrel.user.config.LobbyUserConfig', xmlResource='null', nacosProperties='{encode=UTF-8, password=nacos, serverAddr=202.189.7.196:6878, username=nacos}', nacosPropertiesAttributes='{accessKey=${nacos.access-key:}, clusterName=${nacos.cluster-name:}, configLongPollTimeout=${nacos.configLongPollTimeout:}, configRetryTime=${nacos.configRetryTime:}, contextPath=${nacos.context-path:}, enableRemoteSyncConfig=${nacos.enableRemoteSyncConfig:}, encode=${nacos.encode:UTF-8}, endpoint=${nacos.endpoint:}, maxRetry=${nacos.maxRetry:}, namespace=${nacos.namespace:}, password=${nacos.password:}, secretKey=${nacos.secret-key:}, serverAddr=${nacos.server-addr:}, username=${nacos.username:}}', source='@com.alibaba.nacos.api.config.annotation.NacosConfigurationProperties(autoRefreshed=true, dataId=petrel-lobby-user-config.yaml, exceptionIfInvalid=true, groupId=DEFAULT_GROUP, ignoreInvalidFields=false, ignoreNestedProperties=false, ignoreUnknownFields=true, prefix=, properties=@com.alibaba.nacos.api.annotation.NacosProperties(accessKey=${nacos.access-key:}, clusterName=${nacos.cluster-name:}, configLongPollTimeout=${nacos.configLongPollTimeout:}, configRetryTime=${nacos.configRetryTime:}, contextPath=${nacos.context-path:}, enableRemoteSyncConfig=${nacos.enableRemoteSyncConfig:}, encode=${nacos.encode:UTF-8}, endpoint=${nacos.endpoint:}, maxRetry=${nacos.maxRetry:}, namespace=${nacos.namespace:}, password=${nacos.password:}, secretKey=${nacos.secret-key:}, serverAddr=${nacos.server-addr:}, username=${nacos.username:}), type=YAML, yaml=false)', timestamp='1762713773647'
11-09 18:42:54.021 INFO  [main] [c.a.n.s.c.e.LoggingNacosConfigMetadataEventListener] : Nacos Config Metadata : dataId='petrel-lobby-gold-config.yaml', groupId='DEFAULT_GROUP', beanName='goldBankConfig', bean='GoldBankConfig(transfer=1, traPre=2, traReceivePre=100, norTra=0, norMin=1650000, vipMin=10000, maxHoldGold=100000, vip2vip=9, changeVip=1, vip7=0,1)', beanType='class com.petrel.user.config.GoldBankConfig', annotatedElement='class com.petrel.user.config.GoldBankConfig', xmlResource='null', nacosProperties='{encode=UTF-8, password=nacos, serverAddr=202.189.7.196:6878, username=nacos}', nacosPropertiesAttributes='{accessKey=${nacos.access-key:}, clusterName=${nacos.cluster-name:}, configLongPollTimeout=${nacos.configLongPollTimeout:}, configRetryTime=${nacos.configRetryTime:}, contextPath=${nacos.context-path:}, enableRemoteSyncConfig=${nacos.enableRemoteSyncConfig:}, encode=${nacos.encode:UTF-8}, endpoint=${nacos.endpoint:}, maxRetry=${nacos.maxRetry:}, namespace=${nacos.namespace:}, password=${nacos.password:}, secretKey=${nacos.secret-key:}, serverAddr=${nacos.server-addr:}, username=${nacos.username:}}', source='@com.alibaba.nacos.api.config.annotation.NacosConfigurationProperties(autoRefreshed=true, dataId=petrel-lobby-gold-config.yaml, exceptionIfInvalid=true, groupId=DEFAULT_GROUP, ignoreInvalidFields=false, ignoreNestedProperties=false, ignoreUnknownFields=true, prefix=, properties=@com.alibaba.nacos.api.annotation.NacosProperties(accessKey=${nacos.access-key:}, clusterName=${nacos.cluster-name:}, configLongPollTimeout=${nacos.configLongPollTimeout:}, configRetryTime=${nacos.configRetryTime:}, contextPath=${nacos.context-path:}, enableRemoteSyncConfig=${nacos.enableRemoteSyncConfig:}, encode=${nacos.encode:UTF-8}, endpoint=${nacos.endpoint:}, maxRetry=${nacos.maxRetry:}, namespace=${nacos.namespace:}, password=${nacos.password:}, secretKey=${nacos.secret-key:}, serverAddr=${nacos.server-addr:}, username=${nacos.username:}), type=YAML, yaml=false)', timestamp='1762713774009'
11-09 18:42:54.874 INFO  [main] [c.a.n.s.c.e.LoggingNacosConfigMetadataEventListener] : Nacos Config Metadata : dataId='petrel-lobby-gold-config.yaml', groupId='DEFAULT_GROUP', beanName='cardRestrictConfig', bean='CardRestrictConfig(goldRestrict=100000, oncePresent=1, simulatorRestrict=1, notTel=0, notInTransfer=0, playRestrict=0, vipPresent=100, vipNotVip=1)', beanType='class com.petrel.user.config.CardRestrictConfig', annotatedElement='class com.petrel.user.config.CardRestrictConfig', xmlResource='null', nacosProperties='{encode=UTF-8, password=nacos, serverAddr=202.189.7.196:6878, username=nacos}', nacosPropertiesAttributes='{accessKey=${nacos.access-key:}, clusterName=${nacos.cluster-name:}, configLongPollTimeout=${nacos.configLongPollTimeout:}, configRetryTime=${nacos.configRetryTime:}, contextPath=${nacos.context-path:}, enableRemoteSyncConfig=${nacos.enableRemoteSyncConfig:}, encode=${nacos.encode:UTF-8}, endpoint=${nacos.endpoint:}, maxRetry=${nacos.maxRetry:}, namespace=${nacos.namespace:}, password=${nacos.password:}, secretKey=${nacos.secret-key:}, serverAddr=${nacos.server-addr:}, username=${nacos.username:}}', source='@com.alibaba.nacos.api.config.annotation.NacosConfigurationProperties(autoRefreshed=true, dataId=petrel-lobby-gold-config.yaml, exceptionIfInvalid=true, groupId=DEFAULT_GROUP, ignoreInvalidFields=false, ignoreNestedProperties=false, ignoreUnknownFields=true, prefix=, properties=@com.alibaba.nacos.api.annotation.NacosProperties(accessKey=${nacos.access-key:}, clusterName=${nacos.cluster-name:}, configLongPollTimeout=${nacos.configLongPollTimeout:}, configRetryTime=${nacos.configRetryTime:}, contextPath=${nacos.context-path:}, enableRemoteSyncConfig=${nacos.enableRemoteSyncConfig:}, encode=${nacos.encode:UTF-8}, endpoint=${nacos.endpoint:}, maxRetry=${nacos.maxRetry:}, namespace=${nacos.namespace:}, password=${nacos.password:}, secretKey=${nacos.secret-key:}, serverAddr=${nacos.server-addr:}, username=${nacos.username:}), type=YAML, yaml=false)', timestamp='1762713774872'
11-09 18:42:57.229 WARN  [main] [o.s.c.netflix.archaius.ArchaiusAutoConfiguration] : No spring.application.name found, defaulting to 'application'
11-09 18:42:57.308 WARN  [main] [com.netflix.config.sources.URLConfigurationSource] : No URLs will be polled as dynamic configuration sources.
11-09 18:42:57.308 INFO  [main] [com.netflix.config.sources.URLConfigurationSource] : To enable URLs as dynamic configuration sources, define System property archaius.configurationSource.additionalUrls or make config.properties available on classpath.
11-09 18:42:57.379 WARN  [main] [com.netflix.config.sources.URLConfigurationSource] : No URLs will be polled as dynamic configuration sources.
11-09 18:42:57.379 INFO  [main] [com.netflix.config.sources.URLConfigurationSource] : To enable URLs as dynamic configuration sources, define System property archaius.configurationSource.additionalUrls or make config.properties available on classpath.
11-09 18:43:01.197 INFO  [main] [o.s.scheduling.concurrent.ThreadPoolTaskScheduler] : Initializing ExecutorService 'Nacso-Watch-Task-Scheduler'
11-09 18:43:05.730 INFO  [main] [o.s.b.actuate.endpoint.web.EndpointLinksResolver] : Exposing 2 endpoint(s) beneath base path '/actuator'
11-09 18:43:06.942 INFO  [main] [o.s.boot.web.embedded.tomcat.TomcatWebServer] : Tomcat started on port(s): 8719 (http) with context path ''
11-09 18:43:06.945 WARN  [main] [c.a.cloud.nacos.registry.NacosServiceRegistry] : No service to register for nacos client...
11-09 18:43:06.973 INFO  [main] [com.petrel.user.UserApplication] : Started UserApplication in 161.515 seconds (JVM running for 162.434)
11-09 18:43:07.004 INFO  [main] [com.petrel.user.config.StartInitialize] : Start init NickName config success
11-09 18:43:23.222 INFO  [NacosConfigListener-ThreadPool-1] [c.a.n.s.c.e.LoggingNacosConfigMetadataEventListener] : Nacos Config Metadata : dataId='petrel-lobby-gold-config.yaml', groupId='DEFAULT_GROUP', beanName='cardRestrictConfig', bean='CardRestrictConfig(goldRestrict=100000, oncePresent=1, simulatorRestrict=1, notTel=0, notInTransfer=0, playRestrict=0, vipPresent=100, vipNotVip=1)', beanType='class com.petrel.user.config.CardRestrictConfig', annotatedElement='class com.petrel.user.config.CardRestrictConfig', xmlResource='null', nacosProperties='{encode=UTF-8, password=nacos, serverAddr=202.189.7.196:6878, username=nacos}', nacosPropertiesAttributes='{accessKey=${nacos.access-key:}, clusterName=${nacos.cluster-name:}, configLongPollTimeout=${nacos.configLongPollTimeout:}, configRetryTime=${nacos.configRetryTime:}, contextPath=${nacos.context-path:}, enableRemoteSyncConfig=${nacos.enableRemoteSyncConfig:}, encode=${nacos.encode:UTF-8}, endpoint=${nacos.endpoint:}, maxRetry=${nacos.maxRetry:}, namespace=${nacos.namespace:}, password=${nacos.password:}, secretKey=${nacos.secret-key:}, serverAddr=${nacos.server-addr:}, username=${nacos.username:}}', source='@com.alibaba.nacos.api.config.annotation.NacosConfigurationProperties(autoRefreshed=true, dataId=petrel-lobby-gold-config.yaml, exceptionIfInvalid=true, groupId=DEFAULT_GROUP, ignoreInvalidFields=false, ignoreNestedProperties=false, ignoreUnknownFields=true, prefix=, properties=@com.alibaba.nacos.api.annotation.NacosProperties(accessKey=${nacos.access-key:}, clusterName=${nacos.cluster-name:}, configLongPollTimeout=${nacos.configLongPollTimeout:}, configRetryTime=${nacos.configRetryTime:}, contextPath=${nacos.context-path:}, enableRemoteSyncConfig=${nacos.enableRemoteSyncConfig:}, encode=${nacos.encode:UTF-8}, endpoint=${nacos.endpoint:}, maxRetry=${nacos.maxRetry:}, namespace=${nacos.namespace:}, password=${nacos.password:}, secretKey=${nacos.secret-key:}, serverAddr=${nacos.server-addr:}, username=${nacos.username:}), type=YAML, yaml=false)', timestamp='1762713803221'
11-09 18:43:23.223 INFO  [NacosConfigListener-ThreadPool-2] [c.a.n.s.c.e.LoggingNacosConfigMetadataEventListener] : Nacos Config Metadata : dataId='petrel-lobby-gold-config.yaml', groupId='DEFAULT_GROUP', beanName='goldBankConfig', bean='GoldBankConfig(transfer=1, traPre=2, traReceivePre=100, norTra=0, norMin=1650000, vipMin=10000, maxHoldGold=100000, vip2vip=9, changeVip=1, vip7=0,1)', beanType='class com.petrel.user.config.GoldBankConfig', annotatedElement='class com.petrel.user.config.GoldBankConfig', xmlResource='null', nacosProperties='{encode=UTF-8, password=nacos, serverAddr=202.189.7.196:6878, username=nacos}', nacosPropertiesAttributes='{accessKey=${nacos.access-key:}, clusterName=${nacos.cluster-name:}, configLongPollTimeout=${nacos.configLongPollTimeout:}, configRetryTime=${nacos.configRetryTime:}, contextPath=${nacos.context-path:}, enableRemoteSyncConfig=${nacos.enableRemoteSyncConfig:}, encode=${nacos.encode:UTF-8}, endpoint=${nacos.endpoint:}, maxRetry=${nacos.maxRetry:}, namespace=${nacos.namespace:}, password=${nacos.password:}, secretKey=${nacos.secret-key:}, serverAddr=${nacos.server-addr:}, username=${nacos.username:}}', source='@com.alibaba.nacos.api.config.annotation.NacosConfigurationProperties(autoRefreshed=true, dataId=petrel-lobby-gold-config.yaml, exceptionIfInvalid=true, groupId=DEFAULT_GROUP, ignoreInvalidFields=false, ignoreNestedProperties=false, ignoreUnknownFields=true, prefix=, properties=@com.alibaba.nacos.api.annotation.NacosProperties(accessKey=${nacos.access-key:}, clusterName=${nacos.cluster-name:}, configLongPollTimeout=${nacos.configLongPollTimeout:}, configRetryTime=${nacos.configRetryTime:}, contextPath=${nacos.context-path:}, enableRemoteSyncConfig=${nacos.enableRemoteSyncConfig:}, encode=${nacos.encode:UTF-8}, endpoint=${nacos.endpoint:}, maxRetry=${nacos.maxRetry:}, namespace=${nacos.namespace:}, password=${nacos.password:}, secretKey=${nacos.secret-key:}, serverAddr=${nacos.server-addr:}, username=${nacos.username:}), type=YAML, yaml=false)', timestamp='1762713803222'
11-09 19:04:12.795 WARN  [background-preinit] [o.s.h.converter.json.Jackson2ObjectMapperBuilder] : For Jackson Kotlin classes support please add "com.fasterxml.jackson.module:jackson-module-kotlin" to the classpath
11-09 19:12:49.460 WARN  [background-preinit] [o.s.h.converter.json.Jackson2ObjectMapperBuilder] : For Jackson Kotlin classes support please add "com.fasterxml.jackson.module:jackson-module-kotlin" to the classpath
11-09 19:12:49.949 INFO  [main] [com.petrel.register.RegisterApplication] : The following profiles are active: prod
11-09 19:12:51.131 WARN  [main] [o.springframework.boot.actuate.endpoint.EndpointId] : Endpoint ID 'nacos-discovery' contains invalid characters, please migrate to a valid format.
11-09 19:12:51.430 INFO  [main] [o.s.d.r.config.RepositoryConfigurationDelegate] : Multiple Spring Data modules found, entering strict repository configuration mode!
11-09 19:12:51.442 INFO  [main] [o.s.d.r.config.RepositoryConfigurationDelegate] : Bootstrapping Spring Data Redis repositories in DEFAULT mode.
11-09 19:12:51.483 INFO  [main] [o.s.d.r.config.RepositoryConfigurationDelegate] : Finished Spring Data repository scanning in 13ms. Found 0 Redis repository interfaces.
11-09 19:12:51.602 WARN  [main] [o.springframework.boot.actuate.endpoint.EndpointId] : Endpoint ID 'service-registry' contains invalid characters, please migrate to a valid format.
11-09 19:12:51.920 INFO  [main] [o.springframework.cloud.context.scope.GenericScope] : BeanFactory id=441f032e-5849-35c7-a938-61bd75f12b40
11-09 19:12:52.514 INFO  [main] [o.s.c.s.PostProcessorRegistrationDelegate$BeanPostProcessorChecker] : Bean 'spring.datasource.dynamic-com.baomidou.dynamic.datasource.spring.boot.autoconfigure.DynamicDataSourceProperties' of type [com.baomidou.dynamic.datasource.spring.boot.autoconfigure.DynamicDataSourceProperties] is not eligible for getting processed by all BeanPostProcessors (for example: not eligible for auto-proxying)
11-09 19:12:52.523 INFO  [main] [o.s.c.s.PostProcessorRegistrationDelegate$BeanPostProcessorChecker] : Bean 'com.baomidou.dynamic.datasource.spring.boot.autoconfigure.DynamicDataSourceAutoConfiguration' of type [com.baomidou.dynamic.datasource.spring.boot.autoconfigure.DynamicDataSourceAutoConfiguration$$EnhancerBySpringCGLIB$$d65d326a] is not eligible for getting processed by all BeanPostProcessors (for example: not eligible for auto-proxying)
11-09 19:12:52.545 INFO  [main] [o.s.c.s.PostProcessorRegistrationDelegate$BeanPostProcessorChecker] : Bean 'dsProcessor' of type [com.baomidou.dynamic.datasource.processor.DsHeaderProcessor] is not eligible for getting processed by all BeanPostProcessors (for example: not eligible for auto-proxying)
11-09 19:12:53.013 INFO  [main] [o.s.boot.web.embedded.tomcat.TomcatWebServer] : Tomcat initialized with port(s): 7180 (http)
11-09 19:12:53.042 INFO  [main] [org.apache.catalina.core.StandardService] : Starting service [Tomcat]
11-09 19:12:53.043 INFO  [main] [org.apache.catalina.core.StandardEngine] : Starting Servlet engine: [Apache Tomcat/9.0.31]
11-09 19:12:53.102 INFO  [main] [o.a.c.core.ContainerBase.[Tomcat].[localhost].[/]] : Initializing Spring embedded WebApplicationContext
11-09 19:12:53.103 INFO  [main] [org.springframework.web.context.ContextLoader] : Root WebApplicationContext: initialization completed in 3109 ms
11-09 19:13:05.325 INFO  [main] [com.alibaba.druid.pool.DruidDataSource] : {dataSource-1,petrel_core} inited
11-09 19:13:16.217 INFO  [main] [com.alibaba.druid.pool.DruidDataSource] : {dataSource-2,petrel_record} inited
11-09 19:13:16.217 INFO  [main] [c.b.dynamic.datasource.DynamicRoutingDataSource] : dynamic-datasource - load a datasource named [petrel_record] success
11-09 19:13:16.218 INFO  [main] [c.b.dynamic.datasource.DynamicRoutingDataSource] : dynamic-datasource - load a datasource named [petrel_core] success
11-09 19:13:16.218 INFO  [main] [c.b.dynamic.datasource.DynamicRoutingDataSource] : dynamic-datasource initial loaded [2] datasource,primary datasource named [petrel_core]
11-09 19:13:18.529 INFO  [main] [c.a.n.s.c.e.LoggingNacosConfigMetadataEventListener] : Nacos Config Metadata : dataId='petrel-game-config.yaml', groupId='DEFAULT_GROUP', beanName='lobbyConfig', bean='GameConfig(hostUrl=https://gengxin1123.oss-ap-southeast-1.aliyuncs.com/ycd_update/, wxId=wxid_value, wxSecret=wxSecret_value, lobbyVersion=3, lobbyVfx=YCD)', beanType='class com.petrel.register.config.GameConfig', annotatedElement='class com.petrel.register.config.GameConfig', xmlResource='null', nacosProperties='{encode=UTF-8, password=nacos, serverAddr=202.189.7.196:6878, username=nacos}', nacosPropertiesAttributes='{accessKey=${nacos.access-key:}, clusterName=${nacos.cluster-name:}, configLongPollTimeout=${nacos.configLongPollTimeout:}, configRetryTime=${nacos.configRetryTime:}, contextPath=${nacos.context-path:}, enableRemoteSyncConfig=${nacos.enableRemoteSyncConfig:}, encode=${nacos.encode:UTF-8}, endpoint=${nacos.endpoint:}, maxRetry=${nacos.maxRetry:}, namespace=${nacos.namespace:}, password=${nacos.password:}, secretKey=${nacos.secret-key:}, serverAddr=${nacos.server-addr:}, username=${nacos.username:}}', source='@com.alibaba.nacos.api.config.annotation.NacosConfigurationProperties(autoRefreshed=true, dataId=petrel-game-config.yaml, exceptionIfInvalid=true, groupId=DEFAULT_GROUP, ignoreInvalidFields=false, ignoreNestedProperties=false, ignoreUnknownFields=true, prefix=, properties=@com.alibaba.nacos.api.annotation.NacosProperties(accessKey=${nacos.access-key:}, clusterName=${nacos.cluster-name:}, configLongPollTimeout=${nacos.configLongPollTimeout:}, configRetryTime=${nacos.configRetryTime:}, contextPath=${nacos.context-path:}, enableRemoteSyncConfig=${nacos.enableRemoteSyncConfig:}, encode=${nacos.encode:UTF-8}, endpoint=${nacos.endpoint:}, maxRetry=${nacos.maxRetry:}, namespace=${nacos.namespace:}, password=${nacos.password:}, secretKey=${nacos.secret-key:}, serverAddr=${nacos.server-addr:}, username=${nacos.username:}), type=YAML, yaml=false)', timestamp='1762715598525'
11-09 19:13:19.209 WARN  [main] [o.s.c.netflix.archaius.ArchaiusAutoConfiguration] : No spring.application.name found, defaulting to 'application'
11-09 19:13:19.216 WARN  [main] [com.netflix.config.sources.URLConfigurationSource] : No URLs will be polled as dynamic configuration sources.
11-09 19:13:19.217 INFO  [main] [com.netflix.config.sources.URLConfigurationSource] : To enable URLs as dynamic configuration sources, define System property archaius.configurationSource.additionalUrls or make config.properties available on classpath.
11-09 19:13:19.225 WARN  [main] [com.netflix.config.sources.URLConfigurationSource] : No URLs will be polled as dynamic configuration sources.
11-09 19:13:19.228 INFO  [main] [com.netflix.config.sources.URLConfigurationSource] : To enable URLs as dynamic configuration sources, define System property archaius.configurationSource.additionalUrls or make config.properties available on classpath.
11-09 19:13:20.162 INFO  [main] [o.s.scheduling.concurrent.ThreadPoolTaskScheduler] : Initializing ExecutorService 'Nacso-Watch-Task-Scheduler'
11-09 19:13:21.034 INFO  [main] [o.s.b.actuate.endpoint.web.EndpointLinksResolver] : Exposing 2 endpoint(s) beneath base path '/actuator'
11-09 19:13:21.716 INFO  [main] [o.s.boot.web.embedded.tomcat.TomcatWebServer] : Tomcat started on port(s): 7180 (http) with context path ''
11-09 19:13:21.718 WARN  [main] [c.a.cloud.nacos.registry.NacosServiceRegistry] : No service to register for nacos client...
11-09 19:13:21.722 INFO  [main] [com.petrel.register.RegisterApplication] : Started RegisterApplication in 33.661 seconds (JVM running for 34.853)
11-09 19:13:21.940 INFO  [main] [io.lettuce.core.EpollProvider] : Starting with epoll library
11-09 19:13:21.950 INFO  [main] [io.lettuce.core.KqueueProvider] : Starting without optional kqueue library
11-09 19:13:34.491 WARN  [background-preinit] [o.s.h.converter.json.Jackson2ObjectMapperBuilder] : For Jackson Kotlin classes support please add "com.fasterxml.jackson.module:jackson-module-kotlin" to the classpath
11-09 19:13:35.130 INFO  [main] [com.petrel.user.UserApplication] : The following profiles are active: prod
11-09 19:13:36.508 WARN  [main] [o.springframework.boot.actuate.endpoint.EndpointId] : Endpoint ID 'nacos-discovery' contains invalid characters, please migrate to a valid format.
11-09 19:13:36.822 INFO  [main] [o.s.d.r.config.RepositoryConfigurationDelegate] : Multiple Spring Data modules found, entering strict repository configuration mode!
11-09 19:13:36.827 INFO  [main] [o.s.d.r.config.RepositoryConfigurationDelegate] : Bootstrapping Spring Data Redis repositories in DEFAULT mode.
11-09 19:13:36.860 INFO  [main] [o.s.d.r.config.RepositoryConfigurationDelegate] : Finished Spring Data repository scanning in 13ms. Found 0 Redis repository interfaces.
11-09 19:13:36.948 WARN  [main] [o.springframework.boot.actuate.endpoint.EndpointId] : Endpoint ID 'service-registry' contains invalid characters, please migrate to a valid format.
11-09 19:13:37.249 INFO  [main] [o.springframework.cloud.context.scope.GenericScope] : BeanFactory id=ce81e8a4-9faa-3e8e-a614-e20eee678bf6
11-09 19:13:37.888 INFO  [main] [o.s.c.s.PostProcessorRegistrationDelegate$BeanPostProcessorChecker] : Bean 'spring.datasource.dynamic-com.baomidou.dynamic.datasource.spring.boot.autoconfigure.DynamicDataSourceProperties' of type [com.baomidou.dynamic.datasource.spring.boot.autoconfigure.DynamicDataSourceProperties] is not eligible for getting processed by all BeanPostProcessors (for example: not eligible for auto-proxying)
11-09 19:13:37.898 INFO  [main] [o.s.c.s.PostProcessorRegistrationDelegate$BeanPostProcessorChecker] : Bean 'com.baomidou.dynamic.datasource.spring.boot.autoconfigure.DynamicDataSourceAutoConfiguration' of type [com.baomidou.dynamic.datasource.spring.boot.autoconfigure.DynamicDataSourceAutoConfiguration$$EnhancerBySpringCGLIB$$2eda1eab] is not eligible for getting processed by all BeanPostProcessors (for example: not eligible for auto-proxying)
11-09 19:13:37.914 INFO  [main] [o.s.c.s.PostProcessorRegistrationDelegate$BeanPostProcessorChecker] : Bean 'dsProcessor' of type [com.baomidou.dynamic.datasource.processor.DsHeaderProcessor] is not eligible for getting processed by all BeanPostProcessors (for example: not eligible for auto-proxying)
11-09 19:13:38.470 INFO  [main] [o.s.boot.web.embedded.tomcat.TomcatWebServer] : Tomcat initialized with port(s): 8719 (http)
11-09 19:13:38.480 INFO  [main] [org.apache.catalina.core.StandardService] : Starting service [Tomcat]
11-09 19:13:38.480 INFO  [main] [org.apache.catalina.core.StandardEngine] : Starting Servlet engine: [Apache Tomcat/9.0.31]
11-09 19:13:38.599 INFO  [main] [o.a.c.core.ContainerBase.[Tomcat].[localhost].[/]] : Initializing Spring embedded WebApplicationContext
11-09 19:13:38.600 INFO  [main] [org.springframework.web.context.ContextLoader] : Root WebApplicationContext: initialization completed in 3432 ms
11-09 19:13:49.436 WARN  [background-preinit] [o.s.h.converter.json.Jackson2ObjectMapperBuilder] : For Jackson Kotlin classes support please add "com.fasterxml.jackson.module:jackson-module-kotlin" to the classpath
11-09 19:13:49.967 INFO  [main] [com.petrel.game.GameApplication] : The following profiles are active: prod
11-09 19:13:51.595 WARN  [main] [o.springframework.boot.actuate.endpoint.EndpointId] : Endpoint ID 'nacos-discovery' contains invalid characters, please migrate to a valid format.
11-09 19:13:51.916 INFO  [main] [o.s.d.r.config.RepositoryConfigurationDelegate] : Multiple Spring Data modules found, entering strict repository configuration mode!
11-09 19:13:51.921 INFO  [main] [o.s.d.r.config.RepositoryConfigurationDelegate] : Bootstrapping Spring Data Redis repositories in DEFAULT mode.
11-09 19:13:51.958 INFO  [main] [o.s.d.r.config.RepositoryConfigurationDelegate] : Finished Spring Data repository scanning in 14ms. Found 0 Redis repository interfaces.
11-09 19:13:52.046 WARN  [main] [o.springframework.boot.actuate.endpoint.EndpointId] : Endpoint ID 'service-registry' contains invalid characters, please migrate to a valid format.
11-09 19:13:52.330 INFO  [main] [o.springframework.cloud.context.scope.GenericScope] : BeanFactory id=803ac902-efef-3310-96c4-874a8e137fbf
11-09 19:13:52.883 INFO  [main] [o.s.c.s.PostProcessorRegistrationDelegate$BeanPostProcessorChecker] : Bean 'spring.datasource.dynamic-com.baomidou.dynamic.datasource.spring.boot.autoconfigure.DynamicDataSourceProperties' of type [com.baomidou.dynamic.datasource.spring.boot.autoconfigure.DynamicDataSourceProperties] is not eligible for getting processed by all BeanPostProcessors (for example: not eligible for auto-proxying)
11-09 19:13:52.891 INFO  [main] [o.s.c.s.PostProcessorRegistrationDelegate$BeanPostProcessorChecker] : Bean 'com.baomidou.dynamic.datasource.spring.boot.autoconfigure.DynamicDataSourceAutoConfiguration' of type [com.baomidou.dynamic.datasource.spring.boot.autoconfigure.DynamicDataSourceAutoConfiguration$$EnhancerBySpringCGLIB$$78057c35] is not eligible for getting processed by all BeanPostProcessors (for example: not eligible for auto-proxying)
11-09 19:13:52.908 INFO  [main] [o.s.c.s.PostProcessorRegistrationDelegate$BeanPostProcessorChecker] : Bean 'dsProcessor' of type [com.baomidou.dynamic.datasource.processor.DsHeaderProcessor] is not eligible for getting processed by all BeanPostProcessors (for example: not eligible for auto-proxying)
11-09 19:13:53.456 INFO  [main] [o.s.boot.web.embedded.tomcat.TomcatWebServer] : Tomcat initialized with port(s): 8752 (http)
11-09 19:13:53.535 INFO  [main] [org.apache.catalina.core.StandardService] : Starting service [Tomcat]
11-09 19:13:53.538 INFO  [main] [org.apache.catalina.core.StandardEngine] : Starting Servlet engine: [Apache Tomcat/9.0.31]
11-09 19:13:53.642 INFO  [main] [o.a.c.core.ContainerBase.[Tomcat].[localhost].[/]] : Initializing Spring embedded WebApplicationContext
11-09 19:13:53.644 INFO  [main] [org.springframework.web.context.ContextLoader] : Root WebApplicationContext: initialization completed in 3644 ms
11-09 19:14:38.693 INFO  [main] [com.alibaba.druid.pool.DruidDataSource] : {dataSource-1,petrel_core} inited
11-09 19:14:54.493 WARN  [background-preinit] [o.s.h.converter.json.Jackson2ObjectMapperBuilder] : For Jackson Kotlin classes support please add "com.fasterxml.jackson.module:jackson-module-kotlin" to the classpath
11-09 19:32:23.306 WARN  [background-preinit] [o.s.h.converter.json.Jackson2ObjectMapperBuilder] : For Jackson Kotlin classes support please add "com.fasterxml.jackson.module:jackson-module-kotlin" to the classpath
11-09 19:32:23.835 INFO  [main] [com.petrel.register.RegisterApplication] : The following profiles are active: prod
11-09 19:32:24.939 WARN  [main] [o.springframework.boot.actuate.endpoint.EndpointId] : Endpoint ID 'nacos-discovery' contains invalid characters, please migrate to a valid format.
11-09 19:32:25.201 INFO  [main] [o.s.d.r.config.RepositoryConfigurationDelegate] : Multiple Spring Data modules found, entering strict repository configuration mode!
11-09 19:32:25.205 INFO  [main] [o.s.d.r.config.RepositoryConfigurationDelegate] : Bootstrapping Spring Data Redis repositories in DEFAULT mode.
11-09 19:32:25.238 INFO  [main] [o.s.d.r.config.RepositoryConfigurationDelegate] : Finished Spring Data repository scanning in 13ms. Found 0 Redis repository interfaces.
11-09 19:32:25.308 WARN  [main] [o.springframework.boot.actuate.endpoint.EndpointId] : Endpoint ID 'service-registry' contains invalid characters, please migrate to a valid format.
11-09 19:32:25.584 INFO  [main] [o.springframework.cloud.context.scope.GenericScope] : BeanFactory id=441f032e-5849-35c7-a938-61bd75f12b40
11-09 19:32:26.197 INFO  [main] [o.s.c.s.PostProcessorRegistrationDelegate$BeanPostProcessorChecker] : Bean 'spring.datasource.dynamic-com.baomidou.dynamic.datasource.spring.boot.autoconfigure.DynamicDataSourceProperties' of type [com.baomidou.dynamic.datasource.spring.boot.autoconfigure.DynamicDataSourceProperties] is not eligible for getting processed by all BeanPostProcessors (for example: not eligible for auto-proxying)
11-09 19:32:26.207 INFO  [main] [o.s.c.s.PostProcessorRegistrationDelegate$BeanPostProcessorChecker] : Bean 'com.baomidou.dynamic.datasource.spring.boot.autoconfigure.DynamicDataSourceAutoConfiguration' of type [com.baomidou.dynamic.datasource.spring.boot.autoconfigure.DynamicDataSourceAutoConfiguration$$EnhancerBySpringCGLIB$$72a794df] is not eligible for getting processed by all BeanPostProcessors (for example: not eligible for auto-proxying)
11-09 19:32:26.227 INFO  [main] [o.s.c.s.PostProcessorRegistrationDelegate$BeanPostProcessorChecker] : Bean 'dsProcessor' of type [com.baomidou.dynamic.datasource.processor.DsHeaderProcessor] is not eligible for getting processed by all BeanPostProcessors (for example: not eligible for auto-proxying)
11-09 19:32:26.858 INFO  [main] [o.s.boot.web.embedded.tomcat.TomcatWebServer] : Tomcat initialized with port(s): 7180 (http)
11-09 19:32:26.880 INFO  [main] [org.apache.catalina.core.StandardService] : Starting service [Tomcat]
11-09 19:32:26.881 INFO  [main] [org.apache.catalina.core.StandardEngine] : Starting Servlet engine: [Apache Tomcat/9.0.31]
11-09 19:32:26.949 INFO  [main] [o.a.c.core.ContainerBase.[Tomcat].[localhost].[/]] : Initializing Spring embedded WebApplicationContext
11-09 19:32:26.949 INFO  [main] [org.springframework.web.context.ContextLoader] : Root WebApplicationContext: initialization completed in 3062 ms
11-09 19:32:39.263 INFO  [main] [com.alibaba.druid.pool.DruidDataSource] : {dataSource-1,petrel_core} inited
11-09 19:32:50.156 INFO  [main] [com.alibaba.druid.pool.DruidDataSource] : {dataSource-2,petrel_record} inited
11-09 19:32:50.157 INFO  [main] [c.b.dynamic.datasource.DynamicRoutingDataSource] : dynamic-datasource - load a datasource named [petrel_record] success
11-09 19:32:50.157 INFO  [main] [c.b.dynamic.datasource.DynamicRoutingDataSource] : dynamic-datasource - load a datasource named [petrel_core] success
11-09 19:32:50.157 INFO  [main] [c.b.dynamic.datasource.DynamicRoutingDataSource] : dynamic-datasource initial loaded [2] datasource,primary datasource named [petrel_core]
11-09 19:32:52.514 INFO  [main] [c.a.n.s.c.e.LoggingNacosConfigMetadataEventListener] : Nacos Config Metadata : dataId='petrel-game-config.yaml', groupId='DEFAULT_GROUP', beanName='lobbyConfig', bean='GameConfig(hostUrl=https://gengxin1123.oss-ap-southeast-1.aliyuncs.com/ycd_update/, wxId=wxid_value, wxSecret=wxSecret_value, lobbyVersion=3, lobbyVfx=YCD)', beanType='class com.petrel.register.config.GameConfig', annotatedElement='class com.petrel.register.config.GameConfig', xmlResource='null', nacosProperties='{encode=UTF-8, password=nacos, serverAddr=202.189.7.196:6878, username=nacos}', nacosPropertiesAttributes='{accessKey=${nacos.access-key:}, clusterName=${nacos.cluster-name:}, configLongPollTimeout=${nacos.configLongPollTimeout:}, configRetryTime=${nacos.configRetryTime:}, contextPath=${nacos.context-path:}, enableRemoteSyncConfig=${nacos.enableRemoteSyncConfig:}, encode=${nacos.encode:UTF-8}, endpoint=${nacos.endpoint:}, maxRetry=${nacos.maxRetry:}, namespace=${nacos.namespace:}, password=${nacos.password:}, secretKey=${nacos.secret-key:}, serverAddr=${nacos.server-addr:}, username=${nacos.username:}}', source='@com.alibaba.nacos.api.config.annotation.NacosConfigurationProperties(autoRefreshed=true, dataId=petrel-game-config.yaml, exceptionIfInvalid=true, groupId=DEFAULT_GROUP, ignoreInvalidFields=false, ignoreNestedProperties=false, ignoreUnknownFields=true, prefix=, properties=@com.alibaba.nacos.api.annotation.NacosProperties(accessKey=${nacos.access-key:}, clusterName=${nacos.cluster-name:}, configLongPollTimeout=${nacos.configLongPollTimeout:}, configRetryTime=${nacos.configRetryTime:}, contextPath=${nacos.context-path:}, enableRemoteSyncConfig=${nacos.enableRemoteSyncConfig:}, encode=${nacos.encode:UTF-8}, endpoint=${nacos.endpoint:}, maxRetry=${nacos.maxRetry:}, namespace=${nacos.namespace:}, password=${nacos.password:}, secretKey=${nacos.secret-key:}, serverAddr=${nacos.server-addr:}, username=${nacos.username:}), type=YAML, yaml=false)', timestamp='1762716772509'
11-09 19:32:53.191 WARN  [main] [o.s.c.netflix.archaius.ArchaiusAutoConfiguration] : No spring.application.name found, defaulting to 'application'
11-09 19:32:53.195 WARN  [main] [com.netflix.config.sources.URLConfigurationSource] : No URLs will be polled as dynamic configuration sources.
11-09 19:32:53.195 INFO  [main] [com.netflix.config.sources.URLConfigurationSource] : To enable URLs as dynamic configuration sources, define System property archaius.configurationSource.additionalUrls or make config.properties available on classpath.
11-09 19:32:53.202 WARN  [main] [com.netflix.config.sources.URLConfigurationSource] : No URLs will be polled as dynamic configuration sources.
11-09 19:32:53.202 INFO  [main] [com.netflix.config.sources.URLConfigurationSource] : To enable URLs as dynamic configuration sources, define System property archaius.configurationSource.additionalUrls or make config.properties available on classpath.
11-09 19:32:53.983 INFO  [main] [o.s.scheduling.concurrent.ThreadPoolTaskScheduler] : Initializing ExecutorService 'Nacso-Watch-Task-Scheduler'
11-09 19:32:55.024 INFO  [main] [o.s.b.actuate.endpoint.web.EndpointLinksResolver] : Exposing 2 endpoint(s) beneath base path '/actuator'
11-09 19:32:55.767 INFO  [main] [o.s.boot.web.embedded.tomcat.TomcatWebServer] : Tomcat started on port(s): 7180 (http) with context path ''
11-09 19:32:55.769 WARN  [main] [c.a.cloud.nacos.registry.NacosServiceRegistry] : No service to register for nacos client...
11-09 19:32:55.773 INFO  [main] [com.petrel.register.RegisterApplication] : Started RegisterApplication in 33.725 seconds (JVM running for 35.571)
11-09 19:32:56.002 INFO  [main] [io.lettuce.core.EpollProvider] : Starting with epoll library
11-09 19:32:56.009 INFO  [main] [io.lettuce.core.KqueueProvider] : Starting without optional kqueue library
11-09 19:33:08.914 WARN  [background-preinit] [o.s.h.converter.json.Jackson2ObjectMapperBuilder] : For Jackson Kotlin classes support please add "com.fasterxml.jackson.module:jackson-module-kotlin" to the classpath
11-09 19:33:09.573 INFO  [main] [com.petrel.user.UserApplication] : The following profiles are active: prod
11-09 19:33:10.844 WARN  [main] [o.springframework.boot.actuate.endpoint.EndpointId] : Endpoint ID 'nacos-discovery' contains invalid characters, please migrate to a valid format.
11-09 19:33:11.148 INFO  [main] [o.s.d.r.config.RepositoryConfigurationDelegate] : Multiple Spring Data modules found, entering strict repository configuration mode!
11-09 19:33:11.154 INFO  [main] [o.s.d.r.config.RepositoryConfigurationDelegate] : Bootstrapping Spring Data Redis repositories in DEFAULT mode.
11-09 19:33:11.191 INFO  [main] [o.s.d.r.config.RepositoryConfigurationDelegate] : Finished Spring Data repository scanning in 16ms. Found 0 Redis repository interfaces.
11-09 19:33:11.267 WARN  [main] [o.springframework.boot.actuate.endpoint.EndpointId] : Endpoint ID 'service-registry' contains invalid characters, please migrate to a valid format.
11-09 19:33:11.587 INFO  [main] [o.springframework.cloud.context.scope.GenericScope] : BeanFactory id=ce81e8a4-9faa-3e8e-a614-e20eee678bf6
11-09 19:33:12.525 INFO  [main] [o.s.c.s.PostProcessorRegistrationDelegate$BeanPostProcessorChecker] : Bean 'spring.datasource.dynamic-com.baomidou.dynamic.datasource.spring.boot.autoconfigure.DynamicDataSourceProperties' of type [com.baomidou.dynamic.datasource.spring.boot.autoconfigure.DynamicDataSourceProperties] is not eligible for getting processed by all BeanPostProcessors (for example: not eligible for auto-proxying)
11-09 19:33:12.552 INFO  [main] [o.s.c.s.PostProcessorRegistrationDelegate$BeanPostProcessorChecker] : Bean 'com.baomidou.dynamic.datasource.spring.boot.autoconfigure.DynamicDataSourceAutoConfiguration' of type [com.baomidou.dynamic.datasource.spring.boot.autoconfigure.DynamicDataSourceAutoConfiguration$$EnhancerBySpringCGLIB$$4f69fe9a] is not eligible for getting processed by all BeanPostProcessors (for example: not eligible for auto-proxying)
11-09 19:33:12.592 INFO  [main] [o.s.c.s.PostProcessorRegistrationDelegate$BeanPostProcessorChecker] : Bean 'dsProcessor' of type [com.baomidou.dynamic.datasource.processor.DsHeaderProcessor] is not eligible for getting processed by all BeanPostProcessors (for example: not eligible for auto-proxying)
11-09 19:33:13.205 INFO  [main] [o.s.boot.web.embedded.tomcat.TomcatWebServer] : Tomcat initialized with port(s): 8719 (http)
11-09 19:33:13.217 INFO  [main] [org.apache.catalina.core.StandardService] : Starting service [Tomcat]
11-09 19:33:13.218 INFO  [main] [org.apache.catalina.core.StandardEngine] : Starting Servlet engine: [Apache Tomcat/9.0.31]
11-09 19:33:13.339 INFO  [main] [o.a.c.core.ContainerBase.[Tomcat].[localhost].[/]] : Initializing Spring embedded WebApplicationContext
11-09 19:33:13.340 INFO  [main] [org.springframework.web.context.ContextLoader] : Root WebApplicationContext: initialization completed in 3734 ms
11-09 19:33:24.358 WARN  [background-preinit] [o.s.h.converter.json.Jackson2ObjectMapperBuilder] : For Jackson Kotlin classes support please add "com.fasterxml.jackson.module:jackson-module-kotlin" to the classpath
11-09 19:33:24.930 INFO  [main] [com.petrel.game.GameApplication] : The following profiles are active: prod
11-09 19:33:26.314 WARN  [main] [o.springframework.boot.actuate.endpoint.EndpointId] : Endpoint ID 'nacos-discovery' contains invalid characters, please migrate to a valid format.
11-09 19:33:26.592 INFO  [main] [o.s.d.r.config.RepositoryConfigurationDelegate] : Multiple Spring Data modules found, entering strict repository configuration mode!
11-09 19:33:26.597 INFO  [main] [o.s.d.r.config.RepositoryConfigurationDelegate] : Bootstrapping Spring Data Redis repositories in DEFAULT mode.
11-09 19:33:26.630 INFO  [main] [o.s.d.r.config.RepositoryConfigurationDelegate] : Finished Spring Data repository scanning in 13ms. Found 0 Redis repository interfaces.
11-09 19:33:26.706 WARN  [main] [o.springframework.boot.actuate.endpoint.EndpointId] : Endpoint ID 'service-registry' contains invalid characters, please migrate to a valid format.
11-09 19:33:26.970 INFO  [main] [o.springframework.cloud.context.scope.GenericScope] : BeanFactory id=803ac902-efef-3310-96c4-874a8e137fbf
11-09 19:33:27.727 INFO  [main] [o.s.c.s.PostProcessorRegistrationDelegate$BeanPostProcessorChecker] : Bean 'spring.datasource.dynamic-com.baomidou.dynamic.datasource.spring.boot.autoconfigure.DynamicDataSourceProperties' of type [com.baomidou.dynamic.datasource.spring.boot.autoconfigure.DynamicDataSourceProperties] is not eligible for getting processed by all BeanPostProcessors (for example: not eligible for auto-proxying)
11-09 19:33:27.746 INFO  [main] [o.s.c.s.PostProcessorRegistrationDelegate$BeanPostProcessorChecker] : Bean 'com.baomidou.dynamic.datasource.spring.boot.autoconfigure.DynamicDataSourceAutoConfiguration' of type [com.baomidou.dynamic.datasource.spring.boot.autoconfigure.DynamicDataSourceAutoConfiguration$$EnhancerBySpringCGLIB$$7dfe5769] is not eligible for getting processed by all BeanPostProcessors (for example: not eligible for auto-proxying)
11-09 19:33:27.776 INFO  [main] [o.s.c.s.PostProcessorRegistrationDelegate$BeanPostProcessorChecker] : Bean 'dsProcessor' of type [com.baomidou.dynamic.datasource.processor.DsHeaderProcessor] is not eligible for getting processed by all BeanPostProcessors (for example: not eligible for auto-proxying)
11-09 19:33:28.506 INFO  [main] [o.s.boot.web.embedded.tomcat.TomcatWebServer] : Tomcat initialized with port(s): 8752 (http)
11-09 19:33:28.520 INFO  [main] [org.apache.catalina.core.StandardService] : Starting service [Tomcat]
11-09 19:33:28.521 INFO  [main] [org.apache.catalina.core.StandardEngine] : Starting Servlet engine: [Apache Tomcat/9.0.31]
11-09 19:33:28.646 INFO  [main] [o.a.c.core.ContainerBase.[Tomcat].[localhost].[/]] : Initializing Spring embedded WebApplicationContext
11-09 19:33:28.646 INFO  [main] [org.springframework.web.context.ContextLoader] : Root WebApplicationContext: initialization completed in 3651 ms
11-09 19:34:13.672 INFO  [main] [com.alibaba.druid.pool.DruidDataSource] : {dataSource-1,petrel_core} inited
11-09 19:34:26.378 WARN  [background-preinit] [o.s.h.converter.json.Jackson2ObjectMapperBuilder] : For Jackson Kotlin classes support please add "com.fasterxml.jackson.module:jackson-module-kotlin" to the classpath
11-09 19:34:41.915 INFO  [main] [com.alibaba.druid.pool.DruidDataSource] : {dataSource-1,petrel_core} inited
11-09 19:34:57.078 INFO  [main] [com.alibaba.druid.pool.DruidDataSource] : {dataSource-2,petrel_record} inited
11-09 19:34:57.079 INFO  [main] [c.b.dynamic.datasource.DynamicRoutingDataSource] : dynamic-datasource - load a datasource named [petrel_record] success
11-09 19:34:57.079 INFO  [main] [c.b.dynamic.datasource.DynamicRoutingDataSource] : dynamic-datasource - load a datasource named [petrel_core] success
11-09 19:34:57.079 INFO  [main] [c.b.dynamic.datasource.DynamicRoutingDataSource] : dynamic-datasource initial loaded [2] datasource,primary datasource named [petrel_core]
11-09 19:34:58.912 INFO  [main] [c.a.n.s.c.e.LoggingNacosConfigMetadataEventListener] : Nacos Config Metadata : dataId='petrel-strategy-config.yaml', groupId='DEFAULT_GROUP', beanName='lobbyConfig', bean='StrategyConfig(ceilLastDiffTimes=0_30|10;30_50|30;50_-1|500, ceilMultiple=3-5, ceilFixed=150, ceilCardRange=50-200, strategyCheat=10000, strategyLoseA=0.53, strategyLoseB=1.515E-5, strategyPlayTimes=800-1000-1300)', beanType='class com.petrel.game.config.StrategyConfig', annotatedElement='class com.petrel.game.config.StrategyConfig', xmlResource='null', nacosProperties='{encode=UTF-8, password=nacos, serverAddr=202.189.7.196:6878, username=nacos}', nacosPropertiesAttributes='{accessKey=${nacos.access-key:}, clusterName=${nacos.cluster-name:}, configLongPollTimeout=${nacos.configLongPollTimeout:}, configRetryTime=${nacos.configRetryTime:}, contextPath=${nacos.context-path:}, enableRemoteSyncConfig=${nacos.enableRemoteSyncConfig:}, encode=${nacos.encode:UTF-8}, endpoint=${nacos.endpoint:}, maxRetry=${nacos.maxRetry:}, namespace=${nacos.namespace:}, password=${nacos.password:}, secretKey=${nacos.secret-key:}, serverAddr=${nacos.server-addr:}, username=${nacos.username:}}', source='@com.alibaba.nacos.api.config.annotation.NacosConfigurationProperties(autoRefreshed=true, dataId=petrel-strategy-config.yaml, exceptionIfInvalid=true, groupId=DEFAULT_GROUP, ignoreInvalidFields=false, ignoreNestedProperties=false, ignoreUnknownFields=true, prefix=, properties=@com.alibaba.nacos.api.annotation.NacosProperties(accessKey=${nacos.access-key:}, clusterName=${nacos.cluster-name:}, configLongPollTimeout=${nacos.configLongPollTimeout:}, configRetryTime=${nacos.configRetryTime:}, contextPath=${nacos.context-path:}, enableRemoteSyncConfig=${nacos.enableRemoteSyncConfig:}, encode=${nacos.encode:UTF-8}, endpoint=${nacos.endpoint:}, maxRetry=${nacos.maxRetry:}, namespace=${nacos.namespace:}, password=${nacos.password:}, secretKey=${nacos.secret-key:}, serverAddr=${nacos.server-addr:}, username=${nacos.username:}), type=YAML, yaml=false)', timestamp='1762716898906'
11-09 19:35:00.286 WARN  [main] [o.s.c.netflix.archaius.ArchaiusAutoConfiguration] : No spring.application.name found, defaulting to 'application'
11-09 19:35:00.296 WARN  [main] [com.netflix.config.sources.URLConfigurationSource] : No URLs will be polled as dynamic configuration sources.
11-09 19:35:00.296 INFO  [main] [com.netflix.config.sources.URLConfigurationSource] : To enable URLs as dynamic configuration sources, define System property archaius.configurationSource.additionalUrls or make config.properties available on classpath.
11-09 19:35:00.303 WARN  [main] [com.netflix.config.sources.URLConfigurationSource] : No URLs will be polled as dynamic configuration sources.
11-09 19:35:00.304 INFO  [main] [com.netflix.config.sources.URLConfigurationSource] : To enable URLs as dynamic configuration sources, define System property archaius.configurationSource.additionalUrls or make config.properties available on classpath.
11-09 19:35:00.960 INFO  [main] [o.s.scheduling.concurrent.ThreadPoolTaskScheduler] : Initializing ExecutorService 'Nacso-Watch-Task-Scheduler'
11-09 19:35:01.992 INFO  [main] [o.s.b.actuate.endpoint.web.EndpointLinksResolver] : Exposing 2 endpoint(s) beneath base path '/actuator'
11-09 19:35:02.627 INFO  [main] [o.s.boot.web.embedded.tomcat.TomcatWebServer] : Tomcat started on port(s): 8752 (http) with context path ''
11-09 19:35:02.629 WARN  [main] [c.a.cloud.nacos.registry.NacosServiceRegistry] : No service to register for nacos client...
11-09 19:35:02.633 INFO  [main] [com.petrel.game.GameApplication] : Started GameApplication in 99.664 seconds (JVM running for 101.061)
11-09 19:35:02.647 INFO  [main] [com.zebra.common.concurrent.ZebraExecutorManager] : Initialize executorGroup size 32
11-09 19:35:25.451 INFO  [main] [com.alibaba.druid.pool.DruidDataSource] : {dataSource-2,petrel_record} inited
11-09 19:35:25.451 INFO  [main] [c.b.dynamic.datasource.DynamicRoutingDataSource] : dynamic-datasource - load a datasource named [petrel_record] success
11-09 19:35:25.451 INFO  [main] [c.b.dynamic.datasource.DynamicRoutingDataSource] : dynamic-datasource - load a datasource named [petrel_core] success
11-09 19:35:25.451 INFO  [main] [c.b.dynamic.datasource.DynamicRoutingDataSource] : dynamic-datasource initial loaded [2] datasource,primary datasource named [petrel_core]
11-09 19:35:27.399 INFO  [main] [c.a.n.s.c.e.LoggingNacosConfigMetadataEventListener] : Nacos Config Metadata : dataId='petrel-lobby-user-config.yaml', groupId='DEFAULT_GROUP', beanName='lobbyConfig', bean='LobbyUserConfig(gidLen=8, gidStart=0, registerNumber=0, signPlays=200, signDays=28, signDaysHalf=14, signGold=15, signHalf=30, signAll=60)', beanType='class com.petrel.user.config.LobbyUserConfig', annotatedElement='class com.petrel.user.config.LobbyUserConfig', xmlResource='null', nacosProperties='{encode=UTF-8, password=nacos, serverAddr=202.189.7.196:6878, username=nacos}', nacosPropertiesAttributes='{accessKey=${nacos.access-key:}, clusterName=${nacos.cluster-name:}, configLongPollTimeout=${nacos.configLongPollTimeout:}, configRetryTime=${nacos.configRetryTime:}, contextPath=${nacos.context-path:}, enableRemoteSyncConfig=${nacos.enableRemoteSyncConfig:}, encode=${nacos.encode:UTF-8}, endpoint=${nacos.endpoint:}, maxRetry=${nacos.maxRetry:}, namespace=${nacos.namespace:}, password=${nacos.password:}, secretKey=${nacos.secret-key:}, serverAddr=${nacos.server-addr:}, username=${nacos.username:}}', source='@com.alibaba.nacos.api.config.annotation.NacosConfigurationProperties(autoRefreshed=true, dataId=petrel-lobby-user-config.yaml, exceptionIfInvalid=true, groupId=DEFAULT_GROUP, ignoreInvalidFields=false, ignoreNestedProperties=false, ignoreUnknownFields=true, prefix=, properties=@com.alibaba.nacos.api.annotation.NacosProperties(accessKey=${nacos.access-key:}, clusterName=${nacos.cluster-name:}, configLongPollTimeout=${nacos.configLongPollTimeout:}, configRetryTime=${nacos.configRetryTime:}, contextPath=${nacos.context-path:}, enableRemoteSyncConfig=${nacos.enableRemoteSyncConfig:}, encode=${nacos.encode:UTF-8}, endpoint=${nacos.endpoint:}, maxRetry=${nacos.maxRetry:}, namespace=${nacos.namespace:}, password=${nacos.password:}, secretKey=${nacos.secret-key:}, serverAddr=${nacos.server-addr:}, username=${nacos.username:}), type=YAML, yaml=false)', timestamp='1762716927394'
11-09 19:35:27.677 INFO  [main] [c.a.n.s.c.e.LoggingNacosConfigMetadataEventListener] : Nacos Config Metadata : dataId='petrel-lobby-gold-config.yaml', groupId='DEFAULT_GROUP', beanName='goldBankConfig', bean='GoldBankConfig(transfer=1, traPre=2, traReceivePre=100, norTra=0, norMin=1650000, vipMin=10000, maxHoldGold=100000, vip2vip=9, changeVip=1, vip7=0,1)', beanType='class com.petrel.user.config.GoldBankConfig', annotatedElement='class com.petrel.user.config.GoldBankConfig', xmlResource='null', nacosProperties='{encode=UTF-8, password=nacos, serverAddr=202.189.7.196:6878, username=nacos}', nacosPropertiesAttributes='{accessKey=${nacos.access-key:}, clusterName=${nacos.cluster-name:}, configLongPollTimeout=${nacos.configLongPollTimeout:}, configRetryTime=${nacos.configRetryTime:}, contextPath=${nacos.context-path:}, enableRemoteSyncConfig=${nacos.enableRemoteSyncConfig:}, encode=${nacos.encode:UTF-8}, endpoint=${nacos.endpoint:}, maxRetry=${nacos.maxRetry:}, namespace=${nacos.namespace:}, password=${nacos.password:}, secretKey=${nacos.secret-key:}, serverAddr=${nacos.server-addr:}, username=${nacos.username:}}', source='@com.alibaba.nacos.api.config.annotation.NacosConfigurationProperties(autoRefreshed=true, dataId=petrel-lobby-gold-config.yaml, exceptionIfInvalid=true, groupId=DEFAULT_GROUP, ignoreInvalidFields=false, ignoreNestedProperties=false, ignoreUnknownFields=true, prefix=, properties=@com.alibaba.nacos.api.annotation.NacosProperties(accessKey=${nacos.access-key:}, clusterName=${nacos.cluster-name:}, configLongPollTimeout=${nacos.configLongPollTimeout:}, configRetryTime=${nacos.configRetryTime:}, contextPath=${nacos.context-path:}, enableRemoteSyncConfig=${nacos.enableRemoteSyncConfig:}, encode=${nacos.encode:UTF-8}, endpoint=${nacos.endpoint:}, maxRetry=${nacos.maxRetry:}, namespace=${nacos.namespace:}, password=${nacos.password:}, secretKey=${nacos.secret-key:}, serverAddr=${nacos.server-addr:}, username=${nacos.username:}), type=YAML, yaml=false)', timestamp='1762716927675'
11-09 19:35:28.086 INFO  [main] [c.a.n.s.c.e.LoggingNacosConfigMetadataEventListener] : Nacos Config Metadata : dataId='petrel-lobby-gold-config.yaml', groupId='DEFAULT_GROUP', beanName='cardRestrictConfig', bean='CardRestrictConfig(goldRestrict=100000, oncePresent=1, simulatorRestrict=1, notTel=0, notInTransfer=0, playRestrict=0, vipPresent=100, vipNotVip=1)', beanType='class com.petrel.user.config.CardRestrictConfig', annotatedElement='class com.petrel.user.config.CardRestrictConfig', xmlResource='null', nacosProperties='{encode=UTF-8, password=nacos, serverAddr=202.189.7.196:6878, username=nacos}', nacosPropertiesAttributes='{accessKey=${nacos.access-key:}, clusterName=${nacos.cluster-name:}, configLongPollTimeout=${nacos.configLongPollTimeout:}, configRetryTime=${nacos.configRetryTime:}, contextPath=${nacos.context-path:}, enableRemoteSyncConfig=${nacos.enableRemoteSyncConfig:}, encode=${nacos.encode:UTF-8}, endpoint=${nacos.endpoint:}, maxRetry=${nacos.maxRetry:}, namespace=${nacos.namespace:}, password=${nacos.password:}, secretKey=${nacos.secret-key:}, serverAddr=${nacos.server-addr:}, username=${nacos.username:}}', source='@com.alibaba.nacos.api.config.annotation.NacosConfigurationProperties(autoRefreshed=true, dataId=petrel-lobby-gold-config.yaml, exceptionIfInvalid=true, groupId=DEFAULT_GROUP, ignoreInvalidFields=false, ignoreNestedProperties=false, ignoreUnknownFields=true, prefix=, properties=@com.alibaba.nacos.api.annotation.NacosProperties(accessKey=${nacos.access-key:}, clusterName=${nacos.cluster-name:}, configLongPollTimeout=${nacos.configLongPollTimeout:}, configRetryTime=${nacos.configRetryTime:}, contextPath=${nacos.context-path:}, enableRemoteSyncConfig=${nacos.enableRemoteSyncConfig:}, encode=${nacos.encode:UTF-8}, endpoint=${nacos.endpoint:}, maxRetry=${nacos.maxRetry:}, namespace=${nacos.namespace:}, password=${nacos.password:}, secretKey=${nacos.secret-key:}, serverAddr=${nacos.server-addr:}, username=${nacos.username:}), type=YAML, yaml=false)', timestamp='1762716928082'
11-09 19:35:29.016 WARN  [main] [o.s.c.netflix.archaius.ArchaiusAutoConfiguration] : No spring.application.name found, defaulting to 'application'
11-09 19:35:29.031 WARN  [main] [com.netflix.config.sources.URLConfigurationSource] : No URLs will be polled as dynamic configuration sources.
11-09 19:35:29.033 INFO  [main] [com.netflix.config.sources.URLConfigurationSource] : To enable URLs as dynamic configuration sources, define System property archaius.configurationSource.additionalUrls or make config.properties available on classpath.
11-09 19:35:29.039 WARN  [main] [com.netflix.config.sources.URLConfigurationSource] : No URLs will be polled as dynamic configuration sources.
11-09 19:35:29.040 INFO  [main] [com.netflix.config.sources.URLConfigurationSource] : To enable URLs as dynamic configuration sources, define System property archaius.configurationSource.additionalUrls or make config.properties available on classpath.
11-09 19:35:29.682 INFO  [main] [o.s.scheduling.concurrent.ThreadPoolTaskScheduler] : Initializing ExecutorService 'Nacso-Watch-Task-Scheduler'
11-09 19:35:30.709 INFO  [main] [o.s.b.actuate.endpoint.web.EndpointLinksResolver] : Exposing 2 endpoint(s) beneath base path '/actuator'
11-09 19:35:31.136 INFO  [main] [o.s.boot.web.embedded.tomcat.TomcatWebServer] : Tomcat started on port(s): 8719 (http) with context path ''
11-09 19:35:31.138 WARN  [main] [c.a.cloud.nacos.registry.NacosServiceRegistry] : No service to register for nacos client...
11-09 19:35:31.142 INFO  [main] [com.petrel.user.UserApplication] : Started UserApplication in 143.492 seconds (JVM running for 144.595)
11-09 19:35:31.151 INFO  [main] [com.petrel.user.config.StartInitialize] : Start init NickName config success
11-09 20:13:14.306 INFO  [NacosConfigListener-ThreadPool-1] [c.a.n.s.c.e.LoggingNacosConfigMetadataEventListener] : Nacos Config Metadata : dataId='petrel-lobby-gold-config.yaml', groupId='DEFAULT_GROUP', beanName='goldBankConfig', bean='GoldBankConfig(transfer=1, traPre=2, traReceivePre=100, norTra=0, norMin=1650000, vipMin=10000, maxHoldGold=100000, vip2vip=9, changeVip=1, vip7=0,1)', beanType='class com.petrel.user.config.GoldBankConfig', annotatedElement='class com.petrel.user.config.GoldBankConfig', xmlResource='null', nacosProperties='{encode=UTF-8, password=nacos, serverAddr=202.189.7.196:6878, username=nacos}', nacosPropertiesAttributes='{accessKey=${nacos.access-key:}, clusterName=${nacos.cluster-name:}, configLongPollTimeout=${nacos.configLongPollTimeout:}, configRetryTime=${nacos.configRetryTime:}, contextPath=${nacos.context-path:}, enableRemoteSyncConfig=${nacos.enableRemoteSyncConfig:}, encode=${nacos.encode:UTF-8}, endpoint=${nacos.endpoint:}, maxRetry=${nacos.maxRetry:}, namespace=${nacos.namespace:}, password=${nacos.password:}, secretKey=${nacos.secret-key:}, serverAddr=${nacos.server-addr:}, username=${nacos.username:}}', source='@com.alibaba.nacos.api.config.annotation.NacosConfigurationProperties(autoRefreshed=true, dataId=petrel-lobby-gold-config.yaml, exceptionIfInvalid=true, groupId=DEFAULT_GROUP, ignoreInvalidFields=false, ignoreNestedProperties=false, ignoreUnknownFields=true, prefix=, properties=@com.alibaba.nacos.api.annotation.NacosProperties(accessKey=${nacos.access-key:}, clusterName=${nacos.cluster-name:}, configLongPollTimeout=${nacos.configLongPollTimeout:}, configRetryTime=${nacos.configRetryTime:}, contextPath=${nacos.context-path:}, enableRemoteSyncConfig=${nacos.enableRemoteSyncConfig:}, encode=${nacos.encode:UTF-8}, endpoint=${nacos.endpoint:}, maxRetry=${nacos.maxRetry:}, namespace=${nacos.namespace:}, password=${nacos.password:}, secretKey=${nacos.secret-key:}, serverAddr=${nacos.server-addr:}, username=${nacos.username:}), type=YAML, yaml=false)', timestamp='1762719194304'
11-09 20:13:14.310 INFO  [NacosConfigListener-ThreadPool-2] [c.a.n.s.c.e.LoggingNacosConfigMetadataEventListener] : Nacos Config Metadata : dataId='petrel-lobby-gold-config.yaml', groupId='DEFAULT_GROUP', beanName='cardRestrictConfig', bean='CardRestrictConfig(goldRestrict=100000, oncePresent=1, simulatorRestrict=1, notTel=0, notInTransfer=0, playRestrict=0, vipPresent=100, vipNotVip=1)', beanType='class com.petrel.user.config.CardRestrictConfig', annotatedElement='class com.petrel.user.config.CardRestrictConfig', xmlResource='null', nacosProperties='{encode=UTF-8, password=nacos, serverAddr=202.189.7.196:6878, username=nacos}', nacosPropertiesAttributes='{accessKey=${nacos.access-key:}, clusterName=${nacos.cluster-name:}, configLongPollTimeout=${nacos.configLongPollTimeout:}, configRetryTime=${nacos.configRetryTime:}, contextPath=${nacos.context-path:}, enableRemoteSyncConfig=${nacos.enableRemoteSyncConfig:}, encode=${nacos.encode:UTF-8}, endpoint=${nacos.endpoint:}, maxRetry=${nacos.maxRetry:}, namespace=${nacos.namespace:}, password=${nacos.password:}, secretKey=${nacos.secret-key:}, serverAddr=${nacos.server-addr:}, username=${nacos.username:}}', source='@com.alibaba.nacos.api.config.annotation.NacosConfigurationProperties(autoRefreshed=true, dataId=petrel-lobby-gold-config.yaml, exceptionIfInvalid=true, groupId=DEFAULT_GROUP, ignoreInvalidFields=false, ignoreNestedProperties=false, ignoreUnknownFields=true, prefix=, properties=@com.alibaba.nacos.api.annotation.NacosProperties(accessKey=${nacos.access-key:}, clusterName=${nacos.cluster-name:}, configLongPollTimeout=${nacos.configLongPollTimeout:}, configRetryTime=${nacos.configRetryTime:}, contextPath=${nacos.context-path:}, enableRemoteSyncConfig=${nacos.enableRemoteSyncConfig:}, encode=${nacos.encode:UTF-8}, endpoint=${nacos.endpoint:}, maxRetry=${nacos.maxRetry:}, namespace=${nacos.namespace:}, password=${nacos.password:}, secretKey=${nacos.secret-key:}, serverAddr=${nacos.server-addr:}, username=${nacos.username:}), type=YAML, yaml=false)', timestamp='1762719194309'
11-09 20:14:22.134 INFO  [NacosConfigListener-ThreadPool-1] [c.a.n.s.c.e.LoggingNacosConfigMetadataEventListener] : Nacos Config Metadata : dataId='petrel-strategy-config.yaml', groupId='DEFAULT_GROUP', beanName='lobbyConfig', bean='StrategyConfig(ceilLastDiffTimes=0_30|10;30_50|30;50_-1|500, ceilMultiple=3-5, ceilFixed=150, ceilCardRange=50-200, strategyCheat=10000, strategyLoseA=0.53, strategyLoseB=1.515E-5, strategyPlayTimes=800-1000-1300)', beanType='class com.petrel.game.config.StrategyConfig', annotatedElement='class com.petrel.game.config.StrategyConfig', xmlResource='null', nacosProperties='{encode=UTF-8, password=nacos, serverAddr=202.189.7.196:6878, username=nacos}', nacosPropertiesAttributes='{accessKey=${nacos.access-key:}, clusterName=${nacos.cluster-name:}, configLongPollTimeout=${nacos.configLongPollTimeout:}, configRetryTime=${nacos.configRetryTime:}, contextPath=${nacos.context-path:}, enableRemoteSyncConfig=${nacos.enableRemoteSyncConfig:}, encode=${nacos.encode:UTF-8}, endpoint=${nacos.endpoint:}, maxRetry=${nacos.maxRetry:}, namespace=${nacos.namespace:}, password=${nacos.password:}, secretKey=${nacos.secret-key:}, serverAddr=${nacos.server-addr:}, username=${nacos.username:}}', source='@com.alibaba.nacos.api.config.annotation.NacosConfigurationProperties(autoRefreshed=true, dataId=petrel-strategy-config.yaml, exceptionIfInvalid=true, groupId=DEFAULT_GROUP, ignoreInvalidFields=false, ignoreNestedProperties=false, ignoreUnknownFields=true, prefix=, properties=@com.alibaba.nacos.api.annotation.NacosProperties(accessKey=${nacos.access-key:}, clusterName=${nacos.cluster-name:}, configLongPollTimeout=${nacos.configLongPollTimeout:}, configRetryTime=${nacos.configRetryTime:}, contextPath=${nacos.context-path:}, enableRemoteSyncConfig=${nacos.enableRemoteSyncConfig:}, encode=${nacos.encode:UTF-8}, endpoint=${nacos.endpoint:}, maxRetry=${nacos.maxRetry:}, namespace=${nacos.namespace:}, password=${nacos.password:}, secretKey=${nacos.secret-key:}, serverAddr=${nacos.server-addr:}, username=${nacos.username:}), type=YAML, yaml=false)', timestamp='1762719262131'
11-09 20:15:59.456 INFO  [NacosConfigListener-ThreadPool-2] [c.a.n.s.c.e.LoggingNacosConfigMetadataEventListener] : Nacos Config Metadata : dataId='petrel-strategy-config.yaml', groupId='DEFAULT_GROUP', beanName='lobbyConfig', bean='StrategyConfig(ceilLastDiffTimes=0_30|10;30_50|30;50_-1|500, ceilMultiple=3-5, ceilFixed=150, ceilCardRange=50-200, strategyCheat=10000, strategyLoseA=0.53, strategyLoseB=1.515E-5, strategyPlayTimes=800-1000-1300)', beanType='class com.petrel.game.config.StrategyConfig', annotatedElement='class com.petrel.game.config.StrategyConfig', xmlResource='null', nacosProperties='{encode=UTF-8, password=nacos, serverAddr=202.189.7.196:6878, username=nacos}', nacosPropertiesAttributes='{accessKey=${nacos.access-key:}, clusterName=${nacos.cluster-name:}, configLongPollTimeout=${nacos.configLongPollTimeout:}, configRetryTime=${nacos.configRetryTime:}, contextPath=${nacos.context-path:}, enableRemoteSyncConfig=${nacos.enableRemoteSyncConfig:}, encode=${nacos.encode:UTF-8}, endpoint=${nacos.endpoint:}, maxRetry=${nacos.maxRetry:}, namespace=${nacos.namespace:}, password=${nacos.password:}, secretKey=${nacos.secret-key:}, serverAddr=${nacos.server-addr:}, username=${nacos.username:}}', source='@com.alibaba.nacos.api.config.annotation.NacosConfigurationProperties(autoRefreshed=true, dataId=petrel-strategy-config.yaml, exceptionIfInvalid=true, groupId=DEFAULT_GROUP, ignoreInvalidFields=false, ignoreNestedProperties=false, ignoreUnknownFields=true, prefix=, properties=@com.alibaba.nacos.api.annotation.NacosProperties(accessKey=${nacos.access-key:}, clusterName=${nacos.cluster-name:}, configLongPollTimeout=${nacos.configLongPollTimeout:}, configRetryTime=${nacos.configRetryTime:}, contextPath=${nacos.context-path:}, enableRemoteSyncConfig=${nacos.enableRemoteSyncConfig:}, encode=${nacos.encode:UTF-8}, endpoint=${nacos.endpoint:}, maxRetry=${nacos.maxRetry:}, namespace=${nacos.namespace:}, password=${nacos.password:}, secretKey=${nacos.secret-key:}, serverAddr=${nacos.server-addr:}, username=${nacos.username:}), type=YAML, yaml=false)', timestamp='1762719359455'
11-09 20:16:08.570 INFO  [NacosConfigListener-ThreadPool-1] [c.a.n.s.c.e.LoggingNacosConfigMetadataEventListener] : Nacos Config Metadata : dataId='petrel-lobby-gold-config.yaml', groupId='DEFAULT_GROUP', beanName='goldBankConfig', bean='GoldBankConfig(transfer=1, traPre=2, traReceivePre=100, norTra=0, norMin=1650000, vipMin=10000, maxHoldGold=100000, vip2vip=9, changeVip=1, vip7=0,1)', beanType='class com.petrel.user.config.GoldBankConfig', annotatedElement='class com.petrel.user.config.GoldBankConfig', xmlResource='null', nacosProperties='{encode=UTF-8, password=nacos, serverAddr=202.189.7.196:6878, username=nacos}', nacosPropertiesAttributes='{accessKey=${nacos.access-key:}, clusterName=${nacos.cluster-name:}, configLongPollTimeout=${nacos.configLongPollTimeout:}, configRetryTime=${nacos.configRetryTime:}, contextPath=${nacos.context-path:}, enableRemoteSyncConfig=${nacos.enableRemoteSyncConfig:}, encode=${nacos.encode:UTF-8}, endpoint=${nacos.endpoint:}, maxRetry=${nacos.maxRetry:}, namespace=${nacos.namespace:}, password=${nacos.password:}, secretKey=${nacos.secret-key:}, serverAddr=${nacos.server-addr:}, username=${nacos.username:}}', source='@com.alibaba.nacos.api.config.annotation.NacosConfigurationProperties(autoRefreshed=true, dataId=petrel-lobby-gold-config.yaml, exceptionIfInvalid=true, groupId=DEFAULT_GROUP, ignoreInvalidFields=false, ignoreNestedProperties=false, ignoreUnknownFields=true, prefix=, properties=@com.alibaba.nacos.api.annotation.NacosProperties(accessKey=${nacos.access-key:}, clusterName=${nacos.cluster-name:}, configLongPollTimeout=${nacos.configLongPollTimeout:}, configRetryTime=${nacos.configRetryTime:}, contextPath=${nacos.context-path:}, enableRemoteSyncConfig=${nacos.enableRemoteSyncConfig:}, encode=${nacos.encode:UTF-8}, endpoint=${nacos.endpoint:}, maxRetry=${nacos.maxRetry:}, namespace=${nacos.namespace:}, password=${nacos.password:}, secretKey=${nacos.secret-key:}, serverAddr=${nacos.server-addr:}, username=${nacos.username:}), type=YAML, yaml=false)', timestamp='1762719368569'
11-09 20:16:08.570 INFO  [NacosConfigListener-ThreadPool-2] [c.a.n.s.c.e.LoggingNacosConfigMetadataEventListener] : Nacos Config Metadata : dataId='petrel-lobby-gold-config.yaml', groupId='DEFAULT_GROUP', beanName='cardRestrictConfig', bean='CardRestrictConfig(goldRestrict=100000, oncePresent=1, simulatorRestrict=1, notTel=0, notInTransfer=0, playRestrict=0, vipPresent=100, vipNotVip=1)', beanType='class com.petrel.user.config.CardRestrictConfig', annotatedElement='class com.petrel.user.config.CardRestrictConfig', xmlResource='null', nacosProperties='{encode=UTF-8, password=nacos, serverAddr=202.189.7.196:6878, username=nacos}', nacosPropertiesAttributes='{accessKey=${nacos.access-key:}, clusterName=${nacos.cluster-name:}, configLongPollTimeout=${nacos.configLongPollTimeout:}, configRetryTime=${nacos.configRetryTime:}, contextPath=${nacos.context-path:}, enableRemoteSyncConfig=${nacos.enableRemoteSyncConfig:}, encode=${nacos.encode:UTF-8}, endpoint=${nacos.endpoint:}, maxRetry=${nacos.maxRetry:}, namespace=${nacos.namespace:}, password=${nacos.password:}, secretKey=${nacos.secret-key:}, serverAddr=${nacos.server-addr:}, username=${nacos.username:}}', source='@com.alibaba.nacos.api.config.annotation.NacosConfigurationProperties(autoRefreshed=true, dataId=petrel-lobby-gold-config.yaml, exceptionIfInvalid=true, groupId=DEFAULT_GROUP, ignoreInvalidFields=false, ignoreNestedProperties=false, ignoreUnknownFields=true, prefix=, properties=@com.alibaba.nacos.api.annotation.NacosProperties(accessKey=${nacos.access-key:}, clusterName=${nacos.cluster-name:}, configLongPollTimeout=${nacos.configLongPollTimeout:}, configRetryTime=${nacos.configRetryTime:}, contextPath=${nacos.context-path:}, enableRemoteSyncConfig=${nacos.enableRemoteSyncConfig:}, encode=${nacos.encode:UTF-8}, endpoint=${nacos.endpoint:}, maxRetry=${nacos.maxRetry:}, namespace=${nacos.namespace:}, password=${nacos.password:}, secretKey=${nacos.secret-key:}, serverAddr=${nacos.server-addr:}, username=${nacos.username:}), type=YAML, yaml=false)', timestamp='1762719368569'
11-09 20:16:11.581 INFO  [NacosConfigListener-ThreadPool-1] [c.a.n.s.c.e.LoggingNacosConfigMetadataEventListener] : Nacos Config Metadata : dataId='petrel-game-config.yaml', groupId='DEFAULT_GROUP', beanName='lobbyConfig', bean='GameConfig(hostUrl=https://gengxin1123.oss-ap-southeast-1.aliyuncs.com/ycd_update/, wxId=wxid_value, wxSecret=wxSecret_value, lobbyVersion=3, lobbyVfx=YCD)', beanType='class com.petrel.register.config.GameConfig', annotatedElement='class com.petrel.register.config.GameConfig', xmlResource='null', nacosProperties='{encode=UTF-8, password=nacos, serverAddr=202.189.7.196:6878, username=nacos}', nacosPropertiesAttributes='{accessKey=${nacos.access-key:}, clusterName=${nacos.cluster-name:}, configLongPollTimeout=${nacos.configLongPollTimeout:}, configRetryTime=${nacos.configRetryTime:}, contextPath=${nacos.context-path:}, enableRemoteSyncConfig=${nacos.enableRemoteSyncConfig:}, encode=${nacos.encode:UTF-8}, endpoint=${nacos.endpoint:}, maxRetry=${nacos.maxRetry:}, namespace=${nacos.namespace:}, password=${nacos.password:}, secretKey=${nacos.secret-key:}, serverAddr=${nacos.server-addr:}, username=${nacos.username:}}', source='@com.alibaba.nacos.api.config.annotation.NacosConfigurationProperties(autoRefreshed=true, dataId=petrel-game-config.yaml, exceptionIfInvalid=true, groupId=DEFAULT_GROUP, ignoreInvalidFields=false, ignoreNestedProperties=false, ignoreUnknownFields=true, prefix=, properties=@com.alibaba.nacos.api.annotation.NacosProperties(accessKey=${nacos.access-key:}, clusterName=${nacos.cluster-name:}, configLongPollTimeout=${nacos.configLongPollTimeout:}, configRetryTime=${nacos.configRetryTime:}, contextPath=${nacos.context-path:}, enableRemoteSyncConfig=${nacos.enableRemoteSyncConfig:}, encode=${nacos.encode:UTF-8}, endpoint=${nacos.endpoint:}, maxRetry=${nacos.maxRetry:}, namespace=${nacos.namespace:}, password=${nacos.password:}, secretKey=${nacos.secret-key:}, serverAddr=${nacos.server-addr:}, username=${nacos.username:}), type=YAML, yaml=false)', timestamp='1762719371580'
11-09 20:16:15.483 INFO  [NacosConfigListener-ThreadPool-2] [c.a.n.s.c.e.LoggingNacosConfigMetadataEventListener] : Nacos Config Metadata : dataId='petrel-lobby-user-config.yaml', groupId='DEFAULT_GROUP', beanName='lobbyConfig', bean='LobbyUserConfig(gidLen=8, gidStart=0, registerNumber=0, signPlays=200, signDays=28, signDaysHalf=14, signGold=15, signHalf=30, signAll=60)', beanType='class com.petrel.user.config.LobbyUserConfig', annotatedElement='class com.petrel.user.config.LobbyUserConfig', xmlResource='null', nacosProperties='{encode=UTF-8, password=nacos, serverAddr=202.189.7.196:6878, username=nacos}', nacosPropertiesAttributes='{accessKey=${nacos.access-key:}, clusterName=${nacos.cluster-name:}, configLongPollTimeout=${nacos.configLongPollTimeout:}, configRetryTime=${nacos.configRetryTime:}, contextPath=${nacos.context-path:}, enableRemoteSyncConfig=${nacos.enableRemoteSyncConfig:}, encode=${nacos.encode:UTF-8}, endpoint=${nacos.endpoint:}, maxRetry=${nacos.maxRetry:}, namespace=${nacos.namespace:}, password=${nacos.password:}, secretKey=${nacos.secret-key:}, serverAddr=${nacos.server-addr:}, username=${nacos.username:}}', source='@com.alibaba.nacos.api.config.annotation.NacosConfigurationProperties(autoRefreshed=true, dataId=petrel-lobby-user-config.yaml, exceptionIfInvalid=true, groupId=DEFAULT_GROUP, ignoreInvalidFields=false, ignoreNestedProperties=false, ignoreUnknownFields=true, prefix=, properties=@com.alibaba.nacos.api.annotation.NacosProperties(accessKey=${nacos.access-key:}, clusterName=${nacos.cluster-name:}, configLongPollTimeout=${nacos.configLongPollTimeout:}, configRetryTime=${nacos.configRetryTime:}, contextPath=${nacos.context-path:}, enableRemoteSyncConfig=${nacos.enableRemoteSyncConfig:}, encode=${nacos.encode:UTF-8}, endpoint=${nacos.endpoint:}, maxRetry=${nacos.maxRetry:}, namespace=${nacos.namespace:}, password=${nacos.password:}, secretKey=${nacos.secret-key:}, serverAddr=${nacos.server-addr:}, username=${nacos.username:}), type=YAML, yaml=false)', timestamp='1762719375482'
