12-18 15:42:51.398 WARN  [background-preinit] [o.s.h.converter.json.Jackson2ObjectMapperBuilder] : For Jackson Kotlin classes support please add "com.fasterxml.jackson.module:jackson-module-kotlin" to the classpath
10-29 03:50:32.576 WARN  [background-preinit] [o.s.h.converter.json.Jackson2ObjectMapperBuilder] : For Jackson Kotlin classes support please add "com.fasterxml.jackson.module:jackson-module-kotlin" to the classpath
11-06 05:35:04.269 WARN  [background-preinit] [o.s.h.converter.json.Jackson2ObjectMapperBuilder] : For Jackson Kotlin classes support please add "com.fasterxml.jackson.module:jackson-module-kotlin" to the classpath
11-06 08:28:47.342 WARN  [background-preinit] [o.s.h.converter.json.Jackson2ObjectMapperBuilder] : For Jackson Kotlin classes support please add "com.fasterxml.jackson.module:jackson-module-kotlin" to the classpath
11-06 08:28:48.066 INFO  [main] [com.petrel.register.RegisterApplication] : The following profiles are active: prod
11-06 08:28:49.104 WARN  [main] [o.springframework.boot.actuate.endpoint.EndpointId] : Endpoint ID 'nacos-discovery' contains invalid characters, please migrate to a valid format.
11-06 08:28:49.386 INFO  [main] [o.s.d.r.config.RepositoryConfigurationDelegate] : Multiple Spring Data modules found, entering strict repository configuration mode!
11-06 08:28:49.390 INFO  [main] [o.s.d.r.config.RepositoryConfigurationDelegate] : Bootstrapping Spring Data Redis repositories in DEFAULT mode.
11-06 08:28:49.424 INFO  [main] [o.s.d.r.config.RepositoryConfigurationDelegate] : Finished Spring Data repository scanning in 14ms. Found 0 Redis repository interfaces.
11-06 08:28:49.515 WARN  [main] [o.springframework.boot.actuate.endpoint.EndpointId] : Endpoint ID 'service-registry' contains invalid characters, please migrate to a valid format.
11-06 08:28:49.817 INFO  [main] [o.springframework.cloud.context.scope.GenericScope] : BeanFactory id=473c1133-6b25-3a14-94b9-130e04f36133
11-06 08:28:50.448 INFO  [main] [o.s.c.s.PostProcessorRegistrationDelegate$BeanPostProcessorChecker] : Bean 'spring.datasource.dynamic-com.baomidou.dynamic.datasource.spring.boot.autoconfigure.DynamicDataSourceProperties' of type [com.baomidou.dynamic.datasource.spring.boot.autoconfigure.DynamicDataSourceProperties] is not eligible for getting processed by all BeanPostProcessors (for example: not eligible for auto-proxying)
11-06 08:28:50.456 INFO  [main] [o.s.c.s.PostProcessorRegistrationDelegate$BeanPostProcessorChecker] : Bean 'com.baomidou.dynamic.datasource.spring.boot.autoconfigure.DynamicDataSourceAutoConfiguration' of type [com.baomidou.dynamic.datasource.spring.boot.autoconfigure.DynamicDataSourceAutoConfiguration$$EnhancerBySpringCGLIB$$bb5c80e5] is not eligible for getting processed by all BeanPostProcessors (for example: not eligible for auto-proxying)
11-06 08:28:50.478 INFO  [main] [o.s.c.s.PostProcessorRegistrationDelegate$BeanPostProcessorChecker] : Bean 'dsProcessor' of type [com.baomidou.dynamic.datasource.processor.DsHeaderProcessor] is not eligible for getting processed by all BeanPostProcessors (for example: not eligible for auto-proxying)
11-06 08:28:51.046 INFO  [main] [o.s.boot.web.embedded.tomcat.TomcatWebServer] : Tomcat initialized with port(s): 8080 (http)
11-06 08:28:51.061 INFO  [main] [org.apache.catalina.core.StandardService] : Starting service [Tomcat]
11-06 08:28:51.062 INFO  [main] [org.apache.catalina.core.StandardEngine] : Starting Servlet engine: [Apache Tomcat/9.0.31]
11-06 08:28:51.184 INFO  [main] [o.a.c.core.ContainerBase.[Tomcat].[localhost].[/]] : Initializing Spring embedded WebApplicationContext
11-06 08:28:51.186 INFO  [main] [org.springframework.web.context.ContextLoader] : Root WebApplicationContext: initialization completed in 3055 ms
11-06 08:28:51.732 INFO  [main] [c.a.d.s.b.a.DruidDataSourceAutoConfigure] : Init DruidDataSource
11-06 08:28:52.022 INFO  [main] [com.alibaba.druid.pool.DruidDataSource] : {dataSource-1} inited
11-06 08:28:52.124 ERROR [main] [o.s.boot.web.embedded.tomcat.TomcatStarter] : Error starting Tomcat context. Exception: org.springframework.beans.factory.BeanCreationException. Message: Error creating bean with name 'servletEndpointRegistrar' defined in class path resource [org/springframework/boot/actuate/autoconfigure/endpoint/web/ServletEndpointManagementContextConfiguration$WebMvcServletEndpointManagementContextConfiguration.class]: Bean instantiation via factory method failed; nested exception is org.springframework.beans.BeanInstantiationException: Failed to instantiate [org.springframework.boot.actuate.endpoint.web.ServletEndpointRegistrar]: Factory method 'servletEndpointRegistrar' threw exception; nested exception is org.springframework.beans.factory.UnsatisfiedDependencyException: Error creating bean with name 'healthEndpoint' defined in class path resource [org/springframework/boot/actuate/autoconfigure/health/HealthEndpointConfiguration.class]: Unsatisfied dependency expressed through method 'healthEndpoint' parameter 0; nested exception is org.springframework.beans.factory.BeanCreationException: Error creating bean with name 'healthContributorRegistry' defined in class path resource [org/springframework/boot/actuate/autoconfigure/health/HealthEndpointConfiguration.class]: Bean instantiation via factory method failed; nested exception is org.springframework.beans.BeanInstantiationException: Failed to instantiate [org.springframework.boot.actuate.health.HealthContributorRegistry]: Factory method 'healthContributorRegistry' threw exception; nested exception is org.springframework.beans.factory.UnsatisfiedDependencyException: Error creating bean with name 'org.springframework.boot.actuate.autoconfigure.redis.RedisReactiveHealthContributorAutoConfiguration': Unsatisfied dependency expressed through constructor parameter 0; nested exception is org.springframework.beans.factory.UnsatisfiedDependencyException: Error creating bean with name 'lettuceConnectionFactory' defined in class path resource [com/petrel/common/config/RedisSourceConfiguration.class]: Unsatisfied dependency expressed through method 'lettuceConnectionFactory' parameter 0; nested exception is org.springframework.beans.factory.UnsatisfiedDependencyException: Error creating bean with name 'genericObjectPoolConfig' defined in class path resource [com/petrel/common/config/RedisSourceConfiguration.class]: Unsatisfied dependency expressed through method 'genericObjectPoolConfig' parameter 0; nested exception is org.springframework.beans.factory.BeanCreationException: Error creating bean with name 'redisSourceProperties': Injection of autowired dependencies failed; nested exception is java.lang.IllegalArgumentException: Could not resolve placeholder 'redis.database' in value "${redis.database}"
11-06 08:28:52.150 INFO  [main] [org.apache.catalina.core.StandardService] : Stopping service [Tomcat]
11-06 08:28:52.163 WARN  [main] [org.apache.catalina.loader.WebappClassLoaderBase] : The web application [ROOT] appears to have started a thread named [spring.cloud.inetutils] but has failed to stop it. This is very likely to create a memory leak. Stack trace of thread:
 java.base/jdk.internal.misc.Unsafe.park(Native Method)
 java.base/java.util.concurrent.locks.LockSupport.park(LockSupport.java:371)
 java.base/java.util.concurrent.locks.AbstractQueuedSynchronizer$ConditionNode.block(AbstractQueuedSynchronizer.java:519)
 java.base/java.util.concurrent.ForkJoinPool.unmanagedBlock(ForkJoinPool.java:3780)
 java.base/java.util.concurrent.ForkJoinPool.managedBlock(ForkJoinPool.java:3725)
 java.base/java.util.concurrent.locks.AbstractQueuedSynchronizer$ConditionObject.await(AbstractQueuedSynchronizer.java:1712)
 java.base/java.util.concurrent.LinkedBlockingQueue.take(LinkedBlockingQueue.java:435)
 java.base/java.util.concurrent.ThreadPoolExecutor.getTask(ThreadPoolExecutor.java:1070)
 java.base/java.util.concurrent.ThreadPoolExecutor.runWorker(ThreadPoolExecutor.java:1130)
 java.base/java.util.concurrent.ThreadPoolExecutor$Worker.run(ThreadPoolExecutor.java:642)
 java.base/java.lang.Thread.run(Thread.java:1583)
11-06 08:28:52.163 WARN  [main] [org.apache.catalina.loader.WebappClassLoaderBase] : The web application [ROOT] appears to have started a thread named [logback-1] but has failed to stop it. This is very likely to create a memory leak. Stack trace of thread:
 java.base/jdk.internal.misc.Unsafe.park(Native Method)
 java.base/java.util.concurrent.locks.LockSupport.parkNanos(LockSupport.java:269)
 java.base/java.util.concurrent.locks.AbstractQueuedSynchronizer$ConditionObject.awaitNanos(AbstractQueuedSynchronizer.java:1763)
 java.base/java.util.concurrent.ScheduledThreadPoolExecutor$DelayedWorkQueue.take(ScheduledThreadPoolExecutor.java:1182)
 java.base/java.util.concurrent.ScheduledThreadPoolExecutor$DelayedWorkQueue.take(ScheduledThreadPoolExecutor.java:899)
 java.base/java.util.concurrent.ThreadPoolExecutor.getTask(ThreadPoolExecutor.java:1070)
 java.base/java.util.concurrent.ThreadPoolExecutor.runWorker(ThreadPoolExecutor.java:1130)
 java.base/java.util.concurrent.ThreadPoolExecutor$Worker.run(ThreadPoolExecutor.java:642)
 java.base/java.lang.Thread.run(Thread.java:1583)
11-06 08:28:52.164 WARN  [main] [org.apache.catalina.loader.WebappClassLoaderBase] : The web application [ROOT] appears to have started a thread named [com.alibaba.nacos.naming.client.listener] but has failed to stop it. This is very likely to create a memory leak. Stack trace of thread:
 java.base/jdk.internal.misc.Unsafe.park(Native Method)
 java.base/java.util.concurrent.locks.LockSupport.parkNanos(LockSupport.java:269)
 java.base/java.util.concurrent.locks.AbstractQueuedSynchronizer$ConditionObject.awaitNanos(AbstractQueuedSynchronizer.java:1763)
 java.base/java.util.concurrent.LinkedBlockingQueue.poll(LinkedBlockingQueue.java:460)
 com.alibaba.nacos.client.naming.core.EventDispatcher$Notifier.run(EventDispatcher.java:118)
 java.base/java.util.concurrent.ThreadPoolExecutor.runWorker(ThreadPoolExecutor.java:1144)
 java.base/java.util.concurrent.ThreadPoolExecutor$Worker.run(ThreadPoolExecutor.java:642)
 java.base/java.lang.Thread.run(Thread.java:1583)
11-06 08:28:52.164 WARN  [main] [org.apache.catalina.loader.WebappClassLoaderBase] : The web application [ROOT] appears to have started a thread named [com.alibaba.nacos.client.naming.updater] but has failed to stop it. This is very likely to create a memory leak. Stack trace of thread:
 java.base/jdk.internal.misc.Unsafe.park(Native Method)
 java.base/java.util.concurrent.locks.LockSupport.parkNanos(LockSupport.java:269)
 java.base/java.util.concurrent.locks.AbstractQueuedSynchronizer$ConditionObject.awaitNanos(AbstractQueuedSynchronizer.java:1763)
 java.base/java.util.concurrent.ScheduledThreadPoolExecutor$DelayedWorkQueue.take(ScheduledThreadPoolExecutor.java:1182)
 java.base/java.util.concurrent.ScheduledThreadPoolExecutor$DelayedWorkQueue.take(ScheduledThreadPoolExecutor.java:899)
 java.base/java.util.concurrent.ThreadPoolExecutor.getTask(ThreadPoolExecutor.java:1070)
 java.base/java.util.concurrent.ThreadPoolExecutor.runWorker(ThreadPoolExecutor.java:1130)
 java.base/java.util.concurrent.ThreadPoolExecutor$Worker.run(ThreadPoolExecutor.java:642)
 java.base/java.lang.Thread.run(Thread.java:1583)
11-06 08:28:52.164 WARN  [main] [org.apache.catalina.loader.WebappClassLoaderBase] : The web application [ROOT] appears to have started a thread named [com.alibaba.nacos.client.naming.updater] but has failed to stop it. This is very likely to create a memory leak. Stack trace of thread:
 java.base/jdk.internal.misc.Unsafe.park(Native Method)
 java.base/java.util.concurrent.locks.LockSupport.park(LockSupport.java:371)
 java.base/java.util.concurrent.locks.AbstractQueuedSynchronizer$ConditionNode.block(AbstractQueuedSynchronizer.java:519)
 java.base/java.util.concurrent.ForkJoinPool.unmanagedBlock(ForkJoinPool.java:3780)
 java.base/java.util.concurrent.ForkJoinPool.managedBlock(ForkJoinPool.java:3725)
 java.base/java.util.concurrent.locks.AbstractQueuedSynchronizer$ConditionObject.await(AbstractQueuedSynchronizer.java:1712)
 java.base/java.util.concurrent.ScheduledThreadPoolExecutor$DelayedWorkQueue.take(ScheduledThreadPoolExecutor.java:1177)
 java.base/java.util.concurrent.ScheduledThreadPoolExecutor$DelayedWorkQueue.take(ScheduledThreadPoolExecutor.java:899)
 java.base/java.util.concurrent.ThreadPoolExecutor.getTask(ThreadPoolExecutor.java:1070)
 java.base/java.util.concurrent.ThreadPoolExecutor.runWorker(ThreadPoolExecutor.java:1130)
 java.base/java.util.concurrent.ThreadPoolExecutor$Worker.run(ThreadPoolExecutor.java:642)
 java.base/java.lang.Thread.run(Thread.java:1583)
11-06 08:28:52.164 WARN  [main] [org.apache.catalina.loader.WebappClassLoaderBase] : The web application [ROOT] appears to have started a thread named [com.alibaba.nacos.naming.failover] but has failed to stop it. This is very likely to create a memory leak. Stack trace of thread:
 java.base/jdk.internal.misc.Unsafe.park(Native Method)
 java.base/java.util.concurrent.locks.LockSupport.parkNanos(LockSupport.java:269)
 java.base/java.util.concurrent.locks.AbstractQueuedSynchronizer$ConditionObject.awaitNanos(AbstractQueuedSynchronizer.java:1763)
 java.base/java.util.concurrent.ScheduledThreadPoolExecutor$DelayedWorkQueue.take(ScheduledThreadPoolExecutor.java:1182)
 java.base/java.util.concurrent.ScheduledThreadPoolExecutor$DelayedWorkQueue.take(ScheduledThreadPoolExecutor.java:899)
 java.base/java.util.concurrent.ThreadPoolExecutor.getTask(ThreadPoolExecutor.java:1070)
 java.base/java.util.concurrent.ThreadPoolExecutor.runWorker(ThreadPoolExecutor.java:1130)
 java.base/java.util.concurrent.ThreadPoolExecutor$Worker.run(ThreadPoolExecutor.java:642)
 java.base/java.lang.Thread.run(Thread.java:1583)
11-06 08:28:52.165 WARN  [main] [org.apache.catalina.loader.WebappClassLoaderBase] : The web application [ROOT] appears to have started a thread named [com.alibaba.nacos.naming.push.receiver] but has failed to stop it. This is very likely to create a memory leak. Stack trace of thread:
 java.base/sun.nio.ch.DatagramChannelImpl.receive0(Native Method)
 java.base/sun.nio.ch.DatagramChannelImpl.receiveIntoNativeBuffer(DatagramChannelImpl.java:814)
 java.base/sun.nio.ch.DatagramChannelImpl.receive(DatagramChannelImpl.java:790)
 java.base/sun.nio.ch.DatagramChannelImpl.tryBlockingReceive(DatagramChannelImpl.java:751)
 java.base/sun.nio.ch.DatagramChannelImpl.blockingReceive(DatagramChannelImpl.java:692)
 java.base/sun.nio.ch.DatagramSocketAdaptor.receive(DatagramSocketAdaptor.java:204)
 java.base/java.net.DatagramSocket.receive(DatagramSocket.java:714)
 com.alibaba.nacos.client.naming.core.PushReceiver.run(PushReceiver.java:73)
 java.base/java.util.concurrent.Executors$RunnableAdapter.call(Executors.java:572)
 java.base/java.util.concurrent.FutureTask.run(FutureTask.java:317)
 java.base/java.util.concurrent.ScheduledThreadPoolExecutor$ScheduledFutureTask.run(ScheduledThreadPoolExecutor.java:304)
 java.base/java.util.concurrent.ThreadPoolExecutor.runWorker(ThreadPoolExecutor.java:1144)
 java.base/java.util.concurrent.ThreadPoolExecutor$Worker.run(ThreadPoolExecutor.java:642)
 java.base/java.lang.Thread.run(Thread.java:1583)
11-06 08:28:52.165 WARN  [main] [org.apache.catalina.loader.WebappClassLoaderBase] : The web application [ROOT] appears to have started a thread named [Druid-ConnectionPool-Create-1956060889] but has failed to stop it. This is very likely to create a memory leak. Stack trace of thread:
 java.base/jdk.internal.misc.Unsafe.park(Native Method)
 java.base/java.util.concurrent.locks.LockSupport.park(LockSupport.java:371)
 java.base/java.util.concurrent.locks.AbstractQueuedSynchronizer$ConditionNode.block(AbstractQueuedSynchronizer.java:519)
 java.base/java.util.concurrent.ForkJoinPool.unmanagedBlock(ForkJoinPool.java:3780)
 java.base/java.util.concurrent.ForkJoinPool.managedBlock(ForkJoinPool.java:3725)
 java.base/java.util.concurrent.locks.AbstractQueuedSynchronizer$ConditionObject.await(AbstractQueuedSynchronizer.java:1712)
 com.alibaba.druid.pool.DruidDataSource$CreateConnectionThread.run(DruidDataSource.java:2754)
11-06 08:28:52.165 WARN  [main] [org.apache.catalina.loader.WebappClassLoaderBase] : The web application [ROOT] appears to have started a thread named [Druid-ConnectionPool-Destroy-1956060889] but has failed to stop it. This is very likely to create a memory leak. Stack trace of thread:
 java.base/java.lang.Thread.sleep0(Native Method)
 java.base/java.lang.Thread.sleep(Thread.java:509)
 com.alibaba.druid.pool.DruidDataSource$DestroyConnectionThread.run(DruidDataSource.java:2850)
11-06 08:28:52.167 WARN  [main] [o.s.b.w.s.c.AnnotationConfigServletWebServerApplicationContext] : Exception encountered during context initialization - cancelling refresh attempt: org.springframework.context.ApplicationContextException: Unable to start web server; nested exception is org.springframework.boot.web.server.WebServerException: Unable to start embedded Tomcat
11-06 08:28:52.168 INFO  [main] [com.alibaba.druid.pool.DruidDataSource] : {dataSource-1} closing ...
11-06 08:28:52.171 INFO  [main] [com.alibaba.druid.pool.DruidDataSource] : {dataSource-1} closed
11-06 08:28:52.173 INFO  [main] [c.a.n.s.c.a.c.NacosValueAnnotationBeanPostProcessor] : class com.alibaba.nacos.spring.context.annotation.config.NacosValueAnnotationBeanPostProcessor was destroying!
11-06 08:28:52.173 INFO  [main] [c.a.n.s.b.f.a.AnnotationNacosInjectedBeanPostProcessor] : class com.alibaba.nacos.spring.beans.factory.annotation.AnnotationNacosInjectedBeanPostProcessor was destroying!
11-06 08:28:52.195 INFO  [main] [o.s.b.a.l.ConditionEvaluationReportLoggingListener] : 

Error starting ApplicationContext. To display the conditions report re-run your application with 'debug' enabled.
11-06 08:28:52.206 ERROR [main] [org.springframework.boot.SpringApplication] : Application run failed
org.springframework.context.ApplicationContextException: Unable to start web server; nested exception is org.springframework.boot.web.server.WebServerException: Unable to start embedded Tomcat
	at org.springframework.boot.web.servlet.context.ServletWebServerApplicationContext.onRefresh(ServletWebServerApplicationContext.java:156)
	at org.springframework.context.support.AbstractApplicationContext.refresh(AbstractApplicationContext.java:544)
	at org.springframework.boot.web.servlet.context.ServletWebServerApplicationContext.refresh(ServletWebServerApplicationContext.java:141)
	at org.springframework.boot.SpringApplication.refresh(SpringApplication.java:747)
	at org.springframework.boot.SpringApplication.refreshContext(SpringApplication.java:397)
	at org.springframework.boot.SpringApplication.run(SpringApplication.java:315)
	at org.springframework.boot.SpringApplication.run(SpringApplication.java:1226)
	at org.springframework.boot.SpringApplication.run(SpringApplication.java:1215)
	at com.petrel.register.RegisterApplication.main(RegisterApplication.java:19)
	at java.base/jdk.internal.reflect.DirectMethodHandleAccessor.invoke(DirectMethodHandleAccessor.java:103)
	at java.base/java.lang.reflect.Method.invoke(Method.java:580)
	at org.springframework.boot.loader.MainMethodRunner.run(MainMethodRunner.java:48)
	at org.springframework.boot.loader.Launcher.launch(Launcher.java:87)
	at org.springframework.boot.loader.Launcher.launch(Launcher.java:51)
	at org.springframework.boot.loader.PropertiesLauncher.main(PropertiesLauncher.java:597)
Caused by: org.springframework.boot.web.server.WebServerException: Unable to start embedded Tomcat
	at org.springframework.boot.web.embedded.tomcat.TomcatWebServer.initialize(TomcatWebServer.java:126)
	at org.springframework.boot.web.embedded.tomcat.TomcatWebServer.<init>(TomcatWebServer.java:88)
	at org.springframework.boot.web.embedded.tomcat.TomcatServletWebServerFactory.getTomcatWebServer(TomcatServletWebServerFactory.java:438)
	at org.springframework.boot.web.embedded.tomcat.TomcatServletWebServerFactory.getWebServer(TomcatServletWebServerFactory.java:191)
	at org.springframework.boot.web.servlet.context.ServletWebServerApplicationContext.createWebServer(ServletWebServerApplicationContext.java:180)
	at org.springframework.boot.web.servlet.context.ServletWebServerApplicationContext.onRefresh(ServletWebServerApplicationContext.java:153)
	... 14 common frames omitted
Caused by: org.springframework.beans.factory.BeanCreationException: Error creating bean with name 'servletEndpointRegistrar' defined in class path resource [org/springframework/boot/actuate/autoconfigure/endpoint/web/ServletEndpointManagementContextConfiguration$WebMvcServletEndpointManagementContextConfiguration.class]: Bean instantiation via factory method failed; nested exception is org.springframework.beans.BeanInstantiationException: Failed to instantiate [org.springframework.boot.actuate.endpoint.web.ServletEndpointRegistrar]: Factory method 'servletEndpointRegistrar' threw exception; nested exception is org.springframework.beans.factory.UnsatisfiedDependencyException: Error creating bean with name 'healthEndpoint' defined in class path resource [org/springframework/boot/actuate/autoconfigure/health/HealthEndpointConfiguration.class]: Unsatisfied dependency expressed through method 'healthEndpoint' parameter 0; nested exception is org.springframework.beans.factory.BeanCreationException: Error creating bean with name 'healthContributorRegistry' defined in class path resource [org/springframework/boot/actuate/autoconfigure/health/HealthEndpointConfiguration.class]: Bean instantiation via factory method failed; nested exception is org.springframework.beans.BeanInstantiationException: Failed to instantiate [org.springframework.boot.actuate.health.HealthContributorRegistry]: Factory method 'healthContributorRegistry' threw exception; nested exception is org.springframework.beans.factory.UnsatisfiedDependencyException: Error creating bean with name 'org.springframework.boot.actuate.autoconfigure.redis.RedisReactiveHealthContributorAutoConfiguration': Unsatisfied dependency expressed through constructor parameter 0; nested exception is org.springframework.beans.factory.UnsatisfiedDependencyException: Error creating bean with name 'lettuceConnectionFactory' defined in class path resource [com/petrel/common/config/RedisSourceConfiguration.class]: Unsatisfied dependency expressed through method 'lettuceConnectionFactory' parameter 0; nested exception is org.springframework.beans.factory.UnsatisfiedDependencyException: Error creating bean with name 'genericObjectPoolConfig' defined in class path resource [com/petrel/common/config/RedisSourceConfiguration.class]: Unsatisfied dependency expressed through method 'genericObjectPoolConfig' parameter 0; nested exception is org.springframework.beans.factory.BeanCreationException: Error creating bean with name 'redisSourceProperties': Injection of autowired dependencies failed; nested exception is java.lang.IllegalArgumentException: Could not resolve placeholder 'redis.database' in value "${redis.database}"
	at org.springframework.beans.factory.support.ConstructorResolver.instantiate(ConstructorResolver.java:656)
	at org.springframework.beans.factory.support.ConstructorResolver.instantiateUsingFactoryMethod(ConstructorResolver.java:636)
	at org.springframework.beans.factory.support.AbstractAutowireCapableBeanFactory.instantiateUsingFactoryMethod(AbstractAutowireCapableBeanFactory.java:1338)
	at org.springframework.beans.factory.support.AbstractAutowireCapableBeanFactory.createBeanInstance(AbstractAutowireCapableBeanFactory.java:1177)
	at org.springframework.beans.factory.support.AbstractAutowireCapableBeanFactory.doCreateBean(AbstractAutowireCapableBeanFactory.java:557)
	at org.springframework.beans.factory.support.AbstractAutowireCapableBeanFactory.createBean(AbstractAutowireCapableBeanFactory.java:517)
	at org.springframework.beans.factory.support.AbstractBeanFactory.lambda$doGetBean$0(AbstractBeanFactory.java:323)
	at org.springframework.beans.factory.support.DefaultSingletonBeanRegistry.getSingleton(DefaultSingletonBeanRegistry.java:222)
	at org.springframework.beans.factory.support.AbstractBeanFactory.doGetBean(AbstractBeanFactory.java:321)
	at org.springframework.beans.factory.support.AbstractBeanFactory.getBean(AbstractBeanFactory.java:207)
	at org.springframework.boot.web.servlet.ServletContextInitializerBeans.getOrderedBeansOfType(ServletContextInitializerBeans.java:211)
	at org.springframework.boot.web.servlet.ServletContextInitializerBeans.getOrderedBeansOfType(ServletContextInitializerBeans.java:202)
	at org.springframework.boot.web.servlet.ServletContextInitializerBeans.addServletContextInitializerBeans(ServletContextInitializerBeans.java:96)
	at org.springframework.boot.web.servlet.ServletContextInitializerBeans.<init>(ServletContextInitializerBeans.java:85)
	at org.springframework.boot.web.servlet.context.ServletWebServerApplicationContext.getServletContextInitializerBeans(ServletWebServerApplicationContext.java:253)
	at org.springframework.boot.web.servlet.context.ServletWebServerApplicationContext.selfInitialize(ServletWebServerApplicationContext.java:227)
	at org.springframework.boot.web.embedded.tomcat.TomcatStarter.onStartup(TomcatStarter.java:53)
	at org.apache.catalina.core.StandardContext.startInternal(StandardContext.java:5135)
	at org.apache.catalina.util.LifecycleBase.start(LifecycleBase.java:183)
	at org.apache.catalina.core.ContainerBase$StartChild.call(ContainerBase.java:1384)
	at org.apache.catalina.core.ContainerBase$StartChild.call(ContainerBase.java:1374)
	at java.base/java.util.concurrent.FutureTask.run(FutureTask.java:317)
	at org.apache.tomcat.util.threads.InlineExecutorService.execute(InlineExecutorService.java:75)
	at java.base/java.util.concurrent.AbstractExecutorService.submit(AbstractExecutorService.java:145)
	at org.apache.catalina.core.ContainerBase.startInternal(ContainerBase.java:909)
	at org.apache.catalina.core.StandardHost.startInternal(StandardHost.java:841)
	at org.apache.catalina.util.LifecycleBase.start(LifecycleBase.java:183)
	at org.apache.catalina.core.ContainerBase$StartChild.call(ContainerBase.java:1384)
	at org.apache.catalina.core.ContainerBase$StartChild.call(ContainerBase.java:1374)
	at java.base/java.util.concurrent.FutureTask.run(FutureTask.java:317)
	at org.apache.tomcat.util.threads.InlineExecutorService.execute(InlineExecutorService.java:75)
	at java.base/java.util.concurrent.AbstractExecutorService.submit(AbstractExecutorService.java:145)
	at org.apache.catalina.core.ContainerBase.startInternal(ContainerBase.java:909)
	at org.apache.catalina.core.StandardEngine.startInternal(StandardEngine.java:262)
	at org.apache.catalina.util.LifecycleBase.start(LifecycleBase.java:183)
	at org.apache.catalina.core.StandardService.startInternal(StandardService.java:421)
	at org.apache.catalina.util.LifecycleBase.start(LifecycleBase.java:183)
	at org.apache.catalina.core.StandardServer.startInternal(StandardServer.java:930)
	at org.apache.catalina.util.LifecycleBase.start(LifecycleBase.java:183)
	at org.apache.catalina.startup.Tomcat.start(Tomcat.java:467)
	at org.springframework.boot.web.embedded.tomcat.TomcatWebServer.initialize(TomcatWebServer.java:107)
	... 19 common frames omitted
Caused by: org.springframework.beans.BeanInstantiationException: Failed to instantiate [org.springframework.boot.actuate.endpoint.web.ServletEndpointRegistrar]: Factory method 'servletEndpointRegistrar' threw exception; nested exception is org.springframework.beans.factory.UnsatisfiedDependencyException: Error creating bean with name 'healthEndpoint' defined in class path resource [org/springframework/boot/actuate/autoconfigure/health/HealthEndpointConfiguration.class]: Unsatisfied dependency expressed through method 'healthEndpoint' parameter 0; nested exception is org.springframework.beans.factory.BeanCreationException: Error creating bean with name 'healthContributorRegistry' defined in class path resource [org/springframework/boot/actuate/autoconfigure/health/HealthEndpointConfiguration.class]: Bean instantiation via factory method failed; nested exception is org.springframework.beans.BeanInstantiationException: Failed to instantiate [org.springframework.boot.actuate.health.HealthContributorRegistry]: Factory method 'healthContributorRegistry' threw exception; nested exception is org.springframework.beans.factory.UnsatisfiedDependencyException: Error creating bean with name 'org.springframework.boot.actuate.autoconfigure.redis.RedisReactiveHealthContributorAutoConfiguration': Unsatisfied dependency expressed through constructor parameter 0; nested exception is org.springframework.beans.factory.UnsatisfiedDependencyException: Error creating bean with name 'lettuceConnectionFactory' defined in class path resource [com/petrel/common/config/RedisSourceConfiguration.class]: Unsatisfied dependency expressed through method 'lettuceConnectionFactory' parameter 0; nested exception is org.springframework.beans.factory.UnsatisfiedDependencyException: Error creating bean with name 'genericObjectPoolConfig' defined in class path resource [com/petrel/common/config/RedisSourceConfiguration.class]: Unsatisfied dependency expressed through method 'genericObjectPoolConfig' parameter 0; nested exception is org.springframework.beans.factory.BeanCreationException: Error creating bean with name 'redisSourceProperties': Injection of autowired dependencies failed; nested exception is java.lang.IllegalArgumentException: Could not resolve placeholder 'redis.database' in value "${redis.database}"
	at org.springframework.beans.factory.support.SimpleInstantiationStrategy.instantiate(SimpleInstantiationStrategy.java:185)
	at org.springframework.beans.factory.support.ConstructorResolver.instantiate(ConstructorResolver.java:651)
	... 59 common frames omitted
Caused by: org.springframework.beans.factory.UnsatisfiedDependencyException: Error creating bean with name 'healthEndpoint' defined in class path resource [org/springframework/boot/actuate/autoconfigure/health/HealthEndpointConfiguration.class]: Unsatisfied dependency expressed through method 'healthEndpoint' parameter 0; nested exception is org.springframework.beans.factory.BeanCreationException: Error creating bean with name 'healthContributorRegistry' defined in class path resource [org/springframework/boot/actuate/autoconfigure/health/HealthEndpointConfiguration.class]: Bean instantiation via factory method failed; nested exception is org.springframework.beans.BeanInstantiationException: Failed to instantiate [org.springframework.boot.actuate.health.HealthContributorRegistry]: Factory method 'healthContributorRegistry' threw exception; nested exception is org.springframework.beans.factory.UnsatisfiedDependencyException: Error creating bean with name 'org.springframework.boot.actuate.autoconfigure.redis.RedisReactiveHealthContributorAutoConfiguration': Unsatisfied dependency expressed through constructor parameter 0; nested exception is org.springframework.beans.factory.UnsatisfiedDependencyException: Error creating bean with name 'lettuceConnectionFactory' defined in class path resource [com/petrel/common/config/RedisSourceConfiguration.class]: Unsatisfied dependency expressed through method 'lettuceConnectionFactory' parameter 0; nested exception is org.springframework.beans.factory.UnsatisfiedDependencyException: Error creating bean with name 'genericObjectPoolConfig' defined in class path resource [com/petrel/common/config/RedisSourceConfiguration.class]: Unsatisfied dependency expressed through method 'genericObjectPoolConfig' parameter 0; nested exception is org.springframework.beans.factory.BeanCreationException: Error creating bean with name 'redisSourceProperties': Injection of autowired dependencies failed; nested exception is java.lang.IllegalArgumentException: Could not resolve placeholder 'redis.database' in value "${redis.database}"
	at org.springframework.beans.factory.support.ConstructorResolver.createArgumentArray(ConstructorResolver.java:798)
	at org.springframework.beans.factory.support.ConstructorResolver.instantiateUsingFactoryMethod(ConstructorResolver.java:539)
	at org.springframework.beans.factory.support.AbstractAutowireCapableBeanFactory.instantiateUsingFactoryMethod(AbstractAutowireCapableBeanFactory.java:1338)
	at org.springframework.beans.factory.support.AbstractAutowireCapableBeanFactory.createBeanInstance(AbstractAutowireCapableBeanFactory.java:1177)
	at org.springframework.beans.factory.support.AbstractAutowireCapableBeanFactory.doCreateBean(AbstractAutowireCapableBeanFactory.java:557)
	at org.springframework.beans.factory.support.AbstractAutowireCapableBeanFactory.createBean(AbstractAutowireCapableBeanFactory.java:517)
	at org.springframework.beans.factory.support.AbstractBeanFactory.lambda$doGetBean$0(AbstractBeanFactory.java:323)
	at org.springframework.beans.factory.support.DefaultSingletonBeanRegistry.getSingleton(DefaultSingletonBeanRegistry.java:222)
	at org.springframework.beans.factory.support.AbstractBeanFactory.doGetBean(AbstractBeanFactory.java:321)
	at org.springframework.beans.factory.support.AbstractBeanFactory.getBean(AbstractBeanFactory.java:202)
	at org.springframework.context.support.AbstractApplicationContext.getBean(AbstractApplicationContext.java:1108)
	at org.springframework.boot.actuate.endpoint.annotation.EndpointDiscoverer.createEndpointBean(EndpointDiscoverer.java:143)
	at org.springframework.boot.actuate.endpoint.annotation.EndpointDiscoverer.createEndpointBeans(EndpointDiscoverer.java:133)
	at org.springframework.boot.actuate.endpoint.annotation.EndpointDiscoverer.discoverEndpoints(EndpointDiscoverer.java:122)
	at org.springframework.boot.actuate.endpoint.annotation.EndpointDiscoverer.getEndpoints(EndpointDiscoverer.java:116)
	at org.springframework.boot.actuate.autoconfigure.endpoint.web.ServletEndpointManagementContextConfiguration$WebMvcServletEndpointManagementContextConfiguration.servletEndpointRegistrar(ServletEndpointManagementContextConfiguration.java:65)
	at java.base/jdk.internal.reflect.DirectMethodHandleAccessor.invoke(DirectMethodHandleAccessor.java:103)
	at java.base/java.lang.reflect.Method.invoke(Method.java:580)
	at org.springframework.beans.factory.support.SimpleInstantiationStrategy.instantiate(SimpleInstantiationStrategy.java:154)
	... 60 common frames omitted
Caused by: org.springframework.beans.factory.BeanCreationException: Error creating bean with name 'healthContributorRegistry' defined in class path resource [org/springframework/boot/actuate/autoconfigure/health/HealthEndpointConfiguration.class]: Bean instantiation via factory method failed; nested exception is org.springframework.beans.BeanInstantiationException: Failed to instantiate [org.springframework.boot.actuate.health.HealthContributorRegistry]: Factory method 'healthContributorRegistry' threw exception; nested exception is org.springframework.beans.factory.UnsatisfiedDependencyException: Error creating bean with name 'org.springframework.boot.actuate.autoconfigure.redis.RedisReactiveHealthContributorAutoConfiguration': Unsatisfied dependency expressed through constructor parameter 0; nested exception is org.springframework.beans.factory.UnsatisfiedDependencyException: Error creating bean with name 'lettuceConnectionFactory' defined in class path resource [com/petrel/common/config/RedisSourceConfiguration.class]: Unsatisfied dependency expressed through method 'lettuceConnectionFactory' parameter 0; nested exception is org.springframework.beans.factory.UnsatisfiedDependencyException: Error creating bean with name 'genericObjectPoolConfig' defined in class path resource [com/petrel/common/config/RedisSourceConfiguration.class]: Unsatisfied dependency expressed through method 'genericObjectPoolConfig' parameter 0; nested exception is org.springframework.beans.factory.BeanCreationException: Error creating bean with name 'redisSourceProperties': Injection of autowired dependencies failed; nested exception is java.lang.IllegalArgumentException: Could not resolve placeholder 'redis.database' in value "${redis.database}"
	at org.springframework.beans.factory.support.ConstructorResolver.instantiate(ConstructorResolver.java:656)
	at org.springframework.beans.factory.support.ConstructorResolver.instantiateUsingFactoryMethod(ConstructorResolver.java:636)
	at org.springframework.beans.factory.support.AbstractAutowireCapableBeanFactory.instantiateUsingFactoryMethod(AbstractAutowireCapableBeanFactory.java:1338)
	at org.springframework.beans.factory.support.AbstractAutowireCapableBeanFactory.createBeanInstance(AbstractAutowireCapableBeanFactory.java:1177)
	at org.springframework.beans.factory.support.AbstractAutowireCapableBeanFactory.doCreateBean(AbstractAutowireCapableBeanFactory.java:557)
	at org.springframework.beans.factory.support.AbstractAutowireCapableBeanFactory.createBean(AbstractAutowireCapableBeanFactory.java:517)
	at org.springframework.beans.factory.support.AbstractBeanFactory.lambda$doGetBean$0(AbstractBeanFactory.java:323)
	at org.springframework.beans.factory.support.DefaultSingletonBeanRegistry.getSingleton(DefaultSingletonBeanRegistry.java:222)
	at org.springframework.beans.factory.support.AbstractBeanFactory.doGetBean(AbstractBeanFactory.java:321)
	at org.springframework.beans.factory.support.AbstractBeanFactory.getBean(AbstractBeanFactory.java:202)
	at org.springframework.beans.factory.config.DependencyDescriptor.resolveCandidate(DependencyDescriptor.java:276)
	at org.springframework.beans.factory.support.DefaultListableBeanFactory.doResolveDependency(DefaultListableBeanFactory.java:1287)
	at org.springframework.beans.factory.support.DefaultListableBeanFactory.resolveDependency(DefaultListableBeanFactory.java:1207)
	at org.springframework.beans.factory.support.ConstructorResolver.resolveAutowiredArgument(ConstructorResolver.java:885)
	at org.springframework.beans.factory.support.ConstructorResolver.createArgumentArray(ConstructorResolver.java:789)
	... 78 common frames omitted
Caused by: org.springframework.beans.BeanInstantiationException: Failed to instantiate [org.springframework.boot.actuate.health.HealthContributorRegistry]: Factory method 'healthContributorRegistry' threw exception; nested exception is org.springframework.beans.factory.UnsatisfiedDependencyException: Error creating bean with name 'org.springframework.boot.actuate.autoconfigure.redis.RedisReactiveHealthContributorAutoConfiguration': Unsatisfied dependency expressed through constructor parameter 0; nested exception is org.springframework.beans.factory.UnsatisfiedDependencyException: Error creating bean with name 'lettuceConnectionFactory' defined in class path resource [com/petrel/common/config/RedisSourceConfiguration.class]: Unsatisfied dependency expressed through method 'lettuceConnectionFactory' parameter 0; nested exception is org.springframework.beans.factory.UnsatisfiedDependencyException: Error creating bean with name 'genericObjectPoolConfig' defined in class path resource [com/petrel/common/config/RedisSourceConfiguration.class]: Unsatisfied dependency expressed through method 'genericObjectPoolConfig' parameter 0; nested exception is org.springframework.beans.factory.BeanCreationException: Error creating bean with name 'redisSourceProperties': Injection of autowired dependencies failed; nested exception is java.lang.IllegalArgumentException: Could not resolve placeholder 'redis.database' in value "${redis.database}"
	at org.springframework.beans.factory.support.SimpleInstantiationStrategy.instantiate(SimpleInstantiationStrategy.java:185)
	at org.springframework.beans.factory.support.ConstructorResolver.instantiate(ConstructorResolver.java:651)
	... 92 common frames omitted
Caused by: org.springframework.beans.factory.UnsatisfiedDependencyException: Error creating bean with name 'org.springframework.boot.actuate.autoconfigure.redis.RedisReactiveHealthContributorAutoConfiguration': Unsatisfied dependency expressed through constructor parameter 0; nested exception is org.springframework.beans.factory.UnsatisfiedDependencyException: Error creating bean with name 'lettuceConnectionFactory' defined in class path resource [com/petrel/common/config/RedisSourceConfiguration.class]: Unsatisfied dependency expressed through method 'lettuceConnectionFactory' parameter 0; nested exception is org.springframework.beans.factory.UnsatisfiedDependencyException: Error creating bean with name 'genericObjectPoolConfig' defined in class path resource [com/petrel/common/config/RedisSourceConfiguration.class]: Unsatisfied dependency expressed through method 'genericObjectPoolConfig' parameter 0; nested exception is org.springframework.beans.factory.BeanCreationException: Error creating bean with name 'redisSourceProperties': Injection of autowired dependencies failed; nested exception is java.lang.IllegalArgumentException: Could not resolve placeholder 'redis.database' in value "${redis.database}"
	at org.springframework.beans.factory.support.ConstructorResolver.createArgumentArray(ConstructorResolver.java:798)
	at org.springframework.beans.factory.support.ConstructorResolver.autowireConstructor(ConstructorResolver.java:228)
	at org.springframework.beans.factory.support.AbstractAutowireCapableBeanFactory.autowireConstructor(AbstractAutowireCapableBeanFactory.java:1358)
	at org.springframework.beans.factory.support.AbstractAutowireCapableBeanFactory.createBeanInstance(AbstractAutowireCapableBeanFactory.java:1204)
	at org.springframework.beans.factory.support.AbstractAutowireCapableBeanFactory.doCreateBean(AbstractAutowireCapableBeanFactory.java:557)
	at org.springframework.beans.factory.support.AbstractAutowireCapableBeanFactory.createBean(AbstractAutowireCapableBeanFactory.java:517)
	at org.springframework.beans.factory.support.AbstractBeanFactory.lambda$doGetBean$0(AbstractBeanFactory.java:323)
	at org.springframework.beans.factory.support.DefaultSingletonBeanRegistry.getSingleton(DefaultSingletonBeanRegistry.java:222)
	at org.springframework.beans.factory.support.AbstractBeanFactory.doGetBean(AbstractBeanFactory.java:321)
	at org.springframework.beans.factory.support.AbstractBeanFactory.getBean(AbstractBeanFactory.java:202)
	at org.springframework.beans.factory.support.ConstructorResolver.instantiateUsingFactoryMethod(ConstructorResolver.java:409)
	at org.springframework.beans.factory.support.AbstractAutowireCapableBeanFactory.instantiateUsingFactoryMethod(AbstractAutowireCapableBeanFactory.java:1338)
	at org.springframework.beans.factory.support.AbstractAutowireCapableBeanFactory.createBeanInstance(AbstractAutowireCapableBeanFactory.java:1177)
	at org.springframework.beans.factory.support.AbstractAutowireCapableBeanFactory.doCreateBean(AbstractAutowireCapableBeanFactory.java:557)
	at org.springframework.beans.factory.support.AbstractAutowireCapableBeanFactory.createBean(AbstractAutowireCapableBeanFactory.java:517)
	at org.springframework.beans.factory.support.AbstractBeanFactory.lambda$doGetBean$0(AbstractBeanFactory.java:323)
	at org.springframework.beans.factory.support.DefaultSingletonBeanRegistry.getSingleton(DefaultSingletonBeanRegistry.java:222)
	at org.springframework.beans.factory.support.AbstractBeanFactory.doGetBean(AbstractBeanFactory.java:321)
	at org.springframework.beans.factory.support.AbstractBeanFactory.getBean(AbstractBeanFactory.java:202)
	at org.springframework.beans.factory.support.DefaultListableBeanFactory.getBeansOfType(DefaultListableBeanFactory.java:617)
	at org.springframework.beans.factory.support.DefaultListableBeanFactory.getBeansOfType(DefaultListableBeanFactory.java:605)
	at org.springframework.context.support.AbstractApplicationContext.getBeansOfType(AbstractApplicationContext.java:1242)
	at org.springframework.boot.actuate.autoconfigure.health.HealthEndpointConfiguration$AdaptedReactiveHealthContributors.<init>(HealthEndpointConfiguration.java:101)
	at org.springframework.boot.actuate.autoconfigure.health.HealthEndpointConfiguration.healthContributorRegistry(HealthEndpointConfiguration.java:80)
	at java.base/jdk.internal.reflect.DirectMethodHandleAccessor.invoke(DirectMethodHandleAccessor.java:103)
	at java.base/java.lang.reflect.Method.invoke(Method.java:580)
	at org.springframework.beans.factory.support.SimpleInstantiationStrategy.instantiate(SimpleInstantiationStrategy.java:154)
	... 93 common frames omitted
Caused by: org.springframework.beans.factory.UnsatisfiedDependencyException: Error creating bean with name 'lettuceConnectionFactory' defined in class path resource [com/petrel/common/config/RedisSourceConfiguration.class]: Unsatisfied dependency expressed through method 'lettuceConnectionFactory' parameter 0; nested exception is org.springframework.beans.factory.UnsatisfiedDependencyException: Error creating bean with name 'genericObjectPoolConfig' defined in class path resource [com/petrel/common/config/RedisSourceConfiguration.class]: Unsatisfied dependency expressed through method 'genericObjectPoolConfig' parameter 0; nested exception is org.springframework.beans.factory.BeanCreationException: Error creating bean with name 'redisSourceProperties': Injection of autowired dependencies failed; nested exception is java.lang.IllegalArgumentException: Could not resolve placeholder 'redis.database' in value "${redis.database}"
	at org.springframework.beans.factory.support.ConstructorResolver.createArgumentArray(ConstructorResolver.java:798)
	at org.springframework.beans.factory.support.ConstructorResolver.instantiateUsingFactoryMethod(ConstructorResolver.java:539)
	at org.springframework.beans.factory.support.AbstractAutowireCapableBeanFactory.instantiateUsingFactoryMethod(AbstractAutowireCapableBeanFactory.java:1338)
	at org.springframework.beans.factory.support.AbstractAutowireCapableBeanFactory.createBeanInstance(AbstractAutowireCapableBeanFactory.java:1177)
	at org.springframework.beans.factory.support.AbstractAutowireCapableBeanFactory.doCreateBean(AbstractAutowireCapableBeanFactory.java:557)
	at org.springframework.beans.factory.support.AbstractAutowireCapableBeanFactory.createBean(AbstractAutowireCapableBeanFactory.java:517)
	at org.springframework.beans.factory.support.AbstractBeanFactory.lambda$doGetBean$0(AbstractBeanFactory.java:323)
	at org.springframework.beans.factory.support.DefaultSingletonBeanRegistry.getSingleton(DefaultSingletonBeanRegistry.java:222)
	at org.springframework.beans.factory.support.AbstractBeanFactory.doGetBean(AbstractBeanFactory.java:321)
	at org.springframework.beans.factory.support.AbstractBeanFactory.getBean(AbstractBeanFactory.java:202)
	at org.springframework.beans.factory.config.DependencyDescriptor.resolveCandidate(DependencyDescriptor.java:276)
	at org.springframework.beans.factory.support.DefaultListableBeanFactory.addCandidateEntry(DefaultListableBeanFactory.java:1503)
	at org.springframework.beans.factory.support.DefaultListableBeanFactory.findAutowireCandidates(DefaultListableBeanFactory.java:1467)
	at org.springframework.beans.factory.support.DefaultListableBeanFactory.resolveMultipleBeans(DefaultListableBeanFactory.java:1386)
	at org.springframework.beans.factory.support.DefaultListableBeanFactory.doResolveDependency(DefaultListableBeanFactory.java:1245)
	at org.springframework.beans.factory.support.DefaultListableBeanFactory.resolveDependency(DefaultListableBeanFactory.java:1207)
	at org.springframework.beans.factory.support.ConstructorResolver.resolveAutowiredArgument(ConstructorResolver.java:885)
	at org.springframework.beans.factory.support.ConstructorResolver.createArgumentArray(ConstructorResolver.java:789)
	... 119 common frames omitted
Caused by: org.springframework.beans.factory.UnsatisfiedDependencyException: Error creating bean with name 'genericObjectPoolConfig' defined in class path resource [com/petrel/common/config/RedisSourceConfiguration.class]: Unsatisfied dependency expressed through method 'genericObjectPoolConfig' parameter 0; nested exception is org.springframework.beans.factory.BeanCreationException: Error creating bean with name 'redisSourceProperties': Injection of autowired dependencies failed; nested exception is java.lang.IllegalArgumentException: Could not resolve placeholder 'redis.database' in value "${redis.database}"
	at org.springframework.beans.factory.support.ConstructorResolver.createArgumentArray(ConstructorResolver.java:798)
	at org.springframework.beans.factory.support.ConstructorResolver.instantiateUsingFactoryMethod(ConstructorResolver.java:539)
	at org.springframework.beans.factory.support.AbstractAutowireCapableBeanFactory.instantiateUsingFactoryMethod(AbstractAutowireCapableBeanFactory.java:1338)
	at org.springframework.beans.factory.support.AbstractAutowireCapableBeanFactory.createBeanInstance(AbstractAutowireCapableBeanFactory.java:1177)
	at org.springframework.beans.factory.support.AbstractAutowireCapableBeanFactory.doCreateBean(AbstractAutowireCapableBeanFactory.java:557)
	at org.springframework.beans.factory.support.AbstractAutowireCapableBeanFactory.createBean(AbstractAutowireCapableBeanFactory.java:517)
	at org.springframework.beans.factory.support.AbstractBeanFactory.lambda$doGetBean$0(AbstractBeanFactory.java:323)
	at org.springframework.beans.factory.support.DefaultSingletonBeanRegistry.getSingleton(DefaultSingletonBeanRegistry.java:222)
	at org.springframework.beans.factory.support.AbstractBeanFactory.doGetBean(AbstractBeanFactory.java:321)
	at org.springframework.beans.factory.support.AbstractBeanFactory.getBean(AbstractBeanFactory.java:202)
	at org.springframework.beans.factory.config.DependencyDescriptor.resolveCandidate(DependencyDescriptor.java:276)
	at org.springframework.beans.factory.support.DefaultListableBeanFactory.doResolveDependency(DefaultListableBeanFactory.java:1287)
	at org.springframework.beans.factory.support.DefaultListableBeanFactory.resolveDependency(DefaultListableBeanFactory.java:1207)
	at org.springframework.beans.factory.support.ConstructorResolver.resolveAutowiredArgument(ConstructorResolver.java:885)
	at org.springframework.beans.factory.support.ConstructorResolver.createArgumentArray(ConstructorResolver.java:789)
	... 136 common frames omitted
Caused by: org.springframework.beans.factory.BeanCreationException: Error creating bean with name 'redisSourceProperties': Injection of autowired dependencies failed; nested exception is java.lang.IllegalArgumentException: Could not resolve placeholder 'redis.database' in value "${redis.database}"
	at org.springframework.beans.factory.annotation.AutowiredAnnotationBeanPostProcessor.postProcessProperties(AutowiredAnnotationBeanPostProcessor.java:405)
	at org.springframework.beans.factory.support.AbstractAutowireCapableBeanFactory.populateBean(AbstractAutowireCapableBeanFactory.java:1422)
	at org.springframework.beans.factory.support.AbstractAutowireCapableBeanFactory.doCreateBean(AbstractAutowireCapableBeanFactory.java:594)
	at org.springframework.beans.factory.support.AbstractAutowireCapableBeanFactory.createBean(AbstractAutowireCapableBeanFactory.java:517)
	at org.springframework.beans.factory.support.AbstractBeanFactory.lambda$doGetBean$0(AbstractBeanFactory.java:323)
	at org.springframework.beans.factory.support.DefaultSingletonBeanRegistry.getSingleton(DefaultSingletonBeanRegistry.java:222)
	at org.springframework.beans.factory.support.AbstractBeanFactory.doGetBean(AbstractBeanFactory.java:321)
	at org.springframework.beans.factory.support.AbstractBeanFactory.getBean(AbstractBeanFactory.java:202)
	at org.springframework.beans.factory.config.DependencyDescriptor.resolveCandidate(DependencyDescriptor.java:276)
	at org.springframework.beans.factory.support.DefaultListableBeanFactory.doResolveDependency(DefaultListableBeanFactory.java:1287)
	at org.springframework.beans.factory.support.DefaultListableBeanFactory.resolveDependency(DefaultListableBeanFactory.java:1207)
	at org.springframework.beans.factory.support.ConstructorResolver.resolveAutowiredArgument(ConstructorResolver.java:885)
	at org.springframework.beans.factory.support.ConstructorResolver.createArgumentArray(ConstructorResolver.java:789)
	... 150 common frames omitted
Caused by: java.lang.IllegalArgumentException: Could not resolve placeholder 'redis.database' in value "${redis.database}"
	at org.springframework.util.PropertyPlaceholderHelper.parseStringValue(PropertyPlaceholderHelper.java:178)
	at org.springframework.util.PropertyPlaceholderHelper.replacePlaceholders(PropertyPlaceholderHelper.java:124)
	at org.springframework.core.env.AbstractPropertyResolver.doResolvePlaceholders(AbstractPropertyResolver.java:236)
	at org.springframework.core.env.AbstractPropertyResolver.resolveRequiredPlaceholders(AbstractPropertyResolver.java:210)
	at org.springframework.context.support.PropertySourcesPlaceholderConfigurer.lambda$processProperties$0(PropertySourcesPlaceholderConfigurer.java:175)
	at org.springframework.beans.factory.support.AbstractBeanFactory.resolveEmbeddedValue(AbstractBeanFactory.java:909)
	at org.springframework.beans.factory.support.DefaultListableBeanFactory.doResolveDependency(DefaultListableBeanFactory.java:1228)
	at org.springframework.beans.factory.support.DefaultListableBeanFactory.resolveDependency(DefaultListableBeanFactory.java:1207)
	at org.springframework.beans.factory.annotation.AutowiredAnnotationBeanPostProcessor$AutowiredFieldElement.inject(AutowiredAnnotationBeanPostProcessor.java:640)
	at org.springframework.beans.factory.annotation.InjectionMetadata.inject(InjectionMetadata.java:130)
	at org.springframework.beans.factory.annotation.AutowiredAnnotationBeanPostProcessor.postProcessProperties(AutowiredAnnotationBeanPostProcessor.java:399)
	... 162 common frames omitted
11-06 08:28:52.211 ERROR [main] [com.petrel.register.RegisterApplication] : start kernel user error
org.springframework.context.ApplicationContextException: Unable to start web server; nested exception is org.springframework.boot.web.server.WebServerException: Unable to start embedded Tomcat
	at org.springframework.boot.web.servlet.context.ServletWebServerApplicationContext.onRefresh(ServletWebServerApplicationContext.java:156)
	at org.springframework.context.support.AbstractApplicationContext.refresh(AbstractApplicationContext.java:544)
	at org.springframework.boot.web.servlet.context.ServletWebServerApplicationContext.refresh(ServletWebServerApplicationContext.java:141)
	at org.springframework.boot.SpringApplication.refresh(SpringApplication.java:747)
	at org.springframework.boot.SpringApplication.refreshContext(SpringApplication.java:397)
	at org.springframework.boot.SpringApplication.run(SpringApplication.java:315)
	at org.springframework.boot.SpringApplication.run(SpringApplication.java:1226)
	at org.springframework.boot.SpringApplication.run(SpringApplication.java:1215)
	at com.petrel.register.RegisterApplication.main(RegisterApplication.java:19)
	at java.base/jdk.internal.reflect.DirectMethodHandleAccessor.invoke(DirectMethodHandleAccessor.java:103)
	at java.base/java.lang.reflect.Method.invoke(Method.java:580)
	at org.springframework.boot.loader.MainMethodRunner.run(MainMethodRunner.java:48)
	at org.springframework.boot.loader.Launcher.launch(Launcher.java:87)
	at org.springframework.boot.loader.Launcher.launch(Launcher.java:51)
	at org.springframework.boot.loader.PropertiesLauncher.main(PropertiesLauncher.java:597)
Caused by: org.springframework.boot.web.server.WebServerException: Unable to start embedded Tomcat
	at org.springframework.boot.web.embedded.tomcat.TomcatWebServer.initialize(TomcatWebServer.java:126)
	at org.springframework.boot.web.embedded.tomcat.TomcatWebServer.<init>(TomcatWebServer.java:88)
	at org.springframework.boot.web.embedded.tomcat.TomcatServletWebServerFactory.getTomcatWebServer(TomcatServletWebServerFactory.java:438)
	at org.springframework.boot.web.embedded.tomcat.TomcatServletWebServerFactory.getWebServer(TomcatServletWebServerFactory.java:191)
	at org.springframework.boot.web.servlet.context.ServletWebServerApplicationContext.createWebServer(ServletWebServerApplicationContext.java:180)
	at org.springframework.boot.web.servlet.context.ServletWebServerApplicationContext.onRefresh(ServletWebServerApplicationContext.java:153)
	... 14 common frames omitted
Caused by: org.springframework.beans.factory.BeanCreationException: Error creating bean with name 'servletEndpointRegistrar' defined in class path resource [org/springframework/boot/actuate/autoconfigure/endpoint/web/ServletEndpointManagementContextConfiguration$WebMvcServletEndpointManagementContextConfiguration.class]: Bean instantiation via factory method failed; nested exception is org.springframework.beans.BeanInstantiationException: Failed to instantiate [org.springframework.boot.actuate.endpoint.web.ServletEndpointRegistrar]: Factory method 'servletEndpointRegistrar' threw exception; nested exception is org.springframework.beans.factory.UnsatisfiedDependencyException: Error creating bean with name 'healthEndpoint' defined in class path resource [org/springframework/boot/actuate/autoconfigure/health/HealthEndpointConfiguration.class]: Unsatisfied dependency expressed through method 'healthEndpoint' parameter 0; nested exception is org.springframework.beans.factory.BeanCreationException: Error creating bean with name 'healthContributorRegistry' defined in class path resource [org/springframework/boot/actuate/autoconfigure/health/HealthEndpointConfiguration.class]: Bean instantiation via factory method failed; nested exception is org.springframework.beans.BeanInstantiationException: Failed to instantiate [org.springframework.boot.actuate.health.HealthContributorRegistry]: Factory method 'healthContributorRegistry' threw exception; nested exception is org.springframework.beans.factory.UnsatisfiedDependencyException: Error creating bean with name 'org.springframework.boot.actuate.autoconfigure.redis.RedisReactiveHealthContributorAutoConfiguration': Unsatisfied dependency expressed through constructor parameter 0; nested exception is org.springframework.beans.factory.UnsatisfiedDependencyException: Error creating bean with name 'lettuceConnectionFactory' defined in class path resource [com/petrel/common/config/RedisSourceConfiguration.class]: Unsatisfied dependency expressed through method 'lettuceConnectionFactory' parameter 0; nested exception is org.springframework.beans.factory.UnsatisfiedDependencyException: Error creating bean with name 'genericObjectPoolConfig' defined in class path resource [com/petrel/common/config/RedisSourceConfiguration.class]: Unsatisfied dependency expressed through method 'genericObjectPoolConfig' parameter 0; nested exception is org.springframework.beans.factory.BeanCreationException: Error creating bean with name 'redisSourceProperties': Injection of autowired dependencies failed; nested exception is java.lang.IllegalArgumentException: Could not resolve placeholder 'redis.database' in value "${redis.database}"
	at org.springframework.beans.factory.support.ConstructorResolver.instantiate(ConstructorResolver.java:656)
	at org.springframework.beans.factory.support.ConstructorResolver.instantiateUsingFactoryMethod(ConstructorResolver.java:636)
	at org.springframework.beans.factory.support.AbstractAutowireCapableBeanFactory.instantiateUsingFactoryMethod(AbstractAutowireCapableBeanFactory.java:1338)
	at org.springframework.beans.factory.support.AbstractAutowireCapableBeanFactory.createBeanInstance(AbstractAutowireCapableBeanFactory.java:1177)
	at org.springframework.beans.factory.support.AbstractAutowireCapableBeanFactory.doCreateBean(AbstractAutowireCapableBeanFactory.java:557)
	at org.springframework.beans.factory.support.AbstractAutowireCapableBeanFactory.createBean(AbstractAutowireCapableBeanFactory.java:517)
	at org.springframework.beans.factory.support.AbstractBeanFactory.lambda$doGetBean$0(AbstractBeanFactory.java:323)
	at org.springframework.beans.factory.support.DefaultSingletonBeanRegistry.getSingleton(DefaultSingletonBeanRegistry.java:222)
	at org.springframework.beans.factory.support.AbstractBeanFactory.doGetBean(AbstractBeanFactory.java:321)
	at org.springframework.beans.factory.support.AbstractBeanFactory.getBean(AbstractBeanFactory.java:207)
	at org.springframework.boot.web.servlet.ServletContextInitializerBeans.getOrderedBeansOfType(ServletContextInitializerBeans.java:211)
	at org.springframework.boot.web.servlet.ServletContextInitializerBeans.getOrderedBeansOfType(ServletContextInitializerBeans.java:202)
	at org.springframework.boot.web.servlet.ServletContextInitializerBeans.addServletContextInitializerBeans(ServletContextInitializerBeans.java:96)
	at org.springframework.boot.web.servlet.ServletContextInitializerBeans.<init>(ServletContextInitializerBeans.java:85)
	at org.springframework.boot.web.servlet.context.ServletWebServerApplicationContext.getServletContextInitializerBeans(ServletWebServerApplicationContext.java:253)
	at org.springframework.boot.web.servlet.context.ServletWebServerApplicationContext.selfInitialize(ServletWebServerApplicationContext.java:227)
	at org.springframework.boot.web.embedded.tomcat.TomcatStarter.onStartup(TomcatStarter.java:53)
	at org.apache.catalina.core.StandardContext.startInternal(StandardContext.java:5135)
	at org.apache.catalina.util.LifecycleBase.start(LifecycleBase.java:183)
	at org.apache.catalina.core.ContainerBase$StartChild.call(ContainerBase.java:1384)
	at org.apache.catalina.core.ContainerBase$StartChild.call(ContainerBase.java:1374)
	at java.base/java.util.concurrent.FutureTask.run(FutureTask.java:317)
	at org.apache.tomcat.util.threads.InlineExecutorService.execute(InlineExecutorService.java:75)
	at java.base/java.util.concurrent.AbstractExecutorService.submit(AbstractExecutorService.java:145)
	at org.apache.catalina.core.ContainerBase.startInternal(ContainerBase.java:909)
	at org.apache.catalina.core.StandardHost.startInternal(StandardHost.java:841)
	at org.apache.catalina.util.LifecycleBase.start(LifecycleBase.java:183)
	at org.apache.catalina.core.ContainerBase$StartChild.call(ContainerBase.java:1384)
	at org.apache.catalina.core.ContainerBase$StartChild.call(ContainerBase.java:1374)
	at java.base/java.util.concurrent.FutureTask.run(FutureTask.java:317)
	at org.apache.tomcat.util.threads.InlineExecutorService.execute(InlineExecutorService.java:75)
	at java.base/java.util.concurrent.AbstractExecutorService.submit(AbstractExecutorService.java:145)
	at org.apache.catalina.core.ContainerBase.startInternal(ContainerBase.java:909)
	at org.apache.catalina.core.StandardEngine.startInternal(StandardEngine.java:262)
	at org.apache.catalina.util.LifecycleBase.start(LifecycleBase.java:183)
	at org.apache.catalina.core.StandardService.startInternal(StandardService.java:421)
	at org.apache.catalina.util.LifecycleBase.start(LifecycleBase.java:183)
	at org.apache.catalina.core.StandardServer.startInternal(StandardServer.java:930)
	at org.apache.catalina.util.LifecycleBase.start(LifecycleBase.java:183)
	at org.apache.catalina.startup.Tomcat.start(Tomcat.java:467)
	at org.springframework.boot.web.embedded.tomcat.TomcatWebServer.initialize(TomcatWebServer.java:107)
	... 19 common frames omitted
Caused by: org.springframework.beans.BeanInstantiationException: Failed to instantiate [org.springframework.boot.actuate.endpoint.web.ServletEndpointRegistrar]: Factory method 'servletEndpointRegistrar' threw exception; nested exception is org.springframework.beans.factory.UnsatisfiedDependencyException: Error creating bean with name 'healthEndpoint' defined in class path resource [org/springframework/boot/actuate/autoconfigure/health/HealthEndpointConfiguration.class]: Unsatisfied dependency expressed through method 'healthEndpoint' parameter 0; nested exception is org.springframework.beans.factory.BeanCreationException: Error creating bean with name 'healthContributorRegistry' defined in class path resource [org/springframework/boot/actuate/autoconfigure/health/HealthEndpointConfiguration.class]: Bean instantiation via factory method failed; nested exception is org.springframework.beans.BeanInstantiationException: Failed to instantiate [org.springframework.boot.actuate.health.HealthContributorRegistry]: Factory method 'healthContributorRegistry' threw exception; nested exception is org.springframework.beans.factory.UnsatisfiedDependencyException: Error creating bean with name 'org.springframework.boot.actuate.autoconfigure.redis.RedisReactiveHealthContributorAutoConfiguration': Unsatisfied dependency expressed through constructor parameter 0; nested exception is org.springframework.beans.factory.UnsatisfiedDependencyException: Error creating bean with name 'lettuceConnectionFactory' defined in class path resource [com/petrel/common/config/RedisSourceConfiguration.class]: Unsatisfied dependency expressed through method 'lettuceConnectionFactory' parameter 0; nested exception is org.springframework.beans.factory.UnsatisfiedDependencyException: Error creating bean with name 'genericObjectPoolConfig' defined in class path resource [com/petrel/common/config/RedisSourceConfiguration.class]: Unsatisfied dependency expressed through method 'genericObjectPoolConfig' parameter 0; nested exception is org.springframework.beans.factory.BeanCreationException: Error creating bean with name 'redisSourceProperties': Injection of autowired dependencies failed; nested exception is java.lang.IllegalArgumentException: Could not resolve placeholder 'redis.database' in value "${redis.database}"
	at org.springframework.beans.factory.support.SimpleInstantiationStrategy.instantiate(SimpleInstantiationStrategy.java:185)
	at org.springframework.beans.factory.support.ConstructorResolver.instantiate(ConstructorResolver.java:651)
	... 59 common frames omitted
Caused by: org.springframework.beans.factory.UnsatisfiedDependencyException: Error creating bean with name 'healthEndpoint' defined in class path resource [org/springframework/boot/actuate/autoconfigure/health/HealthEndpointConfiguration.class]: Unsatisfied dependency expressed through method 'healthEndpoint' parameter 0; nested exception is org.springframework.beans.factory.BeanCreationException: Error creating bean with name 'healthContributorRegistry' defined in class path resource [org/springframework/boot/actuate/autoconfigure/health/HealthEndpointConfiguration.class]: Bean instantiation via factory method failed; nested exception is org.springframework.beans.BeanInstantiationException: Failed to instantiate [org.springframework.boot.actuate.health.HealthContributorRegistry]: Factory method 'healthContributorRegistry' threw exception; nested exception is org.springframework.beans.factory.UnsatisfiedDependencyException: Error creating bean with name 'org.springframework.boot.actuate.autoconfigure.redis.RedisReactiveHealthContributorAutoConfiguration': Unsatisfied dependency expressed through constructor parameter 0; nested exception is org.springframework.beans.factory.UnsatisfiedDependencyException: Error creating bean with name 'lettuceConnectionFactory' defined in class path resource [com/petrel/common/config/RedisSourceConfiguration.class]: Unsatisfied dependency expressed through method 'lettuceConnectionFactory' parameter 0; nested exception is org.springframework.beans.factory.UnsatisfiedDependencyException: Error creating bean with name 'genericObjectPoolConfig' defined in class path resource [com/petrel/common/config/RedisSourceConfiguration.class]: Unsatisfied dependency expressed through method 'genericObjectPoolConfig' parameter 0; nested exception is org.springframework.beans.factory.BeanCreationException: Error creating bean with name 'redisSourceProperties': Injection of autowired dependencies failed; nested exception is java.lang.IllegalArgumentException: Could not resolve placeholder 'redis.database' in value "${redis.database}"
	at org.springframework.beans.factory.support.ConstructorResolver.createArgumentArray(ConstructorResolver.java:798)
	at org.springframework.beans.factory.support.ConstructorResolver.instantiateUsingFactoryMethod(ConstructorResolver.java:539)
	at org.springframework.beans.factory.support.AbstractAutowireCapableBeanFactory.instantiateUsingFactoryMethod(AbstractAutowireCapableBeanFactory.java:1338)
	at org.springframework.beans.factory.support.AbstractAutowireCapableBeanFactory.createBeanInstance(AbstractAutowireCapableBeanFactory.java:1177)
	at org.springframework.beans.factory.support.AbstractAutowireCapableBeanFactory.doCreateBean(AbstractAutowireCapableBeanFactory.java:557)
	at org.springframework.beans.factory.support.AbstractAutowireCapableBeanFactory.createBean(AbstractAutowireCapableBeanFactory.java:517)
	at org.springframework.beans.factory.support.AbstractBeanFactory.lambda$doGetBean$0(AbstractBeanFactory.java:323)
	at org.springframework.beans.factory.support.DefaultSingletonBeanRegistry.getSingleton(DefaultSingletonBeanRegistry.java:222)
	at org.springframework.beans.factory.support.AbstractBeanFactory.doGetBean(AbstractBeanFactory.java:321)
	at org.springframework.beans.factory.support.AbstractBeanFactory.getBean(AbstractBeanFactory.java:202)
	at org.springframework.context.support.AbstractApplicationContext.getBean(AbstractApplicationContext.java:1108)
	at org.springframework.boot.actuate.endpoint.annotation.EndpointDiscoverer.createEndpointBean(EndpointDiscoverer.java:143)
	at org.springframework.boot.actuate.endpoint.annotation.EndpointDiscoverer.createEndpointBeans(EndpointDiscoverer.java:133)
	at org.springframework.boot.actuate.endpoint.annotation.EndpointDiscoverer.discoverEndpoints(EndpointDiscoverer.java:122)
	at org.springframework.boot.actuate.endpoint.annotation.EndpointDiscoverer.getEndpoints(EndpointDiscoverer.java:116)
	at org.springframework.boot.actuate.autoconfigure.endpoint.web.ServletEndpointManagementContextConfiguration$WebMvcServletEndpointManagementContextConfiguration.servletEndpointRegistrar(ServletEndpointManagementContextConfiguration.java:65)
	at java.base/jdk.internal.reflect.DirectMethodHandleAccessor.invoke(DirectMethodHandleAccessor.java:103)
	at java.base/java.lang.reflect.Method.invoke(Method.java:580)
	at org.springframework.beans.factory.support.SimpleInstantiationStrategy.instantiate(SimpleInstantiationStrategy.java:154)
	... 60 common frames omitted
Caused by: org.springframework.beans.factory.BeanCreationException: Error creating bean with name 'healthContributorRegistry' defined in class path resource [org/springframework/boot/actuate/autoconfigure/health/HealthEndpointConfiguration.class]: Bean instantiation via factory method failed; nested exception is org.springframework.beans.BeanInstantiationException: Failed to instantiate [org.springframework.boot.actuate.health.HealthContributorRegistry]: Factory method 'healthContributorRegistry' threw exception; nested exception is org.springframework.beans.factory.UnsatisfiedDependencyException: Error creating bean with name 'org.springframework.boot.actuate.autoconfigure.redis.RedisReactiveHealthContributorAutoConfiguration': Unsatisfied dependency expressed through constructor parameter 0; nested exception is org.springframework.beans.factory.UnsatisfiedDependencyException: Error creating bean with name 'lettuceConnectionFactory' defined in class path resource [com/petrel/common/config/RedisSourceConfiguration.class]: Unsatisfied dependency expressed through method 'lettuceConnectionFactory' parameter 0; nested exception is org.springframework.beans.factory.UnsatisfiedDependencyException: Error creating bean with name 'genericObjectPoolConfig' defined in class path resource [com/petrel/common/config/RedisSourceConfiguration.class]: Unsatisfied dependency expressed through method 'genericObjectPoolConfig' parameter 0; nested exception is org.springframework.beans.factory.BeanCreationException: Error creating bean with name 'redisSourceProperties': Injection of autowired dependencies failed; nested exception is java.lang.IllegalArgumentException: Could not resolve placeholder 'redis.database' in value "${redis.database}"
	at org.springframework.beans.factory.support.ConstructorResolver.instantiate(ConstructorResolver.java:656)
	at org.springframework.beans.factory.support.ConstructorResolver.instantiateUsingFactoryMethod(ConstructorResolver.java:636)
	at org.springframework.beans.factory.support.AbstractAutowireCapableBeanFactory.instantiateUsingFactoryMethod(AbstractAutowireCapableBeanFactory.java:1338)
	at org.springframework.beans.factory.support.AbstractAutowireCapableBeanFactory.createBeanInstance(AbstractAutowireCapableBeanFactory.java:1177)
	at org.springframework.beans.factory.support.AbstractAutowireCapableBeanFactory.doCreateBean(AbstractAutowireCapableBeanFactory.java:557)
	at org.springframework.beans.factory.support.AbstractAutowireCapableBeanFactory.createBean(AbstractAutowireCapableBeanFactory.java:517)
	at org.springframework.beans.factory.support.AbstractBeanFactory.lambda$doGetBean$0(AbstractBeanFactory.java:323)
	at org.springframework.beans.factory.support.DefaultSingletonBeanRegistry.getSingleton(DefaultSingletonBeanRegistry.java:222)
	at org.springframework.beans.factory.support.AbstractBeanFactory.doGetBean(AbstractBeanFactory.java:321)
	at org.springframework.beans.factory.support.AbstractBeanFactory.getBean(AbstractBeanFactory.java:202)
	at org.springframework.beans.factory.config.DependencyDescriptor.resolveCandidate(DependencyDescriptor.java:276)
	at org.springframework.beans.factory.support.DefaultListableBeanFactory.doResolveDependency(DefaultListableBeanFactory.java:1287)
	at org.springframework.beans.factory.support.DefaultListableBeanFactory.resolveDependency(DefaultListableBeanFactory.java:1207)
	at org.springframework.beans.factory.support.ConstructorResolver.resolveAutowiredArgument(ConstructorResolver.java:885)
	at org.springframework.beans.factory.support.ConstructorResolver.createArgumentArray(ConstructorResolver.java:789)
	... 78 common frames omitted
Caused by: org.springframework.beans.BeanInstantiationException: Failed to instantiate [org.springframework.boot.actuate.health.HealthContributorRegistry]: Factory method 'healthContributorRegistry' threw exception; nested exception is org.springframework.beans.factory.UnsatisfiedDependencyException: Error creating bean with name 'org.springframework.boot.actuate.autoconfigure.redis.RedisReactiveHealthContributorAutoConfiguration': Unsatisfied dependency expressed through constructor parameter 0; nested exception is org.springframework.beans.factory.UnsatisfiedDependencyException: Error creating bean with name 'lettuceConnectionFactory' defined in class path resource [com/petrel/common/config/RedisSourceConfiguration.class]: Unsatisfied dependency expressed through method 'lettuceConnectionFactory' parameter 0; nested exception is org.springframework.beans.factory.UnsatisfiedDependencyException: Error creating bean with name 'genericObjectPoolConfig' defined in class path resource [com/petrel/common/config/RedisSourceConfiguration.class]: Unsatisfied dependency expressed through method 'genericObjectPoolConfig' parameter 0; nested exception is org.springframework.beans.factory.BeanCreationException: Error creating bean with name 'redisSourceProperties': Injection of autowired dependencies failed; nested exception is java.lang.IllegalArgumentException: Could not resolve placeholder 'redis.database' in value "${redis.database}"
	at org.springframework.beans.factory.support.SimpleInstantiationStrategy.instantiate(SimpleInstantiationStrategy.java:185)
	at org.springframework.beans.factory.support.ConstructorResolver.instantiate(ConstructorResolver.java:651)
	... 92 common frames omitted
Caused by: org.springframework.beans.factory.UnsatisfiedDependencyException: Error creating bean with name 'org.springframework.boot.actuate.autoconfigure.redis.RedisReactiveHealthContributorAutoConfiguration': Unsatisfied dependency expressed through constructor parameter 0; nested exception is org.springframework.beans.factory.UnsatisfiedDependencyException: Error creating bean with name 'lettuceConnectionFactory' defined in class path resource [com/petrel/common/config/RedisSourceConfiguration.class]: Unsatisfied dependency expressed through method 'lettuceConnectionFactory' parameter 0; nested exception is org.springframework.beans.factory.UnsatisfiedDependencyException: Error creating bean with name 'genericObjectPoolConfig' defined in class path resource [com/petrel/common/config/RedisSourceConfiguration.class]: Unsatisfied dependency expressed through method 'genericObjectPoolConfig' parameter 0; nested exception is org.springframework.beans.factory.BeanCreationException: Error creating bean with name 'redisSourceProperties': Injection of autowired dependencies failed; nested exception is java.lang.IllegalArgumentException: Could not resolve placeholder 'redis.database' in value "${redis.database}"
	at org.springframework.beans.factory.support.ConstructorResolver.createArgumentArray(ConstructorResolver.java:798)
	at org.springframework.beans.factory.support.ConstructorResolver.autowireConstructor(ConstructorResolver.java:228)
	at org.springframework.beans.factory.support.AbstractAutowireCapableBeanFactory.autowireConstructor(AbstractAutowireCapableBeanFactory.java:1358)
	at org.springframework.beans.factory.support.AbstractAutowireCapableBeanFactory.createBeanInstance(AbstractAutowireCapableBeanFactory.java:1204)
	at org.springframework.beans.factory.support.AbstractAutowireCapableBeanFactory.doCreateBean(AbstractAutowireCapableBeanFactory.java:557)
	at org.springframework.beans.factory.support.AbstractAutowireCapableBeanFactory.createBean(AbstractAutowireCapableBeanFactory.java:517)
	at org.springframework.beans.factory.support.AbstractBeanFactory.lambda$doGetBean$0(AbstractBeanFactory.java:323)
	at org.springframework.beans.factory.support.DefaultSingletonBeanRegistry.getSingleton(DefaultSingletonBeanRegistry.java:222)
	at org.springframework.beans.factory.support.AbstractBeanFactory.doGetBean(AbstractBeanFactory.java:321)
	at org.springframework.beans.factory.support.AbstractBeanFactory.getBean(AbstractBeanFactory.java:202)
	at org.springframework.beans.factory.support.ConstructorResolver.instantiateUsingFactoryMethod(ConstructorResolver.java:409)
	at org.springframework.beans.factory.support.AbstractAutowireCapableBeanFactory.instantiateUsingFactoryMethod(AbstractAutowireCapableBeanFactory.java:1338)
	at org.springframework.beans.factory.support.AbstractAutowireCapableBeanFactory.createBeanInstance(AbstractAutowireCapableBeanFactory.java:1177)
	at org.springframework.beans.factory.support.AbstractAutowireCapableBeanFactory.doCreateBean(AbstractAutowireCapableBeanFactory.java:557)
	at org.springframework.beans.factory.support.AbstractAutowireCapableBeanFactory.createBean(AbstractAutowireCapableBeanFactory.java:517)
	at org.springframework.beans.factory.support.AbstractBeanFactory.lambda$doGetBean$0(AbstractBeanFactory.java:323)
	at org.springframework.beans.factory.support.DefaultSingletonBeanRegistry.getSingleton(DefaultSingletonBeanRegistry.java:222)
	at org.springframework.beans.factory.support.AbstractBeanFactory.doGetBean(AbstractBeanFactory.java:321)
	at org.springframework.beans.factory.support.AbstractBeanFactory.getBean(AbstractBeanFactory.java:202)
	at org.springframework.beans.factory.support.DefaultListableBeanFactory.getBeansOfType(DefaultListableBeanFactory.java:617)
	at org.springframework.beans.factory.support.DefaultListableBeanFactory.getBeansOfType(DefaultListableBeanFactory.java:605)
	at org.springframework.context.support.AbstractApplicationContext.getBeansOfType(AbstractApplicationContext.java:1242)
	at org.springframework.boot.actuate.autoconfigure.health.HealthEndpointConfiguration$AdaptedReactiveHealthContributors.<init>(HealthEndpointConfiguration.java:101)
	at org.springframework.boot.actuate.autoconfigure.health.HealthEndpointConfiguration.healthContributorRegistry(HealthEndpointConfiguration.java:80)
	at java.base/jdk.internal.reflect.DirectMethodHandleAccessor.invoke(DirectMethodHandleAccessor.java:103)
	at java.base/java.lang.reflect.Method.invoke(Method.java:580)
	at org.springframework.beans.factory.support.SimpleInstantiationStrategy.instantiate(SimpleInstantiationStrategy.java:154)
	... 93 common frames omitted
Caused by: org.springframework.beans.factory.UnsatisfiedDependencyException: Error creating bean with name 'lettuceConnectionFactory' defined in class path resource [com/petrel/common/config/RedisSourceConfiguration.class]: Unsatisfied dependency expressed through method 'lettuceConnectionFactory' parameter 0; nested exception is org.springframework.beans.factory.UnsatisfiedDependencyException: Error creating bean with name 'genericObjectPoolConfig' defined in class path resource [com/petrel/common/config/RedisSourceConfiguration.class]: Unsatisfied dependency expressed through method 'genericObjectPoolConfig' parameter 0; nested exception is org.springframework.beans.factory.BeanCreationException: Error creating bean with name 'redisSourceProperties': Injection of autowired dependencies failed; nested exception is java.lang.IllegalArgumentException: Could not resolve placeholder 'redis.database' in value "${redis.database}"
	at org.springframework.beans.factory.support.ConstructorResolver.createArgumentArray(ConstructorResolver.java:798)
	at org.springframework.beans.factory.support.ConstructorResolver.instantiateUsingFactoryMethod(ConstructorResolver.java:539)
	at org.springframework.beans.factory.support.AbstractAutowireCapableBeanFactory.instantiateUsingFactoryMethod(AbstractAutowireCapableBeanFactory.java:1338)
	at org.springframework.beans.factory.support.AbstractAutowireCapableBeanFactory.createBeanInstance(AbstractAutowireCapableBeanFactory.java:1177)
	at org.springframework.beans.factory.support.AbstractAutowireCapableBeanFactory.doCreateBean(AbstractAutowireCapableBeanFactory.java:557)
	at org.springframework.beans.factory.support.AbstractAutowireCapableBeanFactory.createBean(AbstractAutowireCapableBeanFactory.java:517)
	at org.springframework.beans.factory.support.AbstractBeanFactory.lambda$doGetBean$0(AbstractBeanFactory.java:323)
	at org.springframework.beans.factory.support.DefaultSingletonBeanRegistry.getSingleton(DefaultSingletonBeanRegistry.java:222)
	at org.springframework.beans.factory.support.AbstractBeanFactory.doGetBean(AbstractBeanFactory.java:321)
	at org.springframework.beans.factory.support.AbstractBeanFactory.getBean(AbstractBeanFactory.java:202)
	at org.springframework.beans.factory.config.DependencyDescriptor.resolveCandidate(DependencyDescriptor.java:276)
	at org.springframework.beans.factory.support.DefaultListableBeanFactory.addCandidateEntry(DefaultListableBeanFactory.java:1503)
	at org.springframework.beans.factory.support.DefaultListableBeanFactory.findAutowireCandidates(DefaultListableBeanFactory.java:1467)
	at org.springframework.beans.factory.support.DefaultListableBeanFactory.resolveMultipleBeans(DefaultListableBeanFactory.java:1386)
	at org.springframework.beans.factory.support.DefaultListableBeanFactory.doResolveDependency(DefaultListableBeanFactory.java:1245)
	at org.springframework.beans.factory.support.DefaultListableBeanFactory.resolveDependency(DefaultListableBeanFactory.java:1207)
	at org.springframework.beans.factory.support.ConstructorResolver.resolveAutowiredArgument(ConstructorResolver.java:885)
	at org.springframework.beans.factory.support.ConstructorResolver.createArgumentArray(ConstructorResolver.java:789)
	... 119 common frames omitted
Caused by: org.springframework.beans.factory.UnsatisfiedDependencyException: Error creating bean with name 'genericObjectPoolConfig' defined in class path resource [com/petrel/common/config/RedisSourceConfiguration.class]: Unsatisfied dependency expressed through method 'genericObjectPoolConfig' parameter 0; nested exception is org.springframework.beans.factory.BeanCreationException: Error creating bean with name 'redisSourceProperties': Injection of autowired dependencies failed; nested exception is java.lang.IllegalArgumentException: Could not resolve placeholder 'redis.database' in value "${redis.database}"
	at org.springframework.beans.factory.support.ConstructorResolver.createArgumentArray(ConstructorResolver.java:798)
	at org.springframework.beans.factory.support.ConstructorResolver.instantiateUsingFactoryMethod(ConstructorResolver.java:539)
	at org.springframework.beans.factory.support.AbstractAutowireCapableBeanFactory.instantiateUsingFactoryMethod(AbstractAutowireCapableBeanFactory.java:1338)
	at org.springframework.beans.factory.support.AbstractAutowireCapableBeanFactory.createBeanInstance(AbstractAutowireCapableBeanFactory.java:1177)
	at org.springframework.beans.factory.support.AbstractAutowireCapableBeanFactory.doCreateBean(AbstractAutowireCapableBeanFactory.java:557)
	at org.springframework.beans.factory.support.AbstractAutowireCapableBeanFactory.createBean(AbstractAutowireCapableBeanFactory.java:517)
	at org.springframework.beans.factory.support.AbstractBeanFactory.lambda$doGetBean$0(AbstractBeanFactory.java:323)
	at org.springframework.beans.factory.support.DefaultSingletonBeanRegistry.getSingleton(DefaultSingletonBeanRegistry.java:222)
	at org.springframework.beans.factory.support.AbstractBeanFactory.doGetBean(AbstractBeanFactory.java:321)
	at org.springframework.beans.factory.support.AbstractBeanFactory.getBean(AbstractBeanFactory.java:202)
	at org.springframework.beans.factory.config.DependencyDescriptor.resolveCandidate(DependencyDescriptor.java:276)
	at org.springframework.beans.factory.support.DefaultListableBeanFactory.doResolveDependency(DefaultListableBeanFactory.java:1287)
	at org.springframework.beans.factory.support.DefaultListableBeanFactory.resolveDependency(DefaultListableBeanFactory.java:1207)
	at org.springframework.beans.factory.support.ConstructorResolver.resolveAutowiredArgument(ConstructorResolver.java:885)
	at org.springframework.beans.factory.support.ConstructorResolver.createArgumentArray(ConstructorResolver.java:789)
	... 136 common frames omitted
Caused by: org.springframework.beans.factory.BeanCreationException: Error creating bean with name 'redisSourceProperties': Injection of autowired dependencies failed; nested exception is java.lang.IllegalArgumentException: Could not resolve placeholder 'redis.database' in value "${redis.database}"
	at org.springframework.beans.factory.annotation.AutowiredAnnotationBeanPostProcessor.postProcessProperties(AutowiredAnnotationBeanPostProcessor.java:405)
	at org.springframework.beans.factory.support.AbstractAutowireCapableBeanFactory.populateBean(AbstractAutowireCapableBeanFactory.java:1422)
	at org.springframework.beans.factory.support.AbstractAutowireCapableBeanFactory.doCreateBean(AbstractAutowireCapableBeanFactory.java:594)
	at org.springframework.beans.factory.support.AbstractAutowireCapableBeanFactory.createBean(AbstractAutowireCapableBeanFactory.java:517)
	at org.springframework.beans.factory.support.AbstractBeanFactory.lambda$doGetBean$0(AbstractBeanFactory.java:323)
	at org.springframework.beans.factory.support.DefaultSingletonBeanRegistry.getSingleton(DefaultSingletonBeanRegistry.java:222)
	at org.springframework.beans.factory.support.AbstractBeanFactory.doGetBean(AbstractBeanFactory.java:321)
	at org.springframework.beans.factory.support.AbstractBeanFactory.getBean(AbstractBeanFactory.java:202)
	at org.springframework.beans.factory.config.DependencyDescriptor.resolveCandidate(DependencyDescriptor.java:276)
	at org.springframework.beans.factory.support.DefaultListableBeanFactory.doResolveDependency(DefaultListableBeanFactory.java:1287)
	at org.springframework.beans.factory.support.DefaultListableBeanFactory.resolveDependency(DefaultListableBeanFactory.java:1207)
	at org.springframework.beans.factory.support.ConstructorResolver.resolveAutowiredArgument(ConstructorResolver.java:885)
	at org.springframework.beans.factory.support.ConstructorResolver.createArgumentArray(ConstructorResolver.java:789)
	... 150 common frames omitted
Caused by: java.lang.IllegalArgumentException: Could not resolve placeholder 'redis.database' in value "${redis.database}"
	at org.springframework.util.PropertyPlaceholderHelper.parseStringValue(PropertyPlaceholderHelper.java:178)
	at org.springframework.util.PropertyPlaceholderHelper.replacePlaceholders(PropertyPlaceholderHelper.java:124)
	at org.springframework.core.env.AbstractPropertyResolver.doResolvePlaceholders(AbstractPropertyResolver.java:236)
	at org.springframework.core.env.AbstractPropertyResolver.resolveRequiredPlaceholders(AbstractPropertyResolver.java:210)
	at org.springframework.context.support.PropertySourcesPlaceholderConfigurer.lambda$processProperties$0(PropertySourcesPlaceholderConfigurer.java:175)
	at org.springframework.beans.factory.support.AbstractBeanFactory.resolveEmbeddedValue(AbstractBeanFactory.java:909)
	at org.springframework.beans.factory.support.DefaultListableBeanFactory.doResolveDependency(DefaultListableBeanFactory.java:1228)
	at org.springframework.beans.factory.support.DefaultListableBeanFactory.resolveDependency(DefaultListableBeanFactory.java:1207)
	at org.springframework.beans.factory.annotation.AutowiredAnnotationBeanPostProcessor$AutowiredFieldElement.inject(AutowiredAnnotationBeanPostProcessor.java:640)
	at org.springframework.beans.factory.annotation.InjectionMetadata.inject(InjectionMetadata.java:130)
	at org.springframework.beans.factory.annotation.AutowiredAnnotationBeanPostProcessor.postProcessProperties(AutowiredAnnotationBeanPostProcessor.java:399)
	... 162 common frames omitted
11-06 08:36:35.962 WARN  [background-preinit] [o.s.h.converter.json.Jackson2ObjectMapperBuilder] : For Jackson Kotlin classes support please add "com.fasterxml.jackson.module:jackson-module-kotlin" to the classpath
11-06 08:36:36.428 INFO  [main] [com.petrel.register.RegisterApplication] : The following profiles are active: prod
11-06 08:36:37.485 WARN  [main] [o.springframework.boot.actuate.endpoint.EndpointId] : Endpoint ID 'nacos-discovery' contains invalid characters, please migrate to a valid format.
11-06 08:36:37.740 INFO  [main] [o.s.d.r.config.RepositoryConfigurationDelegate] : Multiple Spring Data modules found, entering strict repository configuration mode!
11-06 08:36:37.743 INFO  [main] [o.s.d.r.config.RepositoryConfigurationDelegate] : Bootstrapping Spring Data Redis repositories in DEFAULT mode.
11-06 08:36:37.782 INFO  [main] [o.s.d.r.config.RepositoryConfigurationDelegate] : Finished Spring Data repository scanning in 20ms. Found 0 Redis repository interfaces.
11-06 08:36:37.883 WARN  [main] [o.springframework.boot.actuate.endpoint.EndpointId] : Endpoint ID 'service-registry' contains invalid characters, please migrate to a valid format.
11-06 08:36:38.192 INFO  [main] [o.springframework.cloud.context.scope.GenericScope] : BeanFactory id=473c1133-6b25-3a14-94b9-130e04f36133
11-06 08:36:38.792 INFO  [main] [o.s.c.s.PostProcessorRegistrationDelegate$BeanPostProcessorChecker] : Bean 'spring.datasource.dynamic-com.baomidou.dynamic.datasource.spring.boot.autoconfigure.DynamicDataSourceProperties' of type [com.baomidou.dynamic.datasource.spring.boot.autoconfigure.DynamicDataSourceProperties] is not eligible for getting processed by all BeanPostProcessors (for example: not eligible for auto-proxying)
11-06 08:36:38.805 INFO  [main] [o.s.c.s.PostProcessorRegistrationDelegate$BeanPostProcessorChecker] : Bean 'com.baomidou.dynamic.datasource.spring.boot.autoconfigure.DynamicDataSourceAutoConfiguration' of type [com.baomidou.dynamic.datasource.spring.boot.autoconfigure.DynamicDataSourceAutoConfiguration$$EnhancerBySpringCGLIB$$f0982ec3] is not eligible for getting processed by all BeanPostProcessors (for example: not eligible for auto-proxying)
11-06 08:36:38.827 INFO  [main] [o.s.c.s.PostProcessorRegistrationDelegate$BeanPostProcessorChecker] : Bean 'dsProcessor' of type [com.baomidou.dynamic.datasource.processor.DsHeaderProcessor] is not eligible for getting processed by all BeanPostProcessors (for example: not eligible for auto-proxying)
11-06 08:36:39.304 INFO  [main] [o.s.boot.web.embedded.tomcat.TomcatWebServer] : Tomcat initialized with port(s): 8080 (http)
11-06 08:36:39.318 INFO  [main] [org.apache.catalina.core.StandardService] : Starting service [Tomcat]
11-06 08:36:39.320 INFO  [main] [org.apache.catalina.core.StandardEngine] : Starting Servlet engine: [Apache Tomcat/9.0.31]
11-06 08:36:39.387 INFO  [main] [o.a.c.core.ContainerBase.[Tomcat].[localhost].[/]] : Initializing Spring embedded WebApplicationContext
11-06 08:36:39.388 INFO  [main] [org.springframework.web.context.ContextLoader] : Root WebApplicationContext: initialization completed in 2906 ms
11-06 08:36:39.846 INFO  [main] [c.a.d.s.b.a.DruidDataSourceAutoConfigure] : Init DruidDataSource
11-06 08:36:40.160 INFO  [main] [com.alibaba.druid.pool.DruidDataSource] : {dataSource-1} inited
11-06 08:36:40.308 ERROR [main] [o.s.boot.web.embedded.tomcat.TomcatStarter] : Error starting Tomcat context. Exception: org.springframework.beans.factory.BeanCreationException. Message: Error creating bean with name 'servletEndpointRegistrar' defined in class path resource [org/springframework/boot/actuate/autoconfigure/endpoint/web/ServletEndpointManagementContextConfiguration$WebMvcServletEndpointManagementContextConfiguration.class]: Bean instantiation via factory method failed; nested exception is org.springframework.beans.BeanInstantiationException: Failed to instantiate [org.springframework.boot.actuate.endpoint.web.ServletEndpointRegistrar]: Factory method 'servletEndpointRegistrar' threw exception; nested exception is org.springframework.beans.factory.UnsatisfiedDependencyException: Error creating bean with name 'healthEndpoint' defined in class path resource [org/springframework/boot/actuate/autoconfigure/health/HealthEndpointConfiguration.class]: Unsatisfied dependency expressed through method 'healthEndpoint' parameter 0; nested exception is org.springframework.beans.factory.BeanCreationException: Error creating bean with name 'healthContributorRegistry' defined in class path resource [org/springframework/boot/actuate/autoconfigure/health/HealthEndpointConfiguration.class]: Bean instantiation via factory method failed; nested exception is org.springframework.beans.BeanInstantiationException: Failed to instantiate [org.springframework.boot.actuate.health.HealthContributorRegistry]: Factory method 'healthContributorRegistry' threw exception; nested exception is org.springframework.beans.factory.UnsatisfiedDependencyException: Error creating bean with name 'org.springframework.boot.actuate.autoconfigure.redis.RedisReactiveHealthContributorAutoConfiguration': Unsatisfied dependency expressed through constructor parameter 0; nested exception is org.springframework.beans.factory.UnsatisfiedDependencyException: Error creating bean with name 'lettuceConnectionFactory' defined in class path resource [com/petrel/common/config/RedisSourceConfiguration.class]: Unsatisfied dependency expressed through method 'lettuceConnectionFactory' parameter 0; nested exception is org.springframework.beans.factory.UnsatisfiedDependencyException: Error creating bean with name 'genericObjectPoolConfig' defined in class path resource [com/petrel/common/config/RedisSourceConfiguration.class]: Unsatisfied dependency expressed through method 'genericObjectPoolConfig' parameter 0; nested exception is org.springframework.beans.factory.BeanCreationException: Error creating bean with name 'redisSourceProperties': Injection of autowired dependencies failed; nested exception is java.lang.IllegalArgumentException: Could not resolve placeholder 'redis.database' in value "${redis.database}"
11-06 08:36:40.336 INFO  [main] [org.apache.catalina.core.StandardService] : Stopping service [Tomcat]
11-06 08:36:40.348 WARN  [main] [org.apache.catalina.loader.WebappClassLoaderBase] : The web application [ROOT] appears to have started a thread named [spring.cloud.inetutils] but has failed to stop it. This is very likely to create a memory leak. Stack trace of thread:
 java.base/jdk.internal.misc.Unsafe.park(Native Method)
 java.base/java.util.concurrent.locks.LockSupport.park(LockSupport.java:371)
 java.base/java.util.concurrent.locks.AbstractQueuedSynchronizer$ConditionNode.block(AbstractQueuedSynchronizer.java:519)
 java.base/java.util.concurrent.ForkJoinPool.unmanagedBlock(ForkJoinPool.java:3780)
 java.base/java.util.concurrent.ForkJoinPool.managedBlock(ForkJoinPool.java:3725)
 java.base/java.util.concurrent.locks.AbstractQueuedSynchronizer$ConditionObject.await(AbstractQueuedSynchronizer.java:1712)
 java.base/java.util.concurrent.LinkedBlockingQueue.take(LinkedBlockingQueue.java:435)
 java.base/java.util.concurrent.ThreadPoolExecutor.getTask(ThreadPoolExecutor.java:1070)
 java.base/java.util.concurrent.ThreadPoolExecutor.runWorker(ThreadPoolExecutor.java:1130)
 java.base/java.util.concurrent.ThreadPoolExecutor$Worker.run(ThreadPoolExecutor.java:642)
 java.base/java.lang.Thread.run(Thread.java:1583)
11-06 08:36:40.349 WARN  [main] [org.apache.catalina.loader.WebappClassLoaderBase] : The web application [ROOT] appears to have started a thread named [logback-1] but has failed to stop it. This is very likely to create a memory leak. Stack trace of thread:
 java.base/jdk.internal.misc.Unsafe.park(Native Method)
 java.base/java.util.concurrent.locks.LockSupport.parkNanos(LockSupport.java:269)
 java.base/java.util.concurrent.locks.AbstractQueuedSynchronizer$ConditionObject.awaitNanos(AbstractQueuedSynchronizer.java:1763)
 java.base/java.util.concurrent.ScheduledThreadPoolExecutor$DelayedWorkQueue.take(ScheduledThreadPoolExecutor.java:1182)
 java.base/java.util.concurrent.ScheduledThreadPoolExecutor$DelayedWorkQueue.take(ScheduledThreadPoolExecutor.java:899)
 java.base/java.util.concurrent.ThreadPoolExecutor.getTask(ThreadPoolExecutor.java:1070)
 java.base/java.util.concurrent.ThreadPoolExecutor.runWorker(ThreadPoolExecutor.java:1130)
 java.base/java.util.concurrent.ThreadPoolExecutor$Worker.run(ThreadPoolExecutor.java:642)
 java.base/java.lang.Thread.run(Thread.java:1583)
11-06 08:36:40.349 WARN  [main] [org.apache.catalina.loader.WebappClassLoaderBase] : The web application [ROOT] appears to have started a thread named [com.alibaba.nacos.naming.client.listener] but has failed to stop it. This is very likely to create a memory leak. Stack trace of thread:
 java.base/jdk.internal.misc.Unsafe.park(Native Method)
 java.base/java.util.concurrent.locks.LockSupport.parkNanos(LockSupport.java:269)
 java.base/java.util.concurrent.locks.AbstractQueuedSynchronizer$ConditionObject.awaitNanos(AbstractQueuedSynchronizer.java:1763)
 java.base/java.util.concurrent.LinkedBlockingQueue.poll(LinkedBlockingQueue.java:460)
 com.alibaba.nacos.client.naming.core.EventDispatcher$Notifier.run(EventDispatcher.java:118)
 java.base/java.util.concurrent.ThreadPoolExecutor.runWorker(ThreadPoolExecutor.java:1144)
 java.base/java.util.concurrent.ThreadPoolExecutor$Worker.run(ThreadPoolExecutor.java:642)
 java.base/java.lang.Thread.run(Thread.java:1583)
11-06 08:36:40.349 WARN  [main] [org.apache.catalina.loader.WebappClassLoaderBase] : The web application [ROOT] appears to have started a thread named [com.alibaba.nacos.client.naming.updater] but has failed to stop it. This is very likely to create a memory leak. Stack trace of thread:
 java.base/jdk.internal.misc.Unsafe.park(Native Method)
 java.base/java.util.concurrent.locks.LockSupport.parkNanos(LockSupport.java:269)
 java.base/java.util.concurrent.locks.AbstractQueuedSynchronizer$ConditionObject.awaitNanos(AbstractQueuedSynchronizer.java:1763)
 java.base/java.util.concurrent.ScheduledThreadPoolExecutor$DelayedWorkQueue.take(ScheduledThreadPoolExecutor.java:1182)
 java.base/java.util.concurrent.ScheduledThreadPoolExecutor$DelayedWorkQueue.take(ScheduledThreadPoolExecutor.java:899)
 java.base/java.util.concurrent.ThreadPoolExecutor.getTask(ThreadPoolExecutor.java:1070)
 java.base/java.util.concurrent.ThreadPoolExecutor.runWorker(ThreadPoolExecutor.java:1130)
 java.base/java.util.concurrent.ThreadPoolExecutor$Worker.run(ThreadPoolExecutor.java:642)
 java.base/java.lang.Thread.run(Thread.java:1583)
11-06 08:36:40.349 WARN  [main] [org.apache.catalina.loader.WebappClassLoaderBase] : The web application [ROOT] appears to have started a thread named [com.alibaba.nacos.client.naming.updater] but has failed to stop it. This is very likely to create a memory leak. Stack trace of thread:
 java.base/jdk.internal.misc.Unsafe.park(Native Method)
 java.base/java.util.concurrent.locks.LockSupport.park(LockSupport.java:371)
 java.base/java.util.concurrent.locks.AbstractQueuedSynchronizer$ConditionNode.block(AbstractQueuedSynchronizer.java:519)
 java.base/java.util.concurrent.ForkJoinPool.unmanagedBlock(ForkJoinPool.java:3780)
 java.base/java.util.concurrent.ForkJoinPool.managedBlock(ForkJoinPool.java:3725)
 java.base/java.util.concurrent.locks.AbstractQueuedSynchronizer$ConditionObject.await(AbstractQueuedSynchronizer.java:1712)
 java.base/java.util.concurrent.ScheduledThreadPoolExecutor$DelayedWorkQueue.take(ScheduledThreadPoolExecutor.java:1177)
 java.base/java.util.concurrent.ScheduledThreadPoolExecutor$DelayedWorkQueue.take(ScheduledThreadPoolExecutor.java:899)
 java.base/java.util.concurrent.ThreadPoolExecutor.getTask(ThreadPoolExecutor.java:1070)
 java.base/java.util.concurrent.ThreadPoolExecutor.runWorker(ThreadPoolExecutor.java:1130)
 java.base/java.util.concurrent.ThreadPoolExecutor$Worker.run(ThreadPoolExecutor.java:642)
 java.base/java.lang.Thread.run(Thread.java:1583)
11-06 08:36:40.350 WARN  [main] [org.apache.catalina.loader.WebappClassLoaderBase] : The web application [ROOT] appears to have started a thread named [com.alibaba.nacos.naming.failover] but has failed to stop it. This is very likely to create a memory leak. Stack trace of thread:
 java.base/jdk.internal.misc.Unsafe.park(Native Method)
 java.base/java.util.concurrent.locks.LockSupport.parkNanos(LockSupport.java:269)
 java.base/java.util.concurrent.locks.AbstractQueuedSynchronizer$ConditionObject.awaitNanos(AbstractQueuedSynchronizer.java:1763)
 java.base/java.util.concurrent.ScheduledThreadPoolExecutor$DelayedWorkQueue.take(ScheduledThreadPoolExecutor.java:1182)
 java.base/java.util.concurrent.ScheduledThreadPoolExecutor$DelayedWorkQueue.take(ScheduledThreadPoolExecutor.java:899)
 java.base/java.util.concurrent.ThreadPoolExecutor.getTask(ThreadPoolExecutor.java:1070)
 java.base/java.util.concurrent.ThreadPoolExecutor.runWorker(ThreadPoolExecutor.java:1130)
 java.base/java.util.concurrent.ThreadPoolExecutor$Worker.run(ThreadPoolExecutor.java:642)
 java.base/java.lang.Thread.run(Thread.java:1583)
11-06 08:36:40.350 WARN  [main] [org.apache.catalina.loader.WebappClassLoaderBase] : The web application [ROOT] appears to have started a thread named [com.alibaba.nacos.naming.push.receiver] but has failed to stop it. This is very likely to create a memory leak. Stack trace of thread:
 java.base/sun.nio.ch.DatagramChannelImpl.receive0(Native Method)
 java.base/sun.nio.ch.DatagramChannelImpl.receiveIntoNativeBuffer(DatagramChannelImpl.java:814)
 java.base/sun.nio.ch.DatagramChannelImpl.receive(DatagramChannelImpl.java:790)
 java.base/sun.nio.ch.DatagramChannelImpl.tryBlockingReceive(DatagramChannelImpl.java:751)
 java.base/sun.nio.ch.DatagramChannelImpl.blockingReceive(DatagramChannelImpl.java:692)
 java.base/sun.nio.ch.DatagramSocketAdaptor.receive(DatagramSocketAdaptor.java:204)
 java.base/java.net.DatagramSocket.receive(DatagramSocket.java:714)
 com.alibaba.nacos.client.naming.core.PushReceiver.run(PushReceiver.java:73)
 java.base/java.util.concurrent.Executors$RunnableAdapter.call(Executors.java:572)
 java.base/java.util.concurrent.FutureTask.run(FutureTask.java:317)
 java.base/java.util.concurrent.ScheduledThreadPoolExecutor$ScheduledFutureTask.run(ScheduledThreadPoolExecutor.java:304)
 java.base/java.util.concurrent.ThreadPoolExecutor.runWorker(ThreadPoolExecutor.java:1144)
 java.base/java.util.concurrent.ThreadPoolExecutor$Worker.run(ThreadPoolExecutor.java:642)
 java.base/java.lang.Thread.run(Thread.java:1583)
11-06 08:36:40.350 WARN  [main] [org.apache.catalina.loader.WebappClassLoaderBase] : The web application [ROOT] appears to have started a thread named [Druid-ConnectionPool-Create-465233746] but has failed to stop it. This is very likely to create a memory leak. Stack trace of thread:
 java.base/jdk.internal.misc.Unsafe.park(Native Method)
 java.base/java.util.concurrent.locks.LockSupport.park(LockSupport.java:371)
 java.base/java.util.concurrent.locks.AbstractQueuedSynchronizer$ConditionNode.block(AbstractQueuedSynchronizer.java:519)
 java.base/java.util.concurrent.ForkJoinPool.unmanagedBlock(ForkJoinPool.java:3780)
 java.base/java.util.concurrent.ForkJoinPool.managedBlock(ForkJoinPool.java:3725)
 java.base/java.util.concurrent.locks.AbstractQueuedSynchronizer$ConditionObject.await(AbstractQueuedSynchronizer.java:1712)
 com.alibaba.druid.pool.DruidDataSource$CreateConnectionThread.run(DruidDataSource.java:2754)
11-06 08:36:40.351 WARN  [main] [org.apache.catalina.loader.WebappClassLoaderBase] : The web application [ROOT] appears to have started a thread named [Druid-ConnectionPool-Destroy-465233746] but has failed to stop it. This is very likely to create a memory leak. Stack trace of thread:
 java.base/java.lang.Thread.sleep0(Native Method)
 java.base/java.lang.Thread.sleep(Thread.java:509)
 com.alibaba.druid.pool.DruidDataSource$DestroyConnectionThread.run(DruidDataSource.java:2850)
11-06 08:36:40.353 WARN  [main] [o.s.b.w.s.c.AnnotationConfigServletWebServerApplicationContext] : Exception encountered during context initialization - cancelling refresh attempt: org.springframework.context.ApplicationContextException: Unable to start web server; nested exception is org.springframework.boot.web.server.WebServerException: Unable to start embedded Tomcat
11-06 08:36:40.355 INFO  [main] [com.alibaba.druid.pool.DruidDataSource] : {dataSource-1} closing ...
11-06 08:36:40.356 INFO  [main] [com.alibaba.druid.pool.DruidDataSource] : {dataSource-1} closed
11-06 08:36:40.358 INFO  [main] [c.a.n.s.c.a.c.NacosValueAnnotationBeanPostProcessor] : class com.alibaba.nacos.spring.context.annotation.config.NacosValueAnnotationBeanPostProcessor was destroying!
11-06 08:36:40.359 INFO  [main] [c.a.n.s.b.f.a.AnnotationNacosInjectedBeanPostProcessor] : class com.alibaba.nacos.spring.beans.factory.annotation.AnnotationNacosInjectedBeanPostProcessor was destroying!
11-06 08:36:40.375 INFO  [main] [o.s.b.a.l.ConditionEvaluationReportLoggingListener] : 

Error starting ApplicationContext. To display the conditions report re-run your application with 'debug' enabled.
11-06 08:36:40.383 ERROR [main] [org.springframework.boot.SpringApplication] : Application run failed
org.springframework.context.ApplicationContextException: Unable to start web server; nested exception is org.springframework.boot.web.server.WebServerException: Unable to start embedded Tomcat
	at org.springframework.boot.web.servlet.context.ServletWebServerApplicationContext.onRefresh(ServletWebServerApplicationContext.java:156)
	at org.springframework.context.support.AbstractApplicationContext.refresh(AbstractApplicationContext.java:544)
	at org.springframework.boot.web.servlet.context.ServletWebServerApplicationContext.refresh(ServletWebServerApplicationContext.java:141)
	at org.springframework.boot.SpringApplication.refresh(SpringApplication.java:747)
	at org.springframework.boot.SpringApplication.refreshContext(SpringApplication.java:397)
	at org.springframework.boot.SpringApplication.run(SpringApplication.java:315)
	at org.springframework.boot.SpringApplication.run(SpringApplication.java:1226)
	at org.springframework.boot.SpringApplication.run(SpringApplication.java:1215)
	at com.petrel.register.RegisterApplication.main(RegisterApplication.java:19)
	at java.base/jdk.internal.reflect.DirectMethodHandleAccessor.invoke(DirectMethodHandleAccessor.java:103)
	at java.base/java.lang.reflect.Method.invoke(Method.java:580)
	at org.springframework.boot.loader.MainMethodRunner.run(MainMethodRunner.java:48)
	at org.springframework.boot.loader.Launcher.launch(Launcher.java:87)
	at org.springframework.boot.loader.Launcher.launch(Launcher.java:51)
	at org.springframework.boot.loader.PropertiesLauncher.main(PropertiesLauncher.java:597)
Caused by: org.springframework.boot.web.server.WebServerException: Unable to start embedded Tomcat
	at org.springframework.boot.web.embedded.tomcat.TomcatWebServer.initialize(TomcatWebServer.java:126)
	at org.springframework.boot.web.embedded.tomcat.TomcatWebServer.<init>(TomcatWebServer.java:88)
	at org.springframework.boot.web.embedded.tomcat.TomcatServletWebServerFactory.getTomcatWebServer(TomcatServletWebServerFactory.java:438)
	at org.springframework.boot.web.embedded.tomcat.TomcatServletWebServerFactory.getWebServer(TomcatServletWebServerFactory.java:191)
	at org.springframework.boot.web.servlet.context.ServletWebServerApplicationContext.createWebServer(ServletWebServerApplicationContext.java:180)
	at org.springframework.boot.web.servlet.context.ServletWebServerApplicationContext.onRefresh(ServletWebServerApplicationContext.java:153)
	... 14 common frames omitted
Caused by: org.springframework.beans.factory.BeanCreationException: Error creating bean with name 'servletEndpointRegistrar' defined in class path resource [org/springframework/boot/actuate/autoconfigure/endpoint/web/ServletEndpointManagementContextConfiguration$WebMvcServletEndpointManagementContextConfiguration.class]: Bean instantiation via factory method failed; nested exception is org.springframework.beans.BeanInstantiationException: Failed to instantiate [org.springframework.boot.actuate.endpoint.web.ServletEndpointRegistrar]: Factory method 'servletEndpointRegistrar' threw exception; nested exception is org.springframework.beans.factory.UnsatisfiedDependencyException: Error creating bean with name 'healthEndpoint' defined in class path resource [org/springframework/boot/actuate/autoconfigure/health/HealthEndpointConfiguration.class]: Unsatisfied dependency expressed through method 'healthEndpoint' parameter 0; nested exception is org.springframework.beans.factory.BeanCreationException: Error creating bean with name 'healthContributorRegistry' defined in class path resource [org/springframework/boot/actuate/autoconfigure/health/HealthEndpointConfiguration.class]: Bean instantiation via factory method failed; nested exception is org.springframework.beans.BeanInstantiationException: Failed to instantiate [org.springframework.boot.actuate.health.HealthContributorRegistry]: Factory method 'healthContributorRegistry' threw exception; nested exception is org.springframework.beans.factory.UnsatisfiedDependencyException: Error creating bean with name 'org.springframework.boot.actuate.autoconfigure.redis.RedisReactiveHealthContributorAutoConfiguration': Unsatisfied dependency expressed through constructor parameter 0; nested exception is org.springframework.beans.factory.UnsatisfiedDependencyException: Error creating bean with name 'lettuceConnectionFactory' defined in class path resource [com/petrel/common/config/RedisSourceConfiguration.class]: Unsatisfied dependency expressed through method 'lettuceConnectionFactory' parameter 0; nested exception is org.springframework.beans.factory.UnsatisfiedDependencyException: Error creating bean with name 'genericObjectPoolConfig' defined in class path resource [com/petrel/common/config/RedisSourceConfiguration.class]: Unsatisfied dependency expressed through method 'genericObjectPoolConfig' parameter 0; nested exception is org.springframework.beans.factory.BeanCreationException: Error creating bean with name 'redisSourceProperties': Injection of autowired dependencies failed; nested exception is java.lang.IllegalArgumentException: Could not resolve placeholder 'redis.database' in value "${redis.database}"
	at org.springframework.beans.factory.support.ConstructorResolver.instantiate(ConstructorResolver.java:656)
	at org.springframework.beans.factory.support.ConstructorResolver.instantiateUsingFactoryMethod(ConstructorResolver.java:636)
	at org.springframework.beans.factory.support.AbstractAutowireCapableBeanFactory.instantiateUsingFactoryMethod(AbstractAutowireCapableBeanFactory.java:1338)
	at org.springframework.beans.factory.support.AbstractAutowireCapableBeanFactory.createBeanInstance(AbstractAutowireCapableBeanFactory.java:1177)
	at org.springframework.beans.factory.support.AbstractAutowireCapableBeanFactory.doCreateBean(AbstractAutowireCapableBeanFactory.java:557)
	at org.springframework.beans.factory.support.AbstractAutowireCapableBeanFactory.createBean(AbstractAutowireCapableBeanFactory.java:517)
	at org.springframework.beans.factory.support.AbstractBeanFactory.lambda$doGetBean$0(AbstractBeanFactory.java:323)
	at org.springframework.beans.factory.support.DefaultSingletonBeanRegistry.getSingleton(DefaultSingletonBeanRegistry.java:222)
	at org.springframework.beans.factory.support.AbstractBeanFactory.doGetBean(AbstractBeanFactory.java:321)
	at org.springframework.beans.factory.support.AbstractBeanFactory.getBean(AbstractBeanFactory.java:207)
	at org.springframework.boot.web.servlet.ServletContextInitializerBeans.getOrderedBeansOfType(ServletContextInitializerBeans.java:211)
	at org.springframework.boot.web.servlet.ServletContextInitializerBeans.getOrderedBeansOfType(ServletContextInitializerBeans.java:202)
	at org.springframework.boot.web.servlet.ServletContextInitializerBeans.addServletContextInitializerBeans(ServletContextInitializerBeans.java:96)
	at org.springframework.boot.web.servlet.ServletContextInitializerBeans.<init>(ServletContextInitializerBeans.java:85)
	at org.springframework.boot.web.servlet.context.ServletWebServerApplicationContext.getServletContextInitializerBeans(ServletWebServerApplicationContext.java:253)
	at org.springframework.boot.web.servlet.context.ServletWebServerApplicationContext.selfInitialize(ServletWebServerApplicationContext.java:227)
	at org.springframework.boot.web.embedded.tomcat.TomcatStarter.onStartup(TomcatStarter.java:53)
	at org.apache.catalina.core.StandardContext.startInternal(StandardContext.java:5135)
	at org.apache.catalina.util.LifecycleBase.start(LifecycleBase.java:183)
	at org.apache.catalina.core.ContainerBase$StartChild.call(ContainerBase.java:1384)
	at org.apache.catalina.core.ContainerBase$StartChild.call(ContainerBase.java:1374)
	at java.base/java.util.concurrent.FutureTask.run(FutureTask.java:317)
	at org.apache.tomcat.util.threads.InlineExecutorService.execute(InlineExecutorService.java:75)
	at java.base/java.util.concurrent.AbstractExecutorService.submit(AbstractExecutorService.java:145)
	at org.apache.catalina.core.ContainerBase.startInternal(ContainerBase.java:909)
	at org.apache.catalina.core.StandardHost.startInternal(StandardHost.java:841)
	at org.apache.catalina.util.LifecycleBase.start(LifecycleBase.java:183)
	at org.apache.catalina.core.ContainerBase$StartChild.call(ContainerBase.java:1384)
	at org.apache.catalina.core.ContainerBase$StartChild.call(ContainerBase.java:1374)
	at java.base/java.util.concurrent.FutureTask.run(FutureTask.java:317)
	at org.apache.tomcat.util.threads.InlineExecutorService.execute(InlineExecutorService.java:75)
	at java.base/java.util.concurrent.AbstractExecutorService.submit(AbstractExecutorService.java:145)
	at org.apache.catalina.core.ContainerBase.startInternal(ContainerBase.java:909)
	at org.apache.catalina.core.StandardEngine.startInternal(StandardEngine.java:262)
	at org.apache.catalina.util.LifecycleBase.start(LifecycleBase.java:183)
	at org.apache.catalina.core.StandardService.startInternal(StandardService.java:421)
	at org.apache.catalina.util.LifecycleBase.start(LifecycleBase.java:183)
	at org.apache.catalina.core.StandardServer.startInternal(StandardServer.java:930)
	at org.apache.catalina.util.LifecycleBase.start(LifecycleBase.java:183)
	at org.apache.catalina.startup.Tomcat.start(Tomcat.java:467)
	at org.springframework.boot.web.embedded.tomcat.TomcatWebServer.initialize(TomcatWebServer.java:107)
	... 19 common frames omitted
Caused by: org.springframework.beans.BeanInstantiationException: Failed to instantiate [org.springframework.boot.actuate.endpoint.web.ServletEndpointRegistrar]: Factory method 'servletEndpointRegistrar' threw exception; nested exception is org.springframework.beans.factory.UnsatisfiedDependencyException: Error creating bean with name 'healthEndpoint' defined in class path resource [org/springframework/boot/actuate/autoconfigure/health/HealthEndpointConfiguration.class]: Unsatisfied dependency expressed through method 'healthEndpoint' parameter 0; nested exception is org.springframework.beans.factory.BeanCreationException: Error creating bean with name 'healthContributorRegistry' defined in class path resource [org/springframework/boot/actuate/autoconfigure/health/HealthEndpointConfiguration.class]: Bean instantiation via factory method failed; nested exception is org.springframework.beans.BeanInstantiationException: Failed to instantiate [org.springframework.boot.actuate.health.HealthContributorRegistry]: Factory method 'healthContributorRegistry' threw exception; nested exception is org.springframework.beans.factory.UnsatisfiedDependencyException: Error creating bean with name 'org.springframework.boot.actuate.autoconfigure.redis.RedisReactiveHealthContributorAutoConfiguration': Unsatisfied dependency expressed through constructor parameter 0; nested exception is org.springframework.beans.factory.UnsatisfiedDependencyException: Error creating bean with name 'lettuceConnectionFactory' defined in class path resource [com/petrel/common/config/RedisSourceConfiguration.class]: Unsatisfied dependency expressed through method 'lettuceConnectionFactory' parameter 0; nested exception is org.springframework.beans.factory.UnsatisfiedDependencyException: Error creating bean with name 'genericObjectPoolConfig' defined in class path resource [com/petrel/common/config/RedisSourceConfiguration.class]: Unsatisfied dependency expressed through method 'genericObjectPoolConfig' parameter 0; nested exception is org.springframework.beans.factory.BeanCreationException: Error creating bean with name 'redisSourceProperties': Injection of autowired dependencies failed; nested exception is java.lang.IllegalArgumentException: Could not resolve placeholder 'redis.database' in value "${redis.database}"
	at org.springframework.beans.factory.support.SimpleInstantiationStrategy.instantiate(SimpleInstantiationStrategy.java:185)
	at org.springframework.beans.factory.support.ConstructorResolver.instantiate(ConstructorResolver.java:651)
	... 59 common frames omitted
Caused by: org.springframework.beans.factory.UnsatisfiedDependencyException: Error creating bean with name 'healthEndpoint' defined in class path resource [org/springframework/boot/actuate/autoconfigure/health/HealthEndpointConfiguration.class]: Unsatisfied dependency expressed through method 'healthEndpoint' parameter 0; nested exception is org.springframework.beans.factory.BeanCreationException: Error creating bean with name 'healthContributorRegistry' defined in class path resource [org/springframework/boot/actuate/autoconfigure/health/HealthEndpointConfiguration.class]: Bean instantiation via factory method failed; nested exception is org.springframework.beans.BeanInstantiationException: Failed to instantiate [org.springframework.boot.actuate.health.HealthContributorRegistry]: Factory method 'healthContributorRegistry' threw exception; nested exception is org.springframework.beans.factory.UnsatisfiedDependencyException: Error creating bean with name 'org.springframework.boot.actuate.autoconfigure.redis.RedisReactiveHealthContributorAutoConfiguration': Unsatisfied dependency expressed through constructor parameter 0; nested exception is org.springframework.beans.factory.UnsatisfiedDependencyException: Error creating bean with name 'lettuceConnectionFactory' defined in class path resource [com/petrel/common/config/RedisSourceConfiguration.class]: Unsatisfied dependency expressed through method 'lettuceConnectionFactory' parameter 0; nested exception is org.springframework.beans.factory.UnsatisfiedDependencyException: Error creating bean with name 'genericObjectPoolConfig' defined in class path resource [com/petrel/common/config/RedisSourceConfiguration.class]: Unsatisfied dependency expressed through method 'genericObjectPoolConfig' parameter 0; nested exception is org.springframework.beans.factory.BeanCreationException: Error creating bean with name 'redisSourceProperties': Injection of autowired dependencies failed; nested exception is java.lang.IllegalArgumentException: Could not resolve placeholder 'redis.database' in value "${redis.database}"
	at org.springframework.beans.factory.support.ConstructorResolver.createArgumentArray(ConstructorResolver.java:798)
	at org.springframework.beans.factory.support.ConstructorResolver.instantiateUsingFactoryMethod(ConstructorResolver.java:539)
	at org.springframework.beans.factory.support.AbstractAutowireCapableBeanFactory.instantiateUsingFactoryMethod(AbstractAutowireCapableBeanFactory.java:1338)
	at org.springframework.beans.factory.support.AbstractAutowireCapableBeanFactory.createBeanInstance(AbstractAutowireCapableBeanFactory.java:1177)
	at org.springframework.beans.factory.support.AbstractAutowireCapableBeanFactory.doCreateBean(AbstractAutowireCapableBeanFactory.java:557)
	at org.springframework.beans.factory.support.AbstractAutowireCapableBeanFactory.createBean(AbstractAutowireCapableBeanFactory.java:517)
	at org.springframework.beans.factory.support.AbstractBeanFactory.lambda$doGetBean$0(AbstractBeanFactory.java:323)
	at org.springframework.beans.factory.support.DefaultSingletonBeanRegistry.getSingleton(DefaultSingletonBeanRegistry.java:222)
	at org.springframework.beans.factory.support.AbstractBeanFactory.doGetBean(AbstractBeanFactory.java:321)
	at org.springframework.beans.factory.support.AbstractBeanFactory.getBean(AbstractBeanFactory.java:202)
	at org.springframework.context.support.AbstractApplicationContext.getBean(AbstractApplicationContext.java:1108)
	at org.springframework.boot.actuate.endpoint.annotation.EndpointDiscoverer.createEndpointBean(EndpointDiscoverer.java:143)
	at org.springframework.boot.actuate.endpoint.annotation.EndpointDiscoverer.createEndpointBeans(EndpointDiscoverer.java:133)
	at org.springframework.boot.actuate.endpoint.annotation.EndpointDiscoverer.discoverEndpoints(EndpointDiscoverer.java:122)
	at org.springframework.boot.actuate.endpoint.annotation.EndpointDiscoverer.getEndpoints(EndpointDiscoverer.java:116)
	at org.springframework.boot.actuate.autoconfigure.endpoint.web.ServletEndpointManagementContextConfiguration$WebMvcServletEndpointManagementContextConfiguration.servletEndpointRegistrar(ServletEndpointManagementContextConfiguration.java:65)
	at java.base/jdk.internal.reflect.DirectMethodHandleAccessor.invoke(DirectMethodHandleAccessor.java:103)
	at java.base/java.lang.reflect.Method.invoke(Method.java:580)
	at org.springframework.beans.factory.support.SimpleInstantiationStrategy.instantiate(SimpleInstantiationStrategy.java:154)
	... 60 common frames omitted
Caused by: org.springframework.beans.factory.BeanCreationException: Error creating bean with name 'healthContributorRegistry' defined in class path resource [org/springframework/boot/actuate/autoconfigure/health/HealthEndpointConfiguration.class]: Bean instantiation via factory method failed; nested exception is org.springframework.beans.BeanInstantiationException: Failed to instantiate [org.springframework.boot.actuate.health.HealthContributorRegistry]: Factory method 'healthContributorRegistry' threw exception; nested exception is org.springframework.beans.factory.UnsatisfiedDependencyException: Error creating bean with name 'org.springframework.boot.actuate.autoconfigure.redis.RedisReactiveHealthContributorAutoConfiguration': Unsatisfied dependency expressed through constructor parameter 0; nested exception is org.springframework.beans.factory.UnsatisfiedDependencyException: Error creating bean with name 'lettuceConnectionFactory' defined in class path resource [com/petrel/common/config/RedisSourceConfiguration.class]: Unsatisfied dependency expressed through method 'lettuceConnectionFactory' parameter 0; nested exception is org.springframework.beans.factory.UnsatisfiedDependencyException: Error creating bean with name 'genericObjectPoolConfig' defined in class path resource [com/petrel/common/config/RedisSourceConfiguration.class]: Unsatisfied dependency expressed through method 'genericObjectPoolConfig' parameter 0; nested exception is org.springframework.beans.factory.BeanCreationException: Error creating bean with name 'redisSourceProperties': Injection of autowired dependencies failed; nested exception is java.lang.IllegalArgumentException: Could not resolve placeholder 'redis.database' in value "${redis.database}"
	at org.springframework.beans.factory.support.ConstructorResolver.instantiate(ConstructorResolver.java:656)
	at org.springframework.beans.factory.support.ConstructorResolver.instantiateUsingFactoryMethod(ConstructorResolver.java:636)
	at org.springframework.beans.factory.support.AbstractAutowireCapableBeanFactory.instantiateUsingFactoryMethod(AbstractAutowireCapableBeanFactory.java:1338)
	at org.springframework.beans.factory.support.AbstractAutowireCapableBeanFactory.createBeanInstance(AbstractAutowireCapableBeanFactory.java:1177)
	at org.springframework.beans.factory.support.AbstractAutowireCapableBeanFactory.doCreateBean(AbstractAutowireCapableBeanFactory.java:557)
	at org.springframework.beans.factory.support.AbstractAutowireCapableBeanFactory.createBean(AbstractAutowireCapableBeanFactory.java:517)
	at org.springframework.beans.factory.support.AbstractBeanFactory.lambda$doGetBean$0(AbstractBeanFactory.java:323)
	at org.springframework.beans.factory.support.DefaultSingletonBeanRegistry.getSingleton(DefaultSingletonBeanRegistry.java:222)
	at org.springframework.beans.factory.support.AbstractBeanFactory.doGetBean(AbstractBeanFactory.java:321)
	at org.springframework.beans.factory.support.AbstractBeanFactory.getBean(AbstractBeanFactory.java:202)
	at org.springframework.beans.factory.config.DependencyDescriptor.resolveCandidate(DependencyDescriptor.java:276)
	at org.springframework.beans.factory.support.DefaultListableBeanFactory.doResolveDependency(DefaultListableBeanFactory.java:1287)
	at org.springframework.beans.factory.support.DefaultListableBeanFactory.resolveDependency(DefaultListableBeanFactory.java:1207)
	at org.springframework.beans.factory.support.ConstructorResolver.resolveAutowiredArgument(ConstructorResolver.java:885)
	at org.springframework.beans.factory.support.ConstructorResolver.createArgumentArray(ConstructorResolver.java:789)
	... 78 common frames omitted
Caused by: org.springframework.beans.BeanInstantiationException: Failed to instantiate [org.springframework.boot.actuate.health.HealthContributorRegistry]: Factory method 'healthContributorRegistry' threw exception; nested exception is org.springframework.beans.factory.UnsatisfiedDependencyException: Error creating bean with name 'org.springframework.boot.actuate.autoconfigure.redis.RedisReactiveHealthContributorAutoConfiguration': Unsatisfied dependency expressed through constructor parameter 0; nested exception is org.springframework.beans.factory.UnsatisfiedDependencyException: Error creating bean with name 'lettuceConnectionFactory' defined in class path resource [com/petrel/common/config/RedisSourceConfiguration.class]: Unsatisfied dependency expressed through method 'lettuceConnectionFactory' parameter 0; nested exception is org.springframework.beans.factory.UnsatisfiedDependencyException: Error creating bean with name 'genericObjectPoolConfig' defined in class path resource [com/petrel/common/config/RedisSourceConfiguration.class]: Unsatisfied dependency expressed through method 'genericObjectPoolConfig' parameter 0; nested exception is org.springframework.beans.factory.BeanCreationException: Error creating bean with name 'redisSourceProperties': Injection of autowired dependencies failed; nested exception is java.lang.IllegalArgumentException: Could not resolve placeholder 'redis.database' in value "${redis.database}"
	at org.springframework.beans.factory.support.SimpleInstantiationStrategy.instantiate(SimpleInstantiationStrategy.java:185)
	at org.springframework.beans.factory.support.ConstructorResolver.instantiate(ConstructorResolver.java:651)
	... 92 common frames omitted
Caused by: org.springframework.beans.factory.UnsatisfiedDependencyException: Error creating bean with name 'org.springframework.boot.actuate.autoconfigure.redis.RedisReactiveHealthContributorAutoConfiguration': Unsatisfied dependency expressed through constructor parameter 0; nested exception is org.springframework.beans.factory.UnsatisfiedDependencyException: Error creating bean with name 'lettuceConnectionFactory' defined in class path resource [com/petrel/common/config/RedisSourceConfiguration.class]: Unsatisfied dependency expressed through method 'lettuceConnectionFactory' parameter 0; nested exception is org.springframework.beans.factory.UnsatisfiedDependencyException: Error creating bean with name 'genericObjectPoolConfig' defined in class path resource [com/petrel/common/config/RedisSourceConfiguration.class]: Unsatisfied dependency expressed through method 'genericObjectPoolConfig' parameter 0; nested exception is org.springframework.beans.factory.BeanCreationException: Error creating bean with name 'redisSourceProperties': Injection of autowired dependencies failed; nested exception is java.lang.IllegalArgumentException: Could not resolve placeholder 'redis.database' in value "${redis.database}"
	at org.springframework.beans.factory.support.ConstructorResolver.createArgumentArray(ConstructorResolver.java:798)
	at org.springframework.beans.factory.support.ConstructorResolver.autowireConstructor(ConstructorResolver.java:228)
	at org.springframework.beans.factory.support.AbstractAutowireCapableBeanFactory.autowireConstructor(AbstractAutowireCapableBeanFactory.java:1358)
	at org.springframework.beans.factory.support.AbstractAutowireCapableBeanFactory.createBeanInstance(AbstractAutowireCapableBeanFactory.java:1204)
	at org.springframework.beans.factory.support.AbstractAutowireCapableBeanFactory.doCreateBean(AbstractAutowireCapableBeanFactory.java:557)
	at org.springframework.beans.factory.support.AbstractAutowireCapableBeanFactory.createBean(AbstractAutowireCapableBeanFactory.java:517)
	at org.springframework.beans.factory.support.AbstractBeanFactory.lambda$doGetBean$0(AbstractBeanFactory.java:323)
	at org.springframework.beans.factory.support.DefaultSingletonBeanRegistry.getSingleton(DefaultSingletonBeanRegistry.java:222)
	at org.springframework.beans.factory.support.AbstractBeanFactory.doGetBean(AbstractBeanFactory.java:321)
	at org.springframework.beans.factory.support.AbstractBeanFactory.getBean(AbstractBeanFactory.java:202)
	at org.springframework.beans.factory.support.ConstructorResolver.instantiateUsingFactoryMethod(ConstructorResolver.java:409)
	at org.springframework.beans.factory.support.AbstractAutowireCapableBeanFactory.instantiateUsingFactoryMethod(AbstractAutowireCapableBeanFactory.java:1338)
	at org.springframework.beans.factory.support.AbstractAutowireCapableBeanFactory.createBeanInstance(AbstractAutowireCapableBeanFactory.java:1177)
	at org.springframework.beans.factory.support.AbstractAutowireCapableBeanFactory.doCreateBean(AbstractAutowireCapableBeanFactory.java:557)
	at org.springframework.beans.factory.support.AbstractAutowireCapableBeanFactory.createBean(AbstractAutowireCapableBeanFactory.java:517)
	at org.springframework.beans.factory.support.AbstractBeanFactory.lambda$doGetBean$0(AbstractBeanFactory.java:323)
	at org.springframework.beans.factory.support.DefaultSingletonBeanRegistry.getSingleton(DefaultSingletonBeanRegistry.java:222)
	at org.springframework.beans.factory.support.AbstractBeanFactory.doGetBean(AbstractBeanFactory.java:321)
	at org.springframework.beans.factory.support.AbstractBeanFactory.getBean(AbstractBeanFactory.java:202)
	at org.springframework.beans.factory.support.DefaultListableBeanFactory.getBeansOfType(DefaultListableBeanFactory.java:617)
	at org.springframework.beans.factory.support.DefaultListableBeanFactory.getBeansOfType(DefaultListableBeanFactory.java:605)
	at org.springframework.context.support.AbstractApplicationContext.getBeansOfType(AbstractApplicationContext.java:1242)
	at org.springframework.boot.actuate.autoconfigure.health.HealthEndpointConfiguration$AdaptedReactiveHealthContributors.<init>(HealthEndpointConfiguration.java:101)
	at org.springframework.boot.actuate.autoconfigure.health.HealthEndpointConfiguration.healthContributorRegistry(HealthEndpointConfiguration.java:80)
	at java.base/jdk.internal.reflect.DirectMethodHandleAccessor.invoke(DirectMethodHandleAccessor.java:103)
	at java.base/java.lang.reflect.Method.invoke(Method.java:580)
	at org.springframework.beans.factory.support.SimpleInstantiationStrategy.instantiate(SimpleInstantiationStrategy.java:154)
	... 93 common frames omitted
Caused by: org.springframework.beans.factory.UnsatisfiedDependencyException: Error creating bean with name 'lettuceConnectionFactory' defined in class path resource [com/petrel/common/config/RedisSourceConfiguration.class]: Unsatisfied dependency expressed through method 'lettuceConnectionFactory' parameter 0; nested exception is org.springframework.beans.factory.UnsatisfiedDependencyException: Error creating bean with name 'genericObjectPoolConfig' defined in class path resource [com/petrel/common/config/RedisSourceConfiguration.class]: Unsatisfied dependency expressed through method 'genericObjectPoolConfig' parameter 0; nested exception is org.springframework.beans.factory.BeanCreationException: Error creating bean with name 'redisSourceProperties': Injection of autowired dependencies failed; nested exception is java.lang.IllegalArgumentException: Could not resolve placeholder 'redis.database' in value "${redis.database}"
	at org.springframework.beans.factory.support.ConstructorResolver.createArgumentArray(ConstructorResolver.java:798)
	at org.springframework.beans.factory.support.ConstructorResolver.instantiateUsingFactoryMethod(ConstructorResolver.java:539)
	at org.springframework.beans.factory.support.AbstractAutowireCapableBeanFactory.instantiateUsingFactoryMethod(AbstractAutowireCapableBeanFactory.java:1338)
	at org.springframework.beans.factory.support.AbstractAutowireCapableBeanFactory.createBeanInstance(AbstractAutowireCapableBeanFactory.java:1177)
	at org.springframework.beans.factory.support.AbstractAutowireCapableBeanFactory.doCreateBean(AbstractAutowireCapableBeanFactory.java:557)
	at org.springframework.beans.factory.support.AbstractAutowireCapableBeanFactory.createBean(AbstractAutowireCapableBeanFactory.java:517)
	at org.springframework.beans.factory.support.AbstractBeanFactory.lambda$doGetBean$0(AbstractBeanFactory.java:323)
	at org.springframework.beans.factory.support.DefaultSingletonBeanRegistry.getSingleton(DefaultSingletonBeanRegistry.java:222)
	at org.springframework.beans.factory.support.AbstractBeanFactory.doGetBean(AbstractBeanFactory.java:321)
	at org.springframework.beans.factory.support.AbstractBeanFactory.getBean(AbstractBeanFactory.java:202)
	at org.springframework.beans.factory.config.DependencyDescriptor.resolveCandidate(DependencyDescriptor.java:276)
	at org.springframework.beans.factory.support.DefaultListableBeanFactory.addCandidateEntry(DefaultListableBeanFactory.java:1503)
	at org.springframework.beans.factory.support.DefaultListableBeanFactory.findAutowireCandidates(DefaultListableBeanFactory.java:1467)
	at org.springframework.beans.factory.support.DefaultListableBeanFactory.resolveMultipleBeans(DefaultListableBeanFactory.java:1386)
	at org.springframework.beans.factory.support.DefaultListableBeanFactory.doResolveDependency(DefaultListableBeanFactory.java:1245)
	at org.springframework.beans.factory.support.DefaultListableBeanFactory.resolveDependency(DefaultListableBeanFactory.java:1207)
	at org.springframework.beans.factory.support.ConstructorResolver.resolveAutowiredArgument(ConstructorResolver.java:885)
	at org.springframework.beans.factory.support.ConstructorResolver.createArgumentArray(ConstructorResolver.java:789)
	... 119 common frames omitted
Caused by: org.springframework.beans.factory.UnsatisfiedDependencyException: Error creating bean with name 'genericObjectPoolConfig' defined in class path resource [com/petrel/common/config/RedisSourceConfiguration.class]: Unsatisfied dependency expressed through method 'genericObjectPoolConfig' parameter 0; nested exception is org.springframework.beans.factory.BeanCreationException: Error creating bean with name 'redisSourceProperties': Injection of autowired dependencies failed; nested exception is java.lang.IllegalArgumentException: Could not resolve placeholder 'redis.database' in value "${redis.database}"
	at org.springframework.beans.factory.support.ConstructorResolver.createArgumentArray(ConstructorResolver.java:798)
	at org.springframework.beans.factory.support.ConstructorResolver.instantiateUsingFactoryMethod(ConstructorResolver.java:539)
	at org.springframework.beans.factory.support.AbstractAutowireCapableBeanFactory.instantiateUsingFactoryMethod(AbstractAutowireCapableBeanFactory.java:1338)
	at org.springframework.beans.factory.support.AbstractAutowireCapableBeanFactory.createBeanInstance(AbstractAutowireCapableBeanFactory.java:1177)
	at org.springframework.beans.factory.support.AbstractAutowireCapableBeanFactory.doCreateBean(AbstractAutowireCapableBeanFactory.java:557)
	at org.springframework.beans.factory.support.AbstractAutowireCapableBeanFactory.createBean(AbstractAutowireCapableBeanFactory.java:517)
	at org.springframework.beans.factory.support.AbstractBeanFactory.lambda$doGetBean$0(AbstractBeanFactory.java:323)
	at org.springframework.beans.factory.support.DefaultSingletonBeanRegistry.getSingleton(DefaultSingletonBeanRegistry.java:222)
	at org.springframework.beans.factory.support.AbstractBeanFactory.doGetBean(AbstractBeanFactory.java:321)
	at org.springframework.beans.factory.support.AbstractBeanFactory.getBean(AbstractBeanFactory.java:202)
	at org.springframework.beans.factory.config.DependencyDescriptor.resolveCandidate(DependencyDescriptor.java:276)
	at org.springframework.beans.factory.support.DefaultListableBeanFactory.doResolveDependency(DefaultListableBeanFactory.java:1287)
	at org.springframework.beans.factory.support.DefaultListableBeanFactory.resolveDependency(DefaultListableBeanFactory.java:1207)
	at org.springframework.beans.factory.support.ConstructorResolver.resolveAutowiredArgument(ConstructorResolver.java:885)
	at org.springframework.beans.factory.support.ConstructorResolver.createArgumentArray(ConstructorResolver.java:789)
	... 136 common frames omitted
Caused by: org.springframework.beans.factory.BeanCreationException: Error creating bean with name 'redisSourceProperties': Injection of autowired dependencies failed; nested exception is java.lang.IllegalArgumentException: Could not resolve placeholder 'redis.database' in value "${redis.database}"
	at org.springframework.beans.factory.annotation.AutowiredAnnotationBeanPostProcessor.postProcessProperties(AutowiredAnnotationBeanPostProcessor.java:405)
	at org.springframework.beans.factory.support.AbstractAutowireCapableBeanFactory.populateBean(AbstractAutowireCapableBeanFactory.java:1422)
	at org.springframework.beans.factory.support.AbstractAutowireCapableBeanFactory.doCreateBean(AbstractAutowireCapableBeanFactory.java:594)
	at org.springframework.beans.factory.support.AbstractAutowireCapableBeanFactory.createBean(AbstractAutowireCapableBeanFactory.java:517)
	at org.springframework.beans.factory.support.AbstractBeanFactory.lambda$doGetBean$0(AbstractBeanFactory.java:323)
	at org.springframework.beans.factory.support.DefaultSingletonBeanRegistry.getSingleton(DefaultSingletonBeanRegistry.java:222)
	at org.springframework.beans.factory.support.AbstractBeanFactory.doGetBean(AbstractBeanFactory.java:321)
	at org.springframework.beans.factory.support.AbstractBeanFactory.getBean(AbstractBeanFactory.java:202)
	at org.springframework.beans.factory.config.DependencyDescriptor.resolveCandidate(DependencyDescriptor.java:276)
	at org.springframework.beans.factory.support.DefaultListableBeanFactory.doResolveDependency(DefaultListableBeanFactory.java:1287)
	at org.springframework.beans.factory.support.DefaultListableBeanFactory.resolveDependency(DefaultListableBeanFactory.java:1207)
	at org.springframework.beans.factory.support.ConstructorResolver.resolveAutowiredArgument(ConstructorResolver.java:885)
	at org.springframework.beans.factory.support.ConstructorResolver.createArgumentArray(ConstructorResolver.java:789)
	... 150 common frames omitted
Caused by: java.lang.IllegalArgumentException: Could not resolve placeholder 'redis.database' in value "${redis.database}"
	at org.springframework.util.PropertyPlaceholderHelper.parseStringValue(PropertyPlaceholderHelper.java:178)
	at org.springframework.util.PropertyPlaceholderHelper.replacePlaceholders(PropertyPlaceholderHelper.java:124)
	at org.springframework.core.env.AbstractPropertyResolver.doResolvePlaceholders(AbstractPropertyResolver.java:236)
	at org.springframework.core.env.AbstractPropertyResolver.resolveRequiredPlaceholders(AbstractPropertyResolver.java:210)
	at org.springframework.context.support.PropertySourcesPlaceholderConfigurer.lambda$processProperties$0(PropertySourcesPlaceholderConfigurer.java:175)
	at org.springframework.beans.factory.support.AbstractBeanFactory.resolveEmbeddedValue(AbstractBeanFactory.java:909)
	at org.springframework.beans.factory.support.DefaultListableBeanFactory.doResolveDependency(DefaultListableBeanFactory.java:1228)
	at org.springframework.beans.factory.support.DefaultListableBeanFactory.resolveDependency(DefaultListableBeanFactory.java:1207)
	at org.springframework.beans.factory.annotation.AutowiredAnnotationBeanPostProcessor$AutowiredFieldElement.inject(AutowiredAnnotationBeanPostProcessor.java:640)
	at org.springframework.beans.factory.annotation.InjectionMetadata.inject(InjectionMetadata.java:130)
	at org.springframework.beans.factory.annotation.AutowiredAnnotationBeanPostProcessor.postProcessProperties(AutowiredAnnotationBeanPostProcessor.java:399)
	... 162 common frames omitted
11-06 08:36:40.387 ERROR [main] [com.petrel.register.RegisterApplication] : start kernel user error
org.springframework.context.ApplicationContextException: Unable to start web server; nested exception is org.springframework.boot.web.server.WebServerException: Unable to start embedded Tomcat
	at org.springframework.boot.web.servlet.context.ServletWebServerApplicationContext.onRefresh(ServletWebServerApplicationContext.java:156)
	at org.springframework.context.support.AbstractApplicationContext.refresh(AbstractApplicationContext.java:544)
	at org.springframework.boot.web.servlet.context.ServletWebServerApplicationContext.refresh(ServletWebServerApplicationContext.java:141)
	at org.springframework.boot.SpringApplication.refresh(SpringApplication.java:747)
	at org.springframework.boot.SpringApplication.refreshContext(SpringApplication.java:397)
	at org.springframework.boot.SpringApplication.run(SpringApplication.java:315)
	at org.springframework.boot.SpringApplication.run(SpringApplication.java:1226)
	at org.springframework.boot.SpringApplication.run(SpringApplication.java:1215)
	at com.petrel.register.RegisterApplication.main(RegisterApplication.java:19)
	at java.base/jdk.internal.reflect.DirectMethodHandleAccessor.invoke(DirectMethodHandleAccessor.java:103)
	at java.base/java.lang.reflect.Method.invoke(Method.java:580)
	at org.springframework.boot.loader.MainMethodRunner.run(MainMethodRunner.java:48)
	at org.springframework.boot.loader.Launcher.launch(Launcher.java:87)
	at org.springframework.boot.loader.Launcher.launch(Launcher.java:51)
	at org.springframework.boot.loader.PropertiesLauncher.main(PropertiesLauncher.java:597)
Caused by: org.springframework.boot.web.server.WebServerException: Unable to start embedded Tomcat
	at org.springframework.boot.web.embedded.tomcat.TomcatWebServer.initialize(TomcatWebServer.java:126)
	at org.springframework.boot.web.embedded.tomcat.TomcatWebServer.<init>(TomcatWebServer.java:88)
	at org.springframework.boot.web.embedded.tomcat.TomcatServletWebServerFactory.getTomcatWebServer(TomcatServletWebServerFactory.java:438)
	at org.springframework.boot.web.embedded.tomcat.TomcatServletWebServerFactory.getWebServer(TomcatServletWebServerFactory.java:191)
	at org.springframework.boot.web.servlet.context.ServletWebServerApplicationContext.createWebServer(ServletWebServerApplicationContext.java:180)
	at org.springframework.boot.web.servlet.context.ServletWebServerApplicationContext.onRefresh(ServletWebServerApplicationContext.java:153)
	... 14 common frames omitted
Caused by: org.springframework.beans.factory.BeanCreationException: Error creating bean with name 'servletEndpointRegistrar' defined in class path resource [org/springframework/boot/actuate/autoconfigure/endpoint/web/ServletEndpointManagementContextConfiguration$WebMvcServletEndpointManagementContextConfiguration.class]: Bean instantiation via factory method failed; nested exception is org.springframework.beans.BeanInstantiationException: Failed to instantiate [org.springframework.boot.actuate.endpoint.web.ServletEndpointRegistrar]: Factory method 'servletEndpointRegistrar' threw exception; nested exception is org.springframework.beans.factory.UnsatisfiedDependencyException: Error creating bean with name 'healthEndpoint' defined in class path resource [org/springframework/boot/actuate/autoconfigure/health/HealthEndpointConfiguration.class]: Unsatisfied dependency expressed through method 'healthEndpoint' parameter 0; nested exception is org.springframework.beans.factory.BeanCreationException: Error creating bean with name 'healthContributorRegistry' defined in class path resource [org/springframework/boot/actuate/autoconfigure/health/HealthEndpointConfiguration.class]: Bean instantiation via factory method failed; nested exception is org.springframework.beans.BeanInstantiationException: Failed to instantiate [org.springframework.boot.actuate.health.HealthContributorRegistry]: Factory method 'healthContributorRegistry' threw exception; nested exception is org.springframework.beans.factory.UnsatisfiedDependencyException: Error creating bean with name 'org.springframework.boot.actuate.autoconfigure.redis.RedisReactiveHealthContributorAutoConfiguration': Unsatisfied dependency expressed through constructor parameter 0; nested exception is org.springframework.beans.factory.UnsatisfiedDependencyException: Error creating bean with name 'lettuceConnectionFactory' defined in class path resource [com/petrel/common/config/RedisSourceConfiguration.class]: Unsatisfied dependency expressed through method 'lettuceConnectionFactory' parameter 0; nested exception is org.springframework.beans.factory.UnsatisfiedDependencyException: Error creating bean with name 'genericObjectPoolConfig' defined in class path resource [com/petrel/common/config/RedisSourceConfiguration.class]: Unsatisfied dependency expressed through method 'genericObjectPoolConfig' parameter 0; nested exception is org.springframework.beans.factory.BeanCreationException: Error creating bean with name 'redisSourceProperties': Injection of autowired dependencies failed; nested exception is java.lang.IllegalArgumentException: Could not resolve placeholder 'redis.database' in value "${redis.database}"
	at org.springframework.beans.factory.support.ConstructorResolver.instantiate(ConstructorResolver.java:656)
	at org.springframework.beans.factory.support.ConstructorResolver.instantiateUsingFactoryMethod(ConstructorResolver.java:636)
	at org.springframework.beans.factory.support.AbstractAutowireCapableBeanFactory.instantiateUsingFactoryMethod(AbstractAutowireCapableBeanFactory.java:1338)
	at org.springframework.beans.factory.support.AbstractAutowireCapableBeanFactory.createBeanInstance(AbstractAutowireCapableBeanFactory.java:1177)
	at org.springframework.beans.factory.support.AbstractAutowireCapableBeanFactory.doCreateBean(AbstractAutowireCapableBeanFactory.java:557)
	at org.springframework.beans.factory.support.AbstractAutowireCapableBeanFactory.createBean(AbstractAutowireCapableBeanFactory.java:517)
	at org.springframework.beans.factory.support.AbstractBeanFactory.lambda$doGetBean$0(AbstractBeanFactory.java:323)
	at org.springframework.beans.factory.support.DefaultSingletonBeanRegistry.getSingleton(DefaultSingletonBeanRegistry.java:222)
	at org.springframework.beans.factory.support.AbstractBeanFactory.doGetBean(AbstractBeanFactory.java:321)
	at org.springframework.beans.factory.support.AbstractBeanFactory.getBean(AbstractBeanFactory.java:207)
	at org.springframework.boot.web.servlet.ServletContextInitializerBeans.getOrderedBeansOfType(ServletContextInitializerBeans.java:211)
	at org.springframework.boot.web.servlet.ServletContextInitializerBeans.getOrderedBeansOfType(ServletContextInitializerBeans.java:202)
	at org.springframework.boot.web.servlet.ServletContextInitializerBeans.addServletContextInitializerBeans(ServletContextInitializerBeans.java:96)
	at org.springframework.boot.web.servlet.ServletContextInitializerBeans.<init>(ServletContextInitializerBeans.java:85)
	at org.springframework.boot.web.servlet.context.ServletWebServerApplicationContext.getServletContextInitializerBeans(ServletWebServerApplicationContext.java:253)
	at org.springframework.boot.web.servlet.context.ServletWebServerApplicationContext.selfInitialize(ServletWebServerApplicationContext.java:227)
	at org.springframework.boot.web.embedded.tomcat.TomcatStarter.onStartup(TomcatStarter.java:53)
	at org.apache.catalina.core.StandardContext.startInternal(StandardContext.java:5135)
	at org.apache.catalina.util.LifecycleBase.start(LifecycleBase.java:183)
	at org.apache.catalina.core.ContainerBase$StartChild.call(ContainerBase.java:1384)
	at org.apache.catalina.core.ContainerBase$StartChild.call(ContainerBase.java:1374)
	at java.base/java.util.concurrent.FutureTask.run(FutureTask.java:317)
	at org.apache.tomcat.util.threads.InlineExecutorService.execute(InlineExecutorService.java:75)
	at java.base/java.util.concurrent.AbstractExecutorService.submit(AbstractExecutorService.java:145)
	at org.apache.catalina.core.ContainerBase.startInternal(ContainerBase.java:909)
	at org.apache.catalina.core.StandardHost.startInternal(StandardHost.java:841)
	at org.apache.catalina.util.LifecycleBase.start(LifecycleBase.java:183)
	at org.apache.catalina.core.ContainerBase$StartChild.call(ContainerBase.java:1384)
	at org.apache.catalina.core.ContainerBase$StartChild.call(ContainerBase.java:1374)
	at java.base/java.util.concurrent.FutureTask.run(FutureTask.java:317)
	at org.apache.tomcat.util.threads.InlineExecutorService.execute(InlineExecutorService.java:75)
	at java.base/java.util.concurrent.AbstractExecutorService.submit(AbstractExecutorService.java:145)
	at org.apache.catalina.core.ContainerBase.startInternal(ContainerBase.java:909)
	at org.apache.catalina.core.StandardEngine.startInternal(StandardEngine.java:262)
	at org.apache.catalina.util.LifecycleBase.start(LifecycleBase.java:183)
	at org.apache.catalina.core.StandardService.startInternal(StandardService.java:421)
	at org.apache.catalina.util.LifecycleBase.start(LifecycleBase.java:183)
	at org.apache.catalina.core.StandardServer.startInternal(StandardServer.java:930)
	at org.apache.catalina.util.LifecycleBase.start(LifecycleBase.java:183)
	at org.apache.catalina.startup.Tomcat.start(Tomcat.java:467)
	at org.springframework.boot.web.embedded.tomcat.TomcatWebServer.initialize(TomcatWebServer.java:107)
	... 19 common frames omitted
Caused by: org.springframework.beans.BeanInstantiationException: Failed to instantiate [org.springframework.boot.actuate.endpoint.web.ServletEndpointRegistrar]: Factory method 'servletEndpointRegistrar' threw exception; nested exception is org.springframework.beans.factory.UnsatisfiedDependencyException: Error creating bean with name 'healthEndpoint' defined in class path resource [org/springframework/boot/actuate/autoconfigure/health/HealthEndpointConfiguration.class]: Unsatisfied dependency expressed through method 'healthEndpoint' parameter 0; nested exception is org.springframework.beans.factory.BeanCreationException: Error creating bean with name 'healthContributorRegistry' defined in class path resource [org/springframework/boot/actuate/autoconfigure/health/HealthEndpointConfiguration.class]: Bean instantiation via factory method failed; nested exception is org.springframework.beans.BeanInstantiationException: Failed to instantiate [org.springframework.boot.actuate.health.HealthContributorRegistry]: Factory method 'healthContributorRegistry' threw exception; nested exception is org.springframework.beans.factory.UnsatisfiedDependencyException: Error creating bean with name 'org.springframework.boot.actuate.autoconfigure.redis.RedisReactiveHealthContributorAutoConfiguration': Unsatisfied dependency expressed through constructor parameter 0; nested exception is org.springframework.beans.factory.UnsatisfiedDependencyException: Error creating bean with name 'lettuceConnectionFactory' defined in class path resource [com/petrel/common/config/RedisSourceConfiguration.class]: Unsatisfied dependency expressed through method 'lettuceConnectionFactory' parameter 0; nested exception is org.springframework.beans.factory.UnsatisfiedDependencyException: Error creating bean with name 'genericObjectPoolConfig' defined in class path resource [com/petrel/common/config/RedisSourceConfiguration.class]: Unsatisfied dependency expressed through method 'genericObjectPoolConfig' parameter 0; nested exception is org.springframework.beans.factory.BeanCreationException: Error creating bean with name 'redisSourceProperties': Injection of autowired dependencies failed; nested exception is java.lang.IllegalArgumentException: Could not resolve placeholder 'redis.database' in value "${redis.database}"
	at org.springframework.beans.factory.support.SimpleInstantiationStrategy.instantiate(SimpleInstantiationStrategy.java:185)
	at org.springframework.beans.factory.support.ConstructorResolver.instantiate(ConstructorResolver.java:651)
	... 59 common frames omitted
Caused by: org.springframework.beans.factory.UnsatisfiedDependencyException: Error creating bean with name 'healthEndpoint' defined in class path resource [org/springframework/boot/actuate/autoconfigure/health/HealthEndpointConfiguration.class]: Unsatisfied dependency expressed through method 'healthEndpoint' parameter 0; nested exception is org.springframework.beans.factory.BeanCreationException: Error creating bean with name 'healthContributorRegistry' defined in class path resource [org/springframework/boot/actuate/autoconfigure/health/HealthEndpointConfiguration.class]: Bean instantiation via factory method failed; nested exception is org.springframework.beans.BeanInstantiationException: Failed to instantiate [org.springframework.boot.actuate.health.HealthContributorRegistry]: Factory method 'healthContributorRegistry' threw exception; nested exception is org.springframework.beans.factory.UnsatisfiedDependencyException: Error creating bean with name 'org.springframework.boot.actuate.autoconfigure.redis.RedisReactiveHealthContributorAutoConfiguration': Unsatisfied dependency expressed through constructor parameter 0; nested exception is org.springframework.beans.factory.UnsatisfiedDependencyException: Error creating bean with name 'lettuceConnectionFactory' defined in class path resource [com/petrel/common/config/RedisSourceConfiguration.class]: Unsatisfied dependency expressed through method 'lettuceConnectionFactory' parameter 0; nested exception is org.springframework.beans.factory.UnsatisfiedDependencyException: Error creating bean with name 'genericObjectPoolConfig' defined in class path resource [com/petrel/common/config/RedisSourceConfiguration.class]: Unsatisfied dependency expressed through method 'genericObjectPoolConfig' parameter 0; nested exception is org.springframework.beans.factory.BeanCreationException: Error creating bean with name 'redisSourceProperties': Injection of autowired dependencies failed; nested exception is java.lang.IllegalArgumentException: Could not resolve placeholder 'redis.database' in value "${redis.database}"
	at org.springframework.beans.factory.support.ConstructorResolver.createArgumentArray(ConstructorResolver.java:798)
	at org.springframework.beans.factory.support.ConstructorResolver.instantiateUsingFactoryMethod(ConstructorResolver.java:539)
	at org.springframework.beans.factory.support.AbstractAutowireCapableBeanFactory.instantiateUsingFactoryMethod(AbstractAutowireCapableBeanFactory.java:1338)
	at org.springframework.beans.factory.support.AbstractAutowireCapableBeanFactory.createBeanInstance(AbstractAutowireCapableBeanFactory.java:1177)
	at org.springframework.beans.factory.support.AbstractAutowireCapableBeanFactory.doCreateBean(AbstractAutowireCapableBeanFactory.java:557)
	at org.springframework.beans.factory.support.AbstractAutowireCapableBeanFactory.createBean(AbstractAutowireCapableBeanFactory.java:517)
	at org.springframework.beans.factory.support.AbstractBeanFactory.lambda$doGetBean$0(AbstractBeanFactory.java:323)
	at org.springframework.beans.factory.support.DefaultSingletonBeanRegistry.getSingleton(DefaultSingletonBeanRegistry.java:222)
	at org.springframework.beans.factory.support.AbstractBeanFactory.doGetBean(AbstractBeanFactory.java:321)
	at org.springframework.beans.factory.support.AbstractBeanFactory.getBean(AbstractBeanFactory.java:202)
	at org.springframework.context.support.AbstractApplicationContext.getBean(AbstractApplicationContext.java:1108)
	at org.springframework.boot.actuate.endpoint.annotation.EndpointDiscoverer.createEndpointBean(EndpointDiscoverer.java:143)
	at org.springframework.boot.actuate.endpoint.annotation.EndpointDiscoverer.createEndpointBeans(EndpointDiscoverer.java:133)
	at org.springframework.boot.actuate.endpoint.annotation.EndpointDiscoverer.discoverEndpoints(EndpointDiscoverer.java:122)
	at org.springframework.boot.actuate.endpoint.annotation.EndpointDiscoverer.getEndpoints(EndpointDiscoverer.java:116)
	at org.springframework.boot.actuate.autoconfigure.endpoint.web.ServletEndpointManagementContextConfiguration$WebMvcServletEndpointManagementContextConfiguration.servletEndpointRegistrar(ServletEndpointManagementContextConfiguration.java:65)
	at java.base/jdk.internal.reflect.DirectMethodHandleAccessor.invoke(DirectMethodHandleAccessor.java:103)
	at java.base/java.lang.reflect.Method.invoke(Method.java:580)
	at org.springframework.beans.factory.support.SimpleInstantiationStrategy.instantiate(SimpleInstantiationStrategy.java:154)
	... 60 common frames omitted
Caused by: org.springframework.beans.factory.BeanCreationException: Error creating bean with name 'healthContributorRegistry' defined in class path resource [org/springframework/boot/actuate/autoconfigure/health/HealthEndpointConfiguration.class]: Bean instantiation via factory method failed; nested exception is org.springframework.beans.BeanInstantiationException: Failed to instantiate [org.springframework.boot.actuate.health.HealthContributorRegistry]: Factory method 'healthContributorRegistry' threw exception; nested exception is org.springframework.beans.factory.UnsatisfiedDependencyException: Error creating bean with name 'org.springframework.boot.actuate.autoconfigure.redis.RedisReactiveHealthContributorAutoConfiguration': Unsatisfied dependency expressed through constructor parameter 0; nested exception is org.springframework.beans.factory.UnsatisfiedDependencyException: Error creating bean with name 'lettuceConnectionFactory' defined in class path resource [com/petrel/common/config/RedisSourceConfiguration.class]: Unsatisfied dependency expressed through method 'lettuceConnectionFactory' parameter 0; nested exception is org.springframework.beans.factory.UnsatisfiedDependencyException: Error creating bean with name 'genericObjectPoolConfig' defined in class path resource [com/petrel/common/config/RedisSourceConfiguration.class]: Unsatisfied dependency expressed through method 'genericObjectPoolConfig' parameter 0; nested exception is org.springframework.beans.factory.BeanCreationException: Error creating bean with name 'redisSourceProperties': Injection of autowired dependencies failed; nested exception is java.lang.IllegalArgumentException: Could not resolve placeholder 'redis.database' in value "${redis.database}"
	at org.springframework.beans.factory.support.ConstructorResolver.instantiate(ConstructorResolver.java:656)
	at org.springframework.beans.factory.support.ConstructorResolver.instantiateUsingFactoryMethod(ConstructorResolver.java:636)
	at org.springframework.beans.factory.support.AbstractAutowireCapableBeanFactory.instantiateUsingFactoryMethod(AbstractAutowireCapableBeanFactory.java:1338)
	at org.springframework.beans.factory.support.AbstractAutowireCapableBeanFactory.createBeanInstance(AbstractAutowireCapableBeanFactory.java:1177)
	at org.springframework.beans.factory.support.AbstractAutowireCapableBeanFactory.doCreateBean(AbstractAutowireCapableBeanFactory.java:557)
	at org.springframework.beans.factory.support.AbstractAutowireCapableBeanFactory.createBean(AbstractAutowireCapableBeanFactory.java:517)
	at org.springframework.beans.factory.support.AbstractBeanFactory.lambda$doGetBean$0(AbstractBeanFactory.java:323)
	at org.springframework.beans.factory.support.DefaultSingletonBeanRegistry.getSingleton(DefaultSingletonBeanRegistry.java:222)
	at org.springframework.beans.factory.support.AbstractBeanFactory.doGetBean(AbstractBeanFactory.java:321)
	at org.springframework.beans.factory.support.AbstractBeanFactory.getBean(AbstractBeanFactory.java:202)
	at org.springframework.beans.factory.config.DependencyDescriptor.resolveCandidate(DependencyDescriptor.java:276)
	at org.springframework.beans.factory.support.DefaultListableBeanFactory.doResolveDependency(DefaultListableBeanFactory.java:1287)
	at org.springframework.beans.factory.support.DefaultListableBeanFactory.resolveDependency(DefaultListableBeanFactory.java:1207)
	at org.springframework.beans.factory.support.ConstructorResolver.resolveAutowiredArgument(ConstructorResolver.java:885)
	at org.springframework.beans.factory.support.ConstructorResolver.createArgumentArray(ConstructorResolver.java:789)
	... 78 common frames omitted
Caused by: org.springframework.beans.BeanInstantiationException: Failed to instantiate [org.springframework.boot.actuate.health.HealthContributorRegistry]: Factory method 'healthContributorRegistry' threw exception; nested exception is org.springframework.beans.factory.UnsatisfiedDependencyException: Error creating bean with name 'org.springframework.boot.actuate.autoconfigure.redis.RedisReactiveHealthContributorAutoConfiguration': Unsatisfied dependency expressed through constructor parameter 0; nested exception is org.springframework.beans.factory.UnsatisfiedDependencyException: Error creating bean with name 'lettuceConnectionFactory' defined in class path resource [com/petrel/common/config/RedisSourceConfiguration.class]: Unsatisfied dependency expressed through method 'lettuceConnectionFactory' parameter 0; nested exception is org.springframework.beans.factory.UnsatisfiedDependencyException: Error creating bean with name 'genericObjectPoolConfig' defined in class path resource [com/petrel/common/config/RedisSourceConfiguration.class]: Unsatisfied dependency expressed through method 'genericObjectPoolConfig' parameter 0; nested exception is org.springframework.beans.factory.BeanCreationException: Error creating bean with name 'redisSourceProperties': Injection of autowired dependencies failed; nested exception is java.lang.IllegalArgumentException: Could not resolve placeholder 'redis.database' in value "${redis.database}"
	at org.springframework.beans.factory.support.SimpleInstantiationStrategy.instantiate(SimpleInstantiationStrategy.java:185)
	at org.springframework.beans.factory.support.ConstructorResolver.instantiate(ConstructorResolver.java:651)
	... 92 common frames omitted
Caused by: org.springframework.beans.factory.UnsatisfiedDependencyException: Error creating bean with name 'org.springframework.boot.actuate.autoconfigure.redis.RedisReactiveHealthContributorAutoConfiguration': Unsatisfied dependency expressed through constructor parameter 0; nested exception is org.springframework.beans.factory.UnsatisfiedDependencyException: Error creating bean with name 'lettuceConnectionFactory' defined in class path resource [com/petrel/common/config/RedisSourceConfiguration.class]: Unsatisfied dependency expressed through method 'lettuceConnectionFactory' parameter 0; nested exception is org.springframework.beans.factory.UnsatisfiedDependencyException: Error creating bean with name 'genericObjectPoolConfig' defined in class path resource [com/petrel/common/config/RedisSourceConfiguration.class]: Unsatisfied dependency expressed through method 'genericObjectPoolConfig' parameter 0; nested exception is org.springframework.beans.factory.BeanCreationException: Error creating bean with name 'redisSourceProperties': Injection of autowired dependencies failed; nested exception is java.lang.IllegalArgumentException: Could not resolve placeholder 'redis.database' in value "${redis.database}"
	at org.springframework.beans.factory.support.ConstructorResolver.createArgumentArray(ConstructorResolver.java:798)
	at org.springframework.beans.factory.support.ConstructorResolver.autowireConstructor(ConstructorResolver.java:228)
	at org.springframework.beans.factory.support.AbstractAutowireCapableBeanFactory.autowireConstructor(AbstractAutowireCapableBeanFactory.java:1358)
	at org.springframework.beans.factory.support.AbstractAutowireCapableBeanFactory.createBeanInstance(AbstractAutowireCapableBeanFactory.java:1204)
	at org.springframework.beans.factory.support.AbstractAutowireCapableBeanFactory.doCreateBean(AbstractAutowireCapableBeanFactory.java:557)
	at org.springframework.beans.factory.support.AbstractAutowireCapableBeanFactory.createBean(AbstractAutowireCapableBeanFactory.java:517)
	at org.springframework.beans.factory.support.AbstractBeanFactory.lambda$doGetBean$0(AbstractBeanFactory.java:323)
	at org.springframework.beans.factory.support.DefaultSingletonBeanRegistry.getSingleton(DefaultSingletonBeanRegistry.java:222)
	at org.springframework.beans.factory.support.AbstractBeanFactory.doGetBean(AbstractBeanFactory.java:321)
	at org.springframework.beans.factory.support.AbstractBeanFactory.getBean(AbstractBeanFactory.java:202)
	at org.springframework.beans.factory.support.ConstructorResolver.instantiateUsingFactoryMethod(ConstructorResolver.java:409)
	at org.springframework.beans.factory.support.AbstractAutowireCapableBeanFactory.instantiateUsingFactoryMethod(AbstractAutowireCapableBeanFactory.java:1338)
	at org.springframework.beans.factory.support.AbstractAutowireCapableBeanFactory.createBeanInstance(AbstractAutowireCapableBeanFactory.java:1177)
	at org.springframework.beans.factory.support.AbstractAutowireCapableBeanFactory.doCreateBean(AbstractAutowireCapableBeanFactory.java:557)
	at org.springframework.beans.factory.support.AbstractAutowireCapableBeanFactory.createBean(AbstractAutowireCapableBeanFactory.java:517)
	at org.springframework.beans.factory.support.AbstractBeanFactory.lambda$doGetBean$0(AbstractBeanFactory.java:323)
	at org.springframework.beans.factory.support.DefaultSingletonBeanRegistry.getSingleton(DefaultSingletonBeanRegistry.java:222)
	at org.springframework.beans.factory.support.AbstractBeanFactory.doGetBean(AbstractBeanFactory.java:321)
	at org.springframework.beans.factory.support.AbstractBeanFactory.getBean(AbstractBeanFactory.java:202)
	at org.springframework.beans.factory.support.DefaultListableBeanFactory.getBeansOfType(DefaultListableBeanFactory.java:617)
	at org.springframework.beans.factory.support.DefaultListableBeanFactory.getBeansOfType(DefaultListableBeanFactory.java:605)
	at org.springframework.context.support.AbstractApplicationContext.getBeansOfType(AbstractApplicationContext.java:1242)
	at org.springframework.boot.actuate.autoconfigure.health.HealthEndpointConfiguration$AdaptedReactiveHealthContributors.<init>(HealthEndpointConfiguration.java:101)
	at org.springframework.boot.actuate.autoconfigure.health.HealthEndpointConfiguration.healthContributorRegistry(HealthEndpointConfiguration.java:80)
	at java.base/jdk.internal.reflect.DirectMethodHandleAccessor.invoke(DirectMethodHandleAccessor.java:103)
	at java.base/java.lang.reflect.Method.invoke(Method.java:580)
	at org.springframework.beans.factory.support.SimpleInstantiationStrategy.instantiate(SimpleInstantiationStrategy.java:154)
	... 93 common frames omitted
Caused by: org.springframework.beans.factory.UnsatisfiedDependencyException: Error creating bean with name 'lettuceConnectionFactory' defined in class path resource [com/petrel/common/config/RedisSourceConfiguration.class]: Unsatisfied dependency expressed through method 'lettuceConnectionFactory' parameter 0; nested exception is org.springframework.beans.factory.UnsatisfiedDependencyException: Error creating bean with name 'genericObjectPoolConfig' defined in class path resource [com/petrel/common/config/RedisSourceConfiguration.class]: Unsatisfied dependency expressed through method 'genericObjectPoolConfig' parameter 0; nested exception is org.springframework.beans.factory.BeanCreationException: Error creating bean with name 'redisSourceProperties': Injection of autowired dependencies failed; nested exception is java.lang.IllegalArgumentException: Could not resolve placeholder 'redis.database' in value "${redis.database}"
	at org.springframework.beans.factory.support.ConstructorResolver.createArgumentArray(ConstructorResolver.java:798)
	at org.springframework.beans.factory.support.ConstructorResolver.instantiateUsingFactoryMethod(ConstructorResolver.java:539)
	at org.springframework.beans.factory.support.AbstractAutowireCapableBeanFactory.instantiateUsingFactoryMethod(AbstractAutowireCapableBeanFactory.java:1338)
	at org.springframework.beans.factory.support.AbstractAutowireCapableBeanFactory.createBeanInstance(AbstractAutowireCapableBeanFactory.java:1177)
	at org.springframework.beans.factory.support.AbstractAutowireCapableBeanFactory.doCreateBean(AbstractAutowireCapableBeanFactory.java:557)
	at org.springframework.beans.factory.support.AbstractAutowireCapableBeanFactory.createBean(AbstractAutowireCapableBeanFactory.java:517)
	at org.springframework.beans.factory.support.AbstractBeanFactory.lambda$doGetBean$0(AbstractBeanFactory.java:323)
	at org.springframework.beans.factory.support.DefaultSingletonBeanRegistry.getSingleton(DefaultSingletonBeanRegistry.java:222)
	at org.springframework.beans.factory.support.AbstractBeanFactory.doGetBean(AbstractBeanFactory.java:321)
	at org.springframework.beans.factory.support.AbstractBeanFactory.getBean(AbstractBeanFactory.java:202)
	at org.springframework.beans.factory.config.DependencyDescriptor.resolveCandidate(DependencyDescriptor.java:276)
	at org.springframework.beans.factory.support.DefaultListableBeanFactory.addCandidateEntry(DefaultListableBeanFactory.java:1503)
	at org.springframework.beans.factory.support.DefaultListableBeanFactory.findAutowireCandidates(DefaultListableBeanFactory.java:1467)
	at org.springframework.beans.factory.support.DefaultListableBeanFactory.resolveMultipleBeans(DefaultListableBeanFactory.java:1386)
	at org.springframework.beans.factory.support.DefaultListableBeanFactory.doResolveDependency(DefaultListableBeanFactory.java:1245)
	at org.springframework.beans.factory.support.DefaultListableBeanFactory.resolveDependency(DefaultListableBeanFactory.java:1207)
	at org.springframework.beans.factory.support.ConstructorResolver.resolveAutowiredArgument(ConstructorResolver.java:885)
	at org.springframework.beans.factory.support.ConstructorResolver.createArgumentArray(ConstructorResolver.java:789)
	... 119 common frames omitted
Caused by: org.springframework.beans.factory.UnsatisfiedDependencyException: Error creating bean with name 'genericObjectPoolConfig' defined in class path resource [com/petrel/common/config/RedisSourceConfiguration.class]: Unsatisfied dependency expressed through method 'genericObjectPoolConfig' parameter 0; nested exception is org.springframework.beans.factory.BeanCreationException: Error creating bean with name 'redisSourceProperties': Injection of autowired dependencies failed; nested exception is java.lang.IllegalArgumentException: Could not resolve placeholder 'redis.database' in value "${redis.database}"
	at org.springframework.beans.factory.support.ConstructorResolver.createArgumentArray(ConstructorResolver.java:798)
	at org.springframework.beans.factory.support.ConstructorResolver.instantiateUsingFactoryMethod(ConstructorResolver.java:539)
	at org.springframework.beans.factory.support.AbstractAutowireCapableBeanFactory.instantiateUsingFactoryMethod(AbstractAutowireCapableBeanFactory.java:1338)
	at org.springframework.beans.factory.support.AbstractAutowireCapableBeanFactory.createBeanInstance(AbstractAutowireCapableBeanFactory.java:1177)
	at org.springframework.beans.factory.support.AbstractAutowireCapableBeanFactory.doCreateBean(AbstractAutowireCapableBeanFactory.java:557)
	at org.springframework.beans.factory.support.AbstractAutowireCapableBeanFactory.createBean(AbstractAutowireCapableBeanFactory.java:517)
	at org.springframework.beans.factory.support.AbstractBeanFactory.lambda$doGetBean$0(AbstractBeanFactory.java:323)
	at org.springframework.beans.factory.support.DefaultSingletonBeanRegistry.getSingleton(DefaultSingletonBeanRegistry.java:222)
	at org.springframework.beans.factory.support.AbstractBeanFactory.doGetBean(AbstractBeanFactory.java:321)
	at org.springframework.beans.factory.support.AbstractBeanFactory.getBean(AbstractBeanFactory.java:202)
	at org.springframework.beans.factory.config.DependencyDescriptor.resolveCandidate(DependencyDescriptor.java:276)
	at org.springframework.beans.factory.support.DefaultListableBeanFactory.doResolveDependency(DefaultListableBeanFactory.java:1287)
	at org.springframework.beans.factory.support.DefaultListableBeanFactory.resolveDependency(DefaultListableBeanFactory.java:1207)
	at org.springframework.beans.factory.support.ConstructorResolver.resolveAutowiredArgument(ConstructorResolver.java:885)
	at org.springframework.beans.factory.support.ConstructorResolver.createArgumentArray(ConstructorResolver.java:789)
	... 136 common frames omitted
Caused by: org.springframework.beans.factory.BeanCreationException: Error creating bean with name 'redisSourceProperties': Injection of autowired dependencies failed; nested exception is java.lang.IllegalArgumentException: Could not resolve placeholder 'redis.database' in value "${redis.database}"
	at org.springframework.beans.factory.annotation.AutowiredAnnotationBeanPostProcessor.postProcessProperties(AutowiredAnnotationBeanPostProcessor.java:405)
	at org.springframework.beans.factory.support.AbstractAutowireCapableBeanFactory.populateBean(AbstractAutowireCapableBeanFactory.java:1422)
	at org.springframework.beans.factory.support.AbstractAutowireCapableBeanFactory.doCreateBean(AbstractAutowireCapableBeanFactory.java:594)
	at org.springframework.beans.factory.support.AbstractAutowireCapableBeanFactory.createBean(AbstractAutowireCapableBeanFactory.java:517)
	at org.springframework.beans.factory.support.AbstractBeanFactory.lambda$doGetBean$0(AbstractBeanFactory.java:323)
	at org.springframework.beans.factory.support.DefaultSingletonBeanRegistry.getSingleton(DefaultSingletonBeanRegistry.java:222)
	at org.springframework.beans.factory.support.AbstractBeanFactory.doGetBean(AbstractBeanFactory.java:321)
	at org.springframework.beans.factory.support.AbstractBeanFactory.getBean(AbstractBeanFactory.java:202)
	at org.springframework.beans.factory.config.DependencyDescriptor.resolveCandidate(DependencyDescriptor.java:276)
	at org.springframework.beans.factory.support.DefaultListableBeanFactory.doResolveDependency(DefaultListableBeanFactory.java:1287)
	at org.springframework.beans.factory.support.DefaultListableBeanFactory.resolveDependency(DefaultListableBeanFactory.java:1207)
	at org.springframework.beans.factory.support.ConstructorResolver.resolveAutowiredArgument(ConstructorResolver.java:885)
	at org.springframework.beans.factory.support.ConstructorResolver.createArgumentArray(ConstructorResolver.java:789)
	... 150 common frames omitted
Caused by: java.lang.IllegalArgumentException: Could not resolve placeholder 'redis.database' in value "${redis.database}"
	at org.springframework.util.PropertyPlaceholderHelper.parseStringValue(PropertyPlaceholderHelper.java:178)
	at org.springframework.util.PropertyPlaceholderHelper.replacePlaceholders(PropertyPlaceholderHelper.java:124)
	at org.springframework.core.env.AbstractPropertyResolver.doResolvePlaceholders(AbstractPropertyResolver.java:236)
	at org.springframework.core.env.AbstractPropertyResolver.resolveRequiredPlaceholders(AbstractPropertyResolver.java:210)
	at org.springframework.context.support.PropertySourcesPlaceholderConfigurer.lambda$processProperties$0(PropertySourcesPlaceholderConfigurer.java:175)
	at org.springframework.beans.factory.support.AbstractBeanFactory.resolveEmbeddedValue(AbstractBeanFactory.java:909)
	at org.springframework.beans.factory.support.DefaultListableBeanFactory.doResolveDependency(DefaultListableBeanFactory.java:1228)
	at org.springframework.beans.factory.support.DefaultListableBeanFactory.resolveDependency(DefaultListableBeanFactory.java:1207)
	at org.springframework.beans.factory.annotation.AutowiredAnnotationBeanPostProcessor$AutowiredFieldElement.inject(AutowiredAnnotationBeanPostProcessor.java:640)
	at org.springframework.beans.factory.annotation.InjectionMetadata.inject(InjectionMetadata.java:130)
	at org.springframework.beans.factory.annotation.AutowiredAnnotationBeanPostProcessor.postProcessProperties(AutowiredAnnotationBeanPostProcessor.java:399)
	... 162 common frames omitted
11-06 08:54:03.704 WARN  [background-preinit] [o.s.h.converter.json.Jackson2ObjectMapperBuilder] : For Jackson Kotlin classes support please add "com.fasterxml.jackson.module:jackson-module-kotlin" to the classpath
11-06 08:54:04.262 INFO  [main] [com.petrel.register.RegisterApplication] : The following profiles are active: prod
11-06 08:54:06.030 WARN  [main] [o.springframework.boot.actuate.endpoint.EndpointId] : Endpoint ID 'nacos-discovery' contains invalid characters, please migrate to a valid format.
11-06 08:54:06.785 INFO  [main] [o.s.d.r.config.RepositoryConfigurationDelegate] : Multiple Spring Data modules found, entering strict repository configuration mode!
11-06 08:54:06.795 INFO  [main] [o.s.d.r.config.RepositoryConfigurationDelegate] : Bootstrapping Spring Data Redis repositories in DEFAULT mode.
11-06 08:54:06.913 INFO  [main] [o.s.d.r.config.RepositoryConfigurationDelegate] : Finished Spring Data repository scanning in 51ms. Found 0 Redis repository interfaces.
11-06 08:54:07.198 WARN  [main] [o.springframework.boot.actuate.endpoint.EndpointId] : Endpoint ID 'service-registry' contains invalid characters, please migrate to a valid format.
11-06 08:54:08.115 INFO  [main] [o.springframework.cloud.context.scope.GenericScope] : BeanFactory id=473c1133-6b25-3a14-94b9-130e04f36133
11-06 08:54:09.683 INFO  [main] [o.s.c.s.PostProcessorRegistrationDelegate$BeanPostProcessorChecker] : Bean 'spring.datasource.dynamic-com.baomidou.dynamic.datasource.spring.boot.autoconfigure.DynamicDataSourceProperties' of type [com.baomidou.dynamic.datasource.spring.boot.autoconfigure.DynamicDataSourceProperties] is not eligible for getting processed by all BeanPostProcessors (for example: not eligible for auto-proxying)
11-06 08:54:09.716 INFO  [main] [o.s.c.s.PostProcessorRegistrationDelegate$BeanPostProcessorChecker] : Bean 'com.baomidou.dynamic.datasource.spring.boot.autoconfigure.DynamicDataSourceAutoConfiguration' of type [com.baomidou.dynamic.datasource.spring.boot.autoconfigure.DynamicDataSourceAutoConfiguration$$EnhancerBySpringCGLIB$$bedc5eb9] is not eligible for getting processed by all BeanPostProcessors (for example: not eligible for auto-proxying)
11-06 08:54:09.775 INFO  [main] [o.s.c.s.PostProcessorRegistrationDelegate$BeanPostProcessorChecker] : Bean 'dsProcessor' of type [com.baomidou.dynamic.datasource.processor.DsHeaderProcessor] is not eligible for getting processed by all BeanPostProcessors (for example: not eligible for auto-proxying)
11-06 08:54:10.685 INFO  [main] [o.s.boot.web.embedded.tomcat.TomcatWebServer] : Tomcat initialized with port(s): 8080 (http)
11-06 08:54:10.713 INFO  [main] [org.apache.catalina.core.StandardService] : Starting service [Tomcat]
11-06 08:54:10.715 INFO  [main] [org.apache.catalina.core.StandardEngine] : Starting Servlet engine: [Apache Tomcat/9.0.31]
11-06 08:54:10.813 INFO  [main] [o.a.c.core.ContainerBase.[Tomcat].[localhost].[/]] : Initializing Spring embedded WebApplicationContext
11-06 08:54:10.814 INFO  [main] [org.springframework.web.context.ContextLoader] : Root WebApplicationContext: initialization completed in 6509 ms
11-06 08:54:11.520 INFO  [main] [c.a.d.s.b.a.DruidDataSourceAutoConfigure] : Init DruidDataSource
11-06 08:54:11.959 INFO  [main] [com.alibaba.druid.pool.DruidDataSource] : {dataSource-1} inited
11-06 08:54:14.614 WARN  [main] [o.s.b.w.s.c.AnnotationConfigServletWebServerApplicationContext] : Exception encountered during context initialization - cancelling refresh attempt: org.springframework.beans.factory.UnsatisfiedDependencyException: Error creating bean with name 'lobbyLoadConfigController': Unsatisfied dependency expressed through field 'gameConfig'; nested exception is org.springframework.beans.factory.BeanCreationException: Error creating bean with name 'lobbyConfig' defined in class path resource [com/petrel/register/config/NacosConfiguration.class]: Initialization of bean failed; nested exception is org.springframework.beans.factory.BeanCreationException: endpoint is blank; nested exception is ErrCode:-400, ErrMsg:endpoint is blank
11-06 08:54:14.741 INFO  [main] [com.alibaba.druid.pool.DruidDataSource] : {dataSource-1} closing ...
11-06 08:54:14.742 INFO  [main] [com.alibaba.druid.pool.DruidDataSource] : {dataSource-1} closed
11-06 08:54:14.744 INFO  [main] [c.a.n.s.c.a.c.NacosValueAnnotationBeanPostProcessor] : class com.alibaba.nacos.spring.context.annotation.config.NacosValueAnnotationBeanPostProcessor was destroying!
11-06 08:54:14.744 INFO  [main] [c.a.n.s.b.f.a.AnnotationNacosInjectedBeanPostProcessor] : class com.alibaba.nacos.spring.beans.factory.annotation.AnnotationNacosInjectedBeanPostProcessor was destroying!
11-06 08:54:14.745 INFO  [main] [org.apache.catalina.core.StandardService] : Stopping service [Tomcat]
11-06 08:54:14.756 WARN  [main] [org.apache.catalina.loader.WebappClassLoaderBase] : The web application [ROOT] appears to have started a thread named [logback-1] but has failed to stop it. This is very likely to create a memory leak. Stack trace of thread:
 java.base/jdk.internal.misc.Unsafe.park(Native Method)
 java.base/java.util.concurrent.locks.LockSupport.parkNanos(LockSupport.java:269)
 java.base/java.util.concurrent.locks.AbstractQueuedSynchronizer$ConditionObject.awaitNanos(AbstractQueuedSynchronizer.java:1763)
 java.base/java.util.concurrent.ScheduledThreadPoolExecutor$DelayedWorkQueue.take(ScheduledThreadPoolExecutor.java:1182)
 java.base/java.util.concurrent.ScheduledThreadPoolExecutor$DelayedWorkQueue.take(ScheduledThreadPoolExecutor.java:899)
 java.base/java.util.concurrent.ThreadPoolExecutor.getTask(ThreadPoolExecutor.java:1070)
 java.base/java.util.concurrent.ThreadPoolExecutor.runWorker(ThreadPoolExecutor.java:1130)
 java.base/java.util.concurrent.ThreadPoolExecutor$Worker.run(ThreadPoolExecutor.java:642)
 java.base/java.lang.Thread.run(Thread.java:1583)
11-06 08:54:14.757 WARN  [main] [org.apache.catalina.loader.WebappClassLoaderBase] : The web application [ROOT] appears to have started a thread named [com.alibaba.nacos.naming.client.listener] but has failed to stop it. This is very likely to create a memory leak. Stack trace of thread:
 java.base/jdk.internal.misc.Unsafe.park(Native Method)
 java.base/java.util.concurrent.locks.LockSupport.parkNanos(LockSupport.java:269)
 java.base/java.util.concurrent.locks.AbstractQueuedSynchronizer$ConditionObject.awaitNanos(AbstractQueuedSynchronizer.java:1763)
 java.base/java.util.concurrent.LinkedBlockingQueue.poll(LinkedBlockingQueue.java:460)
 com.alibaba.nacos.client.naming.core.EventDispatcher$Notifier.run(EventDispatcher.java:118)
 java.base/java.util.concurrent.ThreadPoolExecutor.runWorker(ThreadPoolExecutor.java:1144)
 java.base/java.util.concurrent.ThreadPoolExecutor$Worker.run(ThreadPoolExecutor.java:642)
 java.base/java.lang.Thread.run(Thread.java:1583)
11-06 08:54:14.757 WARN  [main] [org.apache.catalina.loader.WebappClassLoaderBase] : The web application [ROOT] appears to have started a thread named [com.alibaba.nacos.client.naming.updater] but has failed to stop it. This is very likely to create a memory leak. Stack trace of thread:
 java.base/jdk.internal.misc.Unsafe.park(Native Method)
 java.base/java.util.concurrent.locks.LockSupport.parkNanos(LockSupport.java:269)
 java.base/java.util.concurrent.locks.AbstractQueuedSynchronizer$ConditionObject.awaitNanos(AbstractQueuedSynchronizer.java:1763)
 java.base/java.util.concurrent.ScheduledThreadPoolExecutor$DelayedWorkQueue.take(ScheduledThreadPoolExecutor.java:1182)
 java.base/java.util.concurrent.ScheduledThreadPoolExecutor$DelayedWorkQueue.take(ScheduledThreadPoolExecutor.java:899)
 java.base/java.util.concurrent.ThreadPoolExecutor.getTask(ThreadPoolExecutor.java:1070)
 java.base/java.util.concurrent.ThreadPoolExecutor.runWorker(ThreadPoolExecutor.java:1130)
 java.base/java.util.concurrent.ThreadPoolExecutor$Worker.run(ThreadPoolExecutor.java:642)
 java.base/java.lang.Thread.run(Thread.java:1583)
11-06 08:54:14.757 WARN  [main] [org.apache.catalina.loader.WebappClassLoaderBase] : The web application [ROOT] appears to have started a thread named [com.alibaba.nacos.client.naming.updater] but has failed to stop it. This is very likely to create a memory leak. Stack trace of thread:
 java.base/jdk.internal.misc.Unsafe.park(Native Method)
 java.base/java.util.concurrent.locks.LockSupport.park(LockSupport.java:371)
 java.base/java.util.concurrent.locks.AbstractQueuedSynchronizer$ConditionNode.block(AbstractQueuedSynchronizer.java:519)
 java.base/java.util.concurrent.ForkJoinPool.unmanagedBlock(ForkJoinPool.java:3780)
 java.base/java.util.concurrent.ForkJoinPool.managedBlock(ForkJoinPool.java:3725)
 java.base/java.util.concurrent.locks.AbstractQueuedSynchronizer$ConditionObject.await(AbstractQueuedSynchronizer.java:1712)
 java.base/java.util.concurrent.ScheduledThreadPoolExecutor$DelayedWorkQueue.take(ScheduledThreadPoolExecutor.java:1177)
 java.base/java.util.concurrent.ScheduledThreadPoolExecutor$DelayedWorkQueue.take(ScheduledThreadPoolExecutor.java:899)
 java.base/java.util.concurrent.ThreadPoolExecutor.getTask(ThreadPoolExecutor.java:1070)
 java.base/java.util.concurrent.ThreadPoolExecutor.runWorker(ThreadPoolExecutor.java:1130)
 java.base/java.util.concurrent.ThreadPoolExecutor$Worker.run(ThreadPoolExecutor.java:642)
 java.base/java.lang.Thread.run(Thread.java:1583)
11-06 08:54:14.757 WARN  [main] [org.apache.catalina.loader.WebappClassLoaderBase] : The web application [ROOT] appears to have started a thread named [com.alibaba.nacos.naming.failover] but has failed to stop it. This is very likely to create a memory leak. Stack trace of thread:
 java.base/jdk.internal.misc.Unsafe.park(Native Method)
 java.base/java.util.concurrent.locks.LockSupport.parkNanos(LockSupport.java:269)
 java.base/java.util.concurrent.locks.AbstractQueuedSynchronizer$ConditionObject.awaitNanos(AbstractQueuedSynchronizer.java:1763)
 java.base/java.util.concurrent.ScheduledThreadPoolExecutor$DelayedWorkQueue.take(ScheduledThreadPoolExecutor.java:1182)
 java.base/java.util.concurrent.ScheduledThreadPoolExecutor$DelayedWorkQueue.take(ScheduledThreadPoolExecutor.java:899)
 java.base/java.util.concurrent.ThreadPoolExecutor.getTask(ThreadPoolExecutor.java:1070)
 java.base/java.util.concurrent.ThreadPoolExecutor.runWorker(ThreadPoolExecutor.java:1130)
 java.base/java.util.concurrent.ThreadPoolExecutor$Worker.run(ThreadPoolExecutor.java:642)
 java.base/java.lang.Thread.run(Thread.java:1583)
11-06 08:54:14.758 WARN  [main] [org.apache.catalina.loader.WebappClassLoaderBase] : The web application [ROOT] appears to have started a thread named [com.alibaba.nacos.naming.push.receiver] but has failed to stop it. This is very likely to create a memory leak. Stack trace of thread:
 java.base/sun.nio.ch.DatagramChannelImpl.receive0(Native Method)
 java.base/sun.nio.ch.DatagramChannelImpl.receiveIntoNativeBuffer(DatagramChannelImpl.java:814)
 java.base/sun.nio.ch.DatagramChannelImpl.receive(DatagramChannelImpl.java:790)
 java.base/sun.nio.ch.DatagramChannelImpl.tryBlockingReceive(DatagramChannelImpl.java:751)
 java.base/sun.nio.ch.DatagramChannelImpl.blockingReceive(DatagramChannelImpl.java:692)
 java.base/sun.nio.ch.DatagramSocketAdaptor.receive(DatagramSocketAdaptor.java:204)
 java.base/java.net.DatagramSocket.receive(DatagramSocket.java:714)
 com.alibaba.nacos.client.naming.core.PushReceiver.run(PushReceiver.java:73)
 java.base/java.util.concurrent.Executors$RunnableAdapter.call(Executors.java:572)
 java.base/java.util.concurrent.FutureTask.run(FutureTask.java:317)
 java.base/java.util.concurrent.ScheduledThreadPoolExecutor$ScheduledFutureTask.run(ScheduledThreadPoolExecutor.java:304)
 java.base/java.util.concurrent.ThreadPoolExecutor.runWorker(ThreadPoolExecutor.java:1144)
 java.base/java.util.concurrent.ThreadPoolExecutor$Worker.run(ThreadPoolExecutor.java:642)
 java.base/java.lang.Thread.run(Thread.java:1583)
11-06 08:54:14.778 INFO  [main] [o.s.b.a.l.ConditionEvaluationReportLoggingListener] : 

Error starting ApplicationContext. To display the conditions report re-run your application with 'debug' enabled.
11-06 08:54:14.786 ERROR [main] [org.springframework.boot.SpringApplication] : Application run failed
org.springframework.beans.factory.UnsatisfiedDependencyException: Error creating bean with name 'lobbyLoadConfigController': Unsatisfied dependency expressed through field 'gameConfig'; nested exception is org.springframework.beans.factory.BeanCreationException: Error creating bean with name 'lobbyConfig' defined in class path resource [com/petrel/register/config/NacosConfiguration.class]: Initialization of bean failed; nested exception is org.springframework.beans.factory.BeanCreationException: endpoint is blank; nested exception is ErrCode:-400, ErrMsg:endpoint is blank
	at org.springframework.beans.factory.annotation.AutowiredAnnotationBeanPostProcessor$AutowiredFieldElement.inject(AutowiredAnnotationBeanPostProcessor.java:643)
	at org.springframework.beans.factory.annotation.InjectionMetadata.inject(InjectionMetadata.java:130)
	at org.springframework.beans.factory.annotation.AutowiredAnnotationBeanPostProcessor.postProcessProperties(AutowiredAnnotationBeanPostProcessor.java:399)
	at org.springframework.beans.factory.support.AbstractAutowireCapableBeanFactory.populateBean(AbstractAutowireCapableBeanFactory.java:1422)
	at org.springframework.beans.factory.support.AbstractAutowireCapableBeanFactory.doCreateBean(AbstractAutowireCapableBeanFactory.java:594)
	at org.springframework.beans.factory.support.AbstractAutowireCapableBeanFactory.createBean(AbstractAutowireCapableBeanFactory.java:517)
	at org.springframework.beans.factory.support.AbstractBeanFactory.lambda$doGetBean$0(AbstractBeanFactory.java:323)
	at org.springframework.beans.factory.support.DefaultSingletonBeanRegistry.getSingleton(DefaultSingletonBeanRegistry.java:222)
	at org.springframework.beans.factory.support.AbstractBeanFactory.doGetBean(AbstractBeanFactory.java:321)
	at org.springframework.beans.factory.support.AbstractBeanFactory.getBean(AbstractBeanFactory.java:202)
	at org.springframework.beans.factory.support.DefaultListableBeanFactory.preInstantiateSingletons(DefaultListableBeanFactory.java:879)
	at org.springframework.context.support.AbstractApplicationContext.finishBeanFactoryInitialization(AbstractApplicationContext.java:878)
	at org.springframework.context.support.AbstractApplicationContext.refresh(AbstractApplicationContext.java:550)
	at org.springframework.boot.web.servlet.context.ServletWebServerApplicationContext.refresh(ServletWebServerApplicationContext.java:141)
	at org.springframework.boot.SpringApplication.refresh(SpringApplication.java:747)
	at org.springframework.boot.SpringApplication.refreshContext(SpringApplication.java:397)
	at org.springframework.boot.SpringApplication.run(SpringApplication.java:315)
	at org.springframework.boot.SpringApplication.run(SpringApplication.java:1226)
	at org.springframework.boot.SpringApplication.run(SpringApplication.java:1215)
	at com.petrel.register.RegisterApplication.main(RegisterApplication.java:19)
	at java.base/jdk.internal.reflect.DirectMethodHandleAccessor.invoke(DirectMethodHandleAccessor.java:103)
	at java.base/java.lang.reflect.Method.invoke(Method.java:580)
	at org.springframework.boot.loader.MainMethodRunner.run(MainMethodRunner.java:48)
	at org.springframework.boot.loader.Launcher.launch(Launcher.java:87)
	at org.springframework.boot.loader.Launcher.launch(Launcher.java:51)
	at org.springframework.boot.loader.PropertiesLauncher.main(PropertiesLauncher.java:597)
Caused by: org.springframework.beans.factory.BeanCreationException: Error creating bean with name 'lobbyConfig' defined in class path resource [com/petrel/register/config/NacosConfiguration.class]: Initialization of bean failed; nested exception is org.springframework.beans.factory.BeanCreationException: endpoint is blank; nested exception is ErrCode:-400, ErrMsg:endpoint is blank
	at org.springframework.beans.factory.support.AbstractAutowireCapableBeanFactory.doCreateBean(AbstractAutowireCapableBeanFactory.java:603)
	at org.springframework.beans.factory.support.AbstractAutowireCapableBeanFactory.createBean(AbstractAutowireCapableBeanFactory.java:517)
	at org.springframework.beans.factory.support.AbstractBeanFactory.lambda$doGetBean$0(AbstractBeanFactory.java:323)
	at org.springframework.beans.factory.support.DefaultSingletonBeanRegistry.getSingleton(DefaultSingletonBeanRegistry.java:222)
	at org.springframework.beans.factory.support.AbstractBeanFactory.doGetBean(AbstractBeanFactory.java:321)
	at org.springframework.beans.factory.support.AbstractBeanFactory.getBean(AbstractBeanFactory.java:202)
	at org.springframework.beans.factory.config.DependencyDescriptor.resolveCandidate(DependencyDescriptor.java:276)
	at org.springframework.beans.factory.support.DefaultListableBeanFactory.doResolveDependency(DefaultListableBeanFactory.java:1287)
	at org.springframework.beans.factory.support.DefaultListableBeanFactory.resolveDependency(DefaultListableBeanFactory.java:1207)
	at org.springframework.beans.factory.annotation.AutowiredAnnotationBeanPostProcessor$AutowiredFieldElement.inject(AutowiredAnnotationBeanPostProcessor.java:640)
	... 25 common frames omitted
Caused by: org.springframework.beans.factory.BeanCreationException: endpoint is blank; nested exception is ErrCode:-400, ErrMsg:endpoint is blank
	at com.alibaba.nacos.spring.beans.factory.annotation.AbstractNacosServiceBeanBuilder.build(AbstractNacosServiceBeanBuilder.java:78)
	at com.alibaba.nacos.spring.beans.factory.annotation.AbstractNacosServiceBeanBuilder.build(AbstractNacosServiceBeanBuilder.java:60)
	at com.alibaba.nacos.spring.context.properties.config.NacosConfigurationPropertiesBinder.bind(NacosConfigurationPropertiesBinder.java:115)
	at com.alibaba.nacos.spring.context.properties.config.NacosConfigurationPropertiesBindingPostProcessor.bind(NacosConfigurationPropertiesBindingPostProcessor.java:91)
	at com.alibaba.nacos.spring.context.properties.config.NacosConfigurationPropertiesBindingPostProcessor.postProcessBeforeInitialization(NacosConfigurationPropertiesBindingPostProcessor.java:68)
	at org.springframework.beans.factory.support.AbstractAutowireCapableBeanFactory.applyBeanPostProcessorsBeforeInitialization(AbstractAutowireCapableBeanFactory.java:416)
	at org.springframework.beans.factory.support.AbstractAutowireCapableBeanFactory.initializeBean(AbstractAutowireCapableBeanFactory.java:1788)
	at org.springframework.beans.factory.support.AbstractAutowireCapableBeanFactory.doCreateBean(AbstractAutowireCapableBeanFactory.java:595)
	... 34 common frames omitted
Caused by: com.alibaba.nacos.api.exception.NacosException: java.lang.reflect.InvocationTargetException
	at com.alibaba.nacos.api.config.ConfigFactory.createConfigService(ConfigFactory.java:45)
	at com.alibaba.nacos.api.NacosFactory.createConfigService(NacosFactory.java:43)
	at com.alibaba.nacos.spring.factory.CacheableEventPublishingNacosServiceFactory$ConfigCreateWorker.run(CacheableEventPublishingNacosServiceFactory.java:250)
	at com.alibaba.nacos.spring.factory.CacheableEventPublishingNacosServiceFactory$ConfigCreateWorker.run(CacheableEventPublishingNacosServiceFactory.java:237)
	at com.alibaba.nacos.spring.factory.CacheableEventPublishingNacosServiceFactory.createConfigService(CacheableEventPublishingNacosServiceFactory.java:87)
	at com.alibaba.nacos.spring.beans.factory.annotation.ConfigServiceBeanBuilder.createService(ConfigServiceBeanBuilder.java:47)
	at com.alibaba.nacos.spring.beans.factory.annotation.ConfigServiceBeanBuilder.createService(ConfigServiceBeanBuilder.java:32)
	at com.alibaba.nacos.spring.beans.factory.annotation.AbstractNacosServiceBeanBuilder.build(AbstractNacosServiceBeanBuilder.java:75)
	... 41 common frames omitted
Caused by: java.lang.reflect.InvocationTargetException: null
	at java.base/jdk.internal.reflect.DirectConstructorHandleAccessor.newInstance(DirectConstructorHandleAccessor.java:74)
	at java.base/java.lang.reflect.Constructor.newInstanceWithCaller(Constructor.java:502)
	at java.base/java.lang.reflect.Constructor.newInstance(Constructor.java:486)
	at com.alibaba.nacos.api.config.ConfigFactory.createConfigService(ConfigFactory.java:42)
	... 48 common frames omitted
Caused by: com.alibaba.nacos.api.exception.NacosException: endpoint is blank
	at com.alibaba.nacos.client.config.impl.ServerListManager.<init>(ServerListManager.java:148)
	at com.alibaba.nacos.client.config.http.ServerHttpAgent.<init>(ServerHttpAgent.java:254)
	at com.alibaba.nacos.client.config.NacosConfigService.<init>(NacosConfigService.java:80)
	at java.base/jdk.internal.reflect.DirectConstructorHandleAccessor.newInstance(DirectConstructorHandleAccessor.java:62)
	... 51 common frames omitted
11-06 08:54:14.790 ERROR [main] [com.petrel.register.RegisterApplication] : start kernel user error
org.springframework.beans.factory.UnsatisfiedDependencyException: Error creating bean with name 'lobbyLoadConfigController': Unsatisfied dependency expressed through field 'gameConfig'; nested exception is org.springframework.beans.factory.BeanCreationException: Error creating bean with name 'lobbyConfig' defined in class path resource [com/petrel/register/config/NacosConfiguration.class]: Initialization of bean failed; nested exception is org.springframework.beans.factory.BeanCreationException: endpoint is blank; nested exception is ErrCode:-400, ErrMsg:endpoint is blank
	at org.springframework.beans.factory.annotation.AutowiredAnnotationBeanPostProcessor$AutowiredFieldElement.inject(AutowiredAnnotationBeanPostProcessor.java:643)
	at org.springframework.beans.factory.annotation.InjectionMetadata.inject(InjectionMetadata.java:130)
	at org.springframework.beans.factory.annotation.AutowiredAnnotationBeanPostProcessor.postProcessProperties(AutowiredAnnotationBeanPostProcessor.java:399)
	at org.springframework.beans.factory.support.AbstractAutowireCapableBeanFactory.populateBean(AbstractAutowireCapableBeanFactory.java:1422)
	at org.springframework.beans.factory.support.AbstractAutowireCapableBeanFactory.doCreateBean(AbstractAutowireCapableBeanFactory.java:594)
	at org.springframework.beans.factory.support.AbstractAutowireCapableBeanFactory.createBean(AbstractAutowireCapableBeanFactory.java:517)
	at org.springframework.beans.factory.support.AbstractBeanFactory.lambda$doGetBean$0(AbstractBeanFactory.java:323)
	at org.springframework.beans.factory.support.DefaultSingletonBeanRegistry.getSingleton(DefaultSingletonBeanRegistry.java:222)
	at org.springframework.beans.factory.support.AbstractBeanFactory.doGetBean(AbstractBeanFactory.java:321)
	at org.springframework.beans.factory.support.AbstractBeanFactory.getBean(AbstractBeanFactory.java:202)
	at org.springframework.beans.factory.support.DefaultListableBeanFactory.preInstantiateSingletons(DefaultListableBeanFactory.java:879)
	at org.springframework.context.support.AbstractApplicationContext.finishBeanFactoryInitialization(AbstractApplicationContext.java:878)
	at org.springframework.context.support.AbstractApplicationContext.refresh(AbstractApplicationContext.java:550)
	at org.springframework.boot.web.servlet.context.ServletWebServerApplicationContext.refresh(ServletWebServerApplicationContext.java:141)
	at org.springframework.boot.SpringApplication.refresh(SpringApplication.java:747)
	at org.springframework.boot.SpringApplication.refreshContext(SpringApplication.java:397)
	at org.springframework.boot.SpringApplication.run(SpringApplication.java:315)
	at org.springframework.boot.SpringApplication.run(SpringApplication.java:1226)
	at org.springframework.boot.SpringApplication.run(SpringApplication.java:1215)
	at com.petrel.register.RegisterApplication.main(RegisterApplication.java:19)
	at java.base/jdk.internal.reflect.DirectMethodHandleAccessor.invoke(DirectMethodHandleAccessor.java:103)
	at java.base/java.lang.reflect.Method.invoke(Method.java:580)
	at org.springframework.boot.loader.MainMethodRunner.run(MainMethodRunner.java:48)
	at org.springframework.boot.loader.Launcher.launch(Launcher.java:87)
	at org.springframework.boot.loader.Launcher.launch(Launcher.java:51)
	at org.springframework.boot.loader.PropertiesLauncher.main(PropertiesLauncher.java:597)
Caused by: org.springframework.beans.factory.BeanCreationException: Error creating bean with name 'lobbyConfig' defined in class path resource [com/petrel/register/config/NacosConfiguration.class]: Initialization of bean failed; nested exception is org.springframework.beans.factory.BeanCreationException: endpoint is blank; nested exception is ErrCode:-400, ErrMsg:endpoint is blank
	at org.springframework.beans.factory.support.AbstractAutowireCapableBeanFactory.doCreateBean(AbstractAutowireCapableBeanFactory.java:603)
	at org.springframework.beans.factory.support.AbstractAutowireCapableBeanFactory.createBean(AbstractAutowireCapableBeanFactory.java:517)
	at org.springframework.beans.factory.support.AbstractBeanFactory.lambda$doGetBean$0(AbstractBeanFactory.java:323)
	at org.springframework.beans.factory.support.DefaultSingletonBeanRegistry.getSingleton(DefaultSingletonBeanRegistry.java:222)
	at org.springframework.beans.factory.support.AbstractBeanFactory.doGetBean(AbstractBeanFactory.java:321)
	at org.springframework.beans.factory.support.AbstractBeanFactory.getBean(AbstractBeanFactory.java:202)
	at org.springframework.beans.factory.config.DependencyDescriptor.resolveCandidate(DependencyDescriptor.java:276)
	at org.springframework.beans.factory.support.DefaultListableBeanFactory.doResolveDependency(DefaultListableBeanFactory.java:1287)
	at org.springframework.beans.factory.support.DefaultListableBeanFactory.resolveDependency(DefaultListableBeanFactory.java:1207)
	at org.springframework.beans.factory.annotation.AutowiredAnnotationBeanPostProcessor$AutowiredFieldElement.inject(AutowiredAnnotationBeanPostProcessor.java:640)
	... 25 common frames omitted
Caused by: org.springframework.beans.factory.BeanCreationException: endpoint is blank; nested exception is ErrCode:-400, ErrMsg:endpoint is blank
	at com.alibaba.nacos.spring.beans.factory.annotation.AbstractNacosServiceBeanBuilder.build(AbstractNacosServiceBeanBuilder.java:78)
	at com.alibaba.nacos.spring.beans.factory.annotation.AbstractNacosServiceBeanBuilder.build(AbstractNacosServiceBeanBuilder.java:60)
	at com.alibaba.nacos.spring.context.properties.config.NacosConfigurationPropertiesBinder.bind(NacosConfigurationPropertiesBinder.java:115)
	at com.alibaba.nacos.spring.context.properties.config.NacosConfigurationPropertiesBindingPostProcessor.bind(NacosConfigurationPropertiesBindingPostProcessor.java:91)
	at com.alibaba.nacos.spring.context.properties.config.NacosConfigurationPropertiesBindingPostProcessor.postProcessBeforeInitialization(NacosConfigurationPropertiesBindingPostProcessor.java:68)
	at org.springframework.beans.factory.support.AbstractAutowireCapableBeanFactory.applyBeanPostProcessorsBeforeInitialization(AbstractAutowireCapableBeanFactory.java:416)
	at org.springframework.beans.factory.support.AbstractAutowireCapableBeanFactory.initializeBean(AbstractAutowireCapableBeanFactory.java:1788)
	at org.springframework.beans.factory.support.AbstractAutowireCapableBeanFactory.doCreateBean(AbstractAutowireCapableBeanFactory.java:595)
	... 34 common frames omitted
Caused by: com.alibaba.nacos.api.exception.NacosException: java.lang.reflect.InvocationTargetException
	at com.alibaba.nacos.api.config.ConfigFactory.createConfigService(ConfigFactory.java:45)
	at com.alibaba.nacos.api.NacosFactory.createConfigService(NacosFactory.java:43)
	at com.alibaba.nacos.spring.factory.CacheableEventPublishingNacosServiceFactory$ConfigCreateWorker.run(CacheableEventPublishingNacosServiceFactory.java:250)
	at com.alibaba.nacos.spring.factory.CacheableEventPublishingNacosServiceFactory$ConfigCreateWorker.run(CacheableEventPublishingNacosServiceFactory.java:237)
	at com.alibaba.nacos.spring.factory.CacheableEventPublishingNacosServiceFactory.createConfigService(CacheableEventPublishingNacosServiceFactory.java:87)
	at com.alibaba.nacos.spring.beans.factory.annotation.ConfigServiceBeanBuilder.createService(ConfigServiceBeanBuilder.java:47)
	at com.alibaba.nacos.spring.beans.factory.annotation.ConfigServiceBeanBuilder.createService(ConfigServiceBeanBuilder.java:32)
	at com.alibaba.nacos.spring.beans.factory.annotation.AbstractNacosServiceBeanBuilder.build(AbstractNacosServiceBeanBuilder.java:75)
	... 41 common frames omitted
Caused by: java.lang.reflect.InvocationTargetException: null
	at java.base/jdk.internal.reflect.DirectConstructorHandleAccessor.newInstance(DirectConstructorHandleAccessor.java:74)
	at java.base/java.lang.reflect.Constructor.newInstanceWithCaller(Constructor.java:502)
	at java.base/java.lang.reflect.Constructor.newInstance(Constructor.java:486)
	at com.alibaba.nacos.api.config.ConfigFactory.createConfigService(ConfigFactory.java:42)
	... 48 common frames omitted
Caused by: com.alibaba.nacos.api.exception.NacosException: endpoint is blank
	at com.alibaba.nacos.client.config.impl.ServerListManager.<init>(ServerListManager.java:148)
	at com.alibaba.nacos.client.config.http.ServerHttpAgent.<init>(ServerHttpAgent.java:254)
	at com.alibaba.nacos.client.config.NacosConfigService.<init>(NacosConfigService.java:80)
	at java.base/jdk.internal.reflect.DirectConstructorHandleAccessor.newInstance(DirectConstructorHandleAccessor.java:62)
	... 51 common frames omitted
11-06 09:08:44.485 WARN  [background-preinit] [o.s.h.converter.json.Jackson2ObjectMapperBuilder] : For Jackson Kotlin classes support please add "com.fasterxml.jackson.module:jackson-module-kotlin" to the classpath
11-06 09:08:45.465 INFO  [main] [com.petrel.register.RegisterApplication] : The following profiles are active: prod
11-06 09:08:47.503 WARN  [main] [o.springframework.boot.actuate.endpoint.EndpointId] : Endpoint ID 'nacos-discovery' contains invalid characters, please migrate to a valid format.
11-06 09:08:47.925 INFO  [main] [o.s.d.r.config.RepositoryConfigurationDelegate] : Multiple Spring Data modules found, entering strict repository configuration mode!
11-06 09:08:47.928 INFO  [main] [o.s.d.r.config.RepositoryConfigurationDelegate] : Bootstrapping Spring Data Redis repositories in DEFAULT mode.
11-06 09:08:47.966 INFO  [main] [o.s.d.r.config.RepositoryConfigurationDelegate] : Finished Spring Data repository scanning in 18ms. Found 0 Redis repository interfaces.
11-06 09:08:48.085 WARN  [main] [o.springframework.boot.actuate.endpoint.EndpointId] : Endpoint ID 'service-registry' contains invalid characters, please migrate to a valid format.
11-06 09:08:48.395 INFO  [main] [o.springframework.cloud.context.scope.GenericScope] : BeanFactory id=473c1133-6b25-3a14-94b9-130e04f36133
11-06 09:08:48.988 INFO  [main] [o.s.c.s.PostProcessorRegistrationDelegate$BeanPostProcessorChecker] : Bean 'spring.datasource.dynamic-com.baomidou.dynamic.datasource.spring.boot.autoconfigure.DynamicDataSourceProperties' of type [com.baomidou.dynamic.datasource.spring.boot.autoconfigure.DynamicDataSourceProperties] is not eligible for getting processed by all BeanPostProcessors (for example: not eligible for auto-proxying)
11-06 09:08:48.995 INFO  [main] [o.s.c.s.PostProcessorRegistrationDelegate$BeanPostProcessorChecker] : Bean 'com.baomidou.dynamic.datasource.spring.boot.autoconfigure.DynamicDataSourceAutoConfiguration' of type [com.baomidou.dynamic.datasource.spring.boot.autoconfigure.DynamicDataSourceAutoConfiguration$$EnhancerBySpringCGLIB$$ba221194] is not eligible for getting processed by all BeanPostProcessors (for example: not eligible for auto-proxying)
11-06 09:08:49.013 INFO  [main] [o.s.c.s.PostProcessorRegistrationDelegate$BeanPostProcessorChecker] : Bean 'dsProcessor' of type [com.baomidou.dynamic.datasource.processor.DsHeaderProcessor] is not eligible for getting processed by all BeanPostProcessors (for example: not eligible for auto-proxying)
11-06 09:08:49.475 INFO  [main] [o.s.boot.web.embedded.tomcat.TomcatWebServer] : Tomcat initialized with port(s): 8080 (http)
11-06 09:08:49.505 INFO  [main] [org.apache.catalina.core.StandardService] : Starting service [Tomcat]
11-06 09:08:49.506 INFO  [main] [org.apache.catalina.core.StandardEngine] : Starting Servlet engine: [Apache Tomcat/9.0.31]
11-06 09:08:49.596 INFO  [main] [o.a.c.core.ContainerBase.[Tomcat].[localhost].[/]] : Initializing Spring embedded WebApplicationContext
11-06 09:08:49.597 INFO  [main] [org.springframework.web.context.ContextLoader] : Root WebApplicationContext: initialization completed in 4057 ms
11-06 09:08:50.076 INFO  [main] [c.a.d.s.b.a.DruidDataSourceAutoConfigure] : Init DruidDataSource
11-06 09:08:50.353 INFO  [main] [com.alibaba.druid.pool.DruidDataSource] : {dataSource-1} inited
11-06 09:08:50.470 ERROR [main] [o.s.boot.web.embedded.tomcat.TomcatStarter] : Error starting Tomcat context. Exception: org.springframework.beans.factory.BeanCreationException. Message: Error creating bean with name 'servletEndpointRegistrar' defined in class path resource [org/springframework/boot/actuate/autoconfigure/endpoint/web/ServletEndpointManagementContextConfiguration$WebMvcServletEndpointManagementContextConfiguration.class]: Bean instantiation via factory method failed; nested exception is org.springframework.beans.BeanInstantiationException: Failed to instantiate [org.springframework.boot.actuate.endpoint.web.ServletEndpointRegistrar]: Factory method 'servletEndpointRegistrar' threw exception; nested exception is org.springframework.beans.factory.UnsatisfiedDependencyException: Error creating bean with name 'healthEndpoint' defined in class path resource [org/springframework/boot/actuate/autoconfigure/health/HealthEndpointConfiguration.class]: Unsatisfied dependency expressed through method 'healthEndpoint' parameter 0; nested exception is org.springframework.beans.factory.BeanCreationException: Error creating bean with name 'healthContributorRegistry' defined in class path resource [org/springframework/boot/actuate/autoconfigure/health/HealthEndpointConfiguration.class]: Bean instantiation via factory method failed; nested exception is org.springframework.beans.BeanInstantiationException: Failed to instantiate [org.springframework.boot.actuate.health.HealthContributorRegistry]: Factory method 'healthContributorRegistry' threw exception; nested exception is org.springframework.beans.factory.UnsatisfiedDependencyException: Error creating bean with name 'org.springframework.boot.actuate.autoconfigure.redis.RedisReactiveHealthContributorAutoConfiguration': Unsatisfied dependency expressed through constructor parameter 0; nested exception is org.springframework.beans.factory.UnsatisfiedDependencyException: Error creating bean with name 'lettuceConnectionFactory' defined in class path resource [com/petrel/common/config/RedisSourceConfiguration.class]: Unsatisfied dependency expressed through method 'lettuceConnectionFactory' parameter 0; nested exception is org.springframework.beans.factory.UnsatisfiedDependencyException: Error creating bean with name 'genericObjectPoolConfig' defined in class path resource [com/petrel/common/config/RedisSourceConfiguration.class]: Unsatisfied dependency expressed through method 'genericObjectPoolConfig' parameter 0; nested exception is org.springframework.beans.factory.BeanCreationException: Error creating bean with name 'redisSourceProperties': Injection of autowired dependencies failed; nested exception is java.lang.IllegalArgumentException: Could not resolve placeholder 'redis.database' in value "${redis.database}"
11-06 09:08:50.496 INFO  [main] [org.apache.catalina.core.StandardService] : Stopping service [Tomcat]
11-06 09:08:50.509 WARN  [main] [org.apache.catalina.loader.WebappClassLoaderBase] : The web application [ROOT] appears to have started a thread named [spring.cloud.inetutils] but has failed to stop it. This is very likely to create a memory leak. Stack trace of thread:
 java.base/jdk.internal.misc.Unsafe.park(Native Method)
 java.base/java.util.concurrent.locks.LockSupport.park(LockSupport.java:371)
 java.base/java.util.concurrent.locks.AbstractQueuedSynchronizer$ConditionNode.block(AbstractQueuedSynchronizer.java:519)
 java.base/java.util.concurrent.ForkJoinPool.unmanagedBlock(ForkJoinPool.java:3780)
 java.base/java.util.concurrent.ForkJoinPool.managedBlock(ForkJoinPool.java:3725)
 java.base/java.util.concurrent.locks.AbstractQueuedSynchronizer$ConditionObject.await(AbstractQueuedSynchronizer.java:1712)
 java.base/java.util.concurrent.LinkedBlockingQueue.take(LinkedBlockingQueue.java:435)
 java.base/java.util.concurrent.ThreadPoolExecutor.getTask(ThreadPoolExecutor.java:1070)
 java.base/java.util.concurrent.ThreadPoolExecutor.runWorker(ThreadPoolExecutor.java:1130)
 java.base/java.util.concurrent.ThreadPoolExecutor$Worker.run(ThreadPoolExecutor.java:642)
 java.base/java.lang.Thread.run(Thread.java:1583)
11-06 09:08:50.509 WARN  [main] [org.apache.catalina.loader.WebappClassLoaderBase] : The web application [ROOT] appears to have started a thread named [logback-1] but has failed to stop it. This is very likely to create a memory leak. Stack trace of thread:
 java.base/jdk.internal.misc.Unsafe.park(Native Method)
 java.base/java.util.concurrent.locks.LockSupport.parkNanos(LockSupport.java:269)
 java.base/java.util.concurrent.locks.AbstractQueuedSynchronizer$ConditionObject.awaitNanos(AbstractQueuedSynchronizer.java:1763)
 java.base/java.util.concurrent.ScheduledThreadPoolExecutor$DelayedWorkQueue.take(ScheduledThreadPoolExecutor.java:1182)
 java.base/java.util.concurrent.ScheduledThreadPoolExecutor$DelayedWorkQueue.take(ScheduledThreadPoolExecutor.java:899)
 java.base/java.util.concurrent.ThreadPoolExecutor.getTask(ThreadPoolExecutor.java:1070)
 java.base/java.util.concurrent.ThreadPoolExecutor.runWorker(ThreadPoolExecutor.java:1130)
 java.base/java.util.concurrent.ThreadPoolExecutor$Worker.run(ThreadPoolExecutor.java:642)
 java.base/java.lang.Thread.run(Thread.java:1583)
11-06 09:08:50.510 WARN  [main] [org.apache.catalina.loader.WebappClassLoaderBase] : The web application [ROOT] appears to have started a thread named [com.alibaba.nacos.naming.client.listener] but has failed to stop it. This is very likely to create a memory leak. Stack trace of thread:
 java.base/jdk.internal.misc.Unsafe.park(Native Method)
 java.base/java.util.concurrent.locks.LockSupport.parkNanos(LockSupport.java:269)
 java.base/java.util.concurrent.locks.AbstractQueuedSynchronizer$ConditionObject.awaitNanos(AbstractQueuedSynchronizer.java:1763)
 java.base/java.util.concurrent.LinkedBlockingQueue.poll(LinkedBlockingQueue.java:460)
 com.alibaba.nacos.client.naming.core.EventDispatcher$Notifier.run(EventDispatcher.java:118)
 java.base/java.util.concurrent.ThreadPoolExecutor.runWorker(ThreadPoolExecutor.java:1144)
 java.base/java.util.concurrent.ThreadPoolExecutor$Worker.run(ThreadPoolExecutor.java:642)
 java.base/java.lang.Thread.run(Thread.java:1583)
11-06 09:08:50.510 WARN  [main] [org.apache.catalina.loader.WebappClassLoaderBase] : The web application [ROOT] appears to have started a thread named [com.alibaba.nacos.client.naming.updater] but has failed to stop it. This is very likely to create a memory leak. Stack trace of thread:
 java.base/jdk.internal.misc.Unsafe.park(Native Method)
 java.base/java.util.concurrent.locks.LockSupport.parkNanos(LockSupport.java:269)
 java.base/java.util.concurrent.locks.AbstractQueuedSynchronizer$ConditionObject.awaitNanos(AbstractQueuedSynchronizer.java:1763)
 java.base/java.util.concurrent.ScheduledThreadPoolExecutor$DelayedWorkQueue.take(ScheduledThreadPoolExecutor.java:1182)
 java.base/java.util.concurrent.ScheduledThreadPoolExecutor$DelayedWorkQueue.take(ScheduledThreadPoolExecutor.java:899)
 java.base/java.util.concurrent.ThreadPoolExecutor.getTask(ThreadPoolExecutor.java:1070)
 java.base/java.util.concurrent.ThreadPoolExecutor.runWorker(ThreadPoolExecutor.java:1130)
 java.base/java.util.concurrent.ThreadPoolExecutor$Worker.run(ThreadPoolExecutor.java:642)
 java.base/java.lang.Thread.run(Thread.java:1583)
11-06 09:08:50.510 WARN  [main] [org.apache.catalina.loader.WebappClassLoaderBase] : The web application [ROOT] appears to have started a thread named [com.alibaba.nacos.client.naming.updater] but has failed to stop it. This is very likely to create a memory leak. Stack trace of thread:
 java.base/jdk.internal.misc.Unsafe.park(Native Method)
 java.base/java.util.concurrent.locks.LockSupport.park(LockSupport.java:371)
 java.base/java.util.concurrent.locks.AbstractQueuedSynchronizer$ConditionNode.block(AbstractQueuedSynchronizer.java:519)
 java.base/java.util.concurrent.ForkJoinPool.unmanagedBlock(ForkJoinPool.java:3780)
 java.base/java.util.concurrent.ForkJoinPool.managedBlock(ForkJoinPool.java:3725)
 java.base/java.util.concurrent.locks.AbstractQueuedSynchronizer$ConditionObject.await(AbstractQueuedSynchronizer.java:1712)
 java.base/java.util.concurrent.ScheduledThreadPoolExecutor$DelayedWorkQueue.take(ScheduledThreadPoolExecutor.java:1177)
 java.base/java.util.concurrent.ScheduledThreadPoolExecutor$DelayedWorkQueue.take(ScheduledThreadPoolExecutor.java:899)
 java.base/java.util.concurrent.ThreadPoolExecutor.getTask(ThreadPoolExecutor.java:1070)
 java.base/java.util.concurrent.ThreadPoolExecutor.runWorker(ThreadPoolExecutor.java:1130)
 java.base/java.util.concurrent.ThreadPoolExecutor$Worker.run(ThreadPoolExecutor.java:642)
 java.base/java.lang.Thread.run(Thread.java:1583)
11-06 09:08:50.510 WARN  [main] [org.apache.catalina.loader.WebappClassLoaderBase] : The web application [ROOT] appears to have started a thread named [com.alibaba.nacos.naming.failover] but has failed to stop it. This is very likely to create a memory leak. Stack trace of thread:
 java.base/jdk.internal.misc.Unsafe.park(Native Method)
 java.base/java.util.concurrent.locks.LockSupport.parkNanos(LockSupport.java:269)
 java.base/java.util.concurrent.locks.AbstractQueuedSynchronizer$ConditionObject.awaitNanos(AbstractQueuedSynchronizer.java:1763)
 java.base/java.util.concurrent.ScheduledThreadPoolExecutor$DelayedWorkQueue.take(ScheduledThreadPoolExecutor.java:1182)
 java.base/java.util.concurrent.ScheduledThreadPoolExecutor$DelayedWorkQueue.take(ScheduledThreadPoolExecutor.java:899)
 java.base/java.util.concurrent.ThreadPoolExecutor.getTask(ThreadPoolExecutor.java:1070)
 java.base/java.util.concurrent.ThreadPoolExecutor.runWorker(ThreadPoolExecutor.java:1130)
 java.base/java.util.concurrent.ThreadPoolExecutor$Worker.run(ThreadPoolExecutor.java:642)
 java.base/java.lang.Thread.run(Thread.java:1583)
11-06 09:08:50.511 WARN  [main] [org.apache.catalina.loader.WebappClassLoaderBase] : The web application [ROOT] appears to have started a thread named [com.alibaba.nacos.naming.push.receiver] but has failed to stop it. This is very likely to create a memory leak. Stack trace of thread:
 java.base/sun.nio.ch.DatagramChannelImpl.receive0(Native Method)
 java.base/sun.nio.ch.DatagramChannelImpl.receiveIntoNativeBuffer(DatagramChannelImpl.java:814)
 java.base/sun.nio.ch.DatagramChannelImpl.receive(DatagramChannelImpl.java:790)
 java.base/sun.nio.ch.DatagramChannelImpl.tryBlockingReceive(DatagramChannelImpl.java:751)
 java.base/sun.nio.ch.DatagramChannelImpl.blockingReceive(DatagramChannelImpl.java:692)
 java.base/sun.nio.ch.DatagramSocketAdaptor.receive(DatagramSocketAdaptor.java:204)
 java.base/java.net.DatagramSocket.receive(DatagramSocket.java:714)
 com.alibaba.nacos.client.naming.core.PushReceiver.run(PushReceiver.java:73)
 java.base/java.util.concurrent.Executors$RunnableAdapter.call(Executors.java:572)
 java.base/java.util.concurrent.FutureTask.run(FutureTask.java:317)
 java.base/java.util.concurrent.ScheduledThreadPoolExecutor$ScheduledFutureTask.run(ScheduledThreadPoolExecutor.java:304)
 java.base/java.util.concurrent.ThreadPoolExecutor.runWorker(ThreadPoolExecutor.java:1144)
 java.base/java.util.concurrent.ThreadPoolExecutor$Worker.run(ThreadPoolExecutor.java:642)
 java.base/java.lang.Thread.run(Thread.java:1583)
11-06 09:08:50.511 WARN  [main] [org.apache.catalina.loader.WebappClassLoaderBase] : The web application [ROOT] appears to have started a thread named [Druid-ConnectionPool-Create-1015659282] but has failed to stop it. This is very likely to create a memory leak. Stack trace of thread:
 java.base/jdk.internal.misc.Unsafe.park(Native Method)
 java.base/java.util.concurrent.locks.LockSupport.park(LockSupport.java:371)
 java.base/java.util.concurrent.locks.AbstractQueuedSynchronizer$ConditionNode.block(AbstractQueuedSynchronizer.java:519)
 java.base/java.util.concurrent.ForkJoinPool.unmanagedBlock(ForkJoinPool.java:3780)
 java.base/java.util.concurrent.ForkJoinPool.managedBlock(ForkJoinPool.java:3725)
 java.base/java.util.concurrent.locks.AbstractQueuedSynchronizer$ConditionObject.await(AbstractQueuedSynchronizer.java:1712)
 com.alibaba.druid.pool.DruidDataSource$CreateConnectionThread.run(DruidDataSource.java:2754)
11-06 09:08:50.511 WARN  [main] [org.apache.catalina.loader.WebappClassLoaderBase] : The web application [ROOT] appears to have started a thread named [Druid-ConnectionPool-Destroy-1015659282] but has failed to stop it. This is very likely to create a memory leak. Stack trace of thread:
 java.base/java.lang.Thread.sleep0(Native Method)
 java.base/java.lang.Thread.sleep(Thread.java:509)
 com.alibaba.druid.pool.DruidDataSource$DestroyConnectionThread.run(DruidDataSource.java:2850)
11-06 09:08:50.514 WARN  [main] [o.s.b.w.s.c.AnnotationConfigServletWebServerApplicationContext] : Exception encountered during context initialization - cancelling refresh attempt: org.springframework.context.ApplicationContextException: Unable to start web server; nested exception is org.springframework.boot.web.server.WebServerException: Unable to start embedded Tomcat
11-06 09:08:50.515 INFO  [main] [com.alibaba.druid.pool.DruidDataSource] : {dataSource-1} closing ...
11-06 09:08:50.516 INFO  [main] [com.alibaba.druid.pool.DruidDataSource] : {dataSource-1} closed
11-06 09:08:50.518 INFO  [main] [c.a.n.s.c.a.c.NacosValueAnnotationBeanPostProcessor] : class com.alibaba.nacos.spring.context.annotation.config.NacosValueAnnotationBeanPostProcessor was destroying!
11-06 09:08:50.519 INFO  [main] [c.a.n.s.b.f.a.AnnotationNacosInjectedBeanPostProcessor] : class com.alibaba.nacos.spring.beans.factory.annotation.AnnotationNacosInjectedBeanPostProcessor was destroying!
11-06 09:08:50.539 INFO  [main] [o.s.b.a.l.ConditionEvaluationReportLoggingListener] : 

Error starting ApplicationContext. To display the conditions report re-run your application with 'debug' enabled.
11-06 09:08:50.550 ERROR [main] [org.springframework.boot.SpringApplication] : Application run failed
org.springframework.context.ApplicationContextException: Unable to start web server; nested exception is org.springframework.boot.web.server.WebServerException: Unable to start embedded Tomcat
	at org.springframework.boot.web.servlet.context.ServletWebServerApplicationContext.onRefresh(ServletWebServerApplicationContext.java:156)
	at org.springframework.context.support.AbstractApplicationContext.refresh(AbstractApplicationContext.java:544)
	at org.springframework.boot.web.servlet.context.ServletWebServerApplicationContext.refresh(ServletWebServerApplicationContext.java:141)
	at org.springframework.boot.SpringApplication.refresh(SpringApplication.java:747)
	at org.springframework.boot.SpringApplication.refreshContext(SpringApplication.java:397)
	at org.springframework.boot.SpringApplication.run(SpringApplication.java:315)
	at org.springframework.boot.SpringApplication.run(SpringApplication.java:1226)
	at org.springframework.boot.SpringApplication.run(SpringApplication.java:1215)
	at com.petrel.register.RegisterApplication.main(RegisterApplication.java:19)
	at java.base/jdk.internal.reflect.DirectMethodHandleAccessor.invoke(DirectMethodHandleAccessor.java:103)
	at java.base/java.lang.reflect.Method.invoke(Method.java:580)
	at org.springframework.boot.loader.MainMethodRunner.run(MainMethodRunner.java:48)
	at org.springframework.boot.loader.Launcher.launch(Launcher.java:87)
	at org.springframework.boot.loader.Launcher.launch(Launcher.java:51)
	at org.springframework.boot.loader.PropertiesLauncher.main(PropertiesLauncher.java:597)
Caused by: org.springframework.boot.web.server.WebServerException: Unable to start embedded Tomcat
	at org.springframework.boot.web.embedded.tomcat.TomcatWebServer.initialize(TomcatWebServer.java:126)
	at org.springframework.boot.web.embedded.tomcat.TomcatWebServer.<init>(TomcatWebServer.java:88)
	at org.springframework.boot.web.embedded.tomcat.TomcatServletWebServerFactory.getTomcatWebServer(TomcatServletWebServerFactory.java:438)
	at org.springframework.boot.web.embedded.tomcat.TomcatServletWebServerFactory.getWebServer(TomcatServletWebServerFactory.java:191)
	at org.springframework.boot.web.servlet.context.ServletWebServerApplicationContext.createWebServer(ServletWebServerApplicationContext.java:180)
	at org.springframework.boot.web.servlet.context.ServletWebServerApplicationContext.onRefresh(ServletWebServerApplicationContext.java:153)
	... 14 common frames omitted
Caused by: org.springframework.beans.factory.BeanCreationException: Error creating bean with name 'servletEndpointRegistrar' defined in class path resource [org/springframework/boot/actuate/autoconfigure/endpoint/web/ServletEndpointManagementContextConfiguration$WebMvcServletEndpointManagementContextConfiguration.class]: Bean instantiation via factory method failed; nested exception is org.springframework.beans.BeanInstantiationException: Failed to instantiate [org.springframework.boot.actuate.endpoint.web.ServletEndpointRegistrar]: Factory method 'servletEndpointRegistrar' threw exception; nested exception is org.springframework.beans.factory.UnsatisfiedDependencyException: Error creating bean with name 'healthEndpoint' defined in class path resource [org/springframework/boot/actuate/autoconfigure/health/HealthEndpointConfiguration.class]: Unsatisfied dependency expressed through method 'healthEndpoint' parameter 0; nested exception is org.springframework.beans.factory.BeanCreationException: Error creating bean with name 'healthContributorRegistry' defined in class path resource [org/springframework/boot/actuate/autoconfigure/health/HealthEndpointConfiguration.class]: Bean instantiation via factory method failed; nested exception is org.springframework.beans.BeanInstantiationException: Failed to instantiate [org.springframework.boot.actuate.health.HealthContributorRegistry]: Factory method 'healthContributorRegistry' threw exception; nested exception is org.springframework.beans.factory.UnsatisfiedDependencyException: Error creating bean with name 'org.springframework.boot.actuate.autoconfigure.redis.RedisReactiveHealthContributorAutoConfiguration': Unsatisfied dependency expressed through constructor parameter 0; nested exception is org.springframework.beans.factory.UnsatisfiedDependencyException: Error creating bean with name 'lettuceConnectionFactory' defined in class path resource [com/petrel/common/config/RedisSourceConfiguration.class]: Unsatisfied dependency expressed through method 'lettuceConnectionFactory' parameter 0; nested exception is org.springframework.beans.factory.UnsatisfiedDependencyException: Error creating bean with name 'genericObjectPoolConfig' defined in class path resource [com/petrel/common/config/RedisSourceConfiguration.class]: Unsatisfied dependency expressed through method 'genericObjectPoolConfig' parameter 0; nested exception is org.springframework.beans.factory.BeanCreationException: Error creating bean with name 'redisSourceProperties': Injection of autowired dependencies failed; nested exception is java.lang.IllegalArgumentException: Could not resolve placeholder 'redis.database' in value "${redis.database}"
	at org.springframework.beans.factory.support.ConstructorResolver.instantiate(ConstructorResolver.java:656)
	at org.springframework.beans.factory.support.ConstructorResolver.instantiateUsingFactoryMethod(ConstructorResolver.java:636)
	at org.springframework.beans.factory.support.AbstractAutowireCapableBeanFactory.instantiateUsingFactoryMethod(AbstractAutowireCapableBeanFactory.java:1338)
	at org.springframework.beans.factory.support.AbstractAutowireCapableBeanFactory.createBeanInstance(AbstractAutowireCapableBeanFactory.java:1177)
	at org.springframework.beans.factory.support.AbstractAutowireCapableBeanFactory.doCreateBean(AbstractAutowireCapableBeanFactory.java:557)
	at org.springframework.beans.factory.support.AbstractAutowireCapableBeanFactory.createBean(AbstractAutowireCapableBeanFactory.java:517)
	at org.springframework.beans.factory.support.AbstractBeanFactory.lambda$doGetBean$0(AbstractBeanFactory.java:323)
	at org.springframework.beans.factory.support.DefaultSingletonBeanRegistry.getSingleton(DefaultSingletonBeanRegistry.java:222)
	at org.springframework.beans.factory.support.AbstractBeanFactory.doGetBean(AbstractBeanFactory.java:321)
	at org.springframework.beans.factory.support.AbstractBeanFactory.getBean(AbstractBeanFactory.java:207)
	at org.springframework.boot.web.servlet.ServletContextInitializerBeans.getOrderedBeansOfType(ServletContextInitializerBeans.java:211)
	at org.springframework.boot.web.servlet.ServletContextInitializerBeans.getOrderedBeansOfType(ServletContextInitializerBeans.java:202)
	at org.springframework.boot.web.servlet.ServletContextInitializerBeans.addServletContextInitializerBeans(ServletContextInitializerBeans.java:96)
	at org.springframework.boot.web.servlet.ServletContextInitializerBeans.<init>(ServletContextInitializerBeans.java:85)
	at org.springframework.boot.web.servlet.context.ServletWebServerApplicationContext.getServletContextInitializerBeans(ServletWebServerApplicationContext.java:253)
	at org.springframework.boot.web.servlet.context.ServletWebServerApplicationContext.selfInitialize(ServletWebServerApplicationContext.java:227)
	at org.springframework.boot.web.embedded.tomcat.TomcatStarter.onStartup(TomcatStarter.java:53)
	at org.apache.catalina.core.StandardContext.startInternal(StandardContext.java:5135)
	at org.apache.catalina.util.LifecycleBase.start(LifecycleBase.java:183)
	at org.apache.catalina.core.ContainerBase$StartChild.call(ContainerBase.java:1384)
	at org.apache.catalina.core.ContainerBase$StartChild.call(ContainerBase.java:1374)
	at java.base/java.util.concurrent.FutureTask.run(FutureTask.java:317)
	at org.apache.tomcat.util.threads.InlineExecutorService.execute(InlineExecutorService.java:75)
	at java.base/java.util.concurrent.AbstractExecutorService.submit(AbstractExecutorService.java:145)
	at org.apache.catalina.core.ContainerBase.startInternal(ContainerBase.java:909)
	at org.apache.catalina.core.StandardHost.startInternal(StandardHost.java:841)
	at org.apache.catalina.util.LifecycleBase.start(LifecycleBase.java:183)
	at org.apache.catalina.core.ContainerBase$StartChild.call(ContainerBase.java:1384)
	at org.apache.catalina.core.ContainerBase$StartChild.call(ContainerBase.java:1374)
	at java.base/java.util.concurrent.FutureTask.run(FutureTask.java:317)
	at org.apache.tomcat.util.threads.InlineExecutorService.execute(InlineExecutorService.java:75)
	at java.base/java.util.concurrent.AbstractExecutorService.submit(AbstractExecutorService.java:145)
	at org.apache.catalina.core.ContainerBase.startInternal(ContainerBase.java:909)
	at org.apache.catalina.core.StandardEngine.startInternal(StandardEngine.java:262)
	at org.apache.catalina.util.LifecycleBase.start(LifecycleBase.java:183)
	at org.apache.catalina.core.StandardService.startInternal(StandardService.java:421)
	at org.apache.catalina.util.LifecycleBase.start(LifecycleBase.java:183)
	at org.apache.catalina.core.StandardServer.startInternal(StandardServer.java:930)
	at org.apache.catalina.util.LifecycleBase.start(LifecycleBase.java:183)
	at org.apache.catalina.startup.Tomcat.start(Tomcat.java:467)
	at org.springframework.boot.web.embedded.tomcat.TomcatWebServer.initialize(TomcatWebServer.java:107)
	... 19 common frames omitted
Caused by: org.springframework.beans.BeanInstantiationException: Failed to instantiate [org.springframework.boot.actuate.endpoint.web.ServletEndpointRegistrar]: Factory method 'servletEndpointRegistrar' threw exception; nested exception is org.springframework.beans.factory.UnsatisfiedDependencyException: Error creating bean with name 'healthEndpoint' defined in class path resource [org/springframework/boot/actuate/autoconfigure/health/HealthEndpointConfiguration.class]: Unsatisfied dependency expressed through method 'healthEndpoint' parameter 0; nested exception is org.springframework.beans.factory.BeanCreationException: Error creating bean with name 'healthContributorRegistry' defined in class path resource [org/springframework/boot/actuate/autoconfigure/health/HealthEndpointConfiguration.class]: Bean instantiation via factory method failed; nested exception is org.springframework.beans.BeanInstantiationException: Failed to instantiate [org.springframework.boot.actuate.health.HealthContributorRegistry]: Factory method 'healthContributorRegistry' threw exception; nested exception is org.springframework.beans.factory.UnsatisfiedDependencyException: Error creating bean with name 'org.springframework.boot.actuate.autoconfigure.redis.RedisReactiveHealthContributorAutoConfiguration': Unsatisfied dependency expressed through constructor parameter 0; nested exception is org.springframework.beans.factory.UnsatisfiedDependencyException: Error creating bean with name 'lettuceConnectionFactory' defined in class path resource [com/petrel/common/config/RedisSourceConfiguration.class]: Unsatisfied dependency expressed through method 'lettuceConnectionFactory' parameter 0; nested exception is org.springframework.beans.factory.UnsatisfiedDependencyException: Error creating bean with name 'genericObjectPoolConfig' defined in class path resource [com/petrel/common/config/RedisSourceConfiguration.class]: Unsatisfied dependency expressed through method 'genericObjectPoolConfig' parameter 0; nested exception is org.springframework.beans.factory.BeanCreationException: Error creating bean with name 'redisSourceProperties': Injection of autowired dependencies failed; nested exception is java.lang.IllegalArgumentException: Could not resolve placeholder 'redis.database' in value "${redis.database}"
	at org.springframework.beans.factory.support.SimpleInstantiationStrategy.instantiate(SimpleInstantiationStrategy.java:185)
	at org.springframework.beans.factory.support.ConstructorResolver.instantiate(ConstructorResolver.java:651)
	... 59 common frames omitted
Caused by: org.springframework.beans.factory.UnsatisfiedDependencyException: Error creating bean with name 'healthEndpoint' defined in class path resource [org/springframework/boot/actuate/autoconfigure/health/HealthEndpointConfiguration.class]: Unsatisfied dependency expressed through method 'healthEndpoint' parameter 0; nested exception is org.springframework.beans.factory.BeanCreationException: Error creating bean with name 'healthContributorRegistry' defined in class path resource [org/springframework/boot/actuate/autoconfigure/health/HealthEndpointConfiguration.class]: Bean instantiation via factory method failed; nested exception is org.springframework.beans.BeanInstantiationException: Failed to instantiate [org.springframework.boot.actuate.health.HealthContributorRegistry]: Factory method 'healthContributorRegistry' threw exception; nested exception is org.springframework.beans.factory.UnsatisfiedDependencyException: Error creating bean with name 'org.springframework.boot.actuate.autoconfigure.redis.RedisReactiveHealthContributorAutoConfiguration': Unsatisfied dependency expressed through constructor parameter 0; nested exception is org.springframework.beans.factory.UnsatisfiedDependencyException: Error creating bean with name 'lettuceConnectionFactory' defined in class path resource [com/petrel/common/config/RedisSourceConfiguration.class]: Unsatisfied dependency expressed through method 'lettuceConnectionFactory' parameter 0; nested exception is org.springframework.beans.factory.UnsatisfiedDependencyException: Error creating bean with name 'genericObjectPoolConfig' defined in class path resource [com/petrel/common/config/RedisSourceConfiguration.class]: Unsatisfied dependency expressed through method 'genericObjectPoolConfig' parameter 0; nested exception is org.springframework.beans.factory.BeanCreationException: Error creating bean with name 'redisSourceProperties': Injection of autowired dependencies failed; nested exception is java.lang.IllegalArgumentException: Could not resolve placeholder 'redis.database' in value "${redis.database}"
	at org.springframework.beans.factory.support.ConstructorResolver.createArgumentArray(ConstructorResolver.java:798)
	at org.springframework.beans.factory.support.ConstructorResolver.instantiateUsingFactoryMethod(ConstructorResolver.java:539)
	at org.springframework.beans.factory.support.AbstractAutowireCapableBeanFactory.instantiateUsingFactoryMethod(AbstractAutowireCapableBeanFactory.java:1338)
	at org.springframework.beans.factory.support.AbstractAutowireCapableBeanFactory.createBeanInstance(AbstractAutowireCapableBeanFactory.java:1177)
	at org.springframework.beans.factory.support.AbstractAutowireCapableBeanFactory.doCreateBean(AbstractAutowireCapableBeanFactory.java:557)
	at org.springframework.beans.factory.support.AbstractAutowireCapableBeanFactory.createBean(AbstractAutowireCapableBeanFactory.java:517)
	at org.springframework.beans.factory.support.AbstractBeanFactory.lambda$doGetBean$0(AbstractBeanFactory.java:323)
	at org.springframework.beans.factory.support.DefaultSingletonBeanRegistry.getSingleton(DefaultSingletonBeanRegistry.java:222)
	at org.springframework.beans.factory.support.AbstractBeanFactory.doGetBean(AbstractBeanFactory.java:321)
	at org.springframework.beans.factory.support.AbstractBeanFactory.getBean(AbstractBeanFactory.java:202)
	at org.springframework.context.support.AbstractApplicationContext.getBean(AbstractApplicationContext.java:1108)
	at org.springframework.boot.actuate.endpoint.annotation.EndpointDiscoverer.createEndpointBean(EndpointDiscoverer.java:143)
	at org.springframework.boot.actuate.endpoint.annotation.EndpointDiscoverer.createEndpointBeans(EndpointDiscoverer.java:133)
	at org.springframework.boot.actuate.endpoint.annotation.EndpointDiscoverer.discoverEndpoints(EndpointDiscoverer.java:122)
	at org.springframework.boot.actuate.endpoint.annotation.EndpointDiscoverer.getEndpoints(EndpointDiscoverer.java:116)
	at org.springframework.boot.actuate.autoconfigure.endpoint.web.ServletEndpointManagementContextConfiguration$WebMvcServletEndpointManagementContextConfiguration.servletEndpointRegistrar(ServletEndpointManagementContextConfiguration.java:65)
	at java.base/jdk.internal.reflect.DirectMethodHandleAccessor.invoke(DirectMethodHandleAccessor.java:103)
	at java.base/java.lang.reflect.Method.invoke(Method.java:580)
	at org.springframework.beans.factory.support.SimpleInstantiationStrategy.instantiate(SimpleInstantiationStrategy.java:154)
	... 60 common frames omitted
Caused by: org.springframework.beans.factory.BeanCreationException: Error creating bean with name 'healthContributorRegistry' defined in class path resource [org/springframework/boot/actuate/autoconfigure/health/HealthEndpointConfiguration.class]: Bean instantiation via factory method failed; nested exception is org.springframework.beans.BeanInstantiationException: Failed to instantiate [org.springframework.boot.actuate.health.HealthContributorRegistry]: Factory method 'healthContributorRegistry' threw exception; nested exception is org.springframework.beans.factory.UnsatisfiedDependencyException: Error creating bean with name 'org.springframework.boot.actuate.autoconfigure.redis.RedisReactiveHealthContributorAutoConfiguration': Unsatisfied dependency expressed through constructor parameter 0; nested exception is org.springframework.beans.factory.UnsatisfiedDependencyException: Error creating bean with name 'lettuceConnectionFactory' defined in class path resource [com/petrel/common/config/RedisSourceConfiguration.class]: Unsatisfied dependency expressed through method 'lettuceConnectionFactory' parameter 0; nested exception is org.springframework.beans.factory.UnsatisfiedDependencyException: Error creating bean with name 'genericObjectPoolConfig' defined in class path resource [com/petrel/common/config/RedisSourceConfiguration.class]: Unsatisfied dependency expressed through method 'genericObjectPoolConfig' parameter 0; nested exception is org.springframework.beans.factory.BeanCreationException: Error creating bean with name 'redisSourceProperties': Injection of autowired dependencies failed; nested exception is java.lang.IllegalArgumentException: Could not resolve placeholder 'redis.database' in value "${redis.database}"
	at org.springframework.beans.factory.support.ConstructorResolver.instantiate(ConstructorResolver.java:656)
	at org.springframework.beans.factory.support.ConstructorResolver.instantiateUsingFactoryMethod(ConstructorResolver.java:636)
	at org.springframework.beans.factory.support.AbstractAutowireCapableBeanFactory.instantiateUsingFactoryMethod(AbstractAutowireCapableBeanFactory.java:1338)
	at org.springframework.beans.factory.support.AbstractAutowireCapableBeanFactory.createBeanInstance(AbstractAutowireCapableBeanFactory.java:1177)
	at org.springframework.beans.factory.support.AbstractAutowireCapableBeanFactory.doCreateBean(AbstractAutowireCapableBeanFactory.java:557)
	at org.springframework.beans.factory.support.AbstractAutowireCapableBeanFactory.createBean(AbstractAutowireCapableBeanFactory.java:517)
	at org.springframework.beans.factory.support.AbstractBeanFactory.lambda$doGetBean$0(AbstractBeanFactory.java:323)
	at org.springframework.beans.factory.support.DefaultSingletonBeanRegistry.getSingleton(DefaultSingletonBeanRegistry.java:222)
	at org.springframework.beans.factory.support.AbstractBeanFactory.doGetBean(AbstractBeanFactory.java:321)
	at org.springframework.beans.factory.support.AbstractBeanFactory.getBean(AbstractBeanFactory.java:202)
	at org.springframework.beans.factory.config.DependencyDescriptor.resolveCandidate(DependencyDescriptor.java:276)
	at org.springframework.beans.factory.support.DefaultListableBeanFactory.doResolveDependency(DefaultListableBeanFactory.java:1287)
	at org.springframework.beans.factory.support.DefaultListableBeanFactory.resolveDependency(DefaultListableBeanFactory.java:1207)
	at org.springframework.beans.factory.support.ConstructorResolver.resolveAutowiredArgument(ConstructorResolver.java:885)
	at org.springframework.beans.factory.support.ConstructorResolver.createArgumentArray(ConstructorResolver.java:789)
	... 78 common frames omitted
Caused by: org.springframework.beans.BeanInstantiationException: Failed to instantiate [org.springframework.boot.actuate.health.HealthContributorRegistry]: Factory method 'healthContributorRegistry' threw exception; nested exception is org.springframework.beans.factory.UnsatisfiedDependencyException: Error creating bean with name 'org.springframework.boot.actuate.autoconfigure.redis.RedisReactiveHealthContributorAutoConfiguration': Unsatisfied dependency expressed through constructor parameter 0; nested exception is org.springframework.beans.factory.UnsatisfiedDependencyException: Error creating bean with name 'lettuceConnectionFactory' defined in class path resource [com/petrel/common/config/RedisSourceConfiguration.class]: Unsatisfied dependency expressed through method 'lettuceConnectionFactory' parameter 0; nested exception is org.springframework.beans.factory.UnsatisfiedDependencyException: Error creating bean with name 'genericObjectPoolConfig' defined in class path resource [com/petrel/common/config/RedisSourceConfiguration.class]: Unsatisfied dependency expressed through method 'genericObjectPoolConfig' parameter 0; nested exception is org.springframework.beans.factory.BeanCreationException: Error creating bean with name 'redisSourceProperties': Injection of autowired dependencies failed; nested exception is java.lang.IllegalArgumentException: Could not resolve placeholder 'redis.database' in value "${redis.database}"
	at org.springframework.beans.factory.support.SimpleInstantiationStrategy.instantiate(SimpleInstantiationStrategy.java:185)
	at org.springframework.beans.factory.support.ConstructorResolver.instantiate(ConstructorResolver.java:651)
	... 92 common frames omitted
Caused by: org.springframework.beans.factory.UnsatisfiedDependencyException: Error creating bean with name 'org.springframework.boot.actuate.autoconfigure.redis.RedisReactiveHealthContributorAutoConfiguration': Unsatisfied dependency expressed through constructor parameter 0; nested exception is org.springframework.beans.factory.UnsatisfiedDependencyException: Error creating bean with name 'lettuceConnectionFactory' defined in class path resource [com/petrel/common/config/RedisSourceConfiguration.class]: Unsatisfied dependency expressed through method 'lettuceConnectionFactory' parameter 0; nested exception is org.springframework.beans.factory.UnsatisfiedDependencyException: Error creating bean with name 'genericObjectPoolConfig' defined in class path resource [com/petrel/common/config/RedisSourceConfiguration.class]: Unsatisfied dependency expressed through method 'genericObjectPoolConfig' parameter 0; nested exception is org.springframework.beans.factory.BeanCreationException: Error creating bean with name 'redisSourceProperties': Injection of autowired dependencies failed; nested exception is java.lang.IllegalArgumentException: Could not resolve placeholder 'redis.database' in value "${redis.database}"
	at org.springframework.beans.factory.support.ConstructorResolver.createArgumentArray(ConstructorResolver.java:798)
	at org.springframework.beans.factory.support.ConstructorResolver.autowireConstructor(ConstructorResolver.java:228)
	at org.springframework.beans.factory.support.AbstractAutowireCapableBeanFactory.autowireConstructor(AbstractAutowireCapableBeanFactory.java:1358)
	at org.springframework.beans.factory.support.AbstractAutowireCapableBeanFactory.createBeanInstance(AbstractAutowireCapableBeanFactory.java:1204)
	at org.springframework.beans.factory.support.AbstractAutowireCapableBeanFactory.doCreateBean(AbstractAutowireCapableBeanFactory.java:557)
	at org.springframework.beans.factory.support.AbstractAutowireCapableBeanFactory.createBean(AbstractAutowireCapableBeanFactory.java:517)
	at org.springframework.beans.factory.support.AbstractBeanFactory.lambda$doGetBean$0(AbstractBeanFactory.java:323)
	at org.springframework.beans.factory.support.DefaultSingletonBeanRegistry.getSingleton(DefaultSingletonBeanRegistry.java:222)
	at org.springframework.beans.factory.support.AbstractBeanFactory.doGetBean(AbstractBeanFactory.java:321)
	at org.springframework.beans.factory.support.AbstractBeanFactory.getBean(AbstractBeanFactory.java:202)
	at org.springframework.beans.factory.support.ConstructorResolver.instantiateUsingFactoryMethod(ConstructorResolver.java:409)
	at org.springframework.beans.factory.support.AbstractAutowireCapableBeanFactory.instantiateUsingFactoryMethod(AbstractAutowireCapableBeanFactory.java:1338)
	at org.springframework.beans.factory.support.AbstractAutowireCapableBeanFactory.createBeanInstance(AbstractAutowireCapableBeanFactory.java:1177)
	at org.springframework.beans.factory.support.AbstractAutowireCapableBeanFactory.doCreateBean(AbstractAutowireCapableBeanFactory.java:557)
	at org.springframework.beans.factory.support.AbstractAutowireCapableBeanFactory.createBean(AbstractAutowireCapableBeanFactory.java:517)
	at org.springframework.beans.factory.support.AbstractBeanFactory.lambda$doGetBean$0(AbstractBeanFactory.java:323)
	at org.springframework.beans.factory.support.DefaultSingletonBeanRegistry.getSingleton(DefaultSingletonBeanRegistry.java:222)
	at org.springframework.beans.factory.support.AbstractBeanFactory.doGetBean(AbstractBeanFactory.java:321)
	at org.springframework.beans.factory.support.AbstractBeanFactory.getBean(AbstractBeanFactory.java:202)
	at org.springframework.beans.factory.support.DefaultListableBeanFactory.getBeansOfType(DefaultListableBeanFactory.java:617)
	at org.springframework.beans.factory.support.DefaultListableBeanFactory.getBeansOfType(DefaultListableBeanFactory.java:605)
	at org.springframework.context.support.AbstractApplicationContext.getBeansOfType(AbstractApplicationContext.java:1242)
	at org.springframework.boot.actuate.autoconfigure.health.HealthEndpointConfiguration$AdaptedReactiveHealthContributors.<init>(HealthEndpointConfiguration.java:101)
	at org.springframework.boot.actuate.autoconfigure.health.HealthEndpointConfiguration.healthContributorRegistry(HealthEndpointConfiguration.java:80)
	at java.base/jdk.internal.reflect.DirectMethodHandleAccessor.invoke(DirectMethodHandleAccessor.java:103)
	at java.base/java.lang.reflect.Method.invoke(Method.java:580)
	at org.springframework.beans.factory.support.SimpleInstantiationStrategy.instantiate(SimpleInstantiationStrategy.java:154)
	... 93 common frames omitted
Caused by: org.springframework.beans.factory.UnsatisfiedDependencyException: Error creating bean with name 'lettuceConnectionFactory' defined in class path resource [com/petrel/common/config/RedisSourceConfiguration.class]: Unsatisfied dependency expressed through method 'lettuceConnectionFactory' parameter 0; nested exception is org.springframework.beans.factory.UnsatisfiedDependencyException: Error creating bean with name 'genericObjectPoolConfig' defined in class path resource [com/petrel/common/config/RedisSourceConfiguration.class]: Unsatisfied dependency expressed through method 'genericObjectPoolConfig' parameter 0; nested exception is org.springframework.beans.factory.BeanCreationException: Error creating bean with name 'redisSourceProperties': Injection of autowired dependencies failed; nested exception is java.lang.IllegalArgumentException: Could not resolve placeholder 'redis.database' in value "${redis.database}"
	at org.springframework.beans.factory.support.ConstructorResolver.createArgumentArray(ConstructorResolver.java:798)
	at org.springframework.beans.factory.support.ConstructorResolver.instantiateUsingFactoryMethod(ConstructorResolver.java:539)
	at org.springframework.beans.factory.support.AbstractAutowireCapableBeanFactory.instantiateUsingFactoryMethod(AbstractAutowireCapableBeanFactory.java:1338)
	at org.springframework.beans.factory.support.AbstractAutowireCapableBeanFactory.createBeanInstance(AbstractAutowireCapableBeanFactory.java:1177)
	at org.springframework.beans.factory.support.AbstractAutowireCapableBeanFactory.doCreateBean(AbstractAutowireCapableBeanFactory.java:557)
	at org.springframework.beans.factory.support.AbstractAutowireCapableBeanFactory.createBean(AbstractAutowireCapableBeanFactory.java:517)
	at org.springframework.beans.factory.support.AbstractBeanFactory.lambda$doGetBean$0(AbstractBeanFactory.java:323)
	at org.springframework.beans.factory.support.DefaultSingletonBeanRegistry.getSingleton(DefaultSingletonBeanRegistry.java:222)
	at org.springframework.beans.factory.support.AbstractBeanFactory.doGetBean(AbstractBeanFactory.java:321)
	at org.springframework.beans.factory.support.AbstractBeanFactory.getBean(AbstractBeanFactory.java:202)
	at org.springframework.beans.factory.config.DependencyDescriptor.resolveCandidate(DependencyDescriptor.java:276)
	at org.springframework.beans.factory.support.DefaultListableBeanFactory.addCandidateEntry(DefaultListableBeanFactory.java:1503)
	at org.springframework.beans.factory.support.DefaultListableBeanFactory.findAutowireCandidates(DefaultListableBeanFactory.java:1467)
	at org.springframework.beans.factory.support.DefaultListableBeanFactory.resolveMultipleBeans(DefaultListableBeanFactory.java:1386)
	at org.springframework.beans.factory.support.DefaultListableBeanFactory.doResolveDependency(DefaultListableBeanFactory.java:1245)
	at org.springframework.beans.factory.support.DefaultListableBeanFactory.resolveDependency(DefaultListableBeanFactory.java:1207)
	at org.springframework.beans.factory.support.ConstructorResolver.resolveAutowiredArgument(ConstructorResolver.java:885)
	at org.springframework.beans.factory.support.ConstructorResolver.createArgumentArray(ConstructorResolver.java:789)
	... 119 common frames omitted
Caused by: org.springframework.beans.factory.UnsatisfiedDependencyException: Error creating bean with name 'genericObjectPoolConfig' defined in class path resource [com/petrel/common/config/RedisSourceConfiguration.class]: Unsatisfied dependency expressed through method 'genericObjectPoolConfig' parameter 0; nested exception is org.springframework.beans.factory.BeanCreationException: Error creating bean with name 'redisSourceProperties': Injection of autowired dependencies failed; nested exception is java.lang.IllegalArgumentException: Could not resolve placeholder 'redis.database' in value "${redis.database}"
	at org.springframework.beans.factory.support.ConstructorResolver.createArgumentArray(ConstructorResolver.java:798)
	at org.springframework.beans.factory.support.ConstructorResolver.instantiateUsingFactoryMethod(ConstructorResolver.java:539)
	at org.springframework.beans.factory.support.AbstractAutowireCapableBeanFactory.instantiateUsingFactoryMethod(AbstractAutowireCapableBeanFactory.java:1338)
	at org.springframework.beans.factory.support.AbstractAutowireCapableBeanFactory.createBeanInstance(AbstractAutowireCapableBeanFactory.java:1177)
	at org.springframework.beans.factory.support.AbstractAutowireCapableBeanFactory.doCreateBean(AbstractAutowireCapableBeanFactory.java:557)
	at org.springframework.beans.factory.support.AbstractAutowireCapableBeanFactory.createBean(AbstractAutowireCapableBeanFactory.java:517)
	at org.springframework.beans.factory.support.AbstractBeanFactory.lambda$doGetBean$0(AbstractBeanFactory.java:323)
	at org.springframework.beans.factory.support.DefaultSingletonBeanRegistry.getSingleton(DefaultSingletonBeanRegistry.java:222)
	at org.springframework.beans.factory.support.AbstractBeanFactory.doGetBean(AbstractBeanFactory.java:321)
	at org.springframework.beans.factory.support.AbstractBeanFactory.getBean(AbstractBeanFactory.java:202)
	at org.springframework.beans.factory.config.DependencyDescriptor.resolveCandidate(DependencyDescriptor.java:276)
	at org.springframework.beans.factory.support.DefaultListableBeanFactory.doResolveDependency(DefaultListableBeanFactory.java:1287)
	at org.springframework.beans.factory.support.DefaultListableBeanFactory.resolveDependency(DefaultListableBeanFactory.java:1207)
	at org.springframework.beans.factory.support.ConstructorResolver.resolveAutowiredArgument(ConstructorResolver.java:885)
	at org.springframework.beans.factory.support.ConstructorResolver.createArgumentArray(ConstructorResolver.java:789)
	... 136 common frames omitted
Caused by: org.springframework.beans.factory.BeanCreationException: Error creating bean with name 'redisSourceProperties': Injection of autowired dependencies failed; nested exception is java.lang.IllegalArgumentException: Could not resolve placeholder 'redis.database' in value "${redis.database}"
	at org.springframework.beans.factory.annotation.AutowiredAnnotationBeanPostProcessor.postProcessProperties(AutowiredAnnotationBeanPostProcessor.java:405)
	at org.springframework.beans.factory.support.AbstractAutowireCapableBeanFactory.populateBean(AbstractAutowireCapableBeanFactory.java:1422)
	at org.springframework.beans.factory.support.AbstractAutowireCapableBeanFactory.doCreateBean(AbstractAutowireCapableBeanFactory.java:594)
	at org.springframework.beans.factory.support.AbstractAutowireCapableBeanFactory.createBean(AbstractAutowireCapableBeanFactory.java:517)
	at org.springframework.beans.factory.support.AbstractBeanFactory.lambda$doGetBean$0(AbstractBeanFactory.java:323)
	at org.springframework.beans.factory.support.DefaultSingletonBeanRegistry.getSingleton(DefaultSingletonBeanRegistry.java:222)
	at org.springframework.beans.factory.support.AbstractBeanFactory.doGetBean(AbstractBeanFactory.java:321)
	at org.springframework.beans.factory.support.AbstractBeanFactory.getBean(AbstractBeanFactory.java:202)
	at org.springframework.beans.factory.config.DependencyDescriptor.resolveCandidate(DependencyDescriptor.java:276)
	at org.springframework.beans.factory.support.DefaultListableBeanFactory.doResolveDependency(DefaultListableBeanFactory.java:1287)
	at org.springframework.beans.factory.support.DefaultListableBeanFactory.resolveDependency(DefaultListableBeanFactory.java:1207)
	at org.springframework.beans.factory.support.ConstructorResolver.resolveAutowiredArgument(ConstructorResolver.java:885)
	at org.springframework.beans.factory.support.ConstructorResolver.createArgumentArray(ConstructorResolver.java:789)
	... 150 common frames omitted
Caused by: java.lang.IllegalArgumentException: Could not resolve placeholder 'redis.database' in value "${redis.database}"
	at org.springframework.util.PropertyPlaceholderHelper.parseStringValue(PropertyPlaceholderHelper.java:178)
	at org.springframework.util.PropertyPlaceholderHelper.replacePlaceholders(PropertyPlaceholderHelper.java:124)
	at org.springframework.core.env.AbstractPropertyResolver.doResolvePlaceholders(AbstractPropertyResolver.java:236)
	at org.springframework.core.env.AbstractPropertyResolver.resolveRequiredPlaceholders(AbstractPropertyResolver.java:210)
	at org.springframework.context.support.PropertySourcesPlaceholderConfigurer.lambda$processProperties$0(PropertySourcesPlaceholderConfigurer.java:175)
	at org.springframework.beans.factory.support.AbstractBeanFactory.resolveEmbeddedValue(AbstractBeanFactory.java:909)
	at org.springframework.beans.factory.support.DefaultListableBeanFactory.doResolveDependency(DefaultListableBeanFactory.java:1228)
	at org.springframework.beans.factory.support.DefaultListableBeanFactory.resolveDependency(DefaultListableBeanFactory.java:1207)
	at org.springframework.beans.factory.annotation.AutowiredAnnotationBeanPostProcessor$AutowiredFieldElement.inject(AutowiredAnnotationBeanPostProcessor.java:640)
	at org.springframework.beans.factory.annotation.InjectionMetadata.inject(InjectionMetadata.java:130)
	at org.springframework.beans.factory.annotation.AutowiredAnnotationBeanPostProcessor.postProcessProperties(AutowiredAnnotationBeanPostProcessor.java:399)
	... 162 common frames omitted
11-06 09:08:50.556 ERROR [main] [com.petrel.register.RegisterApplication] : start kernel user error
org.springframework.context.ApplicationContextException: Unable to start web server; nested exception is org.springframework.boot.web.server.WebServerException: Unable to start embedded Tomcat
	at org.springframework.boot.web.servlet.context.ServletWebServerApplicationContext.onRefresh(ServletWebServerApplicationContext.java:156)
	at org.springframework.context.support.AbstractApplicationContext.refresh(AbstractApplicationContext.java:544)
	at org.springframework.boot.web.servlet.context.ServletWebServerApplicationContext.refresh(ServletWebServerApplicationContext.java:141)
	at org.springframework.boot.SpringApplication.refresh(SpringApplication.java:747)
	at org.springframework.boot.SpringApplication.refreshContext(SpringApplication.java:397)
	at org.springframework.boot.SpringApplication.run(SpringApplication.java:315)
	at org.springframework.boot.SpringApplication.run(SpringApplication.java:1226)
	at org.springframework.boot.SpringApplication.run(SpringApplication.java:1215)
	at com.petrel.register.RegisterApplication.main(RegisterApplication.java:19)
	at java.base/jdk.internal.reflect.DirectMethodHandleAccessor.invoke(DirectMethodHandleAccessor.java:103)
	at java.base/java.lang.reflect.Method.invoke(Method.java:580)
	at org.springframework.boot.loader.MainMethodRunner.run(MainMethodRunner.java:48)
	at org.springframework.boot.loader.Launcher.launch(Launcher.java:87)
	at org.springframework.boot.loader.Launcher.launch(Launcher.java:51)
	at org.springframework.boot.loader.PropertiesLauncher.main(PropertiesLauncher.java:597)
Caused by: org.springframework.boot.web.server.WebServerException: Unable to start embedded Tomcat
	at org.springframework.boot.web.embedded.tomcat.TomcatWebServer.initialize(TomcatWebServer.java:126)
	at org.springframework.boot.web.embedded.tomcat.TomcatWebServer.<init>(TomcatWebServer.java:88)
	at org.springframework.boot.web.embedded.tomcat.TomcatServletWebServerFactory.getTomcatWebServer(TomcatServletWebServerFactory.java:438)
	at org.springframework.boot.web.embedded.tomcat.TomcatServletWebServerFactory.getWebServer(TomcatServletWebServerFactory.java:191)
	at org.springframework.boot.web.servlet.context.ServletWebServerApplicationContext.createWebServer(ServletWebServerApplicationContext.java:180)
	at org.springframework.boot.web.servlet.context.ServletWebServerApplicationContext.onRefresh(ServletWebServerApplicationContext.java:153)
	... 14 common frames omitted
Caused by: org.springframework.beans.factory.BeanCreationException: Error creating bean with name 'servletEndpointRegistrar' defined in class path resource [org/springframework/boot/actuate/autoconfigure/endpoint/web/ServletEndpointManagementContextConfiguration$WebMvcServletEndpointManagementContextConfiguration.class]: Bean instantiation via factory method failed; nested exception is org.springframework.beans.BeanInstantiationException: Failed to instantiate [org.springframework.boot.actuate.endpoint.web.ServletEndpointRegistrar]: Factory method 'servletEndpointRegistrar' threw exception; nested exception is org.springframework.beans.factory.UnsatisfiedDependencyException: Error creating bean with name 'healthEndpoint' defined in class path resource [org/springframework/boot/actuate/autoconfigure/health/HealthEndpointConfiguration.class]: Unsatisfied dependency expressed through method 'healthEndpoint' parameter 0; nested exception is org.springframework.beans.factory.BeanCreationException: Error creating bean with name 'healthContributorRegistry' defined in class path resource [org/springframework/boot/actuate/autoconfigure/health/HealthEndpointConfiguration.class]: Bean instantiation via factory method failed; nested exception is org.springframework.beans.BeanInstantiationException: Failed to instantiate [org.springframework.boot.actuate.health.HealthContributorRegistry]: Factory method 'healthContributorRegistry' threw exception; nested exception is org.springframework.beans.factory.UnsatisfiedDependencyException: Error creating bean with name 'org.springframework.boot.actuate.autoconfigure.redis.RedisReactiveHealthContributorAutoConfiguration': Unsatisfied dependency expressed through constructor parameter 0; nested exception is org.springframework.beans.factory.UnsatisfiedDependencyException: Error creating bean with name 'lettuceConnectionFactory' defined in class path resource [com/petrel/common/config/RedisSourceConfiguration.class]: Unsatisfied dependency expressed through method 'lettuceConnectionFactory' parameter 0; nested exception is org.springframework.beans.factory.UnsatisfiedDependencyException: Error creating bean with name 'genericObjectPoolConfig' defined in class path resource [com/petrel/common/config/RedisSourceConfiguration.class]: Unsatisfied dependency expressed through method 'genericObjectPoolConfig' parameter 0; nested exception is org.springframework.beans.factory.BeanCreationException: Error creating bean with name 'redisSourceProperties': Injection of autowired dependencies failed; nested exception is java.lang.IllegalArgumentException: Could not resolve placeholder 'redis.database' in value "${redis.database}"
	at org.springframework.beans.factory.support.ConstructorResolver.instantiate(ConstructorResolver.java:656)
	at org.springframework.beans.factory.support.ConstructorResolver.instantiateUsingFactoryMethod(ConstructorResolver.java:636)
	at org.springframework.beans.factory.support.AbstractAutowireCapableBeanFactory.instantiateUsingFactoryMethod(AbstractAutowireCapableBeanFactory.java:1338)
	at org.springframework.beans.factory.support.AbstractAutowireCapableBeanFactory.createBeanInstance(AbstractAutowireCapableBeanFactory.java:1177)
	at org.springframework.beans.factory.support.AbstractAutowireCapableBeanFactory.doCreateBean(AbstractAutowireCapableBeanFactory.java:557)
	at org.springframework.beans.factory.support.AbstractAutowireCapableBeanFactory.createBean(AbstractAutowireCapableBeanFactory.java:517)
	at org.springframework.beans.factory.support.AbstractBeanFactory.lambda$doGetBean$0(AbstractBeanFactory.java:323)
	at org.springframework.beans.factory.support.DefaultSingletonBeanRegistry.getSingleton(DefaultSingletonBeanRegistry.java:222)
	at org.springframework.beans.factory.support.AbstractBeanFactory.doGetBean(AbstractBeanFactory.java:321)
	at org.springframework.beans.factory.support.AbstractBeanFactory.getBean(AbstractBeanFactory.java:207)
	at org.springframework.boot.web.servlet.ServletContextInitializerBeans.getOrderedBeansOfType(ServletContextInitializerBeans.java:211)
	at org.springframework.boot.web.servlet.ServletContextInitializerBeans.getOrderedBeansOfType(ServletContextInitializerBeans.java:202)
	at org.springframework.boot.web.servlet.ServletContextInitializerBeans.addServletContextInitializerBeans(ServletContextInitializerBeans.java:96)
	at org.springframework.boot.web.servlet.ServletContextInitializerBeans.<init>(ServletContextInitializerBeans.java:85)
	at org.springframework.boot.web.servlet.context.ServletWebServerApplicationContext.getServletContextInitializerBeans(ServletWebServerApplicationContext.java:253)
	at org.springframework.boot.web.servlet.context.ServletWebServerApplicationContext.selfInitialize(ServletWebServerApplicationContext.java:227)
	at org.springframework.boot.web.embedded.tomcat.TomcatStarter.onStartup(TomcatStarter.java:53)
	at org.apache.catalina.core.StandardContext.startInternal(StandardContext.java:5135)
	at org.apache.catalina.util.LifecycleBase.start(LifecycleBase.java:183)
	at org.apache.catalina.core.ContainerBase$StartChild.call(ContainerBase.java:1384)
	at org.apache.catalina.core.ContainerBase$StartChild.call(ContainerBase.java:1374)
	at java.base/java.util.concurrent.FutureTask.run(FutureTask.java:317)
	at org.apache.tomcat.util.threads.InlineExecutorService.execute(InlineExecutorService.java:75)
	at java.base/java.util.concurrent.AbstractExecutorService.submit(AbstractExecutorService.java:145)
	at org.apache.catalina.core.ContainerBase.startInternal(ContainerBase.java:909)
	at org.apache.catalina.core.StandardHost.startInternal(StandardHost.java:841)
	at org.apache.catalina.util.LifecycleBase.start(LifecycleBase.java:183)
	at org.apache.catalina.core.ContainerBase$StartChild.call(ContainerBase.java:1384)
	at org.apache.catalina.core.ContainerBase$StartChild.call(ContainerBase.java:1374)
	at java.base/java.util.concurrent.FutureTask.run(FutureTask.java:317)
	at org.apache.tomcat.util.threads.InlineExecutorService.execute(InlineExecutorService.java:75)
	at java.base/java.util.concurrent.AbstractExecutorService.submit(AbstractExecutorService.java:145)
	at org.apache.catalina.core.ContainerBase.startInternal(ContainerBase.java:909)
	at org.apache.catalina.core.StandardEngine.startInternal(StandardEngine.java:262)
	at org.apache.catalina.util.LifecycleBase.start(LifecycleBase.java:183)
	at org.apache.catalina.core.StandardService.startInternal(StandardService.java:421)
	at org.apache.catalina.util.LifecycleBase.start(LifecycleBase.java:183)
	at org.apache.catalina.core.StandardServer.startInternal(StandardServer.java:930)
	at org.apache.catalina.util.LifecycleBase.start(LifecycleBase.java:183)
	at org.apache.catalina.startup.Tomcat.start(Tomcat.java:467)
	at org.springframework.boot.web.embedded.tomcat.TomcatWebServer.initialize(TomcatWebServer.java:107)
	... 19 common frames omitted
Caused by: org.springframework.beans.BeanInstantiationException: Failed to instantiate [org.springframework.boot.actuate.endpoint.web.ServletEndpointRegistrar]: Factory method 'servletEndpointRegistrar' threw exception; nested exception is org.springframework.beans.factory.UnsatisfiedDependencyException: Error creating bean with name 'healthEndpoint' defined in class path resource [org/springframework/boot/actuate/autoconfigure/health/HealthEndpointConfiguration.class]: Unsatisfied dependency expressed through method 'healthEndpoint' parameter 0; nested exception is org.springframework.beans.factory.BeanCreationException: Error creating bean with name 'healthContributorRegistry' defined in class path resource [org/springframework/boot/actuate/autoconfigure/health/HealthEndpointConfiguration.class]: Bean instantiation via factory method failed; nested exception is org.springframework.beans.BeanInstantiationException: Failed to instantiate [org.springframework.boot.actuate.health.HealthContributorRegistry]: Factory method 'healthContributorRegistry' threw exception; nested exception is org.springframework.beans.factory.UnsatisfiedDependencyException: Error creating bean with name 'org.springframework.boot.actuate.autoconfigure.redis.RedisReactiveHealthContributorAutoConfiguration': Unsatisfied dependency expressed through constructor parameter 0; nested exception is org.springframework.beans.factory.UnsatisfiedDependencyException: Error creating bean with name 'lettuceConnectionFactory' defined in class path resource [com/petrel/common/config/RedisSourceConfiguration.class]: Unsatisfied dependency expressed through method 'lettuceConnectionFactory' parameter 0; nested exception is org.springframework.beans.factory.UnsatisfiedDependencyException: Error creating bean with name 'genericObjectPoolConfig' defined in class path resource [com/petrel/common/config/RedisSourceConfiguration.class]: Unsatisfied dependency expressed through method 'genericObjectPoolConfig' parameter 0; nested exception is org.springframework.beans.factory.BeanCreationException: Error creating bean with name 'redisSourceProperties': Injection of autowired dependencies failed; nested exception is java.lang.IllegalArgumentException: Could not resolve placeholder 'redis.database' in value "${redis.database}"
	at org.springframework.beans.factory.support.SimpleInstantiationStrategy.instantiate(SimpleInstantiationStrategy.java:185)
	at org.springframework.beans.factory.support.ConstructorResolver.instantiate(ConstructorResolver.java:651)
	... 59 common frames omitted
Caused by: org.springframework.beans.factory.UnsatisfiedDependencyException: Error creating bean with name 'healthEndpoint' defined in class path resource [org/springframework/boot/actuate/autoconfigure/health/HealthEndpointConfiguration.class]: Unsatisfied dependency expressed through method 'healthEndpoint' parameter 0; nested exception is org.springframework.beans.factory.BeanCreationException: Error creating bean with name 'healthContributorRegistry' defined in class path resource [org/springframework/boot/actuate/autoconfigure/health/HealthEndpointConfiguration.class]: Bean instantiation via factory method failed; nested exception is org.springframework.beans.BeanInstantiationException: Failed to instantiate [org.springframework.boot.actuate.health.HealthContributorRegistry]: Factory method 'healthContributorRegistry' threw exception; nested exception is org.springframework.beans.factory.UnsatisfiedDependencyException: Error creating bean with name 'org.springframework.boot.actuate.autoconfigure.redis.RedisReactiveHealthContributorAutoConfiguration': Unsatisfied dependency expressed through constructor parameter 0; nested exception is org.springframework.beans.factory.UnsatisfiedDependencyException: Error creating bean with name 'lettuceConnectionFactory' defined in class path resource [com/petrel/common/config/RedisSourceConfiguration.class]: Unsatisfied dependency expressed through method 'lettuceConnectionFactory' parameter 0; nested exception is org.springframework.beans.factory.UnsatisfiedDependencyException: Error creating bean with name 'genericObjectPoolConfig' defined in class path resource [com/petrel/common/config/RedisSourceConfiguration.class]: Unsatisfied dependency expressed through method 'genericObjectPoolConfig' parameter 0; nested exception is org.springframework.beans.factory.BeanCreationException: Error creating bean with name 'redisSourceProperties': Injection of autowired dependencies failed; nested exception is java.lang.IllegalArgumentException: Could not resolve placeholder 'redis.database' in value "${redis.database}"
	at org.springframework.beans.factory.support.ConstructorResolver.createArgumentArray(ConstructorResolver.java:798)
	at org.springframework.beans.factory.support.ConstructorResolver.instantiateUsingFactoryMethod(ConstructorResolver.java:539)
	at org.springframework.beans.factory.support.AbstractAutowireCapableBeanFactory.instantiateUsingFactoryMethod(AbstractAutowireCapableBeanFactory.java:1338)
	at org.springframework.beans.factory.support.AbstractAutowireCapableBeanFactory.createBeanInstance(AbstractAutowireCapableBeanFactory.java:1177)
	at org.springframework.beans.factory.support.AbstractAutowireCapableBeanFactory.doCreateBean(AbstractAutowireCapableBeanFactory.java:557)
	at org.springframework.beans.factory.support.AbstractAutowireCapableBeanFactory.createBean(AbstractAutowireCapableBeanFactory.java:517)
	at org.springframework.beans.factory.support.AbstractBeanFactory.lambda$doGetBean$0(AbstractBeanFactory.java:323)
	at org.springframework.beans.factory.support.DefaultSingletonBeanRegistry.getSingleton(DefaultSingletonBeanRegistry.java:222)
	at org.springframework.beans.factory.support.AbstractBeanFactory.doGetBean(AbstractBeanFactory.java:321)
	at org.springframework.beans.factory.support.AbstractBeanFactory.getBean(AbstractBeanFactory.java:202)
	at org.springframework.context.support.AbstractApplicationContext.getBean(AbstractApplicationContext.java:1108)
	at org.springframework.boot.actuate.endpoint.annotation.EndpointDiscoverer.createEndpointBean(EndpointDiscoverer.java:143)
	at org.springframework.boot.actuate.endpoint.annotation.EndpointDiscoverer.createEndpointBeans(EndpointDiscoverer.java:133)
	at org.springframework.boot.actuate.endpoint.annotation.EndpointDiscoverer.discoverEndpoints(EndpointDiscoverer.java:122)
	at org.springframework.boot.actuate.endpoint.annotation.EndpointDiscoverer.getEndpoints(EndpointDiscoverer.java:116)
	at org.springframework.boot.actuate.autoconfigure.endpoint.web.ServletEndpointManagementContextConfiguration$WebMvcServletEndpointManagementContextConfiguration.servletEndpointRegistrar(ServletEndpointManagementContextConfiguration.java:65)
	at java.base/jdk.internal.reflect.DirectMethodHandleAccessor.invoke(DirectMethodHandleAccessor.java:103)
	at java.base/java.lang.reflect.Method.invoke(Method.java:580)
	at org.springframework.beans.factory.support.SimpleInstantiationStrategy.instantiate(SimpleInstantiationStrategy.java:154)
	... 60 common frames omitted
Caused by: org.springframework.beans.factory.BeanCreationException: Error creating bean with name 'healthContributorRegistry' defined in class path resource [org/springframework/boot/actuate/autoconfigure/health/HealthEndpointConfiguration.class]: Bean instantiation via factory method failed; nested exception is org.springframework.beans.BeanInstantiationException: Failed to instantiate [org.springframework.boot.actuate.health.HealthContributorRegistry]: Factory method 'healthContributorRegistry' threw exception; nested exception is org.springframework.beans.factory.UnsatisfiedDependencyException: Error creating bean with name 'org.springframework.boot.actuate.autoconfigure.redis.RedisReactiveHealthContributorAutoConfiguration': Unsatisfied dependency expressed through constructor parameter 0; nested exception is org.springframework.beans.factory.UnsatisfiedDependencyException: Error creating bean with name 'lettuceConnectionFactory' defined in class path resource [com/petrel/common/config/RedisSourceConfiguration.class]: Unsatisfied dependency expressed through method 'lettuceConnectionFactory' parameter 0; nested exception is org.springframework.beans.factory.UnsatisfiedDependencyException: Error creating bean with name 'genericObjectPoolConfig' defined in class path resource [com/petrel/common/config/RedisSourceConfiguration.class]: Unsatisfied dependency expressed through method 'genericObjectPoolConfig' parameter 0; nested exception is org.springframework.beans.factory.BeanCreationException: Error creating bean with name 'redisSourceProperties': Injection of autowired dependencies failed; nested exception is java.lang.IllegalArgumentException: Could not resolve placeholder 'redis.database' in value "${redis.database}"
	at org.springframework.beans.factory.support.ConstructorResolver.instantiate(ConstructorResolver.java:656)
	at org.springframework.beans.factory.support.ConstructorResolver.instantiateUsingFactoryMethod(ConstructorResolver.java:636)
	at org.springframework.beans.factory.support.AbstractAutowireCapableBeanFactory.instantiateUsingFactoryMethod(AbstractAutowireCapableBeanFactory.java:1338)
	at org.springframework.beans.factory.support.AbstractAutowireCapableBeanFactory.createBeanInstance(AbstractAutowireCapableBeanFactory.java:1177)
	at org.springframework.beans.factory.support.AbstractAutowireCapableBeanFactory.doCreateBean(AbstractAutowireCapableBeanFactory.java:557)
	at org.springframework.beans.factory.support.AbstractAutowireCapableBeanFactory.createBean(AbstractAutowireCapableBeanFactory.java:517)
	at org.springframework.beans.factory.support.AbstractBeanFactory.lambda$doGetBean$0(AbstractBeanFactory.java:323)
	at org.springframework.beans.factory.support.DefaultSingletonBeanRegistry.getSingleton(DefaultSingletonBeanRegistry.java:222)
	at org.springframework.beans.factory.support.AbstractBeanFactory.doGetBean(AbstractBeanFactory.java:321)
	at org.springframework.beans.factory.support.AbstractBeanFactory.getBean(AbstractBeanFactory.java:202)
	at org.springframework.beans.factory.config.DependencyDescriptor.resolveCandidate(DependencyDescriptor.java:276)
	at org.springframework.beans.factory.support.DefaultListableBeanFactory.doResolveDependency(DefaultListableBeanFactory.java:1287)
	at org.springframework.beans.factory.support.DefaultListableBeanFactory.resolveDependency(DefaultListableBeanFactory.java:1207)
	at org.springframework.beans.factory.support.ConstructorResolver.resolveAutowiredArgument(ConstructorResolver.java:885)
	at org.springframework.beans.factory.support.ConstructorResolver.createArgumentArray(ConstructorResolver.java:789)
	... 78 common frames omitted
Caused by: org.springframework.beans.BeanInstantiationException: Failed to instantiate [org.springframework.boot.actuate.health.HealthContributorRegistry]: Factory method 'healthContributorRegistry' threw exception; nested exception is org.springframework.beans.factory.UnsatisfiedDependencyException: Error creating bean with name 'org.springframework.boot.actuate.autoconfigure.redis.RedisReactiveHealthContributorAutoConfiguration': Unsatisfied dependency expressed through constructor parameter 0; nested exception is org.springframework.beans.factory.UnsatisfiedDependencyException: Error creating bean with name 'lettuceConnectionFactory' defined in class path resource [com/petrel/common/config/RedisSourceConfiguration.class]: Unsatisfied dependency expressed through method 'lettuceConnectionFactory' parameter 0; nested exception is org.springframework.beans.factory.UnsatisfiedDependencyException: Error creating bean with name 'genericObjectPoolConfig' defined in class path resource [com/petrel/common/config/RedisSourceConfiguration.class]: Unsatisfied dependency expressed through method 'genericObjectPoolConfig' parameter 0; nested exception is org.springframework.beans.factory.BeanCreationException: Error creating bean with name 'redisSourceProperties': Injection of autowired dependencies failed; nested exception is java.lang.IllegalArgumentException: Could not resolve placeholder 'redis.database' in value "${redis.database}"
	at org.springframework.beans.factory.support.SimpleInstantiationStrategy.instantiate(SimpleInstantiationStrategy.java:185)
	at org.springframework.beans.factory.support.ConstructorResolver.instantiate(ConstructorResolver.java:651)
	... 92 common frames omitted
Caused by: org.springframework.beans.factory.UnsatisfiedDependencyException: Error creating bean with name 'org.springframework.boot.actuate.autoconfigure.redis.RedisReactiveHealthContributorAutoConfiguration': Unsatisfied dependency expressed through constructor parameter 0; nested exception is org.springframework.beans.factory.UnsatisfiedDependencyException: Error creating bean with name 'lettuceConnectionFactory' defined in class path resource [com/petrel/common/config/RedisSourceConfiguration.class]: Unsatisfied dependency expressed through method 'lettuceConnectionFactory' parameter 0; nested exception is org.springframework.beans.factory.UnsatisfiedDependencyException: Error creating bean with name 'genericObjectPoolConfig' defined in class path resource [com/petrel/common/config/RedisSourceConfiguration.class]: Unsatisfied dependency expressed through method 'genericObjectPoolConfig' parameter 0; nested exception is org.springframework.beans.factory.BeanCreationException: Error creating bean with name 'redisSourceProperties': Injection of autowired dependencies failed; nested exception is java.lang.IllegalArgumentException: Could not resolve placeholder 'redis.database' in value "${redis.database}"
	at org.springframework.beans.factory.support.ConstructorResolver.createArgumentArray(ConstructorResolver.java:798)
	at org.springframework.beans.factory.support.ConstructorResolver.autowireConstructor(ConstructorResolver.java:228)
	at org.springframework.beans.factory.support.AbstractAutowireCapableBeanFactory.autowireConstructor(AbstractAutowireCapableBeanFactory.java:1358)
	at org.springframework.beans.factory.support.AbstractAutowireCapableBeanFactory.createBeanInstance(AbstractAutowireCapableBeanFactory.java:1204)
	at org.springframework.beans.factory.support.AbstractAutowireCapableBeanFactory.doCreateBean(AbstractAutowireCapableBeanFactory.java:557)
	at org.springframework.beans.factory.support.AbstractAutowireCapableBeanFactory.createBean(AbstractAutowireCapableBeanFactory.java:517)
	at org.springframework.beans.factory.support.AbstractBeanFactory.lambda$doGetBean$0(AbstractBeanFactory.java:323)
	at org.springframework.beans.factory.support.DefaultSingletonBeanRegistry.getSingleton(DefaultSingletonBeanRegistry.java:222)
	at org.springframework.beans.factory.support.AbstractBeanFactory.doGetBean(AbstractBeanFactory.java:321)
	at org.springframework.beans.factory.support.AbstractBeanFactory.getBean(AbstractBeanFactory.java:202)
	at org.springframework.beans.factory.support.ConstructorResolver.instantiateUsingFactoryMethod(ConstructorResolver.java:409)
	at org.springframework.beans.factory.support.AbstractAutowireCapableBeanFactory.instantiateUsingFactoryMethod(AbstractAutowireCapableBeanFactory.java:1338)
	at org.springframework.beans.factory.support.AbstractAutowireCapableBeanFactory.createBeanInstance(AbstractAutowireCapableBeanFactory.java:1177)
	at org.springframework.beans.factory.support.AbstractAutowireCapableBeanFactory.doCreateBean(AbstractAutowireCapableBeanFactory.java:557)
	at org.springframework.beans.factory.support.AbstractAutowireCapableBeanFactory.createBean(AbstractAutowireCapableBeanFactory.java:517)
	at org.springframework.beans.factory.support.AbstractBeanFactory.lambda$doGetBean$0(AbstractBeanFactory.java:323)
	at org.springframework.beans.factory.support.DefaultSingletonBeanRegistry.getSingleton(DefaultSingletonBeanRegistry.java:222)
	at org.springframework.beans.factory.support.AbstractBeanFactory.doGetBean(AbstractBeanFactory.java:321)
	at org.springframework.beans.factory.support.AbstractBeanFactory.getBean(AbstractBeanFactory.java:202)
	at org.springframework.beans.factory.support.DefaultListableBeanFactory.getBeansOfType(DefaultListableBeanFactory.java:617)
	at org.springframework.beans.factory.support.DefaultListableBeanFactory.getBeansOfType(DefaultListableBeanFactory.java:605)
	at org.springframework.context.support.AbstractApplicationContext.getBeansOfType(AbstractApplicationContext.java:1242)
	at org.springframework.boot.actuate.autoconfigure.health.HealthEndpointConfiguration$AdaptedReactiveHealthContributors.<init>(HealthEndpointConfiguration.java:101)
	at org.springframework.boot.actuate.autoconfigure.health.HealthEndpointConfiguration.healthContributorRegistry(HealthEndpointConfiguration.java:80)
	at java.base/jdk.internal.reflect.DirectMethodHandleAccessor.invoke(DirectMethodHandleAccessor.java:103)
	at java.base/java.lang.reflect.Method.invoke(Method.java:580)
	at org.springframework.beans.factory.support.SimpleInstantiationStrategy.instantiate(SimpleInstantiationStrategy.java:154)
	... 93 common frames omitted
Caused by: org.springframework.beans.factory.UnsatisfiedDependencyException: Error creating bean with name 'lettuceConnectionFactory' defined in class path resource [com/petrel/common/config/RedisSourceConfiguration.class]: Unsatisfied dependency expressed through method 'lettuceConnectionFactory' parameter 0; nested exception is org.springframework.beans.factory.UnsatisfiedDependencyException: Error creating bean with name 'genericObjectPoolConfig' defined in class path resource [com/petrel/common/config/RedisSourceConfiguration.class]: Unsatisfied dependency expressed through method 'genericObjectPoolConfig' parameter 0; nested exception is org.springframework.beans.factory.BeanCreationException: Error creating bean with name 'redisSourceProperties': Injection of autowired dependencies failed; nested exception is java.lang.IllegalArgumentException: Could not resolve placeholder 'redis.database' in value "${redis.database}"
	at org.springframework.beans.factory.support.ConstructorResolver.createArgumentArray(ConstructorResolver.java:798)
	at org.springframework.beans.factory.support.ConstructorResolver.instantiateUsingFactoryMethod(ConstructorResolver.java:539)
	at org.springframework.beans.factory.support.AbstractAutowireCapableBeanFactory.instantiateUsingFactoryMethod(AbstractAutowireCapableBeanFactory.java:1338)
	at org.springframework.beans.factory.support.AbstractAutowireCapableBeanFactory.createBeanInstance(AbstractAutowireCapableBeanFactory.java:1177)
	at org.springframework.beans.factory.support.AbstractAutowireCapableBeanFactory.doCreateBean(AbstractAutowireCapableBeanFactory.java:557)
	at org.springframework.beans.factory.support.AbstractAutowireCapableBeanFactory.createBean(AbstractAutowireCapableBeanFactory.java:517)
	at org.springframework.beans.factory.support.AbstractBeanFactory.lambda$doGetBean$0(AbstractBeanFactory.java:323)
	at org.springframework.beans.factory.support.DefaultSingletonBeanRegistry.getSingleton(DefaultSingletonBeanRegistry.java:222)
	at org.springframework.beans.factory.support.AbstractBeanFactory.doGetBean(AbstractBeanFactory.java:321)
	at org.springframework.beans.factory.support.AbstractBeanFactory.getBean(AbstractBeanFactory.java:202)
	at org.springframework.beans.factory.config.DependencyDescriptor.resolveCandidate(DependencyDescriptor.java:276)
	at org.springframework.beans.factory.support.DefaultListableBeanFactory.addCandidateEntry(DefaultListableBeanFactory.java:1503)
	at org.springframework.beans.factory.support.DefaultListableBeanFactory.findAutowireCandidates(DefaultListableBeanFactory.java:1467)
	at org.springframework.beans.factory.support.DefaultListableBeanFactory.resolveMultipleBeans(DefaultListableBeanFactory.java:1386)
	at org.springframework.beans.factory.support.DefaultListableBeanFactory.doResolveDependency(DefaultListableBeanFactory.java:1245)
	at org.springframework.beans.factory.support.DefaultListableBeanFactory.resolveDependency(DefaultListableBeanFactory.java:1207)
	at org.springframework.beans.factory.support.ConstructorResolver.resolveAutowiredArgument(ConstructorResolver.java:885)
	at org.springframework.beans.factory.support.ConstructorResolver.createArgumentArray(ConstructorResolver.java:789)
	... 119 common frames omitted
Caused by: org.springframework.beans.factory.UnsatisfiedDependencyException: Error creating bean with name 'genericObjectPoolConfig' defined in class path resource [com/petrel/common/config/RedisSourceConfiguration.class]: Unsatisfied dependency expressed through method 'genericObjectPoolConfig' parameter 0; nested exception is org.springframework.beans.factory.BeanCreationException: Error creating bean with name 'redisSourceProperties': Injection of autowired dependencies failed; nested exception is java.lang.IllegalArgumentException: Could not resolve placeholder 'redis.database' in value "${redis.database}"
	at org.springframework.beans.factory.support.ConstructorResolver.createArgumentArray(ConstructorResolver.java:798)
	at org.springframework.beans.factory.support.ConstructorResolver.instantiateUsingFactoryMethod(ConstructorResolver.java:539)
	at org.springframework.beans.factory.support.AbstractAutowireCapableBeanFactory.instantiateUsingFactoryMethod(AbstractAutowireCapableBeanFactory.java:1338)
	at org.springframework.beans.factory.support.AbstractAutowireCapableBeanFactory.createBeanInstance(AbstractAutowireCapableBeanFactory.java:1177)
	at org.springframework.beans.factory.support.AbstractAutowireCapableBeanFactory.doCreateBean(AbstractAutowireCapableBeanFactory.java:557)
	at org.springframework.beans.factory.support.AbstractAutowireCapableBeanFactory.createBean(AbstractAutowireCapableBeanFactory.java:517)
	at org.springframework.beans.factory.support.AbstractBeanFactory.lambda$doGetBean$0(AbstractBeanFactory.java:323)
	at org.springframework.beans.factory.support.DefaultSingletonBeanRegistry.getSingleton(DefaultSingletonBeanRegistry.java:222)
	at org.springframework.beans.factory.support.AbstractBeanFactory.doGetBean(AbstractBeanFactory.java:321)
	at org.springframework.beans.factory.support.AbstractBeanFactory.getBean(AbstractBeanFactory.java:202)
	at org.springframework.beans.factory.config.DependencyDescriptor.resolveCandidate(DependencyDescriptor.java:276)
	at org.springframework.beans.factory.support.DefaultListableBeanFactory.doResolveDependency(DefaultListableBeanFactory.java:1287)
	at org.springframework.beans.factory.support.DefaultListableBeanFactory.resolveDependency(DefaultListableBeanFactory.java:1207)
	at org.springframework.beans.factory.support.ConstructorResolver.resolveAutowiredArgument(ConstructorResolver.java:885)
	at org.springframework.beans.factory.support.ConstructorResolver.createArgumentArray(ConstructorResolver.java:789)
	... 136 common frames omitted
Caused by: org.springframework.beans.factory.BeanCreationException: Error creating bean with name 'redisSourceProperties': Injection of autowired dependencies failed; nested exception is java.lang.IllegalArgumentException: Could not resolve placeholder 'redis.database' in value "${redis.database}"
	at org.springframework.beans.factory.annotation.AutowiredAnnotationBeanPostProcessor.postProcessProperties(AutowiredAnnotationBeanPostProcessor.java:405)
	at org.springframework.beans.factory.support.AbstractAutowireCapableBeanFactory.populateBean(AbstractAutowireCapableBeanFactory.java:1422)
	at org.springframework.beans.factory.support.AbstractAutowireCapableBeanFactory.doCreateBean(AbstractAutowireCapableBeanFactory.java:594)
	at org.springframework.beans.factory.support.AbstractAutowireCapableBeanFactory.createBean(AbstractAutowireCapableBeanFactory.java:517)
	at org.springframework.beans.factory.support.AbstractBeanFactory.lambda$doGetBean$0(AbstractBeanFactory.java:323)
	at org.springframework.beans.factory.support.DefaultSingletonBeanRegistry.getSingleton(DefaultSingletonBeanRegistry.java:222)
	at org.springframework.beans.factory.support.AbstractBeanFactory.doGetBean(AbstractBeanFactory.java:321)
	at org.springframework.beans.factory.support.AbstractBeanFactory.getBean(AbstractBeanFactory.java:202)
	at org.springframework.beans.factory.config.DependencyDescriptor.resolveCandidate(DependencyDescriptor.java:276)
	at org.springframework.beans.factory.support.DefaultListableBeanFactory.doResolveDependency(DefaultListableBeanFactory.java:1287)
	at org.springframework.beans.factory.support.DefaultListableBeanFactory.resolveDependency(DefaultListableBeanFactory.java:1207)
	at org.springframework.beans.factory.support.ConstructorResolver.resolveAutowiredArgument(ConstructorResolver.java:885)
	at org.springframework.beans.factory.support.ConstructorResolver.createArgumentArray(ConstructorResolver.java:789)
	... 150 common frames omitted
Caused by: java.lang.IllegalArgumentException: Could not resolve placeholder 'redis.database' in value "${redis.database}"
	at org.springframework.util.PropertyPlaceholderHelper.parseStringValue(PropertyPlaceholderHelper.java:178)
	at org.springframework.util.PropertyPlaceholderHelper.replacePlaceholders(PropertyPlaceholderHelper.java:124)
	at org.springframework.core.env.AbstractPropertyResolver.doResolvePlaceholders(AbstractPropertyResolver.java:236)
	at org.springframework.core.env.AbstractPropertyResolver.resolveRequiredPlaceholders(AbstractPropertyResolver.java:210)
	at org.springframework.context.support.PropertySourcesPlaceholderConfigurer.lambda$processProperties$0(PropertySourcesPlaceholderConfigurer.java:175)
	at org.springframework.beans.factory.support.AbstractBeanFactory.resolveEmbeddedValue(AbstractBeanFactory.java:909)
	at org.springframework.beans.factory.support.DefaultListableBeanFactory.doResolveDependency(DefaultListableBeanFactory.java:1228)
	at org.springframework.beans.factory.support.DefaultListableBeanFactory.resolveDependency(DefaultListableBeanFactory.java:1207)
	at org.springframework.beans.factory.annotation.AutowiredAnnotationBeanPostProcessor$AutowiredFieldElement.inject(AutowiredAnnotationBeanPostProcessor.java:640)
	at org.springframework.beans.factory.annotation.InjectionMetadata.inject(InjectionMetadata.java:130)
	at org.springframework.beans.factory.annotation.AutowiredAnnotationBeanPostProcessor.postProcessProperties(AutowiredAnnotationBeanPostProcessor.java:399)
	... 162 common frames omitted
11-06 09:32:29.361 WARN  [background-preinit] [o.s.h.converter.json.Jackson2ObjectMapperBuilder] : For Jackson Kotlin classes support please add "com.fasterxml.jackson.module:jackson-module-kotlin" to the classpath
11-06 09:32:29.857 INFO  [main] [com.petrel.register.RegisterApplication] : The following profiles are active: prod
11-06 09:32:31.224 WARN  [main] [o.springframework.boot.actuate.endpoint.EndpointId] : Endpoint ID 'nacos-discovery' contains invalid characters, please migrate to a valid format.
11-06 09:32:31.618 INFO  [main] [o.s.d.r.config.RepositoryConfigurationDelegate] : Multiple Spring Data modules found, entering strict repository configuration mode!
11-06 09:32:31.626 INFO  [main] [o.s.d.r.config.RepositoryConfigurationDelegate] : Bootstrapping Spring Data Redis repositories in DEFAULT mode.
11-06 09:32:31.674 INFO  [main] [o.s.d.r.config.RepositoryConfigurationDelegate] : Finished Spring Data repository scanning in 14ms. Found 0 Redis repository interfaces.
11-06 09:32:31.811 WARN  [main] [o.springframework.boot.actuate.endpoint.EndpointId] : Endpoint ID 'service-registry' contains invalid characters, please migrate to a valid format.
11-06 09:32:32.337 INFO  [main] [o.springframework.cloud.context.scope.GenericScope] : BeanFactory id=441f032e-5849-35c7-a938-61bd75f12b40
11-06 09:32:34.158 INFO  [main] [o.s.c.s.PostProcessorRegistrationDelegate$BeanPostProcessorChecker] : Bean 'spring.datasource.dynamic-com.baomidou.dynamic.datasource.spring.boot.autoconfigure.DynamicDataSourceProperties' of type [com.baomidou.dynamic.datasource.spring.boot.autoconfigure.DynamicDataSourceProperties] is not eligible for getting processed by all BeanPostProcessors (for example: not eligible for auto-proxying)
11-06 09:32:34.201 INFO  [main] [o.s.c.s.PostProcessorRegistrationDelegate$BeanPostProcessorChecker] : Bean 'com.baomidou.dynamic.datasource.spring.boot.autoconfigure.DynamicDataSourceAutoConfiguration' of type [com.baomidou.dynamic.datasource.spring.boot.autoconfigure.DynamicDataSourceAutoConfiguration$$EnhancerBySpringCGLIB$$2317ffa8] is not eligible for getting processed by all BeanPostProcessors (for example: not eligible for auto-proxying)
11-06 09:32:34.273 INFO  [main] [o.s.c.s.PostProcessorRegistrationDelegate$BeanPostProcessorChecker] : Bean 'dsProcessor' of type [com.baomidou.dynamic.datasource.processor.DsHeaderProcessor] is not eligible for getting processed by all BeanPostProcessors (for example: not eligible for auto-proxying)
11-06 09:32:35.622 INFO  [main] [o.s.boot.web.embedded.tomcat.TomcatWebServer] : Tomcat initialized with port(s): 8080 (http)
11-06 09:32:35.667 INFO  [main] [org.apache.catalina.core.StandardService] : Starting service [Tomcat]
11-06 09:32:35.671 INFO  [main] [org.apache.catalina.core.StandardEngine] : Starting Servlet engine: [Apache Tomcat/9.0.31]
11-06 09:32:35.854 INFO  [main] [o.a.c.core.ContainerBase.[Tomcat].[localhost].[/]] : Initializing Spring embedded WebApplicationContext
11-06 09:32:35.857 INFO  [main] [org.springframework.web.context.ContextLoader] : Root WebApplicationContext: initialization completed in 5932 ms
11-06 09:32:39.126 INFO  [main] [com.alibaba.druid.pool.DruidDataSource] : {dataSource-1,petrel_core} inited
11-06 09:32:40.079 INFO  [main] [com.alibaba.druid.pool.DruidDataSource] : {dataSource-2,petrel_record} inited
11-06 09:32:40.080 INFO  [main] [c.b.dynamic.datasource.DynamicRoutingDataSource] : dynamic-datasource - load a datasource named [petrel_record] success
11-06 09:32:40.080 INFO  [main] [c.b.dynamic.datasource.DynamicRoutingDataSource] : dynamic-datasource - load a datasource named [petrel_core] success
11-06 09:32:40.080 INFO  [main] [c.b.dynamic.datasource.DynamicRoutingDataSource] : dynamic-datasource initial loaded [2] datasource,primary datasource named [petrel_core]
11-06 09:32:42.317 INFO  [main] [c.a.n.s.c.e.LoggingNacosConfigMetadataEventListener] : Nacos Config Metadata : dataId='petrel-game-config.yaml', groupId='DEFAULT_GROUP', beanName='lobbyConfig', bean='GameConfig(hostUrl=https://gengxin1123.oss-ap-southeast-1.aliyuncs.com/ycd_update/, wxId=wxid_value, wxSecret=wxSecret_value, lobbyVersion=3, lobbyVfx=YCD)', beanType='class com.petrel.register.config.GameConfig', annotatedElement='class com.petrel.register.config.GameConfig', xmlResource='null', nacosProperties='{encode=UTF-8, password=nacos, serverAddr=202.189.7.196:6878, username=nacos}', nacosPropertiesAttributes='{accessKey=${nacos.access-key:}, clusterName=${nacos.cluster-name:}, configLongPollTimeout=${nacos.configLongPollTimeout:}, configRetryTime=${nacos.configRetryTime:}, contextPath=${nacos.context-path:}, enableRemoteSyncConfig=${nacos.enableRemoteSyncConfig:}, encode=${nacos.encode:UTF-8}, endpoint=${nacos.endpoint:}, maxRetry=${nacos.maxRetry:}, namespace=${nacos.namespace:}, password=${nacos.password:}, secretKey=${nacos.secret-key:}, serverAddr=${nacos.server-addr:}, username=${nacos.username:}}', source='@com.alibaba.nacos.api.config.annotation.NacosConfigurationProperties(autoRefreshed=true, dataId=petrel-game-config.yaml, exceptionIfInvalid=true, groupId=DEFAULT_GROUP, ignoreInvalidFields=false, ignoreNestedProperties=false, ignoreUnknownFields=true, prefix=, properties=@com.alibaba.nacos.api.annotation.NacosProperties(accessKey=${nacos.access-key:}, clusterName=${nacos.cluster-name:}, configLongPollTimeout=${nacos.configLongPollTimeout:}, configRetryTime=${nacos.configRetryTime:}, contextPath=${nacos.context-path:}, enableRemoteSyncConfig=${nacos.enableRemoteSyncConfig:}, encode=${nacos.encode:UTF-8}, endpoint=${nacos.endpoint:}, maxRetry=${nacos.maxRetry:}, namespace=${nacos.namespace:}, password=${nacos.password:}, secretKey=${nacos.secret-key:}, serverAddr=${nacos.server-addr:}, username=${nacos.username:}), type=YAML, yaml=false)', timestamp='1762421562313'
11-06 09:32:42.519 INFO  [NacosConfigListener-ThreadPool-1] [c.a.n.s.c.e.LoggingNacosConfigMetadataEventListener] : Nacos Config Metadata : dataId='petrel-game-config.yaml', groupId='DEFAULT_GROUP', beanName='lobbyConfig', bean='GameConfig(hostUrl=https://gengxin1123.oss-ap-southeast-1.aliyuncs.com/ycd_update/, wxId=wxid_value, wxSecret=wxSecret_value, lobbyVersion=3, lobbyVfx=YCD)', beanType='class com.petrel.register.config.GameConfig', annotatedElement='class com.petrel.register.config.GameConfig', xmlResource='null', nacosProperties='{encode=UTF-8, password=nacos, serverAddr=202.189.7.196:6878, username=nacos}', nacosPropertiesAttributes='{accessKey=${nacos.access-key:}, clusterName=${nacos.cluster-name:}, configLongPollTimeout=${nacos.configLongPollTimeout:}, configRetryTime=${nacos.configRetryTime:}, contextPath=${nacos.context-path:}, enableRemoteSyncConfig=${nacos.enableRemoteSyncConfig:}, encode=${nacos.encode:UTF-8}, endpoint=${nacos.endpoint:}, maxRetry=${nacos.maxRetry:}, namespace=${nacos.namespace:}, password=${nacos.password:}, secretKey=${nacos.secret-key:}, serverAddr=${nacos.server-addr:}, username=${nacos.username:}}', source='@com.alibaba.nacos.api.config.annotation.NacosConfigurationProperties(autoRefreshed=true, dataId=petrel-game-config.yaml, exceptionIfInvalid=true, groupId=DEFAULT_GROUP, ignoreInvalidFields=false, ignoreNestedProperties=false, ignoreUnknownFields=true, prefix=, properties=@com.alibaba.nacos.api.annotation.NacosProperties(accessKey=${nacos.access-key:}, clusterName=${nacos.cluster-name:}, configLongPollTimeout=${nacos.configLongPollTimeout:}, configRetryTime=${nacos.configRetryTime:}, contextPath=${nacos.context-path:}, enableRemoteSyncConfig=${nacos.enableRemoteSyncConfig:}, encode=${nacos.encode:UTF-8}, endpoint=${nacos.endpoint:}, maxRetry=${nacos.maxRetry:}, namespace=${nacos.namespace:}, password=${nacos.password:}, secretKey=${nacos.secret-key:}, serverAddr=${nacos.server-addr:}, username=${nacos.username:}), type=YAML, yaml=false)', timestamp='1762421562518'
11-06 09:32:43.034 WARN  [main] [o.s.c.netflix.archaius.ArchaiusAutoConfiguration] : No spring.application.name found, defaulting to 'application'
11-06 09:32:43.039 WARN  [main] [com.netflix.config.sources.URLConfigurationSource] : No URLs will be polled as dynamic configuration sources.
11-06 09:32:43.040 INFO  [main] [com.netflix.config.sources.URLConfigurationSource] : To enable URLs as dynamic configuration sources, define System property archaius.configurationSource.additionalUrls or make config.properties available on classpath.
11-06 09:32:43.080 WARN  [main] [com.netflix.config.sources.URLConfigurationSource] : No URLs will be polled as dynamic configuration sources.
11-06 09:32:43.081 INFO  [main] [com.netflix.config.sources.URLConfigurationSource] : To enable URLs as dynamic configuration sources, define System property archaius.configurationSource.additionalUrls or make config.properties available on classpath.
11-06 09:32:43.751 INFO  [main] [o.s.scheduling.concurrent.ThreadPoolTaskScheduler] : Initializing ExecutorService 'Nacso-Watch-Task-Scheduler'
11-06 09:32:45.146 INFO  [main] [o.s.b.actuate.endpoint.web.EndpointLinksResolver] : Exposing 2 endpoint(s) beneath base path '/actuator'
11-06 09:32:46.298 INFO  [main] [o.s.boot.web.embedded.tomcat.TomcatWebServer] : Tomcat started on port(s): 8080 (http) with context path ''
11-06 09:32:46.300 WARN  [main] [c.a.cloud.nacos.registry.NacosServiceRegistry] : No service to register for nacos client...
11-06 09:32:46.307 INFO  [main] [com.petrel.register.RegisterApplication] : Started RegisterApplication in 18.52 seconds (JVM running for 19.666)
11-06 09:32:46.660 INFO  [main] [io.lettuce.core.EpollProvider] : Starting with epoll library
11-06 09:32:46.670 INFO  [main] [io.lettuce.core.KqueueProvider] : Starting without optional kqueue library
11-06 09:40:05.548 WARN  [background-preinit] [o.s.h.converter.json.Jackson2ObjectMapperBuilder] : For Jackson Kotlin classes support please add "com.fasterxml.jackson.module:jackson-module-kotlin" to the classpath
11-06 09:40:06.076 INFO  [main] [com.petrel.register.RegisterApplication] : The following profiles are active: prod
11-06 09:40:07.225 WARN  [main] [o.springframework.boot.actuate.endpoint.EndpointId] : Endpoint ID 'nacos-discovery' contains invalid characters, please migrate to a valid format.
11-06 09:40:07.486 INFO  [main] [o.s.d.r.config.RepositoryConfigurationDelegate] : Multiple Spring Data modules found, entering strict repository configuration mode!
11-06 09:40:07.489 INFO  [main] [o.s.d.r.config.RepositoryConfigurationDelegate] : Bootstrapping Spring Data Redis repositories in DEFAULT mode.
11-06 09:40:07.521 INFO  [main] [o.s.d.r.config.RepositoryConfigurationDelegate] : Finished Spring Data repository scanning in 16ms. Found 0 Redis repository interfaces.
11-06 09:40:07.613 WARN  [main] [o.springframework.boot.actuate.endpoint.EndpointId] : Endpoint ID 'service-registry' contains invalid characters, please migrate to a valid format.
11-06 09:40:08.131 INFO  [main] [o.springframework.cloud.context.scope.GenericScope] : BeanFactory id=441f032e-5849-35c7-a938-61bd75f12b40
11-06 09:40:09.195 INFO  [main] [o.s.c.s.PostProcessorRegistrationDelegate$BeanPostProcessorChecker] : Bean 'spring.datasource.dynamic-com.baomidou.dynamic.datasource.spring.boot.autoconfigure.DynamicDataSourceProperties' of type [com.baomidou.dynamic.datasource.spring.boot.autoconfigure.DynamicDataSourceProperties] is not eligible for getting processed by all BeanPostProcessors (for example: not eligible for auto-proxying)
11-06 09:40:09.209 INFO  [main] [o.s.c.s.PostProcessorRegistrationDelegate$BeanPostProcessorChecker] : Bean 'com.baomidou.dynamic.datasource.spring.boot.autoconfigure.DynamicDataSourceAutoConfiguration' of type [com.baomidou.dynamic.datasource.spring.boot.autoconfigure.DynamicDataSourceAutoConfiguration$$EnhancerBySpringCGLIB$$d1a95bdc] is not eligible for getting processed by all BeanPostProcessors (for example: not eligible for auto-proxying)
11-06 09:40:09.248 INFO  [main] [o.s.c.s.PostProcessorRegistrationDelegate$BeanPostProcessorChecker] : Bean 'dsProcessor' of type [com.baomidou.dynamic.datasource.processor.DsHeaderProcessor] is not eligible for getting processed by all BeanPostProcessors (for example: not eligible for auto-proxying)
11-06 09:40:10.153 INFO  [main] [o.s.boot.web.embedded.tomcat.TomcatWebServer] : Tomcat initialized with port(s): 7180 (http)
11-06 09:40:10.231 INFO  [main] [org.apache.catalina.core.StandardService] : Starting service [Tomcat]
11-06 09:40:10.232 INFO  [main] [org.apache.catalina.core.StandardEngine] : Starting Servlet engine: [Apache Tomcat/9.0.31]
11-06 09:40:10.383 INFO  [main] [o.a.c.core.ContainerBase.[Tomcat].[localhost].[/]] : Initializing Spring embedded WebApplicationContext
11-06 09:40:10.385 INFO  [main] [org.springframework.web.context.ContextLoader] : Root WebApplicationContext: initialization completed in 4257 ms
11-06 09:40:13.372 INFO  [main] [com.alibaba.druid.pool.DruidDataSource] : {dataSource-1,petrel_core} inited
11-06 09:40:14.339 INFO  [main] [com.alibaba.druid.pool.DruidDataSource] : {dataSource-2,petrel_record} inited
11-06 09:40:14.340 INFO  [main] [c.b.dynamic.datasource.DynamicRoutingDataSource] : dynamic-datasource - load a datasource named [petrel_record] success
11-06 09:40:14.340 INFO  [main] [c.b.dynamic.datasource.DynamicRoutingDataSource] : dynamic-datasource - load a datasource named [petrel_core] success
11-06 09:40:14.340 INFO  [main] [c.b.dynamic.datasource.DynamicRoutingDataSource] : dynamic-datasource initial loaded [2] datasource,primary datasource named [petrel_core]
11-06 09:40:16.624 INFO  [main] [c.a.n.s.c.e.LoggingNacosConfigMetadataEventListener] : Nacos Config Metadata : dataId='petrel-game-config.yaml', groupId='DEFAULT_GROUP', beanName='lobbyConfig', bean='GameConfig(hostUrl=https://gengxin1123.oss-ap-southeast-1.aliyuncs.com/ycd_update/, wxId=wxid_value, wxSecret=wxSecret_value, lobbyVersion=3, lobbyVfx=YCD)', beanType='class com.petrel.register.config.GameConfig', annotatedElement='class com.petrel.register.config.GameConfig', xmlResource='null', nacosProperties='{encode=UTF-8, password=nacos, serverAddr=202.189.7.196:6878, username=nacos}', nacosPropertiesAttributes='{accessKey=${nacos.access-key:}, clusterName=${nacos.cluster-name:}, configLongPollTimeout=${nacos.configLongPollTimeout:}, configRetryTime=${nacos.configRetryTime:}, contextPath=${nacos.context-path:}, enableRemoteSyncConfig=${nacos.enableRemoteSyncConfig:}, encode=${nacos.encode:UTF-8}, endpoint=${nacos.endpoint:}, maxRetry=${nacos.maxRetry:}, namespace=${nacos.namespace:}, password=${nacos.password:}, secretKey=${nacos.secret-key:}, serverAddr=${nacos.server-addr:}, username=${nacos.username:}}', source='@com.alibaba.nacos.api.config.annotation.NacosConfigurationProperties(autoRefreshed=true, dataId=petrel-game-config.yaml, exceptionIfInvalid=true, groupId=DEFAULT_GROUP, ignoreInvalidFields=false, ignoreNestedProperties=false, ignoreUnknownFields=true, prefix=, properties=@com.alibaba.nacos.api.annotation.NacosProperties(accessKey=${nacos.access-key:}, clusterName=${nacos.cluster-name:}, configLongPollTimeout=${nacos.configLongPollTimeout:}, configRetryTime=${nacos.configRetryTime:}, contextPath=${nacos.context-path:}, enableRemoteSyncConfig=${nacos.enableRemoteSyncConfig:}, encode=${nacos.encode:UTF-8}, endpoint=${nacos.endpoint:}, maxRetry=${nacos.maxRetry:}, namespace=${nacos.namespace:}, password=${nacos.password:}, secretKey=${nacos.secret-key:}, serverAddr=${nacos.server-addr:}, username=${nacos.username:}), type=YAML, yaml=false)', timestamp='1762422016615'
11-06 09:40:17.309 WARN  [main] [o.s.c.netflix.archaius.ArchaiusAutoConfiguration] : No spring.application.name found, defaulting to 'application'
11-06 09:40:17.313 WARN  [main] [com.netflix.config.sources.URLConfigurationSource] : No URLs will be polled as dynamic configuration sources.
11-06 09:40:17.314 INFO  [main] [com.netflix.config.sources.URLConfigurationSource] : To enable URLs as dynamic configuration sources, define System property archaius.configurationSource.additionalUrls or make config.properties available on classpath.
11-06 09:40:17.320 WARN  [main] [com.netflix.config.sources.URLConfigurationSource] : No URLs will be polled as dynamic configuration sources.
11-06 09:40:17.320 INFO  [main] [com.netflix.config.sources.URLConfigurationSource] : To enable URLs as dynamic configuration sources, define System property archaius.configurationSource.additionalUrls or make config.properties available on classpath.
11-06 09:40:18.003 INFO  [main] [o.s.scheduling.concurrent.ThreadPoolTaskScheduler] : Initializing ExecutorService 'Nacso-Watch-Task-Scheduler'
11-06 09:40:19.205 INFO  [main] [o.s.b.actuate.endpoint.web.EndpointLinksResolver] : Exposing 2 endpoint(s) beneath base path '/actuator'
11-06 09:40:19.969 INFO  [main] [o.s.boot.web.embedded.tomcat.TomcatWebServer] : Tomcat started on port(s): 7180 (http) with context path ''
11-06 09:40:19.972 WARN  [main] [c.a.cloud.nacos.registry.NacosServiceRegistry] : No service to register for nacos client...
11-06 09:40:19.975 INFO  [main] [com.petrel.register.RegisterApplication] : Started RegisterApplication in 16.254 seconds (JVM running for 17.653)
11-06 09:40:20.145 INFO  [main] [io.lettuce.core.EpollProvider] : Starting with epoll library
11-06 09:40:20.150 INFO  [main] [io.lettuce.core.KqueueProvider] : Starting without optional kqueue library
11-06 09:40:44.549 WARN  [background-preinit] [o.s.h.converter.json.Jackson2ObjectMapperBuilder] : For Jackson Kotlin classes support please add "com.fasterxml.jackson.module:jackson-module-kotlin" to the classpath
11-06 09:40:45.277 INFO  [main] [com.petrel.user.UserApplication] : The following profiles are active: prod
11-06 09:40:46.734 WARN  [main] [o.springframework.boot.actuate.endpoint.EndpointId] : Endpoint ID 'nacos-discovery' contains invalid characters, please migrate to a valid format.
11-06 09:40:47.089 INFO  [main] [o.s.d.r.config.RepositoryConfigurationDelegate] : Multiple Spring Data modules found, entering strict repository configuration mode!
11-06 09:40:47.107 INFO  [main] [o.s.d.r.config.RepositoryConfigurationDelegate] : Bootstrapping Spring Data Redis repositories in DEFAULT mode.
11-06 09:40:47.180 INFO  [main] [o.s.d.r.config.RepositoryConfigurationDelegate] : Finished Spring Data repository scanning in 38ms. Found 0 Redis repository interfaces.
11-06 09:40:47.303 WARN  [main] [o.springframework.boot.actuate.endpoint.EndpointId] : Endpoint ID 'service-registry' contains invalid characters, please migrate to a valid format.
11-06 09:40:47.699 INFO  [main] [o.springframework.cloud.context.scope.GenericScope] : BeanFactory id=ce81e8a4-9faa-3e8e-a614-e20eee678bf6
11-06 09:40:48.747 INFO  [main] [o.s.c.s.PostProcessorRegistrationDelegate$BeanPostProcessorChecker] : Bean 'spring.datasource.dynamic-com.baomidou.dynamic.datasource.spring.boot.autoconfigure.DynamicDataSourceProperties' of type [com.baomidou.dynamic.datasource.spring.boot.autoconfigure.DynamicDataSourceProperties] is not eligible for getting processed by all BeanPostProcessors (for example: not eligible for auto-proxying)
11-06 09:40:48.763 INFO  [main] [o.s.c.s.PostProcessorRegistrationDelegate$BeanPostProcessorChecker] : Bean 'com.baomidou.dynamic.datasource.spring.boot.autoconfigure.DynamicDataSourceAutoConfiguration' of type [com.baomidou.dynamic.datasource.spring.boot.autoconfigure.DynamicDataSourceAutoConfiguration$$EnhancerBySpringCGLIB$$77dc308f] is not eligible for getting processed by all BeanPostProcessors (for example: not eligible for auto-proxying)
11-06 09:40:48.836 INFO  [main] [o.s.c.s.PostProcessorRegistrationDelegate$BeanPostProcessorChecker] : Bean 'dsProcessor' of type [com.baomidou.dynamic.datasource.processor.DsHeaderProcessor] is not eligible for getting processed by all BeanPostProcessors (for example: not eligible for auto-proxying)
11-06 09:40:49.930 INFO  [main] [o.s.boot.web.embedded.tomcat.TomcatWebServer] : Tomcat initialized with port(s): 8719 (http)
11-06 09:40:50.056 INFO  [main] [org.apache.catalina.core.StandardService] : Starting service [Tomcat]
11-06 09:40:50.058 INFO  [main] [org.apache.catalina.core.StandardEngine] : Starting Servlet engine: [Apache Tomcat/9.0.31]
11-06 09:40:50.247 INFO  [main] [o.a.c.core.ContainerBase.[Tomcat].[localhost].[/]] : Initializing Spring embedded WebApplicationContext
11-06 09:40:50.248 INFO  [main] [org.springframework.web.context.ContextLoader] : Root WebApplicationContext: initialization completed in 4922 ms
11-06 09:41:00.248 INFO  [main] [com.alibaba.druid.pool.DruidDataSource] : {dataSource-1,petrel_core} inited
11-06 09:41:00.706 INFO  [main] [com.petrel.game.GameApplication] : The following profiles are active: prod
11-06 09:41:01.836 WARN  [main] [o.springframework.boot.actuate.endpoint.EndpointId] : Endpoint ID 'nacos-discovery' contains invalid characters, please migrate to a valid format.
11-06 09:41:02.093 INFO  [main] [o.s.d.r.config.RepositoryConfigurationDelegate] : Multiple Spring Data modules found, entering strict repository configuration mode!
11-06 09:41:02.097 INFO  [main] [o.s.d.r.config.RepositoryConfigurationDelegate] : Bootstrapping Spring Data Redis repositories in DEFAULT mode.
11-06 09:41:02.127 INFO  [main] [o.s.d.r.config.RepositoryConfigurationDelegate] : Finished Spring Data repository scanning in 13ms. Found 0 Redis repository interfaces.
11-06 09:41:02.213 WARN  [main] [o.springframework.boot.actuate.endpoint.EndpointId] : Endpoint ID 'service-registry' contains invalid characters, please migrate to a valid format.
11-06 09:41:02.560 INFO  [main] [o.springframework.cloud.context.scope.GenericScope] : BeanFactory id=803ac902-efef-3310-96c4-874a8e137fbf
11-06 09:41:03.177 INFO  [main] [o.s.c.s.PostProcessorRegistrationDelegate$BeanPostProcessorChecker] : Bean 'spring.datasource.dynamic-com.baomidou.dynamic.datasource.spring.boot.autoconfigure.DynamicDataSourceProperties' of type [com.baomidou.dynamic.datasource.spring.boot.autoconfigure.DynamicDataSourceProperties] is not eligible for getting processed by all BeanPostProcessors (for example: not eligible for auto-proxying)
11-06 09:41:03.187 INFO  [main] [o.s.c.s.PostProcessorRegistrationDelegate$BeanPostProcessorChecker] : Bean 'com.baomidou.dynamic.datasource.spring.boot.autoconfigure.DynamicDataSourceAutoConfiguration' of type [com.baomidou.dynamic.datasource.spring.boot.autoconfigure.DynamicDataSourceAutoConfiguration$$EnhancerBySpringCGLIB$$77dc308f] is not eligible for getting processed by all BeanPostProcessors (for example: not eligible for auto-proxying)
11-06 09:41:03.206 INFO  [main] [o.s.c.s.PostProcessorRegistrationDelegate$BeanPostProcessorChecker] : Bean 'dsProcessor' of type [com.baomidou.dynamic.datasource.processor.DsHeaderProcessor] is not eligible for getting processed by all BeanPostProcessors (for example: not eligible for auto-proxying)
11-06 09:41:03.731 INFO  [main] [com.alibaba.druid.pool.DruidDataSource] : {dataSource-2,petrel_record} inited
11-06 09:41:03.732 INFO  [main] [c.b.dynamic.datasource.DynamicRoutingDataSource] : dynamic-datasource - load a datasource named [petrel_record] success
11-06 09:41:03.732 INFO  [main] [c.b.dynamic.datasource.DynamicRoutingDataSource] : dynamic-datasource - load a datasource named [petrel_core] success
11-06 09:41:03.732 INFO  [main] [c.b.dynamic.datasource.DynamicRoutingDataSource] : dynamic-datasource initial loaded [2] datasource,primary datasource named [petrel_core]
11-06 09:41:03.771 INFO  [main] [o.s.boot.web.embedded.tomcat.TomcatWebServer] : Tomcat initialized with port(s): 8752 (http)
11-06 09:41:03.800 INFO  [main] [org.apache.catalina.core.StandardService] : Starting service [Tomcat]
11-06 09:41:03.802 INFO  [main] [org.apache.catalina.core.StandardEngine] : Starting Servlet engine: [Apache Tomcat/9.0.31]
11-06 09:41:04.109 INFO  [main] [o.a.c.core.ContainerBase.[Tomcat].[localhost].[/]] : Initializing Spring embedded WebApplicationContext
11-06 09:41:04.111 INFO  [main] [org.springframework.web.context.ContextLoader] : Root WebApplicationContext: initialization completed in 3354 ms
11-06 09:41:06.516 INFO  [main] [c.a.n.s.c.e.LoggingNacosConfigMetadataEventListener] : Nacos Config Metadata : dataId='petrel-lobby-user-config.yaml', groupId='DEFAULT_GROUP', beanName='lobbyConfig', bean='LobbyUserConfig(gidLen=8, gidStart=0, registerNumber=0, signPlays=200, signDays=28, signDaysHalf=14, signGold=15, signHalf=30, signAll=60)', beanType='class com.petrel.user.config.LobbyUserConfig', annotatedElement='class com.petrel.user.config.LobbyUserConfig', xmlResource='null', nacosProperties='{encode=UTF-8, password=nacos, serverAddr=202.189.7.196:6878, username=nacos}', nacosPropertiesAttributes='{accessKey=${nacos.access-key:}, clusterName=${nacos.cluster-name:}, configLongPollTimeout=${nacos.configLongPollTimeout:}, configRetryTime=${nacos.configRetryTime:}, contextPath=${nacos.context-path:}, enableRemoteSyncConfig=${nacos.enableRemoteSyncConfig:}, encode=${nacos.encode:UTF-8}, endpoint=${nacos.endpoint:}, maxRetry=${nacos.maxRetry:}, namespace=${nacos.namespace:}, password=${nacos.password:}, secretKey=${nacos.secret-key:}, serverAddr=${nacos.server-addr:}, username=${nacos.username:}}', source='@com.alibaba.nacos.api.config.annotation.NacosConfigurationProperties(autoRefreshed=true, dataId=petrel-lobby-user-config.yaml, exceptionIfInvalid=true, groupId=DEFAULT_GROUP, ignoreInvalidFields=false, ignoreNestedProperties=false, ignoreUnknownFields=true, prefix=, properties=@com.alibaba.nacos.api.annotation.NacosProperties(accessKey=${nacos.access-key:}, clusterName=${nacos.cluster-name:}, configLongPollTimeout=${nacos.configLongPollTimeout:}, configRetryTime=${nacos.configRetryTime:}, contextPath=${nacos.context-path:}, enableRemoteSyncConfig=${nacos.enableRemoteSyncConfig:}, encode=${nacos.encode:UTF-8}, endpoint=${nacos.endpoint:}, maxRetry=${nacos.maxRetry:}, namespace=${nacos.namespace:}, password=${nacos.password:}, secretKey=${nacos.secret-key:}, serverAddr=${nacos.server-addr:}, username=${nacos.username:}), type=YAML, yaml=false)', timestamp='1762422066509'
11-06 09:41:06.756 INFO  [NacosConfigListener-ThreadPool-1] [c.a.n.s.c.e.LoggingNacosConfigMetadataEventListener] : Nacos Config Metadata : dataId='petrel-lobby-user-config.yaml', groupId='DEFAULT_GROUP', beanName='lobbyConfig', bean='LobbyUserConfig(gidLen=8, gidStart=0, registerNumber=0, signPlays=200, signDays=28, signDaysHalf=14, signGold=15, signHalf=30, signAll=60)', beanType='class com.petrel.user.config.LobbyUserConfig', annotatedElement='class com.petrel.user.config.LobbyUserConfig', xmlResource='null', nacosProperties='{encode=UTF-8, password=nacos, serverAddr=202.189.7.196:6878, username=nacos}', nacosPropertiesAttributes='{accessKey=${nacos.access-key:}, clusterName=${nacos.cluster-name:}, configLongPollTimeout=${nacos.configLongPollTimeout:}, configRetryTime=${nacos.configRetryTime:}, contextPath=${nacos.context-path:}, enableRemoteSyncConfig=${nacos.enableRemoteSyncConfig:}, encode=${nacos.encode:UTF-8}, endpoint=${nacos.endpoint:}, maxRetry=${nacos.maxRetry:}, namespace=${nacos.namespace:}, password=${nacos.password:}, secretKey=${nacos.secret-key:}, serverAddr=${nacos.server-addr:}, username=${nacos.username:}}', source='@com.alibaba.nacos.api.config.annotation.NacosConfigurationProperties(autoRefreshed=true, dataId=petrel-lobby-user-config.yaml, exceptionIfInvalid=true, groupId=DEFAULT_GROUP, ignoreInvalidFields=false, ignoreNestedProperties=false, ignoreUnknownFields=true, prefix=, properties=@com.alibaba.nacos.api.annotation.NacosProperties(accessKey=${nacos.access-key:}, clusterName=${nacos.cluster-name:}, configLongPollTimeout=${nacos.configLongPollTimeout:}, configRetryTime=${nacos.configRetryTime:}, contextPath=${nacos.context-path:}, enableRemoteSyncConfig=${nacos.enableRemoteSyncConfig:}, encode=${nacos.encode:UTF-8}, endpoint=${nacos.endpoint:}, maxRetry=${nacos.maxRetry:}, namespace=${nacos.namespace:}, password=${nacos.password:}, secretKey=${nacos.secret-key:}, serverAddr=${nacos.server-addr:}, username=${nacos.username:}), type=YAML, yaml=false)', timestamp='1762422066754'
11-06 09:41:07.212 INFO  [main] [c.a.n.s.c.e.LoggingNacosConfigMetadataEventListener] : Nacos Config Metadata : dataId='petrel-lobby-gold-config.yaml', groupId='DEFAULT_GROUP', beanName='goldBankConfig', bean='GoldBankConfig(transfer=1, traPre=2, traReceivePre=100, norTra=0, norMin=1650000, vipMin=10000, maxHoldGold=100000, vip2vip=9, changeVip=1, vip7=0,1)', beanType='class com.petrel.user.config.GoldBankConfig', annotatedElement='class com.petrel.user.config.GoldBankConfig', xmlResource='null', nacosProperties='{encode=UTF-8, password=nacos, serverAddr=202.189.7.196:6878, username=nacos}', nacosPropertiesAttributes='{accessKey=${nacos.access-key:}, clusterName=${nacos.cluster-name:}, configLongPollTimeout=${nacos.configLongPollTimeout:}, configRetryTime=${nacos.configRetryTime:}, contextPath=${nacos.context-path:}, enableRemoteSyncConfig=${nacos.enableRemoteSyncConfig:}, encode=${nacos.encode:UTF-8}, endpoint=${nacos.endpoint:}, maxRetry=${nacos.maxRetry:}, namespace=${nacos.namespace:}, password=${nacos.password:}, secretKey=${nacos.secret-key:}, serverAddr=${nacos.server-addr:}, username=${nacos.username:}}', source='@com.alibaba.nacos.api.config.annotation.NacosConfigurationProperties(autoRefreshed=true, dataId=petrel-lobby-gold-config.yaml, exceptionIfInvalid=true, groupId=DEFAULT_GROUP, ignoreInvalidFields=false, ignoreNestedProperties=false, ignoreUnknownFields=true, prefix=, properties=@com.alibaba.nacos.api.annotation.NacosProperties(accessKey=${nacos.access-key:}, clusterName=${nacos.cluster-name:}, configLongPollTimeout=${nacos.configLongPollTimeout:}, configRetryTime=${nacos.configRetryTime:}, contextPath=${nacos.context-path:}, enableRemoteSyncConfig=${nacos.enableRemoteSyncConfig:}, encode=${nacos.encode:UTF-8}, endpoint=${nacos.endpoint:}, maxRetry=${nacos.maxRetry:}, namespace=${nacos.namespace:}, password=${nacos.password:}, secretKey=${nacos.secret-key:}, serverAddr=${nacos.server-addr:}, username=${nacos.username:}), type=YAML, yaml=false)', timestamp='1762422067207'
11-06 09:41:08.192 INFO  [main] [c.a.n.s.c.e.LoggingNacosConfigMetadataEventListener] : Nacos Config Metadata : dataId='petrel-lobby-gold-config.yaml', groupId='DEFAULT_GROUP', beanName='cardRestrictConfig', bean='CardRestrictConfig(goldRestrict=100000, oncePresent=1, simulatorRestrict=1, notTel=0, notInTransfer=0, playRestrict=0, vipPresent=100, vipNotVip=1)', beanType='class com.petrel.user.config.CardRestrictConfig', annotatedElement='class com.petrel.user.config.CardRestrictConfig', xmlResource='null', nacosProperties='{encode=UTF-8, password=nacos, serverAddr=202.189.7.196:6878, username=nacos}', nacosPropertiesAttributes='{accessKey=${nacos.access-key:}, clusterName=${nacos.cluster-name:}, configLongPollTimeout=${nacos.configLongPollTimeout:}, configRetryTime=${nacos.configRetryTime:}, contextPath=${nacos.context-path:}, enableRemoteSyncConfig=${nacos.enableRemoteSyncConfig:}, encode=${nacos.encode:UTF-8}, endpoint=${nacos.endpoint:}, maxRetry=${nacos.maxRetry:}, namespace=${nacos.namespace:}, password=${nacos.password:}, secretKey=${nacos.secret-key:}, serverAddr=${nacos.server-addr:}, username=${nacos.username:}}', source='@com.alibaba.nacos.api.config.annotation.NacosConfigurationProperties(autoRefreshed=true, dataId=petrel-lobby-gold-config.yaml, exceptionIfInvalid=true, groupId=DEFAULT_GROUP, ignoreInvalidFields=false, ignoreNestedProperties=false, ignoreUnknownFields=true, prefix=, properties=@com.alibaba.nacos.api.annotation.NacosProperties(accessKey=${nacos.access-key:}, clusterName=${nacos.cluster-name:}, configLongPollTimeout=${nacos.configLongPollTimeout:}, configRetryTime=${nacos.configRetryTime:}, contextPath=${nacos.context-path:}, enableRemoteSyncConfig=${nacos.enableRemoteSyncConfig:}, encode=${nacos.encode:UTF-8}, endpoint=${nacos.endpoint:}, maxRetry=${nacos.maxRetry:}, namespace=${nacos.namespace:}, password=${nacos.password:}, secretKey=${nacos.secret-key:}, serverAddr=${nacos.server-addr:}, username=${nacos.username:}), type=YAML, yaml=false)', timestamp='1762422068190'
11-06 09:41:09.751 WARN  [main] [o.s.c.netflix.archaius.ArchaiusAutoConfiguration] : No spring.application.name found, defaulting to 'application'
11-06 09:41:09.755 WARN  [main] [com.netflix.config.sources.URLConfigurationSource] : No URLs will be polled as dynamic configuration sources.
11-06 09:41:09.755 INFO  [main] [com.netflix.config.sources.URLConfigurationSource] : To enable URLs as dynamic configuration sources, define System property archaius.configurationSource.additionalUrls or make config.properties available on classpath.
11-06 09:41:09.761 WARN  [main] [com.netflix.config.sources.URLConfigurationSource] : No URLs will be polled as dynamic configuration sources.
11-06 09:41:09.761 INFO  [main] [com.netflix.config.sources.URLConfigurationSource] : To enable URLs as dynamic configuration sources, define System property archaius.configurationSource.additionalUrls or make config.properties available on classpath.
11-06 09:41:10.781 INFO  [main] [o.s.scheduling.concurrent.ThreadPoolTaskScheduler] : Initializing ExecutorService 'Nacso-Watch-Task-Scheduler'
11-06 09:41:11.277 INFO  [main] [com.alibaba.druid.pool.DruidDataSource] : {dataSource-1,petrel_core} inited
11-06 09:41:12.441 INFO  [main] [o.s.b.actuate.endpoint.web.EndpointLinksResolver] : Exposing 2 endpoint(s) beneath base path '/actuator'
11-06 09:41:13.621 INFO  [main] [o.s.boot.web.embedded.tomcat.TomcatWebServer] : Tomcat started on port(s): 8719 (http) with context path ''
11-06 09:41:13.629 WARN  [main] [c.a.cloud.nacos.registry.NacosServiceRegistry] : No service to register for nacos client...
11-06 09:41:13.643 INFO  [main] [com.petrel.user.UserApplication] : Started UserApplication in 30.379 seconds (JVM running for 31.293)
11-06 09:41:13.682 INFO  [main] [com.petrel.user.config.StartInitialize] : Start init NickName config success
11-06 09:41:15.096 INFO  [main] [com.alibaba.druid.pool.DruidDataSource] : {dataSource-2,petrel_record} inited
11-06 09:41:15.098 INFO  [main] [c.b.dynamic.datasource.DynamicRoutingDataSource] : dynamic-datasource - load a datasource named [petrel_record] success
11-06 09:41:15.100 INFO  [main] [c.b.dynamic.datasource.DynamicRoutingDataSource] : dynamic-datasource - load a datasource named [petrel_core] success
11-06 09:41:15.100 INFO  [main] [c.b.dynamic.datasource.DynamicRoutingDataSource] : dynamic-datasource initial loaded [2] datasource,primary datasource named [petrel_core]
11-06 09:41:19.467 INFO  [main] [c.a.n.s.c.e.LoggingNacosConfigMetadataEventListener] : Nacos Config Metadata : dataId='petrel-strategy-config.yaml', groupId='DEFAULT_GROUP', beanName='lobbyConfig', bean='StrategyConfig(ceilLastDiffTimes=0_30|10;30_50|30;50_-1|500, ceilMultiple=3-5, ceilFixed=150, ceilCardRange=50-200, strategyCheat=10000, strategyLoseA=0.53, strategyLoseB=1.515E-5, strategyPlayTimes=800-1000-1300)', beanType='class com.petrel.game.config.StrategyConfig', annotatedElement='class com.petrel.game.config.StrategyConfig', xmlResource='null', nacosProperties='{encode=UTF-8, password=nacos, serverAddr=202.189.7.196:6878, username=nacos}', nacosPropertiesAttributes='{accessKey=${nacos.access-key:}, clusterName=${nacos.cluster-name:}, configLongPollTimeout=${nacos.configLongPollTimeout:}, configRetryTime=${nacos.configRetryTime:}, contextPath=${nacos.context-path:}, enableRemoteSyncConfig=${nacos.enableRemoteSyncConfig:}, encode=${nacos.encode:UTF-8}, endpoint=${nacos.endpoint:}, maxRetry=${nacos.maxRetry:}, namespace=${nacos.namespace:}, password=${nacos.password:}, secretKey=${nacos.secret-key:}, serverAddr=${nacos.server-addr:}, username=${nacos.username:}}', source='@com.alibaba.nacos.api.config.annotation.NacosConfigurationProperties(autoRefreshed=true, dataId=petrel-strategy-config.yaml, exceptionIfInvalid=true, groupId=DEFAULT_GROUP, ignoreInvalidFields=false, ignoreNestedProperties=false, ignoreUnknownFields=true, prefix=, properties=@com.alibaba.nacos.api.annotation.NacosProperties(accessKey=${nacos.access-key:}, clusterName=${nacos.cluster-name:}, configLongPollTimeout=${nacos.configLongPollTimeout:}, configRetryTime=${nacos.configRetryTime:}, contextPath=${nacos.context-path:}, enableRemoteSyncConfig=${nacos.enableRemoteSyncConfig:}, encode=${nacos.encode:UTF-8}, endpoint=${nacos.endpoint:}, maxRetry=${nacos.maxRetry:}, namespace=${nacos.namespace:}, password=${nacos.password:}, secretKey=${nacos.secret-key:}, serverAddr=${nacos.server-addr:}, username=${nacos.username:}), type=YAML, yaml=false)', timestamp='1762422079459'
11-06 09:41:19.974 INFO  [NacosConfigListener-ThreadPool-1] [c.a.n.s.c.e.LoggingNacosConfigMetadataEventListener] : Nacos Config Metadata : dataId='petrel-strategy-config.yaml', groupId='DEFAULT_GROUP', beanName='lobbyConfig', bean='StrategyConfig(ceilLastDiffTimes=0_30|10;30_50|30;50_-1|500, ceilMultiple=3-5, ceilFixed=150, ceilCardRange=50-200, strategyCheat=10000, strategyLoseA=0.53, strategyLoseB=1.515E-5, strategyPlayTimes=800-1000-1300)', beanType='class com.petrel.game.config.StrategyConfig', annotatedElement='class com.petrel.game.config.StrategyConfig', xmlResource='null', nacosProperties='{encode=UTF-8, password=nacos, serverAddr=202.189.7.196:6878, username=nacos}', nacosPropertiesAttributes='{accessKey=${nacos.access-key:}, clusterName=${nacos.cluster-name:}, configLongPollTimeout=${nacos.configLongPollTimeout:}, configRetryTime=${nacos.configRetryTime:}, contextPath=${nacos.context-path:}, enableRemoteSyncConfig=${nacos.enableRemoteSyncConfig:}, encode=${nacos.encode:UTF-8}, endpoint=${nacos.endpoint:}, maxRetry=${nacos.maxRetry:}, namespace=${nacos.namespace:}, password=${nacos.password:}, secretKey=${nacos.secret-key:}, serverAddr=${nacos.server-addr:}, username=${nacos.username:}}', source='@com.alibaba.nacos.api.config.annotation.NacosConfigurationProperties(autoRefreshed=true, dataId=petrel-strategy-config.yaml, exceptionIfInvalid=true, groupId=DEFAULT_GROUP, ignoreInvalidFields=false, ignoreNestedProperties=false, ignoreUnknownFields=true, prefix=, properties=@com.alibaba.nacos.api.annotation.NacosProperties(accessKey=${nacos.access-key:}, clusterName=${nacos.cluster-name:}, configLongPollTimeout=${nacos.configLongPollTimeout:}, configRetryTime=${nacos.configRetryTime:}, contextPath=${nacos.context-path:}, enableRemoteSyncConfig=${nacos.enableRemoteSyncConfig:}, encode=${nacos.encode:UTF-8}, endpoint=${nacos.endpoint:}, maxRetry=${nacos.maxRetry:}, namespace=${nacos.namespace:}, password=${nacos.password:}, secretKey=${nacos.secret-key:}, serverAddr=${nacos.server-addr:}, username=${nacos.username:}), type=YAML, yaml=false)', timestamp='1762422079971'
11-06 09:41:20.451 INFO  [main] [com.petrel.lobby.LobbyApplication] : The following profiles are active: prod
11-06 09:41:22.234 WARN  [main] [o.s.c.netflix.archaius.ArchaiusAutoConfiguration] : No spring.application.name found, defaulting to 'application'
11-06 09:41:22.246 WARN  [main] [com.netflix.config.sources.URLConfigurationSource] : No URLs will be polled as dynamic configuration sources.
11-06 09:41:22.249 INFO  [main] [com.netflix.config.sources.URLConfigurationSource] : To enable URLs as dynamic configuration sources, define System property archaius.configurationSource.additionalUrls or make config.properties available on classpath.
11-06 09:41:22.264 WARN  [main] [com.netflix.config.sources.URLConfigurationSource] : No URLs will be polled as dynamic configuration sources.
11-06 09:41:22.266 INFO  [main] [com.netflix.config.sources.URLConfigurationSource] : To enable URLs as dynamic configuration sources, define System property archaius.configurationSource.additionalUrls or make config.properties available on classpath.
11-06 09:41:22.296 WARN  [main] [o.s.c.a.AnnotationConfigApplicationContext] : Exception encountered during context initialization - cancelling refresh attempt: org.springframework.beans.factory.support.BeanDefinitionOverrideException: Invalid bean definition with name 'petrel-kernel-user.FeignClientSpecification' defined in null: Cannot register bean definition [Generic bean: class [org.springframework.cloud.openfeign.FeignClientSpecification]; scope=; abstract=false; lazyInit=null; autowireMode=0; dependencyCheck=0; autowireCandidate=true; primary=false; factoryBeanName=null; factoryMethodName=null; initMethodName=null; destroyMethodName=null] for bean 'petrel-kernel-user.FeignClientSpecification': There is already [Generic bean: class [org.springframework.cloud.openfeign.FeignClientSpecification]; scope=; abstract=false; lazyInit=null; autowireMode=0; dependencyCheck=0; autowireCandidate=true; primary=false; factoryBeanName=null; factoryMethodName=null; initMethodName=null; destroyMethodName=null] bound.
11-06 09:41:22.323 INFO  [main] [o.s.b.a.l.ConditionEvaluationReportLoggingListener] : 

Error starting ApplicationContext. To display the conditions report re-run your application with 'debug' enabled.
11-06 09:41:22.331 ERROR [main] [o.s.b.diagnostics.LoggingFailureAnalysisReporter] : 

***************************
APPLICATION FAILED TO START
***************************

Description:

The bean 'petrel-kernel-user.FeignClientSpecification' could not be registered. A bean with that name has already been defined and overriding is disabled.

Action:

Consider renaming one of the beans or enabling overriding by setting spring.main.allow-bean-definition-overriding=true

11-06 09:41:22.343 ERROR [main] [com.petrel.lobby.LobbyApplication] : start error:
org.springframework.beans.factory.support.BeanDefinitionOverrideException: Invalid bean definition with name 'petrel-kernel-user.FeignClientSpecification' defined in null: Cannot register bean definition [Generic bean: class [org.springframework.cloud.openfeign.FeignClientSpecification]; scope=; abstract=false; lazyInit=null; autowireMode=0; dependencyCheck=0; autowireCandidate=true; primary=false; factoryBeanName=null; factoryMethodName=null; initMethodName=null; destroyMethodName=null] for bean 'petrel-kernel-user.FeignClientSpecification': There is already [Generic bean: class [org.springframework.cloud.openfeign.FeignClientSpecification]; scope=; abstract=false; lazyInit=null; autowireMode=0; dependencyCheck=0; autowireCandidate=true; primary=false; factoryBeanName=null; factoryMethodName=null; initMethodName=null; destroyMethodName=null] bound.
	at org.springframework.beans.factory.support.DefaultListableBeanFactory.registerBeanDefinition(DefaultListableBeanFactory.java:927)
	at org.springframework.cloud.openfeign.FeignClientsRegistrar.registerClientConfiguration(FeignClientsRegistrar.java:389)
	at org.springframework.cloud.openfeign.FeignClientsRegistrar.registerFeignClients(FeignClientsRegistrar.java:216)
	at org.springframework.cloud.openfeign.FeignClientsRegistrar.registerBeanDefinitions(FeignClientsRegistrar.java:144)
	at org.springframework.context.annotation.ImportBeanDefinitionRegistrar.registerBeanDefinitions(ImportBeanDefinitionRegistrar.java:86)
	at org.springframework.context.annotation.ConfigurationClassBeanDefinitionReader.lambda$loadBeanDefinitionsFromRegistrars$1(ConfigurationClassBeanDefinitionReader.java:385)
	at java.base/java.util.LinkedHashMap.forEach(LinkedHashMap.java:986)
	at org.springframework.context.annotation.ConfigurationClassBeanDefinitionReader.loadBeanDefinitionsFromRegistrars(ConfigurationClassBeanDefinitionReader.java:384)
	at org.springframework.context.annotation.ConfigurationClassBeanDefinitionReader.loadBeanDefinitionsForConfigurationClass(ConfigurationClassBeanDefinitionReader.java:148)
	at org.springframework.context.annotation.ConfigurationClassBeanDefinitionReader.loadBeanDefinitions(ConfigurationClassBeanDefinitionReader.java:120)
	at org.springframework.context.annotation.ConfigurationClassPostProcessor.processConfigBeanDefinitions(ConfigurationClassPostProcessor.java:331)
	at org.springframework.context.annotation.ConfigurationClassPostProcessor.postProcessBeanDefinitionRegistry(ConfigurationClassPostProcessor.java:236)
	at org.springframework.context.support.PostProcessorRegistrationDelegate.invokeBeanDefinitionRegistryPostProcessors(PostProcessorRegistrationDelegate.java:275)
	at org.springframework.context.support.PostProcessorRegistrationDelegate.invokeBeanFactoryPostProcessors(PostProcessorRegistrationDelegate.java:95)
	at org.springframework.context.support.AbstractApplicationContext.invokeBeanFactoryPostProcessors(AbstractApplicationContext.java:706)
	at org.springframework.context.support.AbstractApplicationContext.refresh(AbstractApplicationContext.java:532)
	at org.springframework.boot.SpringApplication.refresh(SpringApplication.java:747)
	at org.springframework.boot.SpringApplication.refreshContext(SpringApplication.java:397)
	at org.springframework.boot.SpringApplication.run(SpringApplication.java:315)
	at org.springframework.boot.SpringApplication.run(SpringApplication.java:1226)
	at org.springframework.boot.SpringApplication.run(SpringApplication.java:1215)
	at com.petrel.lobby.LobbyApplication.main(LobbyApplication.java:21)
	at java.base/jdk.internal.reflect.DirectMethodHandleAccessor.invoke(DirectMethodHandleAccessor.java:103)
	at java.base/java.lang.reflect.Method.invoke(Method.java:580)
	at org.springframework.boot.loader.MainMethodRunner.run(MainMethodRunner.java:48)
	at org.springframework.boot.loader.Launcher.launch(Launcher.java:87)
	at org.springframework.boot.loader.Launcher.launch(Launcher.java:51)
	at org.springframework.boot.loader.PropertiesLauncher.main(PropertiesLauncher.java:597)
11-06 09:41:23.023 INFO  [main] [o.s.scheduling.concurrent.ThreadPoolTaskScheduler] : Initializing ExecutorService 'Nacso-Watch-Task-Scheduler'
11-06 09:41:24.056 INFO  [main] [o.s.b.actuate.endpoint.web.EndpointLinksResolver] : Exposing 2 endpoint(s) beneath base path '/actuator'
11-06 09:41:24.809 INFO  [main] [o.s.boot.web.embedded.tomcat.TomcatWebServer] : Tomcat started on port(s): 8752 (http) with context path ''
11-06 09:41:24.812 WARN  [main] [c.a.cloud.nacos.registry.NacosServiceRegistry] : No service to register for nacos client...
11-06 09:41:24.818 INFO  [main] [com.petrel.game.GameApplication] : Started GameApplication in 26.191 seconds (JVM running for 27.361)
11-06 09:41:24.839 INFO  [main] [com.zebra.common.concurrent.ZebraExecutorManager] : Initialize executorGroup size 32
11-06 09:41:36.544 INFO  [NacosConfigListener-ThreadPool-2] [c.a.n.s.c.e.LoggingNacosConfigMetadataEventListener] : Nacos Config Metadata : dataId='petrel-lobby-gold-config.yaml', groupId='DEFAULT_GROUP', beanName='goldBankConfig', bean='GoldBankConfig(transfer=1, traPre=2, traReceivePre=100, norTra=0, norMin=1650000, vipMin=10000, maxHoldGold=100000, vip2vip=9, changeVip=1, vip7=0,1)', beanType='class com.petrel.user.config.GoldBankConfig', annotatedElement='class com.petrel.user.config.GoldBankConfig', xmlResource='null', nacosProperties='{encode=UTF-8, password=nacos, serverAddr=202.189.7.196:6878, username=nacos}', nacosPropertiesAttributes='{accessKey=${nacos.access-key:}, clusterName=${nacos.cluster-name:}, configLongPollTimeout=${nacos.configLongPollTimeout:}, configRetryTime=${nacos.configRetryTime:}, contextPath=${nacos.context-path:}, enableRemoteSyncConfig=${nacos.enableRemoteSyncConfig:}, encode=${nacos.encode:UTF-8}, endpoint=${nacos.endpoint:}, maxRetry=${nacos.maxRetry:}, namespace=${nacos.namespace:}, password=${nacos.password:}, secretKey=${nacos.secret-key:}, serverAddr=${nacos.server-addr:}, username=${nacos.username:}}', source='@com.alibaba.nacos.api.config.annotation.NacosConfigurationProperties(autoRefreshed=true, dataId=petrel-lobby-gold-config.yaml, exceptionIfInvalid=true, groupId=DEFAULT_GROUP, ignoreInvalidFields=false, ignoreNestedProperties=false, ignoreUnknownFields=true, prefix=, properties=@com.alibaba.nacos.api.annotation.NacosProperties(accessKey=${nacos.access-key:}, clusterName=${nacos.cluster-name:}, configLongPollTimeout=${nacos.configLongPollTimeout:}, configRetryTime=${nacos.configRetryTime:}, contextPath=${nacos.context-path:}, enableRemoteSyncConfig=${nacos.enableRemoteSyncConfig:}, encode=${nacos.encode:UTF-8}, endpoint=${nacos.endpoint:}, maxRetry=${nacos.maxRetry:}, namespace=${nacos.namespace:}, password=${nacos.password:}, secretKey=${nacos.secret-key:}, serverAddr=${nacos.server-addr:}, username=${nacos.username:}), type=YAML, yaml=false)', timestamp='1762422096543'
11-06 09:41:36.563 INFO  [NacosConfigListener-ThreadPool-1] [c.a.n.s.c.e.LoggingNacosConfigMetadataEventListener] : Nacos Config Metadata : dataId='petrel-lobby-gold-config.yaml', groupId='DEFAULT_GROUP', beanName='cardRestrictConfig', bean='CardRestrictConfig(goldRestrict=100000, oncePresent=1, simulatorRestrict=1, notTel=0, notInTransfer=0, playRestrict=0, vipPresent=100, vipNotVip=1)', beanType='class com.petrel.user.config.CardRestrictConfig', annotatedElement='class com.petrel.user.config.CardRestrictConfig', xmlResource='null', nacosProperties='{encode=UTF-8, password=nacos, serverAddr=202.189.7.196:6878, username=nacos}', nacosPropertiesAttributes='{accessKey=${nacos.access-key:}, clusterName=${nacos.cluster-name:}, configLongPollTimeout=${nacos.configLongPollTimeout:}, configRetryTime=${nacos.configRetryTime:}, contextPath=${nacos.context-path:}, enableRemoteSyncConfig=${nacos.enableRemoteSyncConfig:}, encode=${nacos.encode:UTF-8}, endpoint=${nacos.endpoint:}, maxRetry=${nacos.maxRetry:}, namespace=${nacos.namespace:}, password=${nacos.password:}, secretKey=${nacos.secret-key:}, serverAddr=${nacos.server-addr:}, username=${nacos.username:}}', source='@com.alibaba.nacos.api.config.annotation.NacosConfigurationProperties(autoRefreshed=true, dataId=petrel-lobby-gold-config.yaml, exceptionIfInvalid=true, groupId=DEFAULT_GROUP, ignoreInvalidFields=false, ignoreNestedProperties=false, ignoreUnknownFields=true, prefix=, properties=@com.alibaba.nacos.api.annotation.NacosProperties(accessKey=${nacos.access-key:}, clusterName=${nacos.cluster-name:}, configLongPollTimeout=${nacos.configLongPollTimeout:}, configRetryTime=${nacos.configRetryTime:}, contextPath=${nacos.context-path:}, enableRemoteSyncConfig=${nacos.enableRemoteSyncConfig:}, encode=${nacos.encode:UTF-8}, endpoint=${nacos.endpoint:}, maxRetry=${nacos.maxRetry:}, namespace=${nacos.namespace:}, password=${nacos.password:}, secretKey=${nacos.secret-key:}, serverAddr=${nacos.server-addr:}, username=${nacos.username:}), type=YAML, yaml=false)', timestamp='1762422096541'
11-06 10:02:29.840 WARN  [background-preinit] [o.s.h.converter.json.Jackson2ObjectMapperBuilder] : For Jackson Kotlin classes support please add "com.fasterxml.jackson.module:jackson-module-kotlin" to the classpath
11-06 10:02:31.004 INFO  [main] [com.petrel.register.RegisterApplication] : The following profiles are active: prod
11-06 10:02:32.135 WARN  [main] [o.springframework.boot.actuate.endpoint.EndpointId] : Endpoint ID 'nacos-discovery' contains invalid characters, please migrate to a valid format.
11-06 10:02:32.405 INFO  [main] [o.s.d.r.config.RepositoryConfigurationDelegate] : Multiple Spring Data modules found, entering strict repository configuration mode!
11-06 10:02:32.410 INFO  [main] [o.s.d.r.config.RepositoryConfigurationDelegate] : Bootstrapping Spring Data Redis repositories in DEFAULT mode.
11-06 10:02:32.442 INFO  [main] [o.s.d.r.config.RepositoryConfigurationDelegate] : Finished Spring Data repository scanning in 14ms. Found 0 Redis repository interfaces.
11-06 10:02:32.528 WARN  [main] [o.springframework.boot.actuate.endpoint.EndpointId] : Endpoint ID 'service-registry' contains invalid characters, please migrate to a valid format.
11-06 10:02:32.813 INFO  [main] [o.springframework.cloud.context.scope.GenericScope] : BeanFactory id=441f032e-5849-35c7-a938-61bd75f12b40
11-06 10:02:33.499 INFO  [main] [o.s.c.s.PostProcessorRegistrationDelegate$BeanPostProcessorChecker] : Bean 'spring.datasource.dynamic-com.baomidou.dynamic.datasource.spring.boot.autoconfigure.DynamicDataSourceProperties' of type [com.baomidou.dynamic.datasource.spring.boot.autoconfigure.DynamicDataSourceProperties] is not eligible for getting processed by all BeanPostProcessors (for example: not eligible for auto-proxying)
11-06 10:02:33.509 INFO  [main] [o.s.c.s.PostProcessorRegistrationDelegate$BeanPostProcessorChecker] : Bean 'com.baomidou.dynamic.datasource.spring.boot.autoconfigure.DynamicDataSourceAutoConfiguration' of type [com.baomidou.dynamic.datasource.spring.boot.autoconfigure.DynamicDataSourceAutoConfiguration$$EnhancerBySpringCGLIB$$cf28c980] is not eligible for getting processed by all BeanPostProcessors (for example: not eligible for auto-proxying)
11-06 10:02:33.531 INFO  [main] [o.s.c.s.PostProcessorRegistrationDelegate$BeanPostProcessorChecker] : Bean 'dsProcessor' of type [com.baomidou.dynamic.datasource.processor.DsHeaderProcessor] is not eligible for getting processed by all BeanPostProcessors (for example: not eligible for auto-proxying)
11-06 10:02:33.977 INFO  [main] [o.s.boot.web.embedded.tomcat.TomcatWebServer] : Tomcat initialized with port(s): 7180 (http)
11-06 10:02:34.014 INFO  [main] [org.apache.catalina.core.StandardService] : Starting service [Tomcat]
11-06 10:02:34.014 INFO  [main] [org.apache.catalina.core.StandardEngine] : Starting Servlet engine: [Apache Tomcat/9.0.31]
11-06 10:02:34.090 INFO  [main] [o.a.c.core.ContainerBase.[Tomcat].[localhost].[/]] : Initializing Spring embedded WebApplicationContext
11-06 10:02:34.091 INFO  [main] [org.springframework.web.context.ContextLoader] : Root WebApplicationContext: initialization completed in 3023 ms
11-06 10:02:36.349 INFO  [main] [com.alibaba.druid.pool.DruidDataSource] : {dataSource-1,petrel_core} inited
11-06 10:02:37.302 INFO  [main] [com.alibaba.druid.pool.DruidDataSource] : {dataSource-2,petrel_record} inited
11-06 10:02:37.303 INFO  [main] [c.b.dynamic.datasource.DynamicRoutingDataSource] : dynamic-datasource - load a datasource named [petrel_record] success
11-06 10:02:37.303 INFO  [main] [c.b.dynamic.datasource.DynamicRoutingDataSource] : dynamic-datasource - load a datasource named [petrel_core] success
11-06 10:02:37.303 INFO  [main] [c.b.dynamic.datasource.DynamicRoutingDataSource] : dynamic-datasource initial loaded [2] datasource,primary datasource named [petrel_core]
11-06 10:02:39.442 INFO  [main] [c.a.n.s.c.e.LoggingNacosConfigMetadataEventListener] : Nacos Config Metadata : dataId='petrel-game-config.yaml', groupId='DEFAULT_GROUP', beanName='lobbyConfig', bean='GameConfig(hostUrl=https://gengxin1123.oss-ap-southeast-1.aliyuncs.com/ycd_update/, wxId=wxid_value, wxSecret=wxSecret_value, lobbyVersion=3, lobbyVfx=YCD)', beanType='class com.petrel.register.config.GameConfig', annotatedElement='class com.petrel.register.config.GameConfig', xmlResource='null', nacosProperties='{encode=UTF-8, password=nacos, serverAddr=202.189.7.196:6878, username=nacos}', nacosPropertiesAttributes='{accessKey=${nacos.access-key:}, clusterName=${nacos.cluster-name:}, configLongPollTimeout=${nacos.configLongPollTimeout:}, configRetryTime=${nacos.configRetryTime:}, contextPath=${nacos.context-path:}, enableRemoteSyncConfig=${nacos.enableRemoteSyncConfig:}, encode=${nacos.encode:UTF-8}, endpoint=${nacos.endpoint:}, maxRetry=${nacos.maxRetry:}, namespace=${nacos.namespace:}, password=${nacos.password:}, secretKey=${nacos.secret-key:}, serverAddr=${nacos.server-addr:}, username=${nacos.username:}}', source='@com.alibaba.nacos.api.config.annotation.NacosConfigurationProperties(autoRefreshed=true, dataId=petrel-game-config.yaml, exceptionIfInvalid=true, groupId=DEFAULT_GROUP, ignoreInvalidFields=false, ignoreNestedProperties=false, ignoreUnknownFields=true, prefix=, properties=@com.alibaba.nacos.api.annotation.NacosProperties(accessKey=${nacos.access-key:}, clusterName=${nacos.cluster-name:}, configLongPollTimeout=${nacos.configLongPollTimeout:}, configRetryTime=${nacos.configRetryTime:}, contextPath=${nacos.context-path:}, enableRemoteSyncConfig=${nacos.enableRemoteSyncConfig:}, encode=${nacos.encode:UTF-8}, endpoint=${nacos.endpoint:}, maxRetry=${nacos.maxRetry:}, namespace=${nacos.namespace:}, password=${nacos.password:}, secretKey=${nacos.secret-key:}, serverAddr=${nacos.server-addr:}, username=${nacos.username:}), type=YAML, yaml=false)', timestamp='1762423359438'
11-06 10:02:40.175 WARN  [main] [o.s.c.netflix.archaius.ArchaiusAutoConfiguration] : No spring.application.name found, defaulting to 'application'
11-06 10:02:40.179 WARN  [main] [com.netflix.config.sources.URLConfigurationSource] : No URLs will be polled as dynamic configuration sources.
11-06 10:02:40.180 INFO  [main] [com.netflix.config.sources.URLConfigurationSource] : To enable URLs as dynamic configuration sources, define System property archaius.configurationSource.additionalUrls or make config.properties available on classpath.
11-06 10:02:40.185 WARN  [main] [com.netflix.config.sources.URLConfigurationSource] : No URLs will be polled as dynamic configuration sources.
11-06 10:02:40.185 INFO  [main] [com.netflix.config.sources.URLConfigurationSource] : To enable URLs as dynamic configuration sources, define System property archaius.configurationSource.additionalUrls or make config.properties available on classpath.
11-06 10:02:40.959 INFO  [main] [o.s.scheduling.concurrent.ThreadPoolTaskScheduler] : Initializing ExecutorService 'Nacso-Watch-Task-Scheduler'
11-06 10:02:42.684 INFO  [main] [o.s.b.actuate.endpoint.web.EndpointLinksResolver] : Exposing 2 endpoint(s) beneath base path '/actuator'
11-06 10:02:43.864 INFO  [main] [o.s.boot.web.embedded.tomcat.TomcatWebServer] : Tomcat started on port(s): 7180 (http) with context path ''
11-06 10:02:43.868 WARN  [main] [c.a.cloud.nacos.registry.NacosServiceRegistry] : No service to register for nacos client...
11-06 10:02:43.877 INFO  [main] [com.petrel.register.RegisterApplication] : Started RegisterApplication in 16.932 seconds (JVM running for 19.339)
11-06 10:02:44.222 INFO  [main] [io.lettuce.core.EpollProvider] : Starting with epoll library
11-06 10:02:44.233 INFO  [main] [io.lettuce.core.KqueueProvider] : Starting without optional kqueue library
11-06 10:03:07.176 WARN  [background-preinit] [o.s.h.converter.json.Jackson2ObjectMapperBuilder] : For Jackson Kotlin classes support please add "com.fasterxml.jackson.module:jackson-module-kotlin" to the classpath
11-06 10:03:08.230 INFO  [main] [com.petrel.user.UserApplication] : The following profiles are active: prod
11-06 10:03:10.271 WARN  [main] [o.springframework.boot.actuate.endpoint.EndpointId] : Endpoint ID 'nacos-discovery' contains invalid characters, please migrate to a valid format.
11-06 10:03:10.806 INFO  [main] [o.s.d.r.config.RepositoryConfigurationDelegate] : Multiple Spring Data modules found, entering strict repository configuration mode!
11-06 10:03:10.813 INFO  [main] [o.s.d.r.config.RepositoryConfigurationDelegate] : Bootstrapping Spring Data Redis repositories in DEFAULT mode.
11-06 10:03:10.873 INFO  [main] [o.s.d.r.config.RepositoryConfigurationDelegate] : Finished Spring Data repository scanning in 28ms. Found 0 Redis repository interfaces.
11-06 10:03:11.034 WARN  [main] [o.springframework.boot.actuate.endpoint.EndpointId] : Endpoint ID 'service-registry' contains invalid characters, please migrate to a valid format.
11-06 10:03:11.611 INFO  [main] [o.springframework.cloud.context.scope.GenericScope] : BeanFactory id=ce81e8a4-9faa-3e8e-a614-e20eee678bf6
11-06 10:03:12.648 INFO  [main] [o.s.c.s.PostProcessorRegistrationDelegate$BeanPostProcessorChecker] : Bean 'spring.datasource.dynamic-com.baomidou.dynamic.datasource.spring.boot.autoconfigure.DynamicDataSourceProperties' of type [com.baomidou.dynamic.datasource.spring.boot.autoconfigure.DynamicDataSourceProperties] is not eligible for getting processed by all BeanPostProcessors (for example: not eligible for auto-proxying)
11-06 10:03:12.667 INFO  [main] [o.s.c.s.PostProcessorRegistrationDelegate$BeanPostProcessorChecker] : Bean 'com.baomidou.dynamic.datasource.spring.boot.autoconfigure.DynamicDataSourceAutoConfiguration' of type [com.baomidou.dynamic.datasource.spring.boot.autoconfigure.DynamicDataSourceAutoConfiguration$$EnhancerBySpringCGLIB$$b04de0e1] is not eligible for getting processed by all BeanPostProcessors (for example: not eligible for auto-proxying)
11-06 10:03:12.705 INFO  [main] [o.s.c.s.PostProcessorRegistrationDelegate$BeanPostProcessorChecker] : Bean 'dsProcessor' of type [com.baomidou.dynamic.datasource.processor.DsHeaderProcessor] is not eligible for getting processed by all BeanPostProcessors (for example: not eligible for auto-proxying)
11-06 10:03:13.345 INFO  [main] [o.s.boot.web.embedded.tomcat.TomcatWebServer] : Tomcat initialized with port(s): 8719 (http)
11-06 10:03:13.382 INFO  [main] [org.apache.catalina.core.StandardService] : Starting service [Tomcat]
11-06 10:03:13.382 INFO  [main] [org.apache.catalina.core.StandardEngine] : Starting Servlet engine: [Apache Tomcat/9.0.31]
11-06 10:03:13.473 INFO  [main] [o.a.c.core.ContainerBase.[Tomcat].[localhost].[/]] : Initializing Spring embedded WebApplicationContext
11-06 10:03:13.474 INFO  [main] [org.springframework.web.context.ContextLoader] : Root WebApplicationContext: initialization completed in 5193 ms
11-06 10:03:21.631 WARN  [background-preinit] [o.s.h.converter.json.Jackson2ObjectMapperBuilder] : For Jackson Kotlin classes support please add "com.fasterxml.jackson.module:jackson-module-kotlin" to the classpath
11-06 10:03:22.227 INFO  [main] [com.alibaba.druid.pool.DruidDataSource] : {dataSource-1,petrel_core} inited
11-06 10:03:22.263 INFO  [main] [com.petrel.game.GameApplication] : The following profiles are active: prod
11-06 10:03:24.000 WARN  [main] [o.springframework.boot.actuate.endpoint.EndpointId] : Endpoint ID 'nacos-discovery' contains invalid characters, please migrate to a valid format.
11-06 10:03:24.570 INFO  [main] [o.s.d.r.config.RepositoryConfigurationDelegate] : Multiple Spring Data modules found, entering strict repository configuration mode!
11-06 10:03:24.578 INFO  [main] [o.s.d.r.config.RepositoryConfigurationDelegate] : Bootstrapping Spring Data Redis repositories in DEFAULT mode.
11-06 10:03:24.659 INFO  [main] [o.s.d.r.config.RepositoryConfigurationDelegate] : Finished Spring Data repository scanning in 31ms. Found 0 Redis repository interfaces.
11-06 10:03:24.835 WARN  [main] [o.springframework.boot.actuate.endpoint.EndpointId] : Endpoint ID 'service-registry' contains invalid characters, please migrate to a valid format.
11-06 10:03:25.414 INFO  [main] [o.springframework.cloud.context.scope.GenericScope] : BeanFactory id=803ac902-efef-3310-96c4-874a8e137fbf
11-06 10:03:25.866 INFO  [main] [com.alibaba.druid.pool.DruidDataSource] : {dataSource-2,petrel_record} inited
11-06 10:03:25.869 INFO  [main] [c.b.dynamic.datasource.DynamicRoutingDataSource] : dynamic-datasource - load a datasource named [petrel_record] success
11-06 10:03:25.873 INFO  [main] [c.b.dynamic.datasource.DynamicRoutingDataSource] : dynamic-datasource - load a datasource named [petrel_core] success
11-06 10:03:25.873 INFO  [main] [c.b.dynamic.datasource.DynamicRoutingDataSource] : dynamic-datasource initial loaded [2] datasource,primary datasource named [petrel_core]
11-06 10:03:27.179 INFO  [main] [o.s.c.s.PostProcessorRegistrationDelegate$BeanPostProcessorChecker] : Bean 'spring.datasource.dynamic-com.baomidou.dynamic.datasource.spring.boot.autoconfigure.DynamicDataSourceProperties' of type [com.baomidou.dynamic.datasource.spring.boot.autoconfigure.DynamicDataSourceProperties] is not eligible for getting processed by all BeanPostProcessors (for example: not eligible for auto-proxying)
11-06 10:03:27.224 INFO  [main] [o.s.c.s.PostProcessorRegistrationDelegate$BeanPostProcessorChecker] : Bean 'com.baomidou.dynamic.datasource.spring.boot.autoconfigure.DynamicDataSourceAutoConfiguration' of type [com.baomidou.dynamic.datasource.spring.boot.autoconfigure.DynamicDataSourceAutoConfiguration$$EnhancerBySpringCGLIB$$1c5e8a5e] is not eligible for getting processed by all BeanPostProcessors (for example: not eligible for auto-proxying)
11-06 10:03:27.301 INFO  [main] [o.s.c.s.PostProcessorRegistrationDelegate$BeanPostProcessorChecker] : Bean 'dsProcessor' of type [com.baomidou.dynamic.datasource.processor.DsHeaderProcessor] is not eligible for getting processed by all BeanPostProcessors (for example: not eligible for auto-proxying)
11-06 10:03:28.502 INFO  [main] [o.s.boot.web.embedded.tomcat.TomcatWebServer] : Tomcat initialized with port(s): 8752 (http)
11-06 10:03:28.576 INFO  [main] [org.apache.catalina.core.StandardService] : Starting service [Tomcat]
11-06 10:03:28.578 INFO  [main] [org.apache.catalina.core.StandardEngine] : Starting Servlet engine: [Apache Tomcat/9.0.31]
11-06 10:03:28.759 INFO  [main] [o.a.c.core.ContainerBase.[Tomcat].[localhost].[/]] : Initializing Spring embedded WebApplicationContext
11-06 10:03:28.759 INFO  [main] [org.springframework.web.context.ContextLoader] : Root WebApplicationContext: initialization completed in 6438 ms
11-06 10:03:29.707 INFO  [main] [c.a.n.s.c.e.LoggingNacosConfigMetadataEventListener] : Nacos Config Metadata : dataId='petrel-lobby-user-config.yaml', groupId='DEFAULT_GROUP', beanName='lobbyConfig', bean='LobbyUserConfig(gidLen=8, gidStart=0, registerNumber=0, signPlays=200, signDays=28, signDaysHalf=14, signGold=15, signHalf=30, signAll=60)', beanType='class com.petrel.user.config.LobbyUserConfig', annotatedElement='class com.petrel.user.config.LobbyUserConfig', xmlResource='null', nacosProperties='{encode=UTF-8, password=nacos, serverAddr=202.189.7.196:6878, username=nacos}', nacosPropertiesAttributes='{accessKey=${nacos.access-key:}, clusterName=${nacos.cluster-name:}, configLongPollTimeout=${nacos.configLongPollTimeout:}, configRetryTime=${nacos.configRetryTime:}, contextPath=${nacos.context-path:}, enableRemoteSyncConfig=${nacos.enableRemoteSyncConfig:}, encode=${nacos.encode:UTF-8}, endpoint=${nacos.endpoint:}, maxRetry=${nacos.maxRetry:}, namespace=${nacos.namespace:}, password=${nacos.password:}, secretKey=${nacos.secret-key:}, serverAddr=${nacos.server-addr:}, username=${nacos.username:}}', source='@com.alibaba.nacos.api.config.annotation.NacosConfigurationProperties(autoRefreshed=true, dataId=petrel-lobby-user-config.yaml, exceptionIfInvalid=true, groupId=DEFAULT_GROUP, ignoreInvalidFields=false, ignoreNestedProperties=false, ignoreUnknownFields=true, prefix=, properties=@com.alibaba.nacos.api.annotation.NacosProperties(accessKey=${nacos.access-key:}, clusterName=${nacos.cluster-name:}, configLongPollTimeout=${nacos.configLongPollTimeout:}, configRetryTime=${nacos.configRetryTime:}, contextPath=${nacos.context-path:}, enableRemoteSyncConfig=${nacos.enableRemoteSyncConfig:}, encode=${nacos.encode:UTF-8}, endpoint=${nacos.endpoint:}, maxRetry=${nacos.maxRetry:}, namespace=${nacos.namespace:}, password=${nacos.password:}, secretKey=${nacos.secret-key:}, serverAddr=${nacos.server-addr:}, username=${nacos.username:}), type=YAML, yaml=false)', timestamp='1762423409703'
11-06 10:03:30.140 INFO  [main] [c.a.n.s.c.e.LoggingNacosConfigMetadataEventListener] : Nacos Config Metadata : dataId='petrel-lobby-gold-config.yaml', groupId='DEFAULT_GROUP', beanName='goldBankConfig', bean='GoldBankConfig(transfer=1, traPre=2, traReceivePre=100, norTra=0, norMin=1650000, vipMin=10000, maxHoldGold=100000, vip2vip=9, changeVip=1, vip7=0,1)', beanType='class com.petrel.user.config.GoldBankConfig', annotatedElement='class com.petrel.user.config.GoldBankConfig', xmlResource='null', nacosProperties='{encode=UTF-8, password=nacos, serverAddr=202.189.7.196:6878, username=nacos}', nacosPropertiesAttributes='{accessKey=${nacos.access-key:}, clusterName=${nacos.cluster-name:}, configLongPollTimeout=${nacos.configLongPollTimeout:}, configRetryTime=${nacos.configRetryTime:}, contextPath=${nacos.context-path:}, enableRemoteSyncConfig=${nacos.enableRemoteSyncConfig:}, encode=${nacos.encode:UTF-8}, endpoint=${nacos.endpoint:}, maxRetry=${nacos.maxRetry:}, namespace=${nacos.namespace:}, password=${nacos.password:}, secretKey=${nacos.secret-key:}, serverAddr=${nacos.server-addr:}, username=${nacos.username:}}', source='@com.alibaba.nacos.api.config.annotation.NacosConfigurationProperties(autoRefreshed=true, dataId=petrel-lobby-gold-config.yaml, exceptionIfInvalid=true, groupId=DEFAULT_GROUP, ignoreInvalidFields=false, ignoreNestedProperties=false, ignoreUnknownFields=true, prefix=, properties=@com.alibaba.nacos.api.annotation.NacosProperties(accessKey=${nacos.access-key:}, clusterName=${nacos.cluster-name:}, configLongPollTimeout=${nacos.configLongPollTimeout:}, configRetryTime=${nacos.configRetryTime:}, contextPath=${nacos.context-path:}, enableRemoteSyncConfig=${nacos.enableRemoteSyncConfig:}, encode=${nacos.encode:UTF-8}, endpoint=${nacos.endpoint:}, maxRetry=${nacos.maxRetry:}, namespace=${nacos.namespace:}, password=${nacos.password:}, secretKey=${nacos.secret-key:}, serverAddr=${nacos.server-addr:}, username=${nacos.username:}), type=YAML, yaml=false)', timestamp='1762423410138'
11-06 10:03:31.020 INFO  [main] [c.a.n.s.c.e.LoggingNacosConfigMetadataEventListener] : Nacos Config Metadata : dataId='petrel-lobby-gold-config.yaml', groupId='DEFAULT_GROUP', beanName='cardRestrictConfig', bean='CardRestrictConfig(goldRestrict=100000, oncePresent=1, simulatorRestrict=1, notTel=0, notInTransfer=0, playRestrict=0, vipPresent=100, vipNotVip=1)', beanType='class com.petrel.user.config.CardRestrictConfig', annotatedElement='class com.petrel.user.config.CardRestrictConfig', xmlResource='null', nacosProperties='{encode=UTF-8, password=nacos, serverAddr=202.189.7.196:6878, username=nacos}', nacosPropertiesAttributes='{accessKey=${nacos.access-key:}, clusterName=${nacos.cluster-name:}, configLongPollTimeout=${nacos.configLongPollTimeout:}, configRetryTime=${nacos.configRetryTime:}, contextPath=${nacos.context-path:}, enableRemoteSyncConfig=${nacos.enableRemoteSyncConfig:}, encode=${nacos.encode:UTF-8}, endpoint=${nacos.endpoint:}, maxRetry=${nacos.maxRetry:}, namespace=${nacos.namespace:}, password=${nacos.password:}, secretKey=${nacos.secret-key:}, serverAddr=${nacos.server-addr:}, username=${nacos.username:}}', source='@com.alibaba.nacos.api.config.annotation.NacosConfigurationProperties(autoRefreshed=true, dataId=petrel-lobby-gold-config.yaml, exceptionIfInvalid=true, groupId=DEFAULT_GROUP, ignoreInvalidFields=false, ignoreNestedProperties=false, ignoreUnknownFields=true, prefix=, properties=@com.alibaba.nacos.api.annotation.NacosProperties(accessKey=${nacos.access-key:}, clusterName=${nacos.cluster-name:}, configLongPollTimeout=${nacos.configLongPollTimeout:}, configRetryTime=${nacos.configRetryTime:}, contextPath=${nacos.context-path:}, enableRemoteSyncConfig=${nacos.enableRemoteSyncConfig:}, encode=${nacos.encode:UTF-8}, endpoint=${nacos.endpoint:}, maxRetry=${nacos.maxRetry:}, namespace=${nacos.namespace:}, password=${nacos.password:}, secretKey=${nacos.secret-key:}, serverAddr=${nacos.server-addr:}, username=${nacos.username:}), type=YAML, yaml=false)', timestamp='1762423411016'
11-06 10:03:32.118 WARN  [main] [o.s.c.netflix.archaius.ArchaiusAutoConfiguration] : No spring.application.name found, defaulting to 'application'
11-06 10:03:32.125 WARN  [main] [com.netflix.config.sources.URLConfigurationSource] : No URLs will be polled as dynamic configuration sources.
11-06 10:03:32.126 INFO  [main] [com.netflix.config.sources.URLConfigurationSource] : To enable URLs as dynamic configuration sources, define System property archaius.configurationSource.additionalUrls or make config.properties available on classpath.
11-06 10:03:32.131 WARN  [main] [com.netflix.config.sources.URLConfigurationSource] : No URLs will be polled as dynamic configuration sources.
11-06 10:03:32.132 INFO  [main] [com.netflix.config.sources.URLConfigurationSource] : To enable URLs as dynamic configuration sources, define System property archaius.configurationSource.additionalUrls or make config.properties available on classpath.
11-06 10:03:32.803 INFO  [main] [o.s.scheduling.concurrent.ThreadPoolTaskScheduler] : Initializing ExecutorService 'Nacso-Watch-Task-Scheduler'
11-06 10:03:33.750 INFO  [main] [o.s.b.actuate.endpoint.web.EndpointLinksResolver] : Exposing 2 endpoint(s) beneath base path '/actuator'
11-06 10:03:34.155 INFO  [main] [o.s.boot.web.embedded.tomcat.TomcatWebServer] : Tomcat started on port(s): 8719 (http) with context path ''
11-06 10:03:34.157 WARN  [main] [c.a.cloud.nacos.registry.NacosServiceRegistry] : No service to register for nacos client...
11-06 10:03:34.160 INFO  [main] [com.petrel.user.UserApplication] : Started UserApplication in 28.666 seconds (JVM running for 29.589)
11-06 10:03:34.169 INFO  [main] [com.petrel.user.config.StartInitialize] : Start init NickName config success
11-06 10:03:34.917 INFO  [main] [com.alibaba.druid.pool.DruidDataSource] : {dataSource-1,petrel_core} inited
11-06 10:03:38.484 INFO  [main] [com.petrel.lobby.LobbyApplication] : The following profiles are active: prod
11-06 10:03:38.634 INFO  [main] [com.alibaba.druid.pool.DruidDataSource] : {dataSource-2,petrel_record} inited
11-06 10:03:38.636 INFO  [main] [c.b.dynamic.datasource.DynamicRoutingDataSource] : dynamic-datasource - load a datasource named [petrel_record] success
11-06 10:03:38.639 INFO  [main] [c.b.dynamic.datasource.DynamicRoutingDataSource] : dynamic-datasource - load a datasource named [petrel_core] success
11-06 10:03:38.640 INFO  [main] [c.b.dynamic.datasource.DynamicRoutingDataSource] : dynamic-datasource initial loaded [2] datasource,primary datasource named [petrel_core]
11-06 10:03:42.760 WARN  [main] [o.springframework.boot.actuate.endpoint.EndpointId] : Endpoint ID 'nacos-discovery' contains invalid characters, please migrate to a valid format.
11-06 10:03:43.455 INFO  [main] [o.s.d.r.config.RepositoryConfigurationDelegate] : Multiple Spring Data modules found, entering strict repository configuration mode!
11-06 10:03:43.463 INFO  [main] [o.s.d.r.config.RepositoryConfigurationDelegate] : Bootstrapping Spring Data Redis repositories in DEFAULT mode.
11-06 10:03:43.522 INFO  [main] [o.s.d.r.config.RepositoryConfigurationDelegate] : Finished Spring Data repository scanning in 27ms. Found 0 Redis repository interfaces.
11-06 10:03:43.610 WARN  [main] [o.springframework.boot.actuate.endpoint.EndpointId] : Endpoint ID 'service-registry' contains invalid characters, please migrate to a valid format.
11-06 10:03:44.056 INFO  [main] [c.a.n.s.c.e.LoggingNacosConfigMetadataEventListener] : Nacos Config Metadata : dataId='petrel-strategy-config.yaml', groupId='DEFAULT_GROUP', beanName='lobbyConfig', bean='StrategyConfig(ceilLastDiffTimes=0_30|10;30_50|30;50_-1|500, ceilMultiple=3-5, ceilFixed=150, ceilCardRange=50-200, strategyCheat=10000, strategyLoseA=0.53, strategyLoseB=1.515E-5, strategyPlayTimes=800-1000-1300)', beanType='class com.petrel.game.config.StrategyConfig', annotatedElement='class com.petrel.game.config.StrategyConfig', xmlResource='null', nacosProperties='{encode=UTF-8, password=nacos, serverAddr=202.189.7.196:6878, username=nacos}', nacosPropertiesAttributes='{accessKey=${nacos.access-key:}, clusterName=${nacos.cluster-name:}, configLongPollTimeout=${nacos.configLongPollTimeout:}, configRetryTime=${nacos.configRetryTime:}, contextPath=${nacos.context-path:}, enableRemoteSyncConfig=${nacos.enableRemoteSyncConfig:}, encode=${nacos.encode:UTF-8}, endpoint=${nacos.endpoint:}, maxRetry=${nacos.maxRetry:}, namespace=${nacos.namespace:}, password=${nacos.password:}, secretKey=${nacos.secret-key:}, serverAddr=${nacos.server-addr:}, username=${nacos.username:}}', source='@com.alibaba.nacos.api.config.annotation.NacosConfigurationProperties(autoRefreshed=true, dataId=petrel-strategy-config.yaml, exceptionIfInvalid=true, groupId=DEFAULT_GROUP, ignoreInvalidFields=false, ignoreNestedProperties=false, ignoreUnknownFields=true, prefix=, properties=@com.alibaba.nacos.api.annotation.NacosProperties(accessKey=${nacos.access-key:}, clusterName=${nacos.cluster-name:}, configLongPollTimeout=${nacos.configLongPollTimeout:}, configRetryTime=${nacos.configRetryTime:}, contextPath=${nacos.context-path:}, enableRemoteSyncConfig=${nacos.enableRemoteSyncConfig:}, encode=${nacos.encode:UTF-8}, endpoint=${nacos.endpoint:}, maxRetry=${nacos.maxRetry:}, namespace=${nacos.namespace:}, password=${nacos.password:}, secretKey=${nacos.secret-key:}, serverAddr=${nacos.server-addr:}, username=${nacos.username:}), type=YAML, yaml=false)', timestamp='1762423424017'
11-06 10:03:44.124 INFO  [main] [o.springframework.cloud.context.scope.GenericScope] : BeanFactory id=de85f6a1-592e-31da-a6ed-f5492fd7d879
11-06 10:03:44.496 INFO  [main] [o.s.c.s.PostProcessorRegistrationDelegate$BeanPostProcessorChecker] : Bean 'com.petrel.lobby.provide.CardFeignService' of type [org.springframework.cloud.openfeign.FeignClientFactoryBean] is not eligible for getting processed by all BeanPostProcessors (for example: not eligible for auto-proxying)
11-06 10:03:44.508 INFO  [main] [o.s.c.s.PostProcessorRegistrationDelegate$BeanPostProcessorChecker] : Bean 'com.petrel.lobby.provide.LoginRegisterFeignService' of type [org.springframework.cloud.openfeign.FeignClientFactoryBean] is not eligible for getting processed by all BeanPostProcessors (for example: not eligible for auto-proxying)
11-06 10:03:44.513 INFO  [main] [o.s.c.s.PostProcessorRegistrationDelegate$BeanPostProcessorChecker] : Bean 'com.petrel.lobby.provide.GoldBankFeignService' of type [org.springframework.cloud.openfeign.FeignClientFactoryBean] is not eligible for getting processed by all BeanPostProcessors (for example: not eligible for auto-proxying)
11-06 10:03:44.525 INFO  [main] [o.s.c.s.PostProcessorRegistrationDelegate$BeanPostProcessorChecker] : Bean 'com.petrel.lobby.provide.ServerRegisterFeignService' of type [org.springframework.cloud.openfeign.FeignClientFactoryBean] is not eligible for getting processed by all BeanPostProcessors (for example: not eligible for auto-proxying)
11-06 10:03:44.529 INFO  [main] [o.s.c.s.PostProcessorRegistrationDelegate$BeanPostProcessorChecker] : Bean 'com.petrel.lobby.provide.UserInfoFeignService' of type [org.springframework.cloud.openfeign.FeignClientFactoryBean] is not eligible for getting processed by all BeanPostProcessors (for example: not eligible for auto-proxying)
11-06 10:03:44.540 INFO  [main] [o.s.c.s.PostProcessorRegistrationDelegate$BeanPostProcessorChecker] : Bean 'com.petrel.lobby.provide.StrategyFeignService' of type [org.springframework.cloud.openfeign.FeignClientFactoryBean] is not eligible for getting processed by all BeanPostProcessors (for example: not eligible for auto-proxying)
11-06 10:03:46.701 WARN  [main] [o.s.c.netflix.archaius.ArchaiusAutoConfiguration] : No spring.application.name found, defaulting to 'application'
11-06 10:03:46.708 WARN  [main] [com.netflix.config.sources.URLConfigurationSource] : No URLs will be polled as dynamic configuration sources.
11-06 10:03:46.711 INFO  [main] [com.netflix.config.sources.URLConfigurationSource] : To enable URLs as dynamic configuration sources, define System property archaius.configurationSource.additionalUrls or make config.properties available on classpath.
11-06 10:03:46.722 WARN  [main] [com.netflix.config.sources.URLConfigurationSource] : No URLs will be polled as dynamic configuration sources.
11-06 10:03:46.725 INFO  [main] [com.netflix.config.sources.URLConfigurationSource] : To enable URLs as dynamic configuration sources, define System property archaius.configurationSource.additionalUrls or make config.properties available on classpath.
11-06 10:03:48.352 INFO  [main] [o.s.scheduling.concurrent.ThreadPoolTaskScheduler] : Initializing ExecutorService 'Nacso-Watch-Task-Scheduler'
11-06 10:03:48.890 INFO  [main] [c.a.n.s.c.e.LoggingNacosConfigMetadataEventListener] : Nacos Config Metadata : dataId='petrel-lobby-user-config.yaml', groupId='DEFAULT_GROUP', beanName='smsConfig', bean='SmsConfig(url=http://api01.monyun.cn:7901/sms/v2/std/single_send, apikey=f7ca493ef866a1e2d4017a8865b1c7e3, telstart=null)', beanType='class com.petrel.lobby.config.SmsConfig', annotatedElement='class com.petrel.lobby.config.SmsConfig', xmlResource='null', nacosProperties='{encode=UTF-8, password=nacos, serverAddr=127.0.0.1:6878, username=nacos}', nacosPropertiesAttributes='{accessKey=${nacos.access-key:}, clusterName=${nacos.cluster-name:}, configLongPollTimeout=${nacos.configLongPollTimeout:}, configRetryTime=${nacos.configRetryTime:}, contextPath=${nacos.context-path:}, enableRemoteSyncConfig=${nacos.enableRemoteSyncConfig:}, encode=${nacos.encode:UTF-8}, endpoint=${nacos.endpoint:}, maxRetry=${nacos.maxRetry:}, namespace=${nacos.namespace:}, password=${nacos.password:}, secretKey=${nacos.secret-key:}, serverAddr=${nacos.server-addr:}, username=${nacos.username:}}', source='@com.alibaba.nacos.api.config.annotation.NacosConfigurationProperties(autoRefreshed=true, dataId=petrel-lobby-user-config.yaml, exceptionIfInvalid=true, groupId=DEFAULT_GROUP, ignoreInvalidFields=false, ignoreNestedProperties=false, ignoreUnknownFields=true, prefix=, properties=@com.alibaba.nacos.api.annotation.NacosProperties(accessKey=${nacos.access-key:}, clusterName=${nacos.cluster-name:}, configLongPollTimeout=${nacos.configLongPollTimeout:}, configRetryTime=${nacos.configRetryTime:}, contextPath=${nacos.context-path:}, enableRemoteSyncConfig=${nacos.enableRemoteSyncConfig:}, encode=${nacos.encode:UTF-8}, endpoint=${nacos.endpoint:}, maxRetry=${nacos.maxRetry:}, namespace=${nacos.namespace:}, password=${nacos.password:}, secretKey=${nacos.secret-key:}, serverAddr=${nacos.server-addr:}, username=${nacos.username:}), type=YAML, yaml=false)', timestamp='1762423428844'
11-06 10:03:49.947 INFO  [main] [io.lettuce.core.EpollProvider] : Starting with epoll library
11-06 10:03:49.962 INFO  [main] [io.lettuce.core.KqueueProvider] : Starting without optional kqueue library
11-06 10:03:50.948 WARN  [main] [o.s.c.a.AnnotationConfigApplicationContext] : Exception encountered during context initialization - cancelling refresh attempt: org.springframework.beans.factory.UnsatisfiedDependencyException: Error creating bean with name 'startInitialize': Unsatisfied dependency expressed through field 'zebraApplication'; nested exception is org.springframework.beans.factory.BeanCreationException: Error creating bean with name 'zebraApplication': Injection of autowired dependencies failed; nested exception is java.lang.IllegalArgumentException: Could not resolve placeholder 'spring.application.name' in value "${spring.application.name}"
11-06 10:03:51.139 INFO  [main] [c.a.n.s.c.a.c.NacosValueAnnotationBeanPostProcessor] : class com.alibaba.nacos.spring.context.annotation.config.NacosValueAnnotationBeanPostProcessor was destroying!
11-06 10:03:51.147 INFO  [main] [c.a.n.s.b.f.a.AnnotationNacosInjectedBeanPostProcessor] : class com.alibaba.nacos.spring.beans.factory.annotation.AnnotationNacosInjectedBeanPostProcessor was destroying!
11-06 10:03:51.204 INFO  [main] [o.s.b.a.l.ConditionEvaluationReportLoggingListener] : 

Error starting ApplicationContext. To display the conditions report re-run your application with 'debug' enabled.
11-06 10:03:51.239 ERROR [main] [org.springframework.boot.SpringApplication] : Application run failed
org.springframework.beans.factory.UnsatisfiedDependencyException: Error creating bean with name 'startInitialize': Unsatisfied dependency expressed through field 'zebraApplication'; nested exception is org.springframework.beans.factory.BeanCreationException: Error creating bean with name 'zebraApplication': Injection of autowired dependencies failed; nested exception is java.lang.IllegalArgumentException: Could not resolve placeholder 'spring.application.name' in value "${spring.application.name}"
	at org.springframework.beans.factory.annotation.AutowiredAnnotationBeanPostProcessor$AutowiredFieldElement.inject(AutowiredAnnotationBeanPostProcessor.java:643)
	at org.springframework.beans.factory.annotation.InjectionMetadata.inject(InjectionMetadata.java:130)
	at org.springframework.beans.factory.annotation.AutowiredAnnotationBeanPostProcessor.postProcessProperties(AutowiredAnnotationBeanPostProcessor.java:399)
	at org.springframework.beans.factory.support.AbstractAutowireCapableBeanFactory.populateBean(AbstractAutowireCapableBeanFactory.java:1422)
	at org.springframework.beans.factory.support.AbstractAutowireCapableBeanFactory.doCreateBean(AbstractAutowireCapableBeanFactory.java:594)
	at org.springframework.beans.factory.support.AbstractAutowireCapableBeanFactory.createBean(AbstractAutowireCapableBeanFactory.java:517)
	at org.springframework.beans.factory.support.AbstractBeanFactory.lambda$doGetBean$0(AbstractBeanFactory.java:323)
	at org.springframework.beans.factory.support.DefaultSingletonBeanRegistry.getSingleton(DefaultSingletonBeanRegistry.java:222)
	at org.springframework.beans.factory.support.AbstractBeanFactory.doGetBean(AbstractBeanFactory.java:321)
	at org.springframework.beans.factory.support.AbstractBeanFactory.getBean(AbstractBeanFactory.java:202)
	at org.springframework.beans.factory.support.DefaultListableBeanFactory.preInstantiateSingletons(DefaultListableBeanFactory.java:879)
	at org.springframework.context.support.AbstractApplicationContext.finishBeanFactoryInitialization(AbstractApplicationContext.java:878)
	at org.springframework.context.support.AbstractApplicationContext.refresh(AbstractApplicationContext.java:550)
	at org.springframework.boot.SpringApplication.refresh(SpringApplication.java:747)
	at org.springframework.boot.SpringApplication.refreshContext(SpringApplication.java:397)
	at org.springframework.boot.SpringApplication.run(SpringApplication.java:315)
	at org.springframework.boot.SpringApplication.run(SpringApplication.java:1226)
	at org.springframework.boot.SpringApplication.run(SpringApplication.java:1215)
	at com.petrel.lobby.LobbyApplication.main(LobbyApplication.java:21)
	at java.base/jdk.internal.reflect.DirectMethodHandleAccessor.invoke(DirectMethodHandleAccessor.java:103)
	at java.base/java.lang.reflect.Method.invoke(Method.java:580)
	at org.springframework.boot.loader.MainMethodRunner.run(MainMethodRunner.java:48)
	at org.springframework.boot.loader.Launcher.launch(Launcher.java:87)
	at org.springframework.boot.loader.Launcher.launch(Launcher.java:51)
	at org.springframework.boot.loader.PropertiesLauncher.main(PropertiesLauncher.java:597)
Caused by: org.springframework.beans.factory.BeanCreationException: Error creating bean with name 'zebraApplication': Injection of autowired dependencies failed; nested exception is java.lang.IllegalArgumentException: Could not resolve placeholder 'spring.application.name' in value "${spring.application.name}"
	at org.springframework.beans.factory.annotation.AutowiredAnnotationBeanPostProcessor.postProcessProperties(AutowiredAnnotationBeanPostProcessor.java:405)
	at org.springframework.beans.factory.support.AbstractAutowireCapableBeanFactory.populateBean(AbstractAutowireCapableBeanFactory.java:1422)
	at org.springframework.beans.factory.support.AbstractAutowireCapableBeanFactory.doCreateBean(AbstractAutowireCapableBeanFactory.java:594)
	at org.springframework.beans.factory.support.AbstractAutowireCapableBeanFactory.createBean(AbstractAutowireCapableBeanFactory.java:517)
	at org.springframework.beans.factory.support.AbstractBeanFactory.lambda$doGetBean$0(AbstractBeanFactory.java:323)
	at org.springframework.beans.factory.support.DefaultSingletonBeanRegistry.getSingleton(DefaultSingletonBeanRegistry.java:222)
	at org.springframework.beans.factory.support.AbstractBeanFactory.doGetBean(AbstractBeanFactory.java:321)
	at org.springframework.beans.factory.support.AbstractBeanFactory.getBean(AbstractBeanFactory.java:202)
	at org.springframework.beans.factory.config.DependencyDescriptor.resolveCandidate(DependencyDescriptor.java:276)
	at org.springframework.beans.factory.support.DefaultListableBeanFactory.doResolveDependency(DefaultListableBeanFactory.java:1287)
	at org.springframework.beans.factory.support.DefaultListableBeanFactory.resolveDependency(DefaultListableBeanFactory.java:1207)
	at org.springframework.beans.factory.annotation.AutowiredAnnotationBeanPostProcessor$AutowiredFieldElement.inject(AutowiredAnnotationBeanPostProcessor.java:640)
	... 24 common frames omitted
Caused by: java.lang.IllegalArgumentException: Could not resolve placeholder 'spring.application.name' in value "${spring.application.name}"
	at org.springframework.util.PropertyPlaceholderHelper.parseStringValue(PropertyPlaceholderHelper.java:178)
	at org.springframework.util.PropertyPlaceholderHelper.replacePlaceholders(PropertyPlaceholderHelper.java:124)
	at org.springframework.core.env.AbstractPropertyResolver.doResolvePlaceholders(AbstractPropertyResolver.java:236)
	at org.springframework.core.env.AbstractPropertyResolver.resolveRequiredPlaceholders(AbstractPropertyResolver.java:210)
	at org.springframework.context.support.PropertySourcesPlaceholderConfigurer.lambda$processProperties$0(PropertySourcesPlaceholderConfigurer.java:175)
	at org.springframework.beans.factory.support.AbstractBeanFactory.resolveEmbeddedValue(AbstractBeanFactory.java:909)
	at org.springframework.beans.factory.support.DefaultListableBeanFactory.doResolveDependency(DefaultListableBeanFactory.java:1228)
	at org.springframework.beans.factory.support.DefaultListableBeanFactory.resolveDependency(DefaultListableBeanFactory.java:1207)
	at org.springframework.beans.factory.annotation.AutowiredAnnotationBeanPostProcessor$AutowiredFieldElement.inject(AutowiredAnnotationBeanPostProcessor.java:640)
	at org.springframework.beans.factory.annotation.InjectionMetadata.inject(InjectionMetadata.java:130)
	at org.springframework.beans.factory.annotation.AutowiredAnnotationBeanPostProcessor.postProcessProperties(AutowiredAnnotationBeanPostProcessor.java:399)
	... 35 common frames omitted
11-06 10:03:51.252 ERROR [main] [com.petrel.lobby.LobbyApplication] : start error:
org.springframework.beans.factory.UnsatisfiedDependencyException: Error creating bean with name 'startInitialize': Unsatisfied dependency expressed through field 'zebraApplication'; nested exception is org.springframework.beans.factory.BeanCreationException: Error creating bean with name 'zebraApplication': Injection of autowired dependencies failed; nested exception is java.lang.IllegalArgumentException: Could not resolve placeholder 'spring.application.name' in value "${spring.application.name}"
	at org.springframework.beans.factory.annotation.AutowiredAnnotationBeanPostProcessor$AutowiredFieldElement.inject(AutowiredAnnotationBeanPostProcessor.java:643)
	at org.springframework.beans.factory.annotation.InjectionMetadata.inject(InjectionMetadata.java:130)
	at org.springframework.beans.factory.annotation.AutowiredAnnotationBeanPostProcessor.postProcessProperties(AutowiredAnnotationBeanPostProcessor.java:399)
	at org.springframework.beans.factory.support.AbstractAutowireCapableBeanFactory.populateBean(AbstractAutowireCapableBeanFactory.java:1422)
	at org.springframework.beans.factory.support.AbstractAutowireCapableBeanFactory.doCreateBean(AbstractAutowireCapableBeanFactory.java:594)
	at org.springframework.beans.factory.support.AbstractAutowireCapableBeanFactory.createBean(AbstractAutowireCapableBeanFactory.java:517)
	at org.springframework.beans.factory.support.AbstractBeanFactory.lambda$doGetBean$0(AbstractBeanFactory.java:323)
	at org.springframework.beans.factory.support.DefaultSingletonBeanRegistry.getSingleton(DefaultSingletonBeanRegistry.java:222)
	at org.springframework.beans.factory.support.AbstractBeanFactory.doGetBean(AbstractBeanFactory.java:321)
	at org.springframework.beans.factory.support.AbstractBeanFactory.getBean(AbstractBeanFactory.java:202)
	at org.springframework.beans.factory.support.DefaultListableBeanFactory.preInstantiateSingletons(DefaultListableBeanFactory.java:879)
	at org.springframework.context.support.AbstractApplicationContext.finishBeanFactoryInitialization(AbstractApplicationContext.java:878)
	at org.springframework.context.support.AbstractApplicationContext.refresh(AbstractApplicationContext.java:550)
	at org.springframework.boot.SpringApplication.refresh(SpringApplication.java:747)
	at org.springframework.boot.SpringApplication.refreshContext(SpringApplication.java:397)
	at org.springframework.boot.SpringApplication.run(SpringApplication.java:315)
	at org.springframework.boot.SpringApplication.run(SpringApplication.java:1226)
	at org.springframework.boot.SpringApplication.run(SpringApplication.java:1215)
	at com.petrel.lobby.LobbyApplication.main(LobbyApplication.java:21)
	at java.base/jdk.internal.reflect.DirectMethodHandleAccessor.invoke(DirectMethodHandleAccessor.java:103)
	at java.base/java.lang.reflect.Method.invoke(Method.java:580)
	at org.springframework.boot.loader.MainMethodRunner.run(MainMethodRunner.java:48)
	at org.springframework.boot.loader.Launcher.launch(Launcher.java:87)
	at org.springframework.boot.loader.Launcher.launch(Launcher.java:51)
	at org.springframework.boot.loader.PropertiesLauncher.main(PropertiesLauncher.java:597)
Caused by: org.springframework.beans.factory.BeanCreationException: Error creating bean with name 'zebraApplication': Injection of autowired dependencies failed; nested exception is java.lang.IllegalArgumentException: Could not resolve placeholder 'spring.application.name' in value "${spring.application.name}"
	at org.springframework.beans.factory.annotation.AutowiredAnnotationBeanPostProcessor.postProcessProperties(AutowiredAnnotationBeanPostProcessor.java:405)
	at org.springframework.beans.factory.support.AbstractAutowireCapableBeanFactory.populateBean(AbstractAutowireCapableBeanFactory.java:1422)
	at org.springframework.beans.factory.support.AbstractAutowireCapableBeanFactory.doCreateBean(AbstractAutowireCapableBeanFactory.java:594)
	at org.springframework.beans.factory.support.AbstractAutowireCapableBeanFactory.createBean(AbstractAutowireCapableBeanFactory.java:517)
	at org.springframework.beans.factory.support.AbstractBeanFactory.lambda$doGetBean$0(AbstractBeanFactory.java:323)
	at org.springframework.beans.factory.support.DefaultSingletonBeanRegistry.getSingleton(DefaultSingletonBeanRegistry.java:222)
	at org.springframework.beans.factory.support.AbstractBeanFactory.doGetBean(AbstractBeanFactory.java:321)
	at org.springframework.beans.factory.support.AbstractBeanFactory.getBean(AbstractBeanFactory.java:202)
	at org.springframework.beans.factory.config.DependencyDescriptor.resolveCandidate(DependencyDescriptor.java:276)
	at org.springframework.beans.factory.support.DefaultListableBeanFactory.doResolveDependency(DefaultListableBeanFactory.java:1287)
	at org.springframework.beans.factory.support.DefaultListableBeanFactory.resolveDependency(DefaultListableBeanFactory.java:1207)
	at org.springframework.beans.factory.annotation.AutowiredAnnotationBeanPostProcessor$AutowiredFieldElement.inject(AutowiredAnnotationBeanPostProcessor.java:640)
	... 24 common frames omitted
Caused by: java.lang.IllegalArgumentException: Could not resolve placeholder 'spring.application.name' in value "${spring.application.name}"
	at org.springframework.util.PropertyPlaceholderHelper.parseStringValue(PropertyPlaceholderHelper.java:178)
	at org.springframework.util.PropertyPlaceholderHelper.replacePlaceholders(PropertyPlaceholderHelper.java:124)
	at org.springframework.core.env.AbstractPropertyResolver.doResolvePlaceholders(AbstractPropertyResolver.java:236)
	at org.springframework.core.env.AbstractPropertyResolver.resolveRequiredPlaceholders(AbstractPropertyResolver.java:210)
	at org.springframework.context.support.PropertySourcesPlaceholderConfigurer.lambda$processProperties$0(PropertySourcesPlaceholderConfigurer.java:175)
	at org.springframework.beans.factory.support.AbstractBeanFactory.resolveEmbeddedValue(AbstractBeanFactory.java:909)
	at org.springframework.beans.factory.support.DefaultListableBeanFactory.doResolveDependency(DefaultListableBeanFactory.java:1228)
	at org.springframework.beans.factory.support.DefaultListableBeanFactory.resolveDependency(DefaultListableBeanFactory.java:1207)
	at org.springframework.beans.factory.annotation.AutowiredAnnotationBeanPostProcessor$AutowiredFieldElement.inject(AutowiredAnnotationBeanPostProcessor.java:640)
	at org.springframework.beans.factory.annotation.InjectionMetadata.inject(InjectionMetadata.java:130)
	at org.springframework.beans.factory.annotation.AutowiredAnnotationBeanPostProcessor.postProcessProperties(AutowiredAnnotationBeanPostProcessor.java:399)
	... 35 common frames omitted
11-06 10:03:51.447 INFO  [main] [o.s.b.actuate.endpoint.web.EndpointLinksResolver] : Exposing 2 endpoint(s) beneath base path '/actuator'
11-06 10:03:53.299 INFO  [main] [o.s.boot.web.embedded.tomcat.TomcatWebServer] : Tomcat started on port(s): 8752 (http) with context path ''
11-06 10:03:53.314 WARN  [main] [c.a.cloud.nacos.registry.NacosServiceRegistry] : No service to register for nacos client...
11-06 10:03:53.331 INFO  [main] [com.petrel.game.GameApplication] : Started GameApplication in 32.881 seconds (JVM running for 33.735)
11-06 10:03:53.401 INFO  [main] [com.zebra.common.concurrent.ZebraExecutorManager] : Initialize executorGroup size 32
11-06 10:04:14.884 INFO  [main] [com.petrel.slots.all.AllApplication] : The following profiles are active: prod
11-06 10:04:16.687 WARN  [main] [o.springframework.boot.actuate.endpoint.EndpointId] : Endpoint ID 'nacos-discovery' contains invalid characters, please migrate to a valid format.
11-06 10:04:17.038 INFO  [main] [o.s.d.r.config.RepositoryConfigurationDelegate] : Multiple Spring Data modules found, entering strict repository configuration mode!
11-06 10:04:17.044 INFO  [main] [o.s.d.r.config.RepositoryConfigurationDelegate] : Bootstrapping Spring Data Redis repositories in DEFAULT mode.
11-06 10:04:17.081 INFO  [main] [o.s.d.r.config.RepositoryConfigurationDelegate] : Finished Spring Data repository scanning in 15ms. Found 0 Redis repository interfaces.
11-06 10:04:17.142 WARN  [main] [o.springframework.boot.actuate.endpoint.EndpointId] : Endpoint ID 'service-registry' contains invalid characters, please migrate to a valid format.
11-06 10:04:17.447 INFO  [main] [o.springframework.cloud.context.scope.GenericScope] : BeanFactory id=9c028a5f-8ef2-3fdd-b572-dc51af7e40a7
11-06 10:04:17.765 INFO  [main] [o.s.c.s.PostProcessorRegistrationDelegate$BeanPostProcessorChecker] : Bean 'com.petrel.slots.core.common.provide.GameFeignService' of type [org.springframework.cloud.openfeign.FeignClientFactoryBean] is not eligible for getting processed by all BeanPostProcessors (for example: not eligible for auto-proxying)
11-06 10:04:17.770 INFO  [main] [o.s.c.s.PostProcessorRegistrationDelegate$BeanPostProcessorChecker] : Bean 'com.petrel.slots.core.common.provide.ServerRegisterFeignService' of type [org.springframework.cloud.openfeign.FeignClientFactoryBean] is not eligible for getting processed by all BeanPostProcessors (for example: not eligible for auto-proxying)
11-06 10:04:18.564 INFO  [main] [c.a.n.s.c.e.LoggingNacosConfigMetadataEventListener] : Nacos Config Metadata : dataId='petrel-strategy-config.yaml', groupId='DEFAULT_GROUP', beanName='jackportConfig', bean='JackportConfig(pushTime=6, awardRestrict=1000, playTotalRestrict=200)', beanType='class com.petrel.slots.core.common.config.JackportConfig', annotatedElement='class com.petrel.slots.core.common.config.JackportConfig', xmlResource='null', nacosProperties='{encode=UTF-8, password=nacos, serverAddr=127.0.0.1:6878, username=nacos}', nacosPropertiesAttributes='{accessKey=${nacos.access-key:}, clusterName=${nacos.cluster-name:}, configLongPollTimeout=${nacos.configLongPollTimeout:}, configRetryTime=${nacos.configRetryTime:}, contextPath=${nacos.context-path:}, enableRemoteSyncConfig=${nacos.enableRemoteSyncConfig:}, encode=${nacos.encode:UTF-8}, endpoint=${nacos.endpoint:}, maxRetry=${nacos.maxRetry:}, namespace=${nacos.namespace:}, password=${nacos.password:}, secretKey=${nacos.secret-key:}, serverAddr=${nacos.server-addr:}, username=${nacos.username:}}', source='@com.alibaba.nacos.api.config.annotation.NacosConfigurationProperties(autoRefreshed=true, dataId=petrel-strategy-config.yaml, exceptionIfInvalid=true, groupId=DEFAULT_GROUP, ignoreInvalidFields=false, ignoreNestedProperties=false, ignoreUnknownFields=true, prefix=, properties=@com.alibaba.nacos.api.annotation.NacosProperties(accessKey=${nacos.access-key:}, clusterName=${nacos.cluster-name:}, configLongPollTimeout=${nacos.configLongPollTimeout:}, configRetryTime=${nacos.configRetryTime:}, contextPath=${nacos.context-path:}, enableRemoteSyncConfig=${nacos.enableRemoteSyncConfig:}, encode=${nacos.encode:UTF-8}, endpoint=${nacos.endpoint:}, maxRetry=${nacos.maxRetry:}, namespace=${nacos.namespace:}, password=${nacos.password:}, secretKey=${nacos.secret-key:}, serverAddr=${nacos.server-addr:}, username=${nacos.username:}), type=YAML, yaml=false)', timestamp='1762423458559'
11-06 10:04:19.265 INFO  [NacosConfigListener-ThreadPool-1] [c.a.n.s.c.e.LoggingNacosConfigMetadataEventListener] : Nacos Config Metadata : dataId='petrel-strategy-config.yaml', groupId='DEFAULT_GROUP', beanName='jackportConfig', bean='JackportConfig(pushTime=6, awardRestrict=1000, playTotalRestrict=200)', beanType='class com.petrel.slots.core.common.config.JackportConfig', annotatedElement='class com.petrel.slots.core.common.config.JackportConfig', xmlResource='null', nacosProperties='{encode=UTF-8, password=nacos, serverAddr=127.0.0.1:6878, username=nacos}', nacosPropertiesAttributes='{accessKey=${nacos.access-key:}, clusterName=${nacos.cluster-name:}, configLongPollTimeout=${nacos.configLongPollTimeout:}, configRetryTime=${nacos.configRetryTime:}, contextPath=${nacos.context-path:}, enableRemoteSyncConfig=${nacos.enableRemoteSyncConfig:}, encode=${nacos.encode:UTF-8}, endpoint=${nacos.endpoint:}, maxRetry=${nacos.maxRetry:}, namespace=${nacos.namespace:}, password=${nacos.password:}, secretKey=${nacos.secret-key:}, serverAddr=${nacos.server-addr:}, username=${nacos.username:}}', source='@com.alibaba.nacos.api.config.annotation.NacosConfigurationProperties(autoRefreshed=true, dataId=petrel-strategy-config.yaml, exceptionIfInvalid=true, groupId=DEFAULT_GROUP, ignoreInvalidFields=false, ignoreNestedProperties=false, ignoreUnknownFields=true, prefix=, properties=@com.alibaba.nacos.api.annotation.NacosProperties(accessKey=${nacos.access-key:}, clusterName=${nacos.cluster-name:}, configLongPollTimeout=${nacos.configLongPollTimeout:}, configRetryTime=${nacos.configRetryTime:}, contextPath=${nacos.context-path:}, enableRemoteSyncConfig=${nacos.enableRemoteSyncConfig:}, encode=${nacos.encode:UTF-8}, endpoint=${nacos.endpoint:}, maxRetry=${nacos.maxRetry:}, namespace=${nacos.namespace:}, password=${nacos.password:}, secretKey=${nacos.secret-key:}, serverAddr=${nacos.server-addr:}, username=${nacos.username:}), type=YAML, yaml=false)', timestamp='1762423459263'
11-06 10:04:19.998 INFO  [main] [o.s.scheduling.concurrent.ThreadPoolTaskScheduler] : Initializing ExecutorService 'taskScheduler'
11-06 10:04:20.405 WARN  [main] [o.s.c.a.AnnotationConfigApplicationContext] : Exception encountered during context initialization - cancelling refresh attempt: org.springframework.beans.factory.UnsatisfiedDependencyException: Error creating bean with name 'startInitialize': Unsatisfied dependency expressed through field 'zebraApplication'; nested exception is org.springframework.beans.factory.BeanCreationException: Error creating bean with name 'zebraApplication': Injection of autowired dependencies failed; nested exception is java.lang.IllegalArgumentException: Could not resolve placeholder 'spring.application.name' in value "${spring.application.name}"
11-06 10:04:20.405 INFO  [main] [o.s.scheduling.concurrent.ThreadPoolTaskScheduler] : Shutting down ExecutorService 'taskScheduler'
11-06 10:04:20.546 INFO  [main] [c.a.n.s.c.a.c.NacosValueAnnotationBeanPostProcessor] : class com.alibaba.nacos.spring.context.annotation.config.NacosValueAnnotationBeanPostProcessor was destroying!
11-06 10:04:20.547 INFO  [main] [c.a.n.s.b.f.a.AnnotationNacosInjectedBeanPostProcessor] : class com.alibaba.nacos.spring.beans.factory.annotation.AnnotationNacosInjectedBeanPostProcessor was destroying!
11-06 10:04:20.562 INFO  [main] [o.s.b.a.l.ConditionEvaluationReportLoggingListener] : 

Error starting ApplicationContext. To display the conditions report re-run your application with 'debug' enabled.
11-06 10:04:20.571 ERROR [main] [org.springframework.boot.SpringApplication] : Application run failed
org.springframework.beans.factory.UnsatisfiedDependencyException: Error creating bean with name 'startInitialize': Unsatisfied dependency expressed through field 'zebraApplication'; nested exception is org.springframework.beans.factory.BeanCreationException: Error creating bean with name 'zebraApplication': Injection of autowired dependencies failed; nested exception is java.lang.IllegalArgumentException: Could not resolve placeholder 'spring.application.name' in value "${spring.application.name}"
	at org.springframework.beans.factory.annotation.AutowiredAnnotationBeanPostProcessor$AutowiredFieldElement.inject(AutowiredAnnotationBeanPostProcessor.java:643)
	at org.springframework.beans.factory.annotation.InjectionMetadata.inject(InjectionMetadata.java:130)
	at org.springframework.beans.factory.annotation.AutowiredAnnotationBeanPostProcessor.postProcessProperties(AutowiredAnnotationBeanPostProcessor.java:399)
	at org.springframework.beans.factory.support.AbstractAutowireCapableBeanFactory.populateBean(AbstractAutowireCapableBeanFactory.java:1422)
	at org.springframework.beans.factory.support.AbstractAutowireCapableBeanFactory.doCreateBean(AbstractAutowireCapableBeanFactory.java:594)
	at org.springframework.beans.factory.support.AbstractAutowireCapableBeanFactory.createBean(AbstractAutowireCapableBeanFactory.java:517)
	at org.springframework.beans.factory.support.AbstractBeanFactory.lambda$doGetBean$0(AbstractBeanFactory.java:323)
	at org.springframework.beans.factory.support.DefaultSingletonBeanRegistry.getSingleton(DefaultSingletonBeanRegistry.java:222)
	at org.springframework.beans.factory.support.AbstractBeanFactory.doGetBean(AbstractBeanFactory.java:321)
	at org.springframework.beans.factory.support.AbstractBeanFactory.getBean(AbstractBeanFactory.java:202)
	at org.springframework.beans.factory.support.DefaultListableBeanFactory.preInstantiateSingletons(DefaultListableBeanFactory.java:879)
	at org.springframework.context.support.AbstractApplicationContext.finishBeanFactoryInitialization(AbstractApplicationContext.java:878)
	at org.springframework.context.support.AbstractApplicationContext.refresh(AbstractApplicationContext.java:550)
	at org.springframework.boot.SpringApplication.refresh(SpringApplication.java:747)
	at org.springframework.boot.SpringApplication.refreshContext(SpringApplication.java:397)
	at org.springframework.boot.SpringApplication.run(SpringApplication.java:315)
	at org.springframework.boot.SpringApplication.run(SpringApplication.java:1226)
	at org.springframework.boot.SpringApplication.run(SpringApplication.java:1215)
	at com.petrel.slots.all.AllApplication.main(AllApplication.java:24)
	at java.base/jdk.internal.reflect.DirectMethodHandleAccessor.invoke(DirectMethodHandleAccessor.java:103)
	at java.base/java.lang.reflect.Method.invoke(Method.java:580)
	at org.springframework.boot.loader.MainMethodRunner.run(MainMethodRunner.java:48)
	at org.springframework.boot.loader.Launcher.launch(Launcher.java:87)
	at org.springframework.boot.loader.Launcher.launch(Launcher.java:51)
	at org.springframework.boot.loader.PropertiesLauncher.main(PropertiesLauncher.java:597)
Caused by: org.springframework.beans.factory.BeanCreationException: Error creating bean with name 'zebraApplication': Injection of autowired dependencies failed; nested exception is java.lang.IllegalArgumentException: Could not resolve placeholder 'spring.application.name' in value "${spring.application.name}"
	at org.springframework.beans.factory.annotation.AutowiredAnnotationBeanPostProcessor.postProcessProperties(AutowiredAnnotationBeanPostProcessor.java:405)
	at org.springframework.beans.factory.support.AbstractAutowireCapableBeanFactory.populateBean(AbstractAutowireCapableBeanFactory.java:1422)
	at org.springframework.beans.factory.support.AbstractAutowireCapableBeanFactory.doCreateBean(AbstractAutowireCapableBeanFactory.java:594)
	at org.springframework.beans.factory.support.AbstractAutowireCapableBeanFactory.createBean(AbstractAutowireCapableBeanFactory.java:517)
	at org.springframework.beans.factory.support.AbstractBeanFactory.lambda$doGetBean$0(AbstractBeanFactory.java:323)
	at org.springframework.beans.factory.support.DefaultSingletonBeanRegistry.getSingleton(DefaultSingletonBeanRegistry.java:222)
	at org.springframework.beans.factory.support.AbstractBeanFactory.doGetBean(AbstractBeanFactory.java:321)
	at org.springframework.beans.factory.support.AbstractBeanFactory.getBean(AbstractBeanFactory.java:202)
	at org.springframework.beans.factory.config.DependencyDescriptor.resolveCandidate(DependencyDescriptor.java:276)
	at org.springframework.beans.factory.support.DefaultListableBeanFactory.doResolveDependency(DefaultListableBeanFactory.java:1287)
	at org.springframework.beans.factory.support.DefaultListableBeanFactory.resolveDependency(DefaultListableBeanFactory.java:1207)
	at org.springframework.beans.factory.annotation.AutowiredAnnotationBeanPostProcessor$AutowiredFieldElement.inject(AutowiredAnnotationBeanPostProcessor.java:640)
	... 24 common frames omitted
Caused by: java.lang.IllegalArgumentException: Could not resolve placeholder 'spring.application.name' in value "${spring.application.name}"
	at org.springframework.util.PropertyPlaceholderHelper.parseStringValue(PropertyPlaceholderHelper.java:178)
	at org.springframework.util.PropertyPlaceholderHelper.replacePlaceholders(PropertyPlaceholderHelper.java:124)
	at org.springframework.core.env.AbstractPropertyResolver.doResolvePlaceholders(AbstractPropertyResolver.java:236)
	at org.springframework.core.env.AbstractPropertyResolver.resolveRequiredPlaceholders(AbstractPropertyResolver.java:210)
	at org.springframework.context.support.PropertySourcesPlaceholderConfigurer.lambda$processProperties$0(PropertySourcesPlaceholderConfigurer.java:175)
	at org.springframework.beans.factory.support.AbstractBeanFactory.resolveEmbeddedValue(AbstractBeanFactory.java:909)
	at org.springframework.beans.factory.support.DefaultListableBeanFactory.doResolveDependency(DefaultListableBeanFactory.java:1228)
	at org.springframework.beans.factory.support.DefaultListableBeanFactory.resolveDependency(DefaultListableBeanFactory.java:1207)
	at org.springframework.beans.factory.annotation.AutowiredAnnotationBeanPostProcessor$AutowiredFieldElement.inject(AutowiredAnnotationBeanPostProcessor.java:640)
	at org.springframework.beans.factory.annotation.InjectionMetadata.inject(InjectionMetadata.java:130)
	at org.springframework.beans.factory.annotation.AutowiredAnnotationBeanPostProcessor.postProcessProperties(AutowiredAnnotationBeanPostProcessor.java:399)
	... 35 common frames omitted
11-06 10:04:20.573 ERROR [main] [com.petrel.slots.all.AllApplication] : start error:
org.springframework.beans.factory.UnsatisfiedDependencyException: Error creating bean with name 'startInitialize': Unsatisfied dependency expressed through field 'zebraApplication'; nested exception is org.springframework.beans.factory.BeanCreationException: Error creating bean with name 'zebraApplication': Injection of autowired dependencies failed; nested exception is java.lang.IllegalArgumentException: Could not resolve placeholder 'spring.application.name' in value "${spring.application.name}"
	at org.springframework.beans.factory.annotation.AutowiredAnnotationBeanPostProcessor$AutowiredFieldElement.inject(AutowiredAnnotationBeanPostProcessor.java:643)
	at org.springframework.beans.factory.annotation.InjectionMetadata.inject(InjectionMetadata.java:130)
	at org.springframework.beans.factory.annotation.AutowiredAnnotationBeanPostProcessor.postProcessProperties(AutowiredAnnotationBeanPostProcessor.java:399)
	at org.springframework.beans.factory.support.AbstractAutowireCapableBeanFactory.populateBean(AbstractAutowireCapableBeanFactory.java:1422)
	at org.springframework.beans.factory.support.AbstractAutowireCapableBeanFactory.doCreateBean(AbstractAutowireCapableBeanFactory.java:594)
	at org.springframework.beans.factory.support.AbstractAutowireCapableBeanFactory.createBean(AbstractAutowireCapableBeanFactory.java:517)
	at org.springframework.beans.factory.support.AbstractBeanFactory.lambda$doGetBean$0(AbstractBeanFactory.java:323)
	at org.springframework.beans.factory.support.DefaultSingletonBeanRegistry.getSingleton(DefaultSingletonBeanRegistry.java:222)
	at org.springframework.beans.factory.support.AbstractBeanFactory.doGetBean(AbstractBeanFactory.java:321)
	at org.springframework.beans.factory.support.AbstractBeanFactory.getBean(AbstractBeanFactory.java:202)
	at org.springframework.beans.factory.support.DefaultListableBeanFactory.preInstantiateSingletons(DefaultListableBeanFactory.java:879)
	at org.springframework.context.support.AbstractApplicationContext.finishBeanFactoryInitialization(AbstractApplicationContext.java:878)
	at org.springframework.context.support.AbstractApplicationContext.refresh(AbstractApplicationContext.java:550)
	at org.springframework.boot.SpringApplication.refresh(SpringApplication.java:747)
	at org.springframework.boot.SpringApplication.refreshContext(SpringApplication.java:397)
	at org.springframework.boot.SpringApplication.run(SpringApplication.java:315)
	at org.springframework.boot.SpringApplication.run(SpringApplication.java:1226)
	at org.springframework.boot.SpringApplication.run(SpringApplication.java:1215)
	at com.petrel.slots.all.AllApplication.main(AllApplication.java:24)
	at java.base/jdk.internal.reflect.DirectMethodHandleAccessor.invoke(DirectMethodHandleAccessor.java:103)
	at java.base/java.lang.reflect.Method.invoke(Method.java:580)
	at org.springframework.boot.loader.MainMethodRunner.run(MainMethodRunner.java:48)
	at org.springframework.boot.loader.Launcher.launch(Launcher.java:87)
	at org.springframework.boot.loader.Launcher.launch(Launcher.java:51)
	at org.springframework.boot.loader.PropertiesLauncher.main(PropertiesLauncher.java:597)
Caused by: org.springframework.beans.factory.BeanCreationException: Error creating bean with name 'zebraApplication': Injection of autowired dependencies failed; nested exception is java.lang.IllegalArgumentException: Could not resolve placeholder 'spring.application.name' in value "${spring.application.name}"
	at org.springframework.beans.factory.annotation.AutowiredAnnotationBeanPostProcessor.postProcessProperties(AutowiredAnnotationBeanPostProcessor.java:405)
	at org.springframework.beans.factory.support.AbstractAutowireCapableBeanFactory.populateBean(AbstractAutowireCapableBeanFactory.java:1422)
	at org.springframework.beans.factory.support.AbstractAutowireCapableBeanFactory.doCreateBean(AbstractAutowireCapableBeanFactory.java:594)
	at org.springframework.beans.factory.support.AbstractAutowireCapableBeanFactory.createBean(AbstractAutowireCapableBeanFactory.java:517)
	at org.springframework.beans.factory.support.AbstractBeanFactory.lambda$doGetBean$0(AbstractBeanFactory.java:323)
	at org.springframework.beans.factory.support.DefaultSingletonBeanRegistry.getSingleton(DefaultSingletonBeanRegistry.java:222)
	at org.springframework.beans.factory.support.AbstractBeanFactory.doGetBean(AbstractBeanFactory.java:321)
	at org.springframework.beans.factory.support.AbstractBeanFactory.getBean(AbstractBeanFactory.java:202)
	at org.springframework.beans.factory.config.DependencyDescriptor.resolveCandidate(DependencyDescriptor.java:276)
	at org.springframework.beans.factory.support.DefaultListableBeanFactory.doResolveDependency(DefaultListableBeanFactory.java:1287)
	at org.springframework.beans.factory.support.DefaultListableBeanFactory.resolveDependency(DefaultListableBeanFactory.java:1207)
	at org.springframework.beans.factory.annotation.AutowiredAnnotationBeanPostProcessor$AutowiredFieldElement.inject(AutowiredAnnotationBeanPostProcessor.java:640)
	... 24 common frames omitted
Caused by: java.lang.IllegalArgumentException: Could not resolve placeholder 'spring.application.name' in value "${spring.application.name}"
	at org.springframework.util.PropertyPlaceholderHelper.parseStringValue(PropertyPlaceholderHelper.java:178)
	at org.springframework.util.PropertyPlaceholderHelper.replacePlaceholders(PropertyPlaceholderHelper.java:124)
	at org.springframework.core.env.AbstractPropertyResolver.doResolvePlaceholders(AbstractPropertyResolver.java:236)
	at org.springframework.core.env.AbstractPropertyResolver.resolveRequiredPlaceholders(AbstractPropertyResolver.java:210)
	at org.springframework.context.support.PropertySourcesPlaceholderConfigurer.lambda$processProperties$0(PropertySourcesPlaceholderConfigurer.java:175)
	at org.springframework.beans.factory.support.AbstractBeanFactory.resolveEmbeddedValue(AbstractBeanFactory.java:909)
	at org.springframework.beans.factory.support.DefaultListableBeanFactory.doResolveDependency(DefaultListableBeanFactory.java:1228)
	at org.springframework.beans.factory.support.DefaultListableBeanFactory.resolveDependency(DefaultListableBeanFactory.java:1207)
	at org.springframework.beans.factory.annotation.AutowiredAnnotationBeanPostProcessor$AutowiredFieldElement.inject(AutowiredAnnotationBeanPostProcessor.java:640)
	at org.springframework.beans.factory.annotation.InjectionMetadata.inject(InjectionMetadata.java:130)
	at org.springframework.beans.factory.annotation.AutowiredAnnotationBeanPostProcessor.postProcessProperties(AutowiredAnnotationBeanPostProcessor.java:399)
	... 35 common frames omitted
11-06 10:12:21.882 WARN  [background-preinit] [o.s.h.converter.json.Jackson2ObjectMapperBuilder] : For Jackson Kotlin classes support please add "com.fasterxml.jackson.module:jackson-module-kotlin" to the classpath
11-06 10:12:22.638 INFO  [main] [com.petrel.register.RegisterApplication] : The following profiles are active: prod
11-06 10:12:23.819 WARN  [main] [o.springframework.boot.actuate.endpoint.EndpointId] : Endpoint ID 'nacos-discovery' contains invalid characters, please migrate to a valid format.
11-06 10:12:24.119 INFO  [main] [o.s.d.r.config.RepositoryConfigurationDelegate] : Multiple Spring Data modules found, entering strict repository configuration mode!
11-06 10:12:24.123 INFO  [main] [o.s.d.r.config.RepositoryConfigurationDelegate] : Bootstrapping Spring Data Redis repositories in DEFAULT mode.
11-06 10:12:24.165 INFO  [main] [o.s.d.r.config.RepositoryConfigurationDelegate] : Finished Spring Data repository scanning in 18ms. Found 0 Redis repository interfaces.
11-06 10:12:24.288 WARN  [main] [o.springframework.boot.actuate.endpoint.EndpointId] : Endpoint ID 'service-registry' contains invalid characters, please migrate to a valid format.
11-06 10:12:24.550 INFO  [main] [o.springframework.cloud.context.scope.GenericScope] : BeanFactory id=441f032e-5849-35c7-a938-61bd75f12b40
11-06 10:12:25.125 INFO  [main] [o.s.c.s.PostProcessorRegistrationDelegate$BeanPostProcessorChecker] : Bean 'spring.datasource.dynamic-com.baomidou.dynamic.datasource.spring.boot.autoconfigure.DynamicDataSourceProperties' of type [com.baomidou.dynamic.datasource.spring.boot.autoconfigure.DynamicDataSourceProperties] is not eligible for getting processed by all BeanPostProcessors (for example: not eligible for auto-proxying)
11-06 10:12:25.132 INFO  [main] [o.s.c.s.PostProcessorRegistrationDelegate$BeanPostProcessorChecker] : Bean 'com.baomidou.dynamic.datasource.spring.boot.autoconfigure.DynamicDataSourceAutoConfiguration' of type [com.baomidou.dynamic.datasource.spring.boot.autoconfigure.DynamicDataSourceAutoConfiguration$$EnhancerBySpringCGLIB$$f50417d8] is not eligible for getting processed by all BeanPostProcessors (for example: not eligible for auto-proxying)
11-06 10:12:25.152 INFO  [main] [o.s.c.s.PostProcessorRegistrationDelegate$BeanPostProcessorChecker] : Bean 'dsProcessor' of type [com.baomidou.dynamic.datasource.processor.DsHeaderProcessor] is not eligible for getting processed by all BeanPostProcessors (for example: not eligible for auto-proxying)
11-06 10:12:25.610 INFO  [main] [o.s.boot.web.embedded.tomcat.TomcatWebServer] : Tomcat initialized with port(s): 7180 (http)
11-06 10:12:25.622 INFO  [main] [org.apache.catalina.core.StandardService] : Starting service [Tomcat]
11-06 10:12:25.622 INFO  [main] [org.apache.catalina.core.StandardEngine] : Starting Servlet engine: [Apache Tomcat/9.0.31]
11-06 10:12:25.684 INFO  [main] [o.a.c.core.ContainerBase.[Tomcat].[localhost].[/]] : Initializing Spring embedded WebApplicationContext
11-06 10:12:25.685 INFO  [main] [org.springframework.web.context.ContextLoader] : Root WebApplicationContext: initialization completed in 2973 ms
11-06 10:12:27.957 INFO  [main] [com.alibaba.druid.pool.DruidDataSource] : {dataSource-1,petrel_core} inited
11-06 10:12:28.959 INFO  [main] [com.alibaba.druid.pool.DruidDataSource] : {dataSource-2,petrel_record} inited
11-06 10:12:28.964 INFO  [main] [c.b.dynamic.datasource.DynamicRoutingDataSource] : dynamic-datasource - load a datasource named [petrel_record] success
11-06 10:12:28.964 INFO  [main] [c.b.dynamic.datasource.DynamicRoutingDataSource] : dynamic-datasource - load a datasource named [petrel_core] success
11-06 10:12:28.964 INFO  [main] [c.b.dynamic.datasource.DynamicRoutingDataSource] : dynamic-datasource initial loaded [2] datasource,primary datasource named [petrel_core]
11-06 10:12:33.731 INFO  [main] [c.a.n.s.c.e.LoggingNacosConfigMetadataEventListener] : Nacos Config Metadata : dataId='petrel-game-config.yaml', groupId='DEFAULT_GROUP', beanName='lobbyConfig', bean='GameConfig(hostUrl=https://gengxin1123.oss-ap-southeast-1.aliyuncs.com/ycd_update/, wxId=wxid_value, wxSecret=wxSecret_value, lobbyVersion=3, lobbyVfx=YCD)', beanType='class com.petrel.register.config.GameConfig', annotatedElement='class com.petrel.register.config.GameConfig', xmlResource='null', nacosProperties='{encode=UTF-8, password=nacos, serverAddr=202.189.7.196:6878, username=nacos}', nacosPropertiesAttributes='{accessKey=${nacos.access-key:}, clusterName=${nacos.cluster-name:}, configLongPollTimeout=${nacos.configLongPollTimeout:}, configRetryTime=${nacos.configRetryTime:}, contextPath=${nacos.context-path:}, enableRemoteSyncConfig=${nacos.enableRemoteSyncConfig:}, encode=${nacos.encode:UTF-8}, endpoint=${nacos.endpoint:}, maxRetry=${nacos.maxRetry:}, namespace=${nacos.namespace:}, password=${nacos.password:}, secretKey=${nacos.secret-key:}, serverAddr=${nacos.server-addr:}, username=${nacos.username:}}', source='@com.alibaba.nacos.api.config.annotation.NacosConfigurationProperties(autoRefreshed=true, dataId=petrel-game-config.yaml, exceptionIfInvalid=true, groupId=DEFAULT_GROUP, ignoreInvalidFields=false, ignoreNestedProperties=false, ignoreUnknownFields=true, prefix=, properties=@com.alibaba.nacos.api.annotation.NacosProperties(accessKey=${nacos.access-key:}, clusterName=${nacos.cluster-name:}, configLongPollTimeout=${nacos.configLongPollTimeout:}, configRetryTime=${nacos.configRetryTime:}, contextPath=${nacos.context-path:}, enableRemoteSyncConfig=${nacos.enableRemoteSyncConfig:}, encode=${nacos.encode:UTF-8}, endpoint=${nacos.endpoint:}, maxRetry=${nacos.maxRetry:}, namespace=${nacos.namespace:}, password=${nacos.password:}, secretKey=${nacos.secret-key:}, serverAddr=${nacos.server-addr:}, username=${nacos.username:}), type=YAML, yaml=false)', timestamp='1762423953723'
11-06 10:12:34.749 WARN  [main] [o.s.c.netflix.archaius.ArchaiusAutoConfiguration] : No spring.application.name found, defaulting to 'application'
11-06 10:12:34.757 WARN  [main] [com.netflix.config.sources.URLConfigurationSource] : No URLs will be polled as dynamic configuration sources.
11-06 10:12:34.757 INFO  [main] [com.netflix.config.sources.URLConfigurationSource] : To enable URLs as dynamic configuration sources, define System property archaius.configurationSource.additionalUrls or make config.properties available on classpath.
11-06 10:12:34.762 WARN  [main] [com.netflix.config.sources.URLConfigurationSource] : No URLs will be polled as dynamic configuration sources.
11-06 10:12:34.762 INFO  [main] [com.netflix.config.sources.URLConfigurationSource] : To enable URLs as dynamic configuration sources, define System property archaius.configurationSource.additionalUrls or make config.properties available on classpath.
11-06 10:12:35.603 INFO  [main] [o.s.scheduling.concurrent.ThreadPoolTaskScheduler] : Initializing ExecutorService 'Nacso-Watch-Task-Scheduler'
11-06 10:12:36.524 INFO  [main] [o.s.b.actuate.endpoint.web.EndpointLinksResolver] : Exposing 2 endpoint(s) beneath base path '/actuator'
11-06 10:12:37.258 INFO  [main] [o.s.boot.web.embedded.tomcat.TomcatWebServer] : Tomcat started on port(s): 7180 (http) with context path ''
11-06 10:12:37.259 WARN  [main] [c.a.cloud.nacos.registry.NacosServiceRegistry] : No service to register for nacos client...
11-06 10:12:37.263 INFO  [main] [com.petrel.register.RegisterApplication] : Started RegisterApplication in 17.463 seconds (JVM running for 18.964)
11-06 10:12:37.529 INFO  [main] [io.lettuce.core.EpollProvider] : Starting with epoll library
11-06 10:12:37.533 INFO  [main] [io.lettuce.core.KqueueProvider] : Starting without optional kqueue library
11-06 10:13:02.190 WARN  [background-preinit] [o.s.h.converter.json.Jackson2ObjectMapperBuilder] : For Jackson Kotlin classes support please add "com.fasterxml.jackson.module:jackson-module-kotlin" to the classpath
11-06 10:13:02.993 INFO  [main] [com.petrel.user.UserApplication] : The following profiles are active: prod
11-06 10:13:04.739 WARN  [main] [o.springframework.boot.actuate.endpoint.EndpointId] : Endpoint ID 'nacos-discovery' contains invalid characters, please migrate to a valid format.
11-06 10:13:05.124 INFO  [main] [o.s.d.r.config.RepositoryConfigurationDelegate] : Multiple Spring Data modules found, entering strict repository configuration mode!
11-06 10:13:05.132 INFO  [main] [o.s.d.r.config.RepositoryConfigurationDelegate] : Bootstrapping Spring Data Redis repositories in DEFAULT mode.
11-06 10:13:05.199 INFO  [main] [o.s.d.r.config.RepositoryConfigurationDelegate] : Finished Spring Data repository scanning in 28ms. Found 0 Redis repository interfaces.
11-06 10:13:05.337 WARN  [main] [o.springframework.boot.actuate.endpoint.EndpointId] : Endpoint ID 'service-registry' contains invalid characters, please migrate to a valid format.
11-06 10:13:05.845 INFO  [main] [o.springframework.cloud.context.scope.GenericScope] : BeanFactory id=ce81e8a4-9faa-3e8e-a614-e20eee678bf6
11-06 10:13:06.891 INFO  [main] [o.s.c.s.PostProcessorRegistrationDelegate$BeanPostProcessorChecker] : Bean 'spring.datasource.dynamic-com.baomidou.dynamic.datasource.spring.boot.autoconfigure.DynamicDataSourceProperties' of type [com.baomidou.dynamic.datasource.spring.boot.autoconfigure.DynamicDataSourceProperties] is not eligible for getting processed by all BeanPostProcessors (for example: not eligible for auto-proxying)
11-06 10:13:06.899 INFO  [main] [o.s.c.s.PostProcessorRegistrationDelegate$BeanPostProcessorChecker] : Bean 'com.baomidou.dynamic.datasource.spring.boot.autoconfigure.DynamicDataSourceAutoConfiguration' of type [com.baomidou.dynamic.datasource.spring.boot.autoconfigure.DynamicDataSourceAutoConfiguration$$EnhancerBySpringCGLIB$$7dfe5769] is not eligible for getting processed by all BeanPostProcessors (for example: not eligible for auto-proxying)
11-06 10:13:06.925 INFO  [main] [o.s.c.s.PostProcessorRegistrationDelegate$BeanPostProcessorChecker] : Bean 'dsProcessor' of type [com.baomidou.dynamic.datasource.processor.DsHeaderProcessor] is not eligible for getting processed by all BeanPostProcessors (for example: not eligible for auto-proxying)
11-06 10:13:07.595 INFO  [main] [o.s.boot.web.embedded.tomcat.TomcatWebServer] : Tomcat initialized with port(s): 8719 (http)
11-06 10:13:07.660 INFO  [main] [org.apache.catalina.core.StandardService] : Starting service [Tomcat]
11-06 10:13:07.661 INFO  [main] [org.apache.catalina.core.StandardEngine] : Starting Servlet engine: [Apache Tomcat/9.0.31]
11-06 10:13:07.796 INFO  [main] [o.a.c.core.ContainerBase.[Tomcat].[localhost].[/]] : Initializing Spring embedded WebApplicationContext
11-06 10:13:07.798 INFO  [main] [org.springframework.web.context.ContextLoader] : Root WebApplicationContext: initialization completed in 4748 ms
11-06 10:13:16.050 WARN  [background-preinit] [o.s.h.converter.json.Jackson2ObjectMapperBuilder] : For Jackson Kotlin classes support please add "com.fasterxml.jackson.module:jackson-module-kotlin" to the classpath
11-06 10:13:16.643 INFO  [main] [com.alibaba.druid.pool.DruidDataSource] : {dataSource-1,petrel_core} inited
11-06 10:13:16.990 INFO  [main] [com.petrel.game.GameApplication] : The following profiles are active: prod
11-06 10:13:18.758 WARN  [main] [o.springframework.boot.actuate.endpoint.EndpointId] : Endpoint ID 'nacos-discovery' contains invalid characters, please migrate to a valid format.
11-06 10:13:19.261 INFO  [main] [o.s.d.r.config.RepositoryConfigurationDelegate] : Multiple Spring Data modules found, entering strict repository configuration mode!
11-06 10:13:19.264 INFO  [main] [o.s.d.r.config.RepositoryConfigurationDelegate] : Bootstrapping Spring Data Redis repositories in DEFAULT mode.
11-06 10:13:19.323 INFO  [main] [o.s.d.r.config.RepositoryConfigurationDelegate] : Finished Spring Data repository scanning in 29ms. Found 0 Redis repository interfaces.
11-06 10:13:19.514 WARN  [main] [o.springframework.boot.actuate.endpoint.EndpointId] : Endpoint ID 'service-registry' contains invalid characters, please migrate to a valid format.
11-06 10:13:19.942 INFO  [main] [o.springframework.cloud.context.scope.GenericScope] : BeanFactory id=803ac902-efef-3310-96c4-874a8e137fbf
11-06 10:13:20.406 INFO  [main] [com.alibaba.druid.pool.DruidDataSource] : {dataSource-2,petrel_record} inited
11-06 10:13:20.406 INFO  [main] [c.b.dynamic.datasource.DynamicRoutingDataSource] : dynamic-datasource - load a datasource named [petrel_record] success
11-06 10:13:20.407 INFO  [main] [c.b.dynamic.datasource.DynamicRoutingDataSource] : dynamic-datasource - load a datasource named [petrel_core] success
11-06 10:13:20.407 INFO  [main] [c.b.dynamic.datasource.DynamicRoutingDataSource] : dynamic-datasource initial loaded [2] datasource,primary datasource named [petrel_core]
11-06 10:13:21.153 INFO  [main] [o.s.c.s.PostProcessorRegistrationDelegate$BeanPostProcessorChecker] : Bean 'spring.datasource.dynamic-com.baomidou.dynamic.datasource.spring.boot.autoconfigure.DynamicDataSourceProperties' of type [com.baomidou.dynamic.datasource.spring.boot.autoconfigure.DynamicDataSourceProperties] is not eligible for getting processed by all BeanPostProcessors (for example: not eligible for auto-proxying)
11-06 10:13:21.193 INFO  [main] [o.s.c.s.PostProcessorRegistrationDelegate$BeanPostProcessorChecker] : Bean 'com.baomidou.dynamic.datasource.spring.boot.autoconfigure.DynamicDataSourceAutoConfiguration' of type [com.baomidou.dynamic.datasource.spring.boot.autoconfigure.DynamicDataSourceAutoConfiguration$$EnhancerBySpringCGLIB$$1c5e8a5e] is not eligible for getting processed by all BeanPostProcessors (for example: not eligible for auto-proxying)
11-06 10:13:21.246 INFO  [main] [o.s.c.s.PostProcessorRegistrationDelegate$BeanPostProcessorChecker] : Bean 'dsProcessor' of type [com.baomidou.dynamic.datasource.processor.DsHeaderProcessor] is not eligible for getting processed by all BeanPostProcessors (for example: not eligible for auto-proxying)
11-06 10:13:22.483 INFO  [main] [o.s.boot.web.embedded.tomcat.TomcatWebServer] : Tomcat initialized with port(s): 8752 (http)
11-06 10:13:22.520 INFO  [main] [org.apache.catalina.core.StandardService] : Starting service [Tomcat]
11-06 10:13:22.521 INFO  [main] [org.apache.catalina.core.StandardEngine] : Starting Servlet engine: [Apache Tomcat/9.0.31]
11-06 10:13:22.995 INFO  [main] [o.a.c.core.ContainerBase.[Tomcat].[localhost].[/]] : Initializing Spring embedded WebApplicationContext
11-06 10:13:23.002 INFO  [main] [org.springframework.web.context.ContextLoader] : Root WebApplicationContext: initialization completed in 5940 ms
11-06 10:13:24.141 INFO  [main] [c.a.n.s.c.e.LoggingNacosConfigMetadataEventListener] : Nacos Config Metadata : dataId='petrel-lobby-user-config.yaml', groupId='DEFAULT_GROUP', beanName='lobbyConfig', bean='LobbyUserConfig(gidLen=8, gidStart=0, registerNumber=0, signPlays=200, signDays=28, signDaysHalf=14, signGold=15, signHalf=30, signAll=60)', beanType='class com.petrel.user.config.LobbyUserConfig', annotatedElement='class com.petrel.user.config.LobbyUserConfig', xmlResource='null', nacosProperties='{encode=UTF-8, password=nacos, serverAddr=202.189.7.196:6878, username=nacos}', nacosPropertiesAttributes='{accessKey=${nacos.access-key:}, clusterName=${nacos.cluster-name:}, configLongPollTimeout=${nacos.configLongPollTimeout:}, configRetryTime=${nacos.configRetryTime:}, contextPath=${nacos.context-path:}, enableRemoteSyncConfig=${nacos.enableRemoteSyncConfig:}, encode=${nacos.encode:UTF-8}, endpoint=${nacos.endpoint:}, maxRetry=${nacos.maxRetry:}, namespace=${nacos.namespace:}, password=${nacos.password:}, secretKey=${nacos.secret-key:}, serverAddr=${nacos.server-addr:}, username=${nacos.username:}}', source='@com.alibaba.nacos.api.config.annotation.NacosConfigurationProperties(autoRefreshed=true, dataId=petrel-lobby-user-config.yaml, exceptionIfInvalid=true, groupId=DEFAULT_GROUP, ignoreInvalidFields=false, ignoreNestedProperties=false, ignoreUnknownFields=true, prefix=, properties=@com.alibaba.nacos.api.annotation.NacosProperties(accessKey=${nacos.access-key:}, clusterName=${nacos.cluster-name:}, configLongPollTimeout=${nacos.configLongPollTimeout:}, configRetryTime=${nacos.configRetryTime:}, contextPath=${nacos.context-path:}, enableRemoteSyncConfig=${nacos.enableRemoteSyncConfig:}, encode=${nacos.encode:UTF-8}, endpoint=${nacos.endpoint:}, maxRetry=${nacos.maxRetry:}, namespace=${nacos.namespace:}, password=${nacos.password:}, secretKey=${nacos.secret-key:}, serverAddr=${nacos.server-addr:}, username=${nacos.username:}), type=YAML, yaml=false)', timestamp='1762424004131'
11-06 10:13:24.575 INFO  [main] [c.a.n.s.c.e.LoggingNacosConfigMetadataEventListener] : Nacos Config Metadata : dataId='petrel-lobby-gold-config.yaml', groupId='DEFAULT_GROUP', beanName='goldBankConfig', bean='GoldBankConfig(transfer=1, traPre=2, traReceivePre=100, norTra=0, norMin=1650000, vipMin=10000, maxHoldGold=100000, vip2vip=9, changeVip=1, vip7=0,1)', beanType='class com.petrel.user.config.GoldBankConfig', annotatedElement='class com.petrel.user.config.GoldBankConfig', xmlResource='null', nacosProperties='{encode=UTF-8, password=nacos, serverAddr=202.189.7.196:6878, username=nacos}', nacosPropertiesAttributes='{accessKey=${nacos.access-key:}, clusterName=${nacos.cluster-name:}, configLongPollTimeout=${nacos.configLongPollTimeout:}, configRetryTime=${nacos.configRetryTime:}, contextPath=${nacos.context-path:}, enableRemoteSyncConfig=${nacos.enableRemoteSyncConfig:}, encode=${nacos.encode:UTF-8}, endpoint=${nacos.endpoint:}, maxRetry=${nacos.maxRetry:}, namespace=${nacos.namespace:}, password=${nacos.password:}, secretKey=${nacos.secret-key:}, serverAddr=${nacos.server-addr:}, username=${nacos.username:}}', source='@com.alibaba.nacos.api.config.annotation.NacosConfigurationProperties(autoRefreshed=true, dataId=petrel-lobby-gold-config.yaml, exceptionIfInvalid=true, groupId=DEFAULT_GROUP, ignoreInvalidFields=false, ignoreNestedProperties=false, ignoreUnknownFields=true, prefix=, properties=@com.alibaba.nacos.api.annotation.NacosProperties(accessKey=${nacos.access-key:}, clusterName=${nacos.cluster-name:}, configLongPollTimeout=${nacos.configLongPollTimeout:}, configRetryTime=${nacos.configRetryTime:}, contextPath=${nacos.context-path:}, enableRemoteSyncConfig=${nacos.enableRemoteSyncConfig:}, encode=${nacos.encode:UTF-8}, endpoint=${nacos.endpoint:}, maxRetry=${nacos.maxRetry:}, namespace=${nacos.namespace:}, password=${nacos.password:}, secretKey=${nacos.secret-key:}, serverAddr=${nacos.server-addr:}, username=${nacos.username:}), type=YAML, yaml=false)', timestamp='1762424004555'
11-06 10:13:25.908 INFO  [main] [c.a.n.s.c.e.LoggingNacosConfigMetadataEventListener] : Nacos Config Metadata : dataId='petrel-lobby-gold-config.yaml', groupId='DEFAULT_GROUP', beanName='cardRestrictConfig', bean='CardRestrictConfig(goldRestrict=100000, oncePresent=1, simulatorRestrict=1, notTel=0, notInTransfer=0, playRestrict=0, vipPresent=100, vipNotVip=1)', beanType='class com.petrel.user.config.CardRestrictConfig', annotatedElement='class com.petrel.user.config.CardRestrictConfig', xmlResource='null', nacosProperties='{encode=UTF-8, password=nacos, serverAddr=202.189.7.196:6878, username=nacos}', nacosPropertiesAttributes='{accessKey=${nacos.access-key:}, clusterName=${nacos.cluster-name:}, configLongPollTimeout=${nacos.configLongPollTimeout:}, configRetryTime=${nacos.configRetryTime:}, contextPath=${nacos.context-path:}, enableRemoteSyncConfig=${nacos.enableRemoteSyncConfig:}, encode=${nacos.encode:UTF-8}, endpoint=${nacos.endpoint:}, maxRetry=${nacos.maxRetry:}, namespace=${nacos.namespace:}, password=${nacos.password:}, secretKey=${nacos.secret-key:}, serverAddr=${nacos.server-addr:}, username=${nacos.username:}}', source='@com.alibaba.nacos.api.config.annotation.NacosConfigurationProperties(autoRefreshed=true, dataId=petrel-lobby-gold-config.yaml, exceptionIfInvalid=true, groupId=DEFAULT_GROUP, ignoreInvalidFields=false, ignoreNestedProperties=false, ignoreUnknownFields=true, prefix=, properties=@com.alibaba.nacos.api.annotation.NacosProperties(accessKey=${nacos.access-key:}, clusterName=${nacos.cluster-name:}, configLongPollTimeout=${nacos.configLongPollTimeout:}, configRetryTime=${nacos.configRetryTime:}, contextPath=${nacos.context-path:}, enableRemoteSyncConfig=${nacos.enableRemoteSyncConfig:}, encode=${nacos.encode:UTF-8}, endpoint=${nacos.endpoint:}, maxRetry=${nacos.maxRetry:}, namespace=${nacos.namespace:}, password=${nacos.password:}, secretKey=${nacos.secret-key:}, serverAddr=${nacos.server-addr:}, username=${nacos.username:}), type=YAML, yaml=false)', timestamp='1762424005906'
11-06 10:13:27.914 WARN  [main] [o.s.c.netflix.archaius.ArchaiusAutoConfiguration] : No spring.application.name found, defaulting to 'application'
11-06 10:13:27.925 WARN  [main] [com.netflix.config.sources.URLConfigurationSource] : No URLs will be polled as dynamic configuration sources.
11-06 10:13:27.925 INFO  [main] [com.netflix.config.sources.URLConfigurationSource] : To enable URLs as dynamic configuration sources, define System property archaius.configurationSource.additionalUrls or make config.properties available on classpath.
11-06 10:13:27.940 WARN  [main] [com.netflix.config.sources.URLConfigurationSource] : No URLs will be polled as dynamic configuration sources.
11-06 10:13:27.945 INFO  [main] [com.netflix.config.sources.URLConfigurationSource] : To enable URLs as dynamic configuration sources, define System property archaius.configurationSource.additionalUrls or make config.properties available on classpath.
11-06 10:13:29.646 INFO  [main] [o.s.scheduling.concurrent.ThreadPoolTaskScheduler] : Initializing ExecutorService 'Nacso-Watch-Task-Scheduler'
11-06 10:13:30.085 INFO  [main] [com.alibaba.druid.pool.DruidDataSource] : {dataSource-1,petrel_core} inited
11-06 10:13:32.635 INFO  [main] [o.s.b.actuate.endpoint.web.EndpointLinksResolver] : Exposing 2 endpoint(s) beneath base path '/actuator'
11-06 10:13:33.875 INFO  [main] [com.alibaba.druid.pool.DruidDataSource] : {dataSource-2,petrel_record} inited
11-06 10:13:33.875 INFO  [main] [c.b.dynamic.datasource.DynamicRoutingDataSource] : dynamic-datasource - load a datasource named [petrel_record] success
11-06 10:13:33.876 INFO  [main] [c.b.dynamic.datasource.DynamicRoutingDataSource] : dynamic-datasource - load a datasource named [petrel_core] success
11-06 10:13:33.876 INFO  [main] [c.b.dynamic.datasource.DynamicRoutingDataSource] : dynamic-datasource initial loaded [2] datasource,primary datasource named [petrel_core]
11-06 10:13:34.222 INFO  [main] [o.s.boot.web.embedded.tomcat.TomcatWebServer] : Tomcat started on port(s): 8719 (http) with context path ''
11-06 10:13:34.261 WARN  [main] [c.a.cloud.nacos.registry.NacosServiceRegistry] : No service to register for nacos client...
11-06 10:13:34.285 INFO  [main] [com.petrel.user.UserApplication] : Started UserApplication in 34.143 seconds (JVM running for 35.942)
11-06 10:13:34.316 INFO  [main] [com.petrel.user.config.StartInitialize] : Start init NickName config success
11-06 10:13:37.407 INFO  [main] [c.a.n.s.c.e.LoggingNacosConfigMetadataEventListener] : Nacos Config Metadata : dataId='petrel-strategy-config.yaml', groupId='DEFAULT_GROUP', beanName='lobbyConfig', bean='StrategyConfig(ceilLastDiffTimes=0_30|10;30_50|30;50_-1|500, ceilMultiple=3-5, ceilFixed=150, ceilCardRange=50-200, strategyCheat=10000, strategyLoseA=0.53, strategyLoseB=1.515E-5, strategyPlayTimes=800-1000-1300)', beanType='class com.petrel.game.config.StrategyConfig', annotatedElement='class com.petrel.game.config.StrategyConfig', xmlResource='null', nacosProperties='{encode=UTF-8, password=nacos, serverAddr=202.189.7.196:6878, username=nacos}', nacosPropertiesAttributes='{accessKey=${nacos.access-key:}, clusterName=${nacos.cluster-name:}, configLongPollTimeout=${nacos.configLongPollTimeout:}, configRetryTime=${nacos.configRetryTime:}, contextPath=${nacos.context-path:}, enableRemoteSyncConfig=${nacos.enableRemoteSyncConfig:}, encode=${nacos.encode:UTF-8}, endpoint=${nacos.endpoint:}, maxRetry=${nacos.maxRetry:}, namespace=${nacos.namespace:}, password=${nacos.password:}, secretKey=${nacos.secret-key:}, serverAddr=${nacos.server-addr:}, username=${nacos.username:}}', source='@com.alibaba.nacos.api.config.annotation.NacosConfigurationProperties(autoRefreshed=true, dataId=petrel-strategy-config.yaml, exceptionIfInvalid=true, groupId=DEFAULT_GROUP, ignoreInvalidFields=false, ignoreNestedProperties=false, ignoreUnknownFields=true, prefix=, properties=@com.alibaba.nacos.api.annotation.NacosProperties(accessKey=${nacos.access-key:}, clusterName=${nacos.cluster-name:}, configLongPollTimeout=${nacos.configLongPollTimeout:}, configRetryTime=${nacos.configRetryTime:}, contextPath=${nacos.context-path:}, enableRemoteSyncConfig=${nacos.enableRemoteSyncConfig:}, encode=${nacos.encode:UTF-8}, endpoint=${nacos.endpoint:}, maxRetry=${nacos.maxRetry:}, namespace=${nacos.namespace:}, password=${nacos.password:}, secretKey=${nacos.secret-key:}, serverAddr=${nacos.server-addr:}, username=${nacos.username:}), type=YAML, yaml=false)', timestamp='1762424017395'
11-06 10:13:43.084 WARN  [main] [o.s.c.netflix.archaius.ArchaiusAutoConfiguration] : No spring.application.name found, defaulting to 'application'
11-06 10:13:43.118 WARN  [main] [com.netflix.config.sources.URLConfigurationSource] : No URLs will be polled as dynamic configuration sources.
11-06 10:13:43.123 INFO  [main] [com.netflix.config.sources.URLConfigurationSource] : To enable URLs as dynamic configuration sources, define System property archaius.configurationSource.additionalUrls or make config.properties available on classpath.
11-06 10:13:43.154 WARN  [main] [com.netflix.config.sources.URLConfigurationSource] : No URLs will be polled as dynamic configuration sources.
11-06 10:13:43.158 INFO  [main] [com.netflix.config.sources.URLConfigurationSource] : To enable URLs as dynamic configuration sources, define System property archaius.configurationSource.additionalUrls or make config.properties available on classpath.
11-06 10:13:46.958 INFO  [main] [o.s.scheduling.concurrent.ThreadPoolTaskScheduler] : Initializing ExecutorService 'Nacso-Watch-Task-Scheduler'
11-06 10:13:51.055 INFO  [main] [o.s.b.actuate.endpoint.web.EndpointLinksResolver] : Exposing 2 endpoint(s) beneath base path '/actuator'
11-06 10:13:53.947 INFO  [main] [o.s.boot.web.embedded.tomcat.TomcatWebServer] : Tomcat started on port(s): 8752 (http) with context path ''
11-06 10:13:53.949 WARN  [main] [c.a.cloud.nacos.registry.NacosServiceRegistry] : No service to register for nacos client...
11-06 10:13:53.976 INFO  [main] [com.petrel.game.GameApplication] : Started GameApplication in 39.29 seconds (JVM running for 40.587)
11-06 10:13:54.031 INFO  [main] [com.zebra.common.concurrent.ZebraExecutorManager] : Initialize executorGroup size 32
11-06 10:20:08.264 INFO  [SpringContextShutdownHook] [o.s.scheduling.concurrent.ThreadPoolTaskScheduler] : Shutting down ExecutorService 'Nacso-Watch-Task-Scheduler'
11-06 10:20:08.367 INFO  [SpringContextShutdownHook] [c.a.cloud.nacos.registry.NacosServiceRegistry] : De-registering from Nacos Server now...
11-06 10:20:08.368 WARN  [SpringContextShutdownHook] [c.a.cloud.nacos.registry.NacosServiceRegistry] : No dom to de-register for nacos client...
11-06 10:20:08.577 INFO  [SpringContextShutdownHook] [c.b.dynamic.datasource.DynamicRoutingDataSource] : dynamic-datasource start closing ....
11-06 10:20:08.637 INFO  [SpringContextShutdownHook] [com.alibaba.druid.pool.DruidDataSource] : {dataSource-2} closing ...
11-06 10:20:08.880 INFO  [SpringContextShutdownHook] [com.alibaba.druid.pool.DruidDataSource] : {dataSource-2} closed
11-06 10:20:08.880 INFO  [SpringContextShutdownHook] [com.alibaba.druid.pool.DruidDataSource] : {dataSource-1} closing ...
11-06 10:20:08.881 INFO  [SpringContextShutdownHook] [com.alibaba.druid.pool.DruidDataSource] : {dataSource-1} closed
11-06 10:20:08.881 INFO  [SpringContextShutdownHook] [c.b.dynamic.datasource.DynamicRoutingDataSource] : dynamic-datasource all closed success,bye
11-06 10:20:08.936 INFO  [SpringContextShutdownHook] [c.a.n.s.c.a.c.NacosValueAnnotationBeanPostProcessor] : class com.alibaba.nacos.spring.context.annotation.config.NacosValueAnnotationBeanPostProcessor was destroying!
11-06 10:20:08.939 INFO  [SpringContextShutdownHook] [c.a.n.s.b.f.a.AnnotationNacosInjectedBeanPostProcessor] : class com.alibaba.nacos.spring.beans.factory.annotation.AnnotationNacosInjectedBeanPostProcessor was destroying!
11-06 19:48:49.061 WARN  [background-preinit] [o.s.h.converter.json.Jackson2ObjectMapperBuilder] : For Jackson Kotlin classes support please add "com.fasterxml.jackson.module:jackson-module-kotlin" to the classpath
11-06 19:48:50.097 INFO  [main] [com.petrel.register.RegisterApplication] : The following profiles are active: prod
11-06 19:48:51.182 WARN  [main] [o.springframework.boot.actuate.endpoint.EndpointId] : Endpoint ID 'nacos-discovery' contains invalid characters, please migrate to a valid format.
11-06 19:48:51.495 INFO  [main] [o.s.d.r.config.RepositoryConfigurationDelegate] : Multiple Spring Data modules found, entering strict repository configuration mode!
11-06 19:48:51.498 INFO  [main] [o.s.d.r.config.RepositoryConfigurationDelegate] : Bootstrapping Spring Data Redis repositories in DEFAULT mode.
11-06 19:48:51.559 INFO  [main] [o.s.d.r.config.RepositoryConfigurationDelegate] : Finished Spring Data repository scanning in 31ms. Found 0 Redis repository interfaces.
11-06 19:48:51.659 WARN  [main] [o.springframework.boot.actuate.endpoint.EndpointId] : Endpoint ID 'service-registry' contains invalid characters, please migrate to a valid format.
11-06 19:48:51.930 INFO  [main] [o.springframework.cloud.context.scope.GenericScope] : BeanFactory id=441f032e-5849-35c7-a938-61bd75f12b40
11-06 19:48:52.505 INFO  [main] [o.s.c.s.PostProcessorRegistrationDelegate$BeanPostProcessorChecker] : Bean 'spring.datasource.dynamic-com.baomidou.dynamic.datasource.spring.boot.autoconfigure.DynamicDataSourceProperties' of type [com.baomidou.dynamic.datasource.spring.boot.autoconfigure.DynamicDataSourceProperties] is not eligible for getting processed by all BeanPostProcessors (for example: not eligible for auto-proxying)
11-06 19:48:52.513 INFO  [main] [o.s.c.s.PostProcessorRegistrationDelegate$BeanPostProcessorChecker] : Bean 'com.baomidou.dynamic.datasource.spring.boot.autoconfigure.DynamicDataSourceAutoConfiguration' of type [com.baomidou.dynamic.datasource.spring.boot.autoconfigure.DynamicDataSourceAutoConfiguration$$EnhancerBySpringCGLIB$$d65d326a] is not eligible for getting processed by all BeanPostProcessors (for example: not eligible for auto-proxying)
11-06 19:48:52.537 INFO  [main] [o.s.c.s.PostProcessorRegistrationDelegate$BeanPostProcessorChecker] : Bean 'dsProcessor' of type [com.baomidou.dynamic.datasource.processor.DsHeaderProcessor] is not eligible for getting processed by all BeanPostProcessors (for example: not eligible for auto-proxying)
11-06 19:48:53.125 INFO  [main] [o.s.boot.web.embedded.tomcat.TomcatWebServer] : Tomcat initialized with port(s): 7180 (http)
11-06 19:48:53.139 INFO  [main] [org.apache.catalina.core.StandardService] : Starting service [Tomcat]
11-06 19:48:53.141 INFO  [main] [org.apache.catalina.core.StandardEngine] : Starting Servlet engine: [Apache Tomcat/9.0.31]
11-06 19:48:53.208 INFO  [main] [o.a.c.core.ContainerBase.[Tomcat].[localhost].[/]] : Initializing Spring embedded WebApplicationContext
11-06 19:48:53.209 INFO  [main] [org.springframework.web.context.ContextLoader] : Root WebApplicationContext: initialization completed in 3064 ms
11-06 19:49:05.396 INFO  [main] [com.alibaba.druid.pool.DruidDataSource] : {dataSource-1,petrel_core} inited
11-06 19:49:16.273 INFO  [main] [com.alibaba.druid.pool.DruidDataSource] : {dataSource-2,petrel_record} inited
11-06 19:49:16.273 INFO  [main] [c.b.dynamic.datasource.DynamicRoutingDataSource] : dynamic-datasource - load a datasource named [petrel_record] success
11-06 19:49:16.273 INFO  [main] [c.b.dynamic.datasource.DynamicRoutingDataSource] : dynamic-datasource - load a datasource named [petrel_core] success
11-06 19:49:16.273 INFO  [main] [c.b.dynamic.datasource.DynamicRoutingDataSource] : dynamic-datasource initial loaded [2] datasource,primary datasource named [petrel_core]
11-06 19:49:18.400 INFO  [main] [c.a.n.s.c.e.LoggingNacosConfigMetadataEventListener] : Nacos Config Metadata : dataId='petrel-game-config.yaml', groupId='DEFAULT_GROUP', beanName='lobbyConfig', bean='GameConfig(hostUrl=https://gengxin1123.oss-ap-southeast-1.aliyuncs.com/ycd_update/, wxId=wxid_value, wxSecret=wxSecret_value, lobbyVersion=3, lobbyVfx=YCD)', beanType='class com.petrel.register.config.GameConfig', annotatedElement='class com.petrel.register.config.GameConfig', xmlResource='null', nacosProperties='{encode=UTF-8, password=nacos, serverAddr=202.189.7.196:6878, username=nacos}', nacosPropertiesAttributes='{accessKey=${nacos.access-key:}, clusterName=${nacos.cluster-name:}, configLongPollTimeout=${nacos.configLongPollTimeout:}, configRetryTime=${nacos.configRetryTime:}, contextPath=${nacos.context-path:}, enableRemoteSyncConfig=${nacos.enableRemoteSyncConfig:}, encode=${nacos.encode:UTF-8}, endpoint=${nacos.endpoint:}, maxRetry=${nacos.maxRetry:}, namespace=${nacos.namespace:}, password=${nacos.password:}, secretKey=${nacos.secret-key:}, serverAddr=${nacos.server-addr:}, username=${nacos.username:}}', source='@com.alibaba.nacos.api.config.annotation.NacosConfigurationProperties(autoRefreshed=true, dataId=petrel-game-config.yaml, exceptionIfInvalid=true, groupId=DEFAULT_GROUP, ignoreInvalidFields=false, ignoreNestedProperties=false, ignoreUnknownFields=true, prefix=, properties=@com.alibaba.nacos.api.annotation.NacosProperties(accessKey=${nacos.access-key:}, clusterName=${nacos.cluster-name:}, configLongPollTimeout=${nacos.configLongPollTimeout:}, configRetryTime=${nacos.configRetryTime:}, contextPath=${nacos.context-path:}, enableRemoteSyncConfig=${nacos.enableRemoteSyncConfig:}, encode=${nacos.encode:UTF-8}, endpoint=${nacos.endpoint:}, maxRetry=${nacos.maxRetry:}, namespace=${nacos.namespace:}, password=${nacos.password:}, secretKey=${nacos.secret-key:}, serverAddr=${nacos.server-addr:}, username=${nacos.username:}), type=YAML, yaml=false)', timestamp='1762458558396'
11-06 19:49:19.056 WARN  [main] [o.s.c.netflix.archaius.ArchaiusAutoConfiguration] : No spring.application.name found, defaulting to 'application'
11-06 19:49:19.060 WARN  [main] [com.netflix.config.sources.URLConfigurationSource] : No URLs will be polled as dynamic configuration sources.
11-06 19:49:19.060 INFO  [main] [com.netflix.config.sources.URLConfigurationSource] : To enable URLs as dynamic configuration sources, define System property archaius.configurationSource.additionalUrls or make config.properties available on classpath.
11-06 19:49:19.065 WARN  [main] [com.netflix.config.sources.URLConfigurationSource] : No URLs will be polled as dynamic configuration sources.
11-06 19:49:19.065 INFO  [main] [com.netflix.config.sources.URLConfigurationSource] : To enable URLs as dynamic configuration sources, define System property archaius.configurationSource.additionalUrls or make config.properties available on classpath.
11-06 19:49:19.813 INFO  [main] [o.s.scheduling.concurrent.ThreadPoolTaskScheduler] : Initializing ExecutorService 'Nacso-Watch-Task-Scheduler'
11-06 19:49:20.773 INFO  [main] [o.s.b.actuate.endpoint.web.EndpointLinksResolver] : Exposing 2 endpoint(s) beneath base path '/actuator'
11-06 19:49:21.387 INFO  [main] [o.s.boot.web.embedded.tomcat.TomcatWebServer] : Tomcat started on port(s): 7180 (http) with context path ''
11-06 19:49:21.388 WARN  [main] [c.a.cloud.nacos.registry.NacosServiceRegistry] : No service to register for nacos client...
11-06 19:49:21.391 INFO  [main] [com.petrel.register.RegisterApplication] : Started RegisterApplication in 34.902 seconds (JVM running for 36.476)
11-06 19:49:21.571 INFO  [main] [io.lettuce.core.EpollProvider] : Starting with epoll library
11-06 19:49:21.575 INFO  [main] [io.lettuce.core.KqueueProvider] : Starting without optional kqueue library
11-06 19:49:21.698 INFO  [main] [o.s.b.a.l.ConditionEvaluationReportLoggingListener] : 

Error starting ApplicationContext. To display the conditions report re-run your application with 'debug' enabled.
11-06 19:49:21.702 INFO  [main] [o.s.scheduling.concurrent.ThreadPoolTaskScheduler] : Shutting down ExecutorService 'Nacso-Watch-Task-Scheduler'
11-06 19:49:21.709 INFO  [main] [c.a.cloud.nacos.registry.NacosServiceRegistry] : De-registering from Nacos Server now...
11-06 19:49:21.709 WARN  [main] [c.a.cloud.nacos.registry.NacosServiceRegistry] : No dom to de-register for nacos client...
11-06 19:49:21.840 INFO  [main] [c.b.dynamic.datasource.DynamicRoutingDataSource] : dynamic-datasource start closing ....
11-06 19:49:21.845 INFO  [main] [com.alibaba.druid.pool.DruidDataSource] : {dataSource-2} closing ...
11-06 19:49:21.854 INFO  [main] [com.alibaba.druid.pool.DruidDataSource] : {dataSource-2} closed
11-06 19:49:21.854 INFO  [main] [com.alibaba.druid.pool.DruidDataSource] : {dataSource-1} closing ...
11-06 19:49:21.855 INFO  [main] [com.alibaba.druid.pool.DruidDataSource] : {dataSource-1} closed
11-06 19:49:21.855 INFO  [main] [c.b.dynamic.datasource.DynamicRoutingDataSource] : dynamic-datasource all closed success,bye
11-06 19:49:21.857 INFO  [main] [c.a.n.s.c.a.c.NacosValueAnnotationBeanPostProcessor] : class com.alibaba.nacos.spring.context.annotation.config.NacosValueAnnotationBeanPostProcessor was destroying!
11-06 19:49:21.857 INFO  [main] [c.a.n.s.b.f.a.AnnotationNacosInjectedBeanPostProcessor] : class com.alibaba.nacos.spring.beans.factory.annotation.AnnotationNacosInjectedBeanPostProcessor was destroying!
11-06 19:49:21.886 ERROR [main] [org.springframework.boot.SpringApplication] : Application run failed
java.lang.IllegalStateException: Failed to execute ApplicationRunner
	at org.springframework.boot.SpringApplication.callRunner(SpringApplication.java:778)
	at org.springframework.boot.SpringApplication.callRunners(SpringApplication.java:765)
	at org.springframework.boot.SpringApplication.run(SpringApplication.java:322)
	at org.springframework.boot.SpringApplication.run(SpringApplication.java:1226)
	at org.springframework.boot.SpringApplication.run(SpringApplication.java:1215)
	at com.petrel.register.RegisterApplication.main(RegisterApplication.java:19)
	at java.base/jdk.internal.reflect.DirectMethodHandleAccessor.invoke(DirectMethodHandleAccessor.java:103)
	at java.base/java.lang.reflect.Method.invoke(Method.java:580)
	at org.springframework.boot.loader.MainMethodRunner.run(MainMethodRunner.java:48)
	at org.springframework.boot.loader.Launcher.launch(Launcher.java:87)
	at org.springframework.boot.loader.Launcher.launch(Launcher.java:51)
	at org.springframework.boot.loader.PropertiesLauncher.main(PropertiesLauncher.java:597)
Caused by: org.springframework.data.redis.connection.PoolException: Could not get a resource from the pool; nested exception is io.lettuce.core.RedisConnectionException: Unable to connect to 127.0.0.1/<unresolved>:6379
	at org.springframework.data.redis.connection.lettuce.LettucePoolingConnectionProvider.getConnection(LettucePoolingConnectionProvider.java:109)
	at org.springframework.data.redis.connection.lettuce.LettuceConnectionFactory$SharedConnection.getNativeConnection(LettuceConnectionFactory.java:1197)
	at org.springframework.data.redis.connection.lettuce.LettuceConnectionFactory$SharedConnection.getConnection(LettuceConnectionFactory.java:1178)
	at org.springframework.data.redis.connection.lettuce.LettuceConnectionFactory.getSharedConnection(LettuceConnectionFactory.java:942)
	at org.springframework.data.redis.connection.lettuce.LettuceConnectionFactory.getConnection(LettuceConnectionFactory.java:353)
	at org.springframework.data.redis.core.RedisConnectionUtils.doGetConnection(RedisConnectionUtils.java:134)
	at org.springframework.data.redis.core.RedisConnectionUtils.getConnection(RedisConnectionUtils.java:97)
	at org.springframework.data.redis.core.RedisConnectionUtils.getConnection(RedisConnectionUtils.java:84)
	at org.springframework.data.redis.core.RedisTemplate.execute(RedisTemplate.java:215)
	at org.springframework.data.redis.core.RedisTemplate.execute(RedisTemplate.java:188)
	at org.springframework.data.redis.core.AbstractOperations.execute(AbstractOperations.java:96)
	at org.springframework.data.redis.core.DefaultHashOperations.values(DefaultHashOperations.java:219)
	at com.zebra.rpc.register.ServerRedisService.findAllServers(ServerRedisService.java:49)
	at com.zebra.rpc.register.ServerRegistryService.startRegister(ServerRegistryService.java:28)
	at com.petrel.register.config.StartInitialize.start(StartInitialize.java:32)
	at com.petrel.register.config.StartInitialize.run(StartInitialize.java:27)
	at org.springframework.boot.SpringApplication.callRunner(SpringApplication.java:775)
	... 11 common frames omitted
Caused by: io.lettuce.core.RedisConnectionException: Unable to connect to 127.0.0.1/<unresolved>:6379
	at io.lettuce.core.RedisConnectionException.create(RedisConnectionException.java:78)
	at io.lettuce.core.RedisConnectionException.create(RedisConnectionException.java:56)
	at io.lettuce.core.AbstractRedisClient.getConnection(AbstractRedisClient.java:234)
	at io.lettuce.core.RedisClient.connect(RedisClient.java:207)
	at org.springframework.data.redis.connection.lettuce.StandaloneConnectionProvider.lambda$getConnection$1(StandaloneConnectionProvider.java:115)
	at java.base/java.util.Optional.orElseGet(Optional.java:364)
	at org.springframework.data.redis.connection.lettuce.StandaloneConnectionProvider.getConnection(StandaloneConnectionProvider.java:115)
	at org.springframework.data.redis.connection.lettuce.LettucePoolingConnectionProvider.lambda$null$0(LettucePoolingConnectionProvider.java:97)
	at io.lettuce.core.support.ConnectionPoolSupport$RedisPooledObjectFactory.create(ConnectionPoolSupport.java:209)
	at io.lettuce.core.support.ConnectionPoolSupport$RedisPooledObjectFactory.create(ConnectionPoolSupport.java:199)
	at org.apache.commons.pool2.BasePooledObjectFactory.makeObject(BasePooledObjectFactory.java:58)
	at org.apache.commons.pool2.impl.GenericObjectPool.create(GenericObjectPool.java:899)
	at org.apache.commons.pool2.impl.GenericObjectPool.borrowObject(GenericObjectPool.java:429)
	at org.apache.commons.pool2.impl.GenericObjectPool.borrowObject(GenericObjectPool.java:354)
	at io.lettuce.core.support.ConnectionPoolSupport$1.borrowObject(ConnectionPoolSupport.java:122)
	at io.lettuce.core.support.ConnectionPoolSupport$1.borrowObject(ConnectionPoolSupport.java:117)
	at org.springframework.data.redis.connection.lettuce.LettucePoolingConnectionProvider.getConnection(LettucePoolingConnectionProvider.java:103)
	... 27 common frames omitted
Caused by: io.netty.channel.AbstractChannel$AnnotatedConnectException: finishConnect(..) failed: Connection refused: /127.0.0.1:6379
Caused by: java.net.ConnectException: finishConnect(..) failed: Connection refused
	at io.netty.channel.unix.Errors.throwConnectException(Errors.java:124)
	at io.netty.channel.unix.Socket.finishConnect(Socket.java:243)
	at io.netty.channel.epoll.AbstractEpollChannel$AbstractEpollUnsafe.doFinishConnect(AbstractEpollChannel.java:672)
	at io.netty.channel.epoll.AbstractEpollChannel$AbstractEpollUnsafe.finishConnect(AbstractEpollChannel.java:649)
	at io.netty.channel.epoll.AbstractEpollChannel$AbstractEpollUnsafe.epollOutReady(AbstractEpollChannel.java:529)
	at io.netty.channel.epoll.EpollEventLoop.processReady(EpollEventLoop.java:465)
	at io.netty.channel.epoll.EpollEventLoop.run(EpollEventLoop.java:378)
	at io.netty.util.concurrent.SingleThreadEventExecutor$4.run(SingleThreadEventExecutor.java:989)
	at io.netty.util.internal.ThreadExecutorMap$2.run(ThreadExecutorMap.java:74)
	at io.netty.util.concurrent.FastThreadLocalRunnable.run(FastThreadLocalRunnable.java:30)
	at java.base/java.lang.Thread.run(Thread.java:1583)
11-06 19:49:21.890 ERROR [main] [com.petrel.register.RegisterApplication] : start kernel user error
java.lang.IllegalStateException: Failed to execute ApplicationRunner
	at org.springframework.boot.SpringApplication.callRunner(SpringApplication.java:778)
	at org.springframework.boot.SpringApplication.callRunners(SpringApplication.java:765)
	at org.springframework.boot.SpringApplication.run(SpringApplication.java:322)
	at org.springframework.boot.SpringApplication.run(SpringApplication.java:1226)
	at org.springframework.boot.SpringApplication.run(SpringApplication.java:1215)
	at com.petrel.register.RegisterApplication.main(RegisterApplication.java:19)
	at java.base/jdk.internal.reflect.DirectMethodHandleAccessor.invoke(DirectMethodHandleAccessor.java:103)
	at java.base/java.lang.reflect.Method.invoke(Method.java:580)
	at org.springframework.boot.loader.MainMethodRunner.run(MainMethodRunner.java:48)
	at org.springframework.boot.loader.Launcher.launch(Launcher.java:87)
	at org.springframework.boot.loader.Launcher.launch(Launcher.java:51)
	at org.springframework.boot.loader.PropertiesLauncher.main(PropertiesLauncher.java:597)
Caused by: org.springframework.data.redis.connection.PoolException: Could not get a resource from the pool; nested exception is io.lettuce.core.RedisConnectionException: Unable to connect to 127.0.0.1/<unresolved>:6379
	at org.springframework.data.redis.connection.lettuce.LettucePoolingConnectionProvider.getConnection(LettucePoolingConnectionProvider.java:109)
	at org.springframework.data.redis.connection.lettuce.LettuceConnectionFactory$SharedConnection.getNativeConnection(LettuceConnectionFactory.java:1197)
	at org.springframework.data.redis.connection.lettuce.LettuceConnectionFactory$SharedConnection.getConnection(LettuceConnectionFactory.java:1178)
	at org.springframework.data.redis.connection.lettuce.LettuceConnectionFactory.getSharedConnection(LettuceConnectionFactory.java:942)
	at org.springframework.data.redis.connection.lettuce.LettuceConnectionFactory.getConnection(LettuceConnectionFactory.java:353)
	at org.springframework.data.redis.core.RedisConnectionUtils.doGetConnection(RedisConnectionUtils.java:134)
	at org.springframework.data.redis.core.RedisConnectionUtils.getConnection(RedisConnectionUtils.java:97)
	at org.springframework.data.redis.core.RedisConnectionUtils.getConnection(RedisConnectionUtils.java:84)
	at org.springframework.data.redis.core.RedisTemplate.execute(RedisTemplate.java:215)
	at org.springframework.data.redis.core.RedisTemplate.execute(RedisTemplate.java:188)
	at org.springframework.data.redis.core.AbstractOperations.execute(AbstractOperations.java:96)
	at org.springframework.data.redis.core.DefaultHashOperations.values(DefaultHashOperations.java:219)
	at com.zebra.rpc.register.ServerRedisService.findAllServers(ServerRedisService.java:49)
	at com.zebra.rpc.register.ServerRegistryService.startRegister(ServerRegistryService.java:28)
	at com.petrel.register.config.StartInitialize.start(StartInitialize.java:32)
	at com.petrel.register.config.StartInitialize.run(StartInitialize.java:27)
	at org.springframework.boot.SpringApplication.callRunner(SpringApplication.java:775)
	... 11 common frames omitted
Caused by: io.lettuce.core.RedisConnectionException: Unable to connect to 127.0.0.1/<unresolved>:6379
	at io.lettuce.core.RedisConnectionException.create(RedisConnectionException.java:78)
	at io.lettuce.core.RedisConnectionException.create(RedisConnectionException.java:56)
	at io.lettuce.core.AbstractRedisClient.getConnection(AbstractRedisClient.java:234)
	at io.lettuce.core.RedisClient.connect(RedisClient.java:207)
	at org.springframework.data.redis.connection.lettuce.StandaloneConnectionProvider.lambda$getConnection$1(StandaloneConnectionProvider.java:115)
	at java.base/java.util.Optional.orElseGet(Optional.java:364)
	at org.springframework.data.redis.connection.lettuce.StandaloneConnectionProvider.getConnection(StandaloneConnectionProvider.java:115)
	at org.springframework.data.redis.connection.lettuce.LettucePoolingConnectionProvider.lambda$null$0(LettucePoolingConnectionProvider.java:97)
	at io.lettuce.core.support.ConnectionPoolSupport$RedisPooledObjectFactory.create(ConnectionPoolSupport.java:209)
	at io.lettuce.core.support.ConnectionPoolSupport$RedisPooledObjectFactory.create(ConnectionPoolSupport.java:199)
	at org.apache.commons.pool2.BasePooledObjectFactory.makeObject(BasePooledObjectFactory.java:58)
	at org.apache.commons.pool2.impl.GenericObjectPool.create(GenericObjectPool.java:899)
	at org.apache.commons.pool2.impl.GenericObjectPool.borrowObject(GenericObjectPool.java:429)
	at org.apache.commons.pool2.impl.GenericObjectPool.borrowObject(GenericObjectPool.java:354)
	at io.lettuce.core.support.ConnectionPoolSupport$1.borrowObject(ConnectionPoolSupport.java:122)
	at io.lettuce.core.support.ConnectionPoolSupport$1.borrowObject(ConnectionPoolSupport.java:117)
	at org.springframework.data.redis.connection.lettuce.LettucePoolingConnectionProvider.getConnection(LettucePoolingConnectionProvider.java:103)
	... 27 common frames omitted
Caused by: io.netty.channel.AbstractChannel$AnnotatedConnectException: finishConnect(..) failed: Connection refused: /127.0.0.1:6379
Caused by: java.net.ConnectException: finishConnect(..) failed: Connection refused
	at io.netty.channel.unix.Errors.throwConnectException(Errors.java:124)
	at io.netty.channel.unix.Socket.finishConnect(Socket.java:243)
	at io.netty.channel.epoll.AbstractEpollChannel$AbstractEpollUnsafe.doFinishConnect(AbstractEpollChannel.java:672)
	at io.netty.channel.epoll.AbstractEpollChannel$AbstractEpollUnsafe.finishConnect(AbstractEpollChannel.java:649)
	at io.netty.channel.epoll.AbstractEpollChannel$AbstractEpollUnsafe.epollOutReady(AbstractEpollChannel.java:529)
	at io.netty.channel.epoll.EpollEventLoop.processReady(EpollEventLoop.java:465)
	at io.netty.channel.epoll.EpollEventLoop.run(EpollEventLoop.java:378)
	at io.netty.util.concurrent.SingleThreadEventExecutor$4.run(SingleThreadEventExecutor.java:989)
	at io.netty.util.internal.ThreadExecutorMap$2.run(ThreadExecutorMap.java:74)
	at io.netty.util.concurrent.FastThreadLocalRunnable.run(FastThreadLocalRunnable.java:30)
	at java.base/java.lang.Thread.run(Thread.java:1583)
11-06 19:51:17.849 WARN  [background-preinit] [o.s.h.converter.json.Jackson2ObjectMapperBuilder] : For Jackson Kotlin classes support please add "com.fasterxml.jackson.module:jackson-module-kotlin" to the classpath
11-06 19:51:18.321 INFO  [main] [com.petrel.register.RegisterApplication] : The following profiles are active: prod
11-06 19:51:19.651 WARN  [main] [o.springframework.boot.actuate.endpoint.EndpointId] : Endpoint ID 'nacos-discovery' contains invalid characters, please migrate to a valid format.
11-06 19:51:20.103 INFO  [main] [o.s.d.r.config.RepositoryConfigurationDelegate] : Multiple Spring Data modules found, entering strict repository configuration mode!
11-06 19:51:20.108 INFO  [main] [o.s.d.r.config.RepositoryConfigurationDelegate] : Bootstrapping Spring Data Redis repositories in DEFAULT mode.
11-06 19:51:20.173 INFO  [main] [o.s.d.r.config.RepositoryConfigurationDelegate] : Finished Spring Data repository scanning in 29ms. Found 0 Redis repository interfaces.
11-06 19:51:20.337 WARN  [main] [o.springframework.boot.actuate.endpoint.EndpointId] : Endpoint ID 'service-registry' contains invalid characters, please migrate to a valid format.
11-06 19:51:20.955 INFO  [main] [o.springframework.cloud.context.scope.GenericScope] : BeanFactory id=441f032e-5849-35c7-a938-61bd75f12b40
11-06 19:51:21.922 INFO  [main] [o.s.c.s.PostProcessorRegistrationDelegate$BeanPostProcessorChecker] : Bean 'spring.datasource.dynamic-com.baomidou.dynamic.datasource.spring.boot.autoconfigure.DynamicDataSourceProperties' of type [com.baomidou.dynamic.datasource.spring.boot.autoconfigure.DynamicDataSourceProperties] is not eligible for getting processed by all BeanPostProcessors (for example: not eligible for auto-proxying)
11-06 19:51:21.939 INFO  [main] [o.s.c.s.PostProcessorRegistrationDelegate$BeanPostProcessorChecker] : Bean 'com.baomidou.dynamic.datasource.spring.boot.autoconfigure.DynamicDataSourceAutoConfiguration' of type [com.baomidou.dynamic.datasource.spring.boot.autoconfigure.DynamicDataSourceAutoConfiguration$$EnhancerBySpringCGLIB$$9122c9a9] is not eligible for getting processed by all BeanPostProcessors (for example: not eligible for auto-proxying)
11-06 19:51:21.973 INFO  [main] [o.s.c.s.PostProcessorRegistrationDelegate$BeanPostProcessorChecker] : Bean 'dsProcessor' of type [com.baomidou.dynamic.datasource.processor.DsHeaderProcessor] is not eligible for getting processed by all BeanPostProcessors (for example: not eligible for auto-proxying)
11-06 19:51:22.719 INFO  [main] [o.s.boot.web.embedded.tomcat.TomcatWebServer] : Tomcat initialized with port(s): 7180 (http)
11-06 19:51:22.765 INFO  [main] [org.apache.catalina.core.StandardService] : Starting service [Tomcat]
11-06 19:51:22.767 INFO  [main] [org.apache.catalina.core.StandardEngine] : Starting Servlet engine: [Apache Tomcat/9.0.31]
11-06 19:51:22.885 INFO  [main] [o.a.c.core.ContainerBase.[Tomcat].[localhost].[/]] : Initializing Spring embedded WebApplicationContext
11-06 19:51:22.885 INFO  [main] [org.springframework.web.context.ContextLoader] : Root WebApplicationContext: initialization completed in 4522 ms
11-06 19:51:35.428 INFO  [main] [com.alibaba.druid.pool.DruidDataSource] : {dataSource-1,petrel_core} inited
11-06 19:51:46.309 INFO  [main] [com.alibaba.druid.pool.DruidDataSource] : {dataSource-2,petrel_record} inited
11-06 19:51:46.309 INFO  [main] [c.b.dynamic.datasource.DynamicRoutingDataSource] : dynamic-datasource - load a datasource named [petrel_record] success
11-06 19:51:46.309 INFO  [main] [c.b.dynamic.datasource.DynamicRoutingDataSource] : dynamic-datasource - load a datasource named [petrel_core] success
11-06 19:51:46.309 INFO  [main] [c.b.dynamic.datasource.DynamicRoutingDataSource] : dynamic-datasource initial loaded [2] datasource,primary datasource named [petrel_core]
11-06 19:51:49.802 INFO  [main] [c.a.n.s.c.e.LoggingNacosConfigMetadataEventListener] : Nacos Config Metadata : dataId='petrel-game-config.yaml', groupId='DEFAULT_GROUP', beanName='lobbyConfig', bean='GameConfig(hostUrl=https://gengxin1123.oss-ap-southeast-1.aliyuncs.com/ycd_update/, wxId=wxid_value, wxSecret=wxSecret_value, lobbyVersion=3, lobbyVfx=YCD)', beanType='class com.petrel.register.config.GameConfig', annotatedElement='class com.petrel.register.config.GameConfig', xmlResource='null', nacosProperties='{encode=UTF-8, password=nacos, serverAddr=202.189.7.196:6878, username=nacos}', nacosPropertiesAttributes='{accessKey=${nacos.access-key:}, clusterName=${nacos.cluster-name:}, configLongPollTimeout=${nacos.configLongPollTimeout:}, configRetryTime=${nacos.configRetryTime:}, contextPath=${nacos.context-path:}, enableRemoteSyncConfig=${nacos.enableRemoteSyncConfig:}, encode=${nacos.encode:UTF-8}, endpoint=${nacos.endpoint:}, maxRetry=${nacos.maxRetry:}, namespace=${nacos.namespace:}, password=${nacos.password:}, secretKey=${nacos.secret-key:}, serverAddr=${nacos.server-addr:}, username=${nacos.username:}}', source='@com.alibaba.nacos.api.config.annotation.NacosConfigurationProperties(autoRefreshed=true, dataId=petrel-game-config.yaml, exceptionIfInvalid=true, groupId=DEFAULT_GROUP, ignoreInvalidFields=false, ignoreNestedProperties=false, ignoreUnknownFields=true, prefix=, properties=@com.alibaba.nacos.api.annotation.NacosProperties(accessKey=${nacos.access-key:}, clusterName=${nacos.cluster-name:}, configLongPollTimeout=${nacos.configLongPollTimeout:}, configRetryTime=${nacos.configRetryTime:}, contextPath=${nacos.context-path:}, enableRemoteSyncConfig=${nacos.enableRemoteSyncConfig:}, encode=${nacos.encode:UTF-8}, endpoint=${nacos.endpoint:}, maxRetry=${nacos.maxRetry:}, namespace=${nacos.namespace:}, password=${nacos.password:}, secretKey=${nacos.secret-key:}, serverAddr=${nacos.server-addr:}, username=${nacos.username:}), type=YAML, yaml=false)', timestamp='1762458709793'
11-06 19:51:50.987 WARN  [main] [o.s.c.netflix.archaius.ArchaiusAutoConfiguration] : No spring.application.name found, defaulting to 'application'
11-06 19:51:50.995 WARN  [main] [com.netflix.config.sources.URLConfigurationSource] : No URLs will be polled as dynamic configuration sources.
11-06 19:51:50.997 INFO  [main] [com.netflix.config.sources.URLConfigurationSource] : To enable URLs as dynamic configuration sources, define System property archaius.configurationSource.additionalUrls or make config.properties available on classpath.
11-06 19:51:51.006 WARN  [main] [com.netflix.config.sources.URLConfigurationSource] : No URLs will be polled as dynamic configuration sources.
11-06 19:51:51.006 INFO  [main] [com.netflix.config.sources.URLConfigurationSource] : To enable URLs as dynamic configuration sources, define System property archaius.configurationSource.additionalUrls or make config.properties available on classpath.
11-06 19:51:51.900 INFO  [main] [o.s.scheduling.concurrent.ThreadPoolTaskScheduler] : Initializing ExecutorService 'Nacso-Watch-Task-Scheduler'
11-06 19:51:52.799 INFO  [main] [o.s.b.actuate.endpoint.web.EndpointLinksResolver] : Exposing 2 endpoint(s) beneath base path '/actuator'
11-06 19:51:53.454 INFO  [main] [o.s.boot.web.embedded.tomcat.TomcatWebServer] : Tomcat started on port(s): 7180 (http) with context path ''
11-06 19:51:53.456 WARN  [main] [c.a.cloud.nacos.registry.NacosServiceRegistry] : No service to register for nacos client...
11-06 19:51:53.461 INFO  [main] [com.petrel.register.RegisterApplication] : Started RegisterApplication in 37.106 seconds (JVM running for 38.269)
11-06 19:51:53.674 INFO  [main] [io.lettuce.core.EpollProvider] : Starting with epoll library
11-06 19:51:53.684 INFO  [main] [io.lettuce.core.KqueueProvider] : Starting without optional kqueue library
11-06 19:52:09.942 WARN  [background-preinit] [o.s.h.converter.json.Jackson2ObjectMapperBuilder] : For Jackson Kotlin classes support please add "com.fasterxml.jackson.module:jackson-module-kotlin" to the classpath
11-06 19:52:12.318 INFO  [main] [com.petrel.user.UserApplication] : The following profiles are active: prod
11-06 19:52:15.822 WARN  [main] [o.springframework.boot.actuate.endpoint.EndpointId] : Endpoint ID 'nacos-discovery' contains invalid characters, please migrate to a valid format.
11-06 19:52:17.021 INFO  [main] [o.s.d.r.config.RepositoryConfigurationDelegate] : Multiple Spring Data modules found, entering strict repository configuration mode!
11-06 19:52:17.035 INFO  [main] [o.s.d.r.config.RepositoryConfigurationDelegate] : Bootstrapping Spring Data Redis repositories in DEFAULT mode.
11-06 19:52:17.204 INFO  [main] [o.s.d.r.config.RepositoryConfigurationDelegate] : Finished Spring Data repository scanning in 94ms. Found 0 Redis repository interfaces.
11-06 19:52:17.628 WARN  [main] [o.springframework.boot.actuate.endpoint.EndpointId] : Endpoint ID 'service-registry' contains invalid characters, please migrate to a valid format.
11-06 19:52:18.445 INFO  [main] [o.springframework.cloud.context.scope.GenericScope] : BeanFactory id=ce81e8a4-9faa-3e8e-a614-e20eee678bf6
11-06 19:52:21.267 INFO  [main] [o.s.c.s.PostProcessorRegistrationDelegate$BeanPostProcessorChecker] : Bean 'spring.datasource.dynamic-com.baomidou.dynamic.datasource.spring.boot.autoconfigure.DynamicDataSourceProperties' of type [com.baomidou.dynamic.datasource.spring.boot.autoconfigure.DynamicDataSourceProperties] is not eligible for getting processed by all BeanPostProcessors (for example: not eligible for auto-proxying)
11-06 19:52:21.320 INFO  [main] [o.s.c.s.PostProcessorRegistrationDelegate$BeanPostProcessorChecker] : Bean 'com.baomidou.dynamic.datasource.spring.boot.autoconfigure.DynamicDataSourceAutoConfiguration' of type [com.baomidou.dynamic.datasource.spring.boot.autoconfigure.DynamicDataSourceAutoConfiguration$$EnhancerBySpringCGLIB$$7dfe5769] is not eligible for getting processed by all BeanPostProcessors (for example: not eligible for auto-proxying)
11-06 19:52:21.446 INFO  [main] [o.s.c.s.PostProcessorRegistrationDelegate$BeanPostProcessorChecker] : Bean 'dsProcessor' of type [com.baomidou.dynamic.datasource.processor.DsHeaderProcessor] is not eligible for getting processed by all BeanPostProcessors (for example: not eligible for auto-proxying)
11-06 19:52:25.774 INFO  [main] [o.s.boot.web.embedded.tomcat.TomcatWebServer] : Tomcat initialized with port(s): 8719 (http)
11-06 19:52:25.863 INFO  [main] [org.apache.catalina.core.StandardService] : Starting service [Tomcat]
11-06 19:52:25.866 INFO  [main] [org.apache.catalina.core.StandardEngine] : Starting Servlet engine: [Apache Tomcat/9.0.31]
11-06 19:52:26.553 INFO  [main] [o.a.c.core.ContainerBase.[Tomcat].[localhost].[/]] : Initializing Spring embedded WebApplicationContext
11-06 19:52:26.556 INFO  [main] [org.springframework.web.context.ContextLoader] : Root WebApplicationContext: initialization completed in 14098 ms
11-06 19:52:28.645 WARN  [background-preinit] [o.s.h.converter.json.Jackson2ObjectMapperBuilder] : For Jackson Kotlin classes support please add "com.fasterxml.jackson.module:jackson-module-kotlin" to the classpath
11-06 19:52:31.555 INFO  [main] [com.petrel.game.GameApplication] : The following profiles are active: prod
11-06 19:52:36.718 WARN  [main] [o.springframework.boot.actuate.endpoint.EndpointId] : Endpoint ID 'nacos-discovery' contains invalid characters, please migrate to a valid format.
11-06 19:52:38.316 INFO  [main] [o.s.d.r.config.RepositoryConfigurationDelegate] : Multiple Spring Data modules found, entering strict repository configuration mode!
11-06 19:52:38.351 INFO  [main] [o.s.d.r.config.RepositoryConfigurationDelegate] : Bootstrapping Spring Data Redis repositories in DEFAULT mode.
11-06 19:52:38.493 INFO  [main] [o.s.d.r.config.RepositoryConfigurationDelegate] : Finished Spring Data repository scanning in 38ms. Found 0 Redis repository interfaces.
11-06 19:52:38.869 WARN  [main] [o.springframework.boot.actuate.endpoint.EndpointId] : Endpoint ID 'service-registry' contains invalid characters, please migrate to a valid format.
11-06 19:52:40.983 INFO  [main] [o.springframework.cloud.context.scope.GenericScope] : BeanFactory id=803ac902-efef-3310-96c4-874a8e137fbf
11-06 19:52:44.211 INFO  [main] [o.s.c.s.PostProcessorRegistrationDelegate$BeanPostProcessorChecker] : Bean 'spring.datasource.dynamic-com.baomidou.dynamic.datasource.spring.boot.autoconfigure.DynamicDataSourceProperties' of type [com.baomidou.dynamic.datasource.spring.boot.autoconfigure.DynamicDataSourceProperties] is not eligible for getting processed by all BeanPostProcessors (for example: not eligible for auto-proxying)
11-06 19:52:44.277 INFO  [main] [o.s.c.s.PostProcessorRegistrationDelegate$BeanPostProcessorChecker] : Bean 'com.baomidou.dynamic.datasource.spring.boot.autoconfigure.DynamicDataSourceAutoConfiguration' of type [com.baomidou.dynamic.datasource.spring.boot.autoconfigure.DynamicDataSourceAutoConfiguration$$EnhancerBySpringCGLIB$$eb895445] is not eligible for getting processed by all BeanPostProcessors (for example: not eligible for auto-proxying)
11-06 19:52:44.389 INFO  [main] [o.s.c.s.PostProcessorRegistrationDelegate$BeanPostProcessorChecker] : Bean 'dsProcessor' of type [com.baomidou.dynamic.datasource.processor.DsHeaderProcessor] is not eligible for getting processed by all BeanPostProcessors (for example: not eligible for auto-proxying)
11-06 19:52:46.050 INFO  [main] [o.s.boot.web.embedded.tomcat.TomcatWebServer] : Tomcat initialized with port(s): 8752 (http)
11-06 19:52:46.157 INFO  [main] [org.apache.catalina.core.StandardService] : Starting service [Tomcat]
11-06 19:52:46.159 INFO  [main] [org.apache.catalina.core.StandardEngine] : Starting Servlet engine: [Apache Tomcat/9.0.31]
11-06 19:52:46.571 INFO  [main] [o.a.c.core.ContainerBase.[Tomcat].[localhost].[/]] : Initializing Spring embedded WebApplicationContext
11-06 19:52:46.575 INFO  [main] [org.springframework.web.context.ContextLoader] : Root WebApplicationContext: initialization completed in 14809 ms
11-06 19:53:35.331 INFO  [main] [com.alibaba.druid.pool.DruidDataSource] : {dataSource-1,petrel_core} inited
11-06 19:54:00.386 INFO  [main] [com.alibaba.druid.pool.DruidDataSource] : {dataSource-1,petrel_core} inited
11-06 19:54:19.073 INFO  [main] [com.alibaba.druid.pool.DruidDataSource] : {dataSource-2,petrel_record} inited
11-06 19:54:19.074 INFO  [main] [c.b.dynamic.datasource.DynamicRoutingDataSource] : dynamic-datasource - load a datasource named [petrel_record] success
11-06 19:54:19.075 INFO  [main] [c.b.dynamic.datasource.DynamicRoutingDataSource] : dynamic-datasource - load a datasource named [petrel_core] success
11-06 19:54:19.075 INFO  [main] [c.b.dynamic.datasource.DynamicRoutingDataSource] : dynamic-datasource initial loaded [2] datasource,primary datasource named [petrel_core]
11-06 19:54:24.222 INFO  [main] [c.a.n.s.c.e.LoggingNacosConfigMetadataEventListener] : Nacos Config Metadata : dataId='petrel-strategy-config.yaml', groupId='DEFAULT_GROUP', beanName='lobbyConfig', bean='StrategyConfig(ceilLastDiffTimes=0_30|10;30_50|30;50_-1|500, ceilMultiple=3-5, ceilFixed=150, ceilCardRange=50-200, strategyCheat=10000, strategyLoseA=0.53, strategyLoseB=1.515E-5, strategyPlayTimes=800-1000-1300)', beanType='class com.petrel.game.config.StrategyConfig', annotatedElement='class com.petrel.game.config.StrategyConfig', xmlResource='null', nacosProperties='{encode=UTF-8, password=nacos, serverAddr=202.189.7.196:6878, username=nacos}', nacosPropertiesAttributes='{accessKey=${nacos.access-key:}, clusterName=${nacos.cluster-name:}, configLongPollTimeout=${nacos.configLongPollTimeout:}, configRetryTime=${nacos.configRetryTime:}, contextPath=${nacos.context-path:}, enableRemoteSyncConfig=${nacos.enableRemoteSyncConfig:}, encode=${nacos.encode:UTF-8}, endpoint=${nacos.endpoint:}, maxRetry=${nacos.maxRetry:}, namespace=${nacos.namespace:}, password=${nacos.password:}, secretKey=${nacos.secret-key:}, serverAddr=${nacos.server-addr:}, username=${nacos.username:}}', source='@com.alibaba.nacos.api.config.annotation.NacosConfigurationProperties(autoRefreshed=true, dataId=petrel-strategy-config.yaml, exceptionIfInvalid=true, groupId=DEFAULT_GROUP, ignoreInvalidFields=false, ignoreNestedProperties=false, ignoreUnknownFields=true, prefix=, properties=@com.alibaba.nacos.api.annotation.NacosProperties(accessKey=${nacos.access-key:}, clusterName=${nacos.cluster-name:}, configLongPollTimeout=${nacos.configLongPollTimeout:}, configRetryTime=${nacos.configRetryTime:}, contextPath=${nacos.context-path:}, enableRemoteSyncConfig=${nacos.enableRemoteSyncConfig:}, encode=${nacos.encode:UTF-8}, endpoint=${nacos.endpoint:}, maxRetry=${nacos.maxRetry:}, namespace=${nacos.namespace:}, password=${nacos.password:}, secretKey=${nacos.secret-key:}, serverAddr=${nacos.server-addr:}, username=${nacos.username:}), type=YAML, yaml=false)', timestamp='1762458864210'
11-06 19:54:24.612 INFO  [NacosConfigListener-ThreadPool-1] [c.a.n.s.c.e.LoggingNacosConfigMetadataEventListener] : Nacos Config Metadata : dataId='petrel-strategy-config.yaml', groupId='DEFAULT_GROUP', beanName='lobbyConfig', bean='StrategyConfig(ceilLastDiffTimes=0_30|10;30_50|30;50_-1|500, ceilMultiple=3-5, ceilFixed=150, ceilCardRange=50-200, strategyCheat=10000, strategyLoseA=0.53, strategyLoseB=1.515E-5, strategyPlayTimes=800-1000-1300)', beanType='class com.petrel.game.config.StrategyConfig', annotatedElement='class com.petrel.game.config.StrategyConfig', xmlResource='null', nacosProperties='{encode=UTF-8, password=nacos, serverAddr=202.189.7.196:6878, username=nacos}', nacosPropertiesAttributes='{accessKey=${nacos.access-key:}, clusterName=${nacos.cluster-name:}, configLongPollTimeout=${nacos.configLongPollTimeout:}, configRetryTime=${nacos.configRetryTime:}, contextPath=${nacos.context-path:}, enableRemoteSyncConfig=${nacos.enableRemoteSyncConfig:}, encode=${nacos.encode:UTF-8}, endpoint=${nacos.endpoint:}, maxRetry=${nacos.maxRetry:}, namespace=${nacos.namespace:}, password=${nacos.password:}, secretKey=${nacos.secret-key:}, serverAddr=${nacos.server-addr:}, username=${nacos.username:}}', source='@com.alibaba.nacos.api.config.annotation.NacosConfigurationProperties(autoRefreshed=true, dataId=petrel-strategy-config.yaml, exceptionIfInvalid=true, groupId=DEFAULT_GROUP, ignoreInvalidFields=false, ignoreNestedProperties=false, ignoreUnknownFields=true, prefix=, properties=@com.alibaba.nacos.api.annotation.NacosProperties(accessKey=${nacos.access-key:}, clusterName=${nacos.cluster-name:}, configLongPollTimeout=${nacos.configLongPollTimeout:}, configRetryTime=${nacos.configRetryTime:}, contextPath=${nacos.context-path:}, enableRemoteSyncConfig=${nacos.enableRemoteSyncConfig:}, encode=${nacos.encode:UTF-8}, endpoint=${nacos.endpoint:}, maxRetry=${nacos.maxRetry:}, namespace=${nacos.namespace:}, password=${nacos.password:}, secretKey=${nacos.secret-key:}, serverAddr=${nacos.server-addr:}, username=${nacos.username:}), type=YAML, yaml=false)', timestamp='1762458864611'
11-06 19:54:28.070 WARN  [main] [o.s.c.netflix.archaius.ArchaiusAutoConfiguration] : No spring.application.name found, defaulting to 'application'
11-06 19:54:28.113 WARN  [main] [com.netflix.config.sources.URLConfigurationSource] : No URLs will be polled as dynamic configuration sources.
11-06 19:54:28.115 INFO  [main] [com.netflix.config.sources.URLConfigurationSource] : To enable URLs as dynamic configuration sources, define System property archaius.configurationSource.additionalUrls or make config.properties available on classpath.
11-06 19:54:28.142 WARN  [main] [com.netflix.config.sources.URLConfigurationSource] : No URLs will be polled as dynamic configuration sources.
11-06 19:54:28.144 INFO  [main] [com.netflix.config.sources.URLConfigurationSource] : To enable URLs as dynamic configuration sources, define System property archaius.configurationSource.additionalUrls or make config.properties available on classpath.
11-06 19:54:34.800 INFO  [main] [o.s.scheduling.concurrent.ThreadPoolTaskScheduler] : Initializing ExecutorService 'Nacso-Watch-Task-Scheduler'
11-06 19:54:40.997 INFO  [main] [o.s.b.actuate.endpoint.web.EndpointLinksResolver] : Exposing 2 endpoint(s) beneath base path '/actuator'
11-06 19:54:43.686 INFO  [main] [o.s.boot.web.embedded.tomcat.TomcatWebServer] : Tomcat started on port(s): 8752 (http) with context path ''
11-06 19:54:43.695 WARN  [main] [c.a.cloud.nacos.registry.NacosServiceRegistry] : No service to register for nacos client...
11-06 19:54:43.716 INFO  [main] [com.petrel.game.GameApplication] : Started GameApplication in 140.591 seconds (JVM running for 144.682)
11-06 19:54:43.771 INFO  [main] [com.zebra.common.concurrent.ZebraExecutorManager] : Initialize executorGroup size 32
11-06 19:54:44.188 INFO  [main] [com.alibaba.druid.pool.DruidDataSource] : {dataSource-2,petrel_record} inited
11-06 19:54:44.189 INFO  [main] [c.b.dynamic.datasource.DynamicRoutingDataSource] : dynamic-datasource - load a datasource named [petrel_record] success
11-06 19:54:44.189 INFO  [main] [c.b.dynamic.datasource.DynamicRoutingDataSource] : dynamic-datasource - load a datasource named [petrel_core] success
11-06 19:54:44.189 INFO  [main] [c.b.dynamic.datasource.DynamicRoutingDataSource] : dynamic-datasource initial loaded [2] datasource,primary datasource named [petrel_core]
11-06 19:54:51.775 WARN  [main] [o.s.c.netflix.archaius.ArchaiusAutoConfiguration] : No spring.application.name found, defaulting to 'application'
11-06 19:54:51.883 WARN  [main] [com.netflix.config.sources.URLConfigurationSource] : No URLs will be polled as dynamic configuration sources.
11-06 19:54:51.886 INFO  [main] [com.netflix.config.sources.URLConfigurationSource] : To enable URLs as dynamic configuration sources, define System property archaius.configurationSource.additionalUrls or make config.properties available on classpath.
11-06 19:54:51.926 WARN  [main] [com.netflix.config.sources.URLConfigurationSource] : No URLs will be polled as dynamic configuration sources.
11-06 19:54:51.929 INFO  [main] [com.netflix.config.sources.URLConfigurationSource] : To enable URLs as dynamic configuration sources, define System property archaius.configurationSource.additionalUrls or make config.properties available on classpath.
11-06 19:54:55.770 INFO  [main] [o.s.scheduling.concurrent.ThreadPoolTaskScheduler] : Initializing ExecutorService 'Nacso-Watch-Task-Scheduler'
11-06 19:54:59.047 INFO  [main] [o.s.b.actuate.endpoint.web.EndpointLinksResolver] : Exposing 2 endpoint(s) beneath base path '/actuator'
11-06 19:54:59.833 INFO  [main] [o.s.boot.web.embedded.tomcat.TomcatWebServer] : Tomcat started on port(s): 8719 (http) with context path ''
11-06 19:54:59.836 WARN  [main] [c.a.cloud.nacos.registry.NacosServiceRegistry] : No service to register for nacos client...
11-06 19:54:59.842 INFO  [main] [com.petrel.user.UserApplication] : Started UserApplication in 173.084 seconds (JVM running for 176.105)
11-06 19:54:59.862 INFO  [main] [com.petrel.user.config.StartInitialize] : Start init NickName config success
