19:34:24.700 [main] INFO org.springframework.core.KotlinDetector - Kotlin reflection implementation not found at runtime, related features won't be available.
2025-11-09 19:34:26.378  WARN 47918 --- [kground-preinit] o.s.h.c.j.Jackson2ObjectMapperBuilder    : For Jackson Kotlin classes support please add "com.fasterxml.jackson.module:jackson-module-kotlin" to the classpath

  .   ____          _            __ _ _
 /\\ / ___'_ __ _ _(_)_ __  __ _ \ \ \ \
( ( )\___ | '_ | '_| | '_ \/ _` | \ \ \ \
 \\/  ___)| |_)| | | | | || (_| |  ) ) ) )
  '  |____| .__|_| |_|_| |_\__, | / / / /
 =========|_|==============|___/=/_/_/_/
 :: Spring Boot ::        (v2.2.5.RELEASE)

2025-11-09 19:34:27.010  INFO 47918 --- [           main] com.fagp.petrel.cms.WebApplication       : No active profile set, falling back to default profiles: default
2025-11-09 19:34:28.430  WARN 47918 --- [           main] o.s.boot.actuate.endpoint.EndpointId     : Endpoint ID 'nacos-discovery' contains invalid characters, please migrate to a valid format.
2025-11-09 19:34:28.538  WARN 47918 --- [           main] o.m.s.mapper.ClassPathMapperScanner      : No MyBatis mapper was found in '[com.fagp.petrel.cms]' package. Please check your configuration.
2025-11-09 19:34:28.798  INFO 47918 --- [           main] .s.d.r.c.RepositoryConfigurationDelegate : Multiple Spring Data modules found, entering strict repository configuration mode!
2025-11-09 19:34:28.803  INFO 47918 --- [           main] .s.d.r.c.RepositoryConfigurationDelegate : Bootstrapping Spring Data Redis repositories in DEFAULT mode.
2025-11-09 19:34:28.847  INFO 47918 --- [           main] .s.d.r.c.RepositoryConfigurationDelegate : Finished Spring Data repository scanning in 16ms. Found 0 Redis repository interfaces.
2025-11-09 19:34:28.954  WARN 47918 --- [           main] o.s.boot.actuate.endpoint.EndpointId     : Endpoint ID 'service-registry' contains invalid characters, please migrate to a valid format.
2025-11-09 19:34:29.239  INFO 47918 --- [           main] o.s.cloud.context.scope.GenericScope     : BeanFactory id=1651b9db-0df7-3d03-b554-179b03878a34
2025-11-09 19:34:29.670  INFO 47918 --- [           main] trationDelegate$BeanPostProcessorChecker : Bean 'com.fagp.petrel.cms.provide.RegisterFeignService' of type [org.springframework.cloud.openfeign.FeignClientFactoryBean] is not eligible for getting processed by all BeanPostProcessors (for example: not eligible for auto-proxying)
2025-11-09 19:34:30.025  INFO 47918 --- [           main] trationDelegate$BeanPostProcessorChecker : Bean 'spring.datasource.dynamic-com.baomidou.dynamic.datasource.spring.boot.autoconfigure.DynamicDataSourceProperties' of type [com.baomidou.dynamic.datasource.spring.boot.autoconfigure.DynamicDataSourceProperties] is not eligible for getting processed by all BeanPostProcessors (for example: not eligible for auto-proxying)
2025-11-09 19:34:30.034  INFO 47918 --- [           main] trationDelegate$BeanPostProcessorChecker : Bean 'com.baomidou.dynamic.datasource.spring.boot.autoconfigure.DynamicDataSourceAutoConfiguration' of type [com.baomidou.dynamic.datasource.spring.boot.autoconfigure.DynamicDataSourceAutoConfiguration$$EnhancerBySpringCGLIB$$f14eb571] is not eligible for getting processed by all BeanPostProcessors (for example: not eligible for auto-proxying)
2025-11-09 19:34:30.044  INFO 47918 --- [           main] trationDelegate$BeanPostProcessorChecker : Bean 'dsProcessor' of type [com.baomidou.dynamic.datasource.processor.DsHeaderProcessor] is not eligible for getting processed by all BeanPostProcessors (for example: not eligible for auto-proxying)
2025-11-09 19:34:30.085  INFO 47918 --- [           main] trationDelegate$BeanPostProcessorChecker : Bean 'org.springframework.security.config.annotation.configuration.ObjectPostProcessorConfiguration' of type [org.springframework.security.config.annotation.configuration.ObjectPostProcessorConfiguration] is not eligible for getting processed by all BeanPostProcessors (for example: not eligible for auto-proxying)
2025-11-09 19:34:30.093  INFO 47918 --- [           main] trationDelegate$BeanPostProcessorChecker : Bean 'objectPostProcessor' of type [org.springframework.security.config.annotation.configuration.AutowireBeanFactoryObjectPostProcessor] is not eligible for getting processed by all BeanPostProcessors (for example: not eligible for auto-proxying)
2025-11-09 19:34:30.095  INFO 47918 --- [           main] trationDelegate$BeanPostProcessorChecker : Bean 'org.springframework.security.access.expression.method.DefaultMethodSecurityExpressionHandler@53e211ee' of type [org.springframework.security.access.expression.method.DefaultMethodSecurityExpressionHandler] is not eligible for getting processed by all BeanPostProcessors (for example: not eligible for auto-proxying)
2025-11-09 19:34:30.109  INFO 47918 --- [           main] trationDelegate$BeanPostProcessorChecker : Bean 'org.springframework.security.config.annotation.method.configuration.GlobalMethodSecurityConfiguration' of type [org.springframework.security.config.annotation.method.configuration.GlobalMethodSecurityConfiguration] is not eligible for getting processed by all BeanPostProcessors (for example: not eligible for auto-proxying)
2025-11-09 19:34:30.117  INFO 47918 --- [           main] trationDelegate$BeanPostProcessorChecker : Bean 'org.springframework.security.config.annotation.method.configuration.Jsr250MetadataSourceConfiguration' of type [org.springframework.security.config.annotation.method.configuration.Jsr250MetadataSourceConfiguration] is not eligible for getting processed by all BeanPostProcessors (for example: not eligible for auto-proxying)
2025-11-09 19:34:30.123  INFO 47918 --- [           main] trationDelegate$BeanPostProcessorChecker : Bean 'jsr250MethodSecurityMetadataSource' of type [org.springframework.security.access.annotation.Jsr250MethodSecurityMetadataSource] is not eligible for getting processed by all BeanPostProcessors (for example: not eligible for auto-proxying)
2025-11-09 19:34:30.129  INFO 47918 --- [           main] trationDelegate$BeanPostProcessorChecker : Bean 'methodSecurityMetadataSource' of type [org.springframework.security.access.method.DelegatingMethodSecurityMetadataSource] is not eligible for getting processed by all BeanPostProcessors (for example: not eligible for auto-proxying)
2025-11-09 19:34:30.817  INFO 47918 --- [           main] o.s.b.w.embedded.tomcat.TomcatWebServer  : Tomcat initialized with port(s): 7071 (http)
2025-11-09 19:34:30.836  INFO 47918 --- [           main] o.apache.catalina.core.StandardService   : Starting service [Tomcat]
2025-11-09 19:34:30.836  INFO 47918 --- [           main] org.apache.catalina.core.StandardEngine  : Starting Servlet engine: [Apache Tomcat/9.0.31]
2025-11-09 19:34:33.269  WARN 47918 --- [           main] o.a.tomcat.util.scan.StandardJarScanner  : Failed to scan JAR [war:file:/workspaces/dafuhaozui/petrel/petrel-cms-web-1.0-SNAPSHOT.war*/WEB-INF/lib/jstl-1.2.jar] from /WEB-INF/lib

java.io.IOException: Unable to open root Jar file 'war:file:/workspaces/dafuhaozui/petrel/petrel-cms-web-1.0-SNAPSHOT.war*/WEB-INF/lib/jstl-1.2.jar'
	at org.springframework.boot.loader.jar.Handler.getRootJarFile(Handler.java:316)
	at org.springframework.boot.loader.jar.Handler.getRootJarFileFromUrl(Handler.java:298)
	at org.springframework.boot.loader.jar.Handler.openConnection(Handler.java:84)
	at java.base/java.net.URL.openConnection(URL.java:1258)
	at java.base/java.net.URL.openStream(URL.java:1325)
	at org.apache.tomcat.util.descriptor.tld.TldResourcePath.openStream(TldResourcePath.java:127)
	at org.apache.tomcat.util.descriptor.tld.TldParser.parse(TldParser.java:61)
	at org.apache.jasper.servlet.TldScanner.parseTld(TldScanner.java:279)
	at org.apache.jasper.servlet.TldScanner$TldScannerCallback.scan(TldScanner.java:313)
	at org.apache.tomcat.util.scan.StandardJarScanner.process(StandardJarScanner.java:387)
	at org.apache.tomcat.util.scan.StandardJarScanner.scan(StandardJarScanner.java:195)
	at org.apache.jasper.servlet.TldScanner.scanJars(TldScanner.java:262)
	at org.apache.jasper.servlet.TldScanner.scan(TldScanner.java:104)
	at org.apache.jasper.servlet.JasperInitializer.onStartup(JasperInitializer.java:83)
	at org.apache.catalina.core.StandardContext.startInternal(StandardContext.java:5135)
	at org.apache.catalina.util.LifecycleBase.start(LifecycleBase.java:183)
	at org.apache.catalina.core.ContainerBase$StartChild.call(ContainerBase.java:1384)
	at org.apache.catalina.core.ContainerBase$StartChild.call(ContainerBase.java:1374)
	at java.base/java.util.concurrent.FutureTask.run(FutureTask.java:317)
	at org.apache.tomcat.util.threads.InlineExecutorService.execute(InlineExecutorService.java:75)
	at java.base/java.util.concurrent.AbstractExecutorService.submit(AbstractExecutorService.java:145)
	at org.apache.catalina.core.ContainerBase.startInternal(ContainerBase.java:909)
	at org.apache.catalina.core.StandardHost.startInternal(StandardHost.java:841)
	at org.apache.catalina.util.LifecycleBase.start(LifecycleBase.java:183)
	at org.apache.catalina.core.ContainerBase$StartChild.call(ContainerBase.java:1384)
	at org.apache.catalina.core.ContainerBase$StartChild.call(ContainerBase.java:1374)
	at java.base/java.util.concurrent.FutureTask.run(FutureTask.java:317)
	at org.apache.tomcat.util.threads.InlineExecutorService.execute(InlineExecutorService.java:75)
	at java.base/java.util.concurrent.AbstractExecutorService.submit(AbstractExecutorService.java:145)
	at org.apache.catalina.core.ContainerBase.startInternal(ContainerBase.java:909)
	at org.apache.catalina.core.StandardEngine.startInternal(StandardEngine.java:262)
	at org.apache.catalina.util.LifecycleBase.start(LifecycleBase.java:183)
	at org.apache.catalina.core.StandardService.startInternal(StandardService.java:421)
	at org.apache.catalina.util.LifecycleBase.start(LifecycleBase.java:183)
	at org.apache.catalina.core.StandardServer.startInternal(StandardServer.java:930)
	at org.apache.catalina.util.LifecycleBase.start(LifecycleBase.java:183)
	at org.apache.catalina.startup.Tomcat.start(Tomcat.java:467)
	at org.springframework.boot.web.embedded.tomcat.TomcatWebServer.initialize(TomcatWebServer.java:107)
	at org.springframework.boot.web.embedded.tomcat.TomcatWebServer.<init>(TomcatWebServer.java:88)
	at org.springframework.boot.web.embedded.tomcat.TomcatServletWebServerFactory.getTomcatWebServer(TomcatServletWebServerFactory.java:438)
	at org.springframework.boot.web.embedded.tomcat.TomcatServletWebServerFactory.getWebServer(TomcatServletWebServerFactory.java:191)
	at org.springframework.boot.web.servlet.context.ServletWebServerApplicationContext.createWebServer(ServletWebServerApplicationContext.java:180)
	at org.springframework.boot.web.servlet.context.ServletWebServerApplicationContext.onRefresh(ServletWebServerApplicationContext.java:153)
	at org.springframework.context.support.AbstractApplicationContext.refresh(AbstractApplicationContext.java:544)
	at org.springframework.boot.web.servlet.context.ServletWebServerApplicationContext.refresh(ServletWebServerApplicationContext.java:141)
	at org.springframework.boot.SpringApplication.refresh(SpringApplication.java:747)
	at org.springframework.boot.SpringApplication.refreshContext(SpringApplication.java:397)
	at org.springframework.boot.SpringApplication.run(SpringApplication.java:315)
	at org.springframework.boot.SpringApplication.run(SpringApplication.java:1226)
	at org.springframework.boot.SpringApplication.run(SpringApplication.java:1215)
	at com.fagp.petrel.cms.WebApplication.main(WebApplication.java:32)
	at java.base/jdk.internal.reflect.DirectMethodHandleAccessor.invoke(DirectMethodHandleAccessor.java:103)
	at java.base/java.lang.reflect.Method.invoke(Method.java:580)
	at org.springframework.boot.loader.MainMethodRunner.run(MainMethodRunner.java:48)
	at org.springframework.boot.loader.Launcher.launch(Launcher.java:87)
	at org.springframework.boot.loader.Launcher.launch(Launcher.java:51)
	at org.springframework.boot.loader.WarLauncher.main(WarLauncher.java:58)
Caused by: java.lang.IllegalStateException: Not a file URL
	at org.springframework.boot.loader.jar.Handler.getRootJarFile(Handler.java:304)
	... 56 common frames omitted

2025-11-09 19:34:34.411  WARN 47918 --- [           main] o.a.tomcat.util.scan.StandardJarScanner  : Failed to scan JAR [war:file:/workspaces/dafuhaozui/petrel/petrel-cms-web-1.0-SNAPSHOT.war*/WEB-INF/lib/spring-security-taglibs-4.2.1.RELEASE.jar] from /WEB-INF/lib

java.io.IOException: Unable to open root Jar file 'war:file:/workspaces/dafuhaozui/petrel/petrel-cms-web-1.0-SNAPSHOT.war*/WEB-INF/lib/spring-security-taglibs-4.2.1.RELEASE.jar'
	at org.springframework.boot.loader.jar.Handler.getRootJarFile(Handler.java:316)
	at org.springframework.boot.loader.jar.Handler.getRootJarFileFromUrl(Handler.java:298)
	at org.springframework.boot.loader.jar.Handler.openConnection(Handler.java:84)
	at java.base/java.net.URL.openConnection(URL.java:1258)
	at java.base/java.net.URL.openStream(URL.java:1325)
	at org.apache.tomcat.util.descriptor.tld.TldResourcePath.openStream(TldResourcePath.java:127)
	at org.apache.tomcat.util.descriptor.tld.TldParser.parse(TldParser.java:61)
	at org.apache.jasper.servlet.TldScanner.parseTld(TldScanner.java:279)
	at org.apache.jasper.servlet.TldScanner$TldScannerCallback.scan(TldScanner.java:313)
	at org.apache.tomcat.util.scan.StandardJarScanner.process(StandardJarScanner.java:387)
	at org.apache.tomcat.util.scan.StandardJarScanner.scan(StandardJarScanner.java:195)
	at org.apache.jasper.servlet.TldScanner.scanJars(TldScanner.java:262)
	at org.apache.jasper.servlet.TldScanner.scan(TldScanner.java:104)
	at org.apache.jasper.servlet.JasperInitializer.onStartup(JasperInitializer.java:83)
	at org.apache.catalina.core.StandardContext.startInternal(StandardContext.java:5135)
	at org.apache.catalina.util.LifecycleBase.start(LifecycleBase.java:183)
	at org.apache.catalina.core.ContainerBase$StartChild.call(ContainerBase.java:1384)
	at org.apache.catalina.core.ContainerBase$StartChild.call(ContainerBase.java:1374)
	at java.base/java.util.concurrent.FutureTask.run(FutureTask.java:317)
	at org.apache.tomcat.util.threads.InlineExecutorService.execute(InlineExecutorService.java:75)
	at java.base/java.util.concurrent.AbstractExecutorService.submit(AbstractExecutorService.java:145)
	at org.apache.catalina.core.ContainerBase.startInternal(ContainerBase.java:909)
	at org.apache.catalina.core.StandardHost.startInternal(StandardHost.java:841)
	at org.apache.catalina.util.LifecycleBase.start(LifecycleBase.java:183)
	at org.apache.catalina.core.ContainerBase$StartChild.call(ContainerBase.java:1384)
	at org.apache.catalina.core.ContainerBase$StartChild.call(ContainerBase.java:1374)
	at java.base/java.util.concurrent.FutureTask.run(FutureTask.java:317)
	at org.apache.tomcat.util.threads.InlineExecutorService.execute(InlineExecutorService.java:75)
	at java.base/java.util.concurrent.AbstractExecutorService.submit(AbstractExecutorService.java:145)
	at org.apache.catalina.core.ContainerBase.startInternal(ContainerBase.java:909)
	at org.apache.catalina.core.StandardEngine.startInternal(StandardEngine.java:262)
	at org.apache.catalina.util.LifecycleBase.start(LifecycleBase.java:183)
	at org.apache.catalina.core.StandardService.startInternal(StandardService.java:421)
	at org.apache.catalina.util.LifecycleBase.start(LifecycleBase.java:183)
	at org.apache.catalina.core.StandardServer.startInternal(StandardServer.java:930)
	at org.apache.catalina.util.LifecycleBase.start(LifecycleBase.java:183)
	at org.apache.catalina.startup.Tomcat.start(Tomcat.java:467)
	at org.springframework.boot.web.embedded.tomcat.TomcatWebServer.initialize(TomcatWebServer.java:107)
	at org.springframework.boot.web.embedded.tomcat.TomcatWebServer.<init>(TomcatWebServer.java:88)
	at org.springframework.boot.web.embedded.tomcat.TomcatServletWebServerFactory.getTomcatWebServer(TomcatServletWebServerFactory.java:438)
	at org.springframework.boot.web.embedded.tomcat.TomcatServletWebServerFactory.getWebServer(TomcatServletWebServerFactory.java:191)
	at org.springframework.boot.web.servlet.context.ServletWebServerApplicationContext.createWebServer(ServletWebServerApplicationContext.java:180)
	at org.springframework.boot.web.servlet.context.ServletWebServerApplicationContext.onRefresh(ServletWebServerApplicationContext.java:153)
	at org.springframework.context.support.AbstractApplicationContext.refresh(AbstractApplicationContext.java:544)
	at org.springframework.boot.web.servlet.context.ServletWebServerApplicationContext.refresh(ServletWebServerApplicationContext.java:141)
	at org.springframework.boot.SpringApplication.refresh(SpringApplication.java:747)
	at org.springframework.boot.SpringApplication.refreshContext(SpringApplication.java:397)
	at org.springframework.boot.SpringApplication.run(SpringApplication.java:315)
	at org.springframework.boot.SpringApplication.run(SpringApplication.java:1226)
	at org.springframework.boot.SpringApplication.run(SpringApplication.java:1215)
	at com.fagp.petrel.cms.WebApplication.main(WebApplication.java:32)
	at java.base/jdk.internal.reflect.DirectMethodHandleAccessor.invoke(DirectMethodHandleAccessor.java:103)
	at java.base/java.lang.reflect.Method.invoke(Method.java:580)
	at org.springframework.boot.loader.MainMethodRunner.run(MainMethodRunner.java:48)
	at org.springframework.boot.loader.Launcher.launch(Launcher.java:87)
	at org.springframework.boot.loader.Launcher.launch(Launcher.java:51)
	at org.springframework.boot.loader.WarLauncher.main(WarLauncher.java:58)
Caused by: java.lang.IllegalStateException: Not a file URL
	at org.springframework.boot.loader.jar.Handler.getRootJarFile(Handler.java:304)
	... 56 common frames omitted

2025-11-09 19:34:34.732  WARN 47918 --- [           main] o.a.tomcat.util.scan.StandardJarScanner  : Failed to scan JAR [war:file:/workspaces/dafuhaozui/petrel/petrel-cms-web-1.0-SNAPSHOT.war*/WEB-INF/lib/spring-webmvc-5.2.4.RELEASE.jar] from /WEB-INF/lib

java.io.IOException: Unable to open root Jar file 'war:file:/workspaces/dafuhaozui/petrel/petrel-cms-web-1.0-SNAPSHOT.war*/WEB-INF/lib/spring-webmvc-5.2.4.RELEASE.jar'
	at org.springframework.boot.loader.jar.Handler.getRootJarFile(Handler.java:316)
	at org.springframework.boot.loader.jar.Handler.getRootJarFileFromUrl(Handler.java:298)
	at org.springframework.boot.loader.jar.Handler.openConnection(Handler.java:84)
	at java.base/java.net.URL.openConnection(URL.java:1258)
	at java.base/java.net.URL.openStream(URL.java:1325)
	at org.apache.tomcat.util.descriptor.tld.TldResourcePath.openStream(TldResourcePath.java:127)
	at org.apache.tomcat.util.descriptor.tld.TldParser.parse(TldParser.java:61)
	at org.apache.jasper.servlet.TldScanner.parseTld(TldScanner.java:279)
	at org.apache.jasper.servlet.TldScanner$TldScannerCallback.scan(TldScanner.java:313)
	at org.apache.tomcat.util.scan.StandardJarScanner.process(StandardJarScanner.java:387)
	at org.apache.tomcat.util.scan.StandardJarScanner.scan(StandardJarScanner.java:195)
	at org.apache.jasper.servlet.TldScanner.scanJars(TldScanner.java:262)
	at org.apache.jasper.servlet.TldScanner.scan(TldScanner.java:104)
	at org.apache.jasper.servlet.JasperInitializer.onStartup(JasperInitializer.java:83)
	at org.apache.catalina.core.StandardContext.startInternal(StandardContext.java:5135)
	at org.apache.catalina.util.LifecycleBase.start(LifecycleBase.java:183)
	at org.apache.catalina.core.ContainerBase$StartChild.call(ContainerBase.java:1384)
	at org.apache.catalina.core.ContainerBase$StartChild.call(ContainerBase.java:1374)
	at java.base/java.util.concurrent.FutureTask.run(FutureTask.java:317)
	at org.apache.tomcat.util.threads.InlineExecutorService.execute(InlineExecutorService.java:75)
	at java.base/java.util.concurrent.AbstractExecutorService.submit(AbstractExecutorService.java:145)
	at org.apache.catalina.core.ContainerBase.startInternal(ContainerBase.java:909)
	at org.apache.catalina.core.StandardHost.startInternal(StandardHost.java:841)
	at org.apache.catalina.util.LifecycleBase.start(LifecycleBase.java:183)
	at org.apache.catalina.core.ContainerBase$StartChild.call(ContainerBase.java:1384)
	at org.apache.catalina.core.ContainerBase$StartChild.call(ContainerBase.java:1374)
	at java.base/java.util.concurrent.FutureTask.run(FutureTask.java:317)
	at org.apache.tomcat.util.threads.InlineExecutorService.execute(InlineExecutorService.java:75)
	at java.base/java.util.concurrent.AbstractExecutorService.submit(AbstractExecutorService.java:145)
	at org.apache.catalina.core.ContainerBase.startInternal(ContainerBase.java:909)
	at org.apache.catalina.core.StandardEngine.startInternal(StandardEngine.java:262)
	at org.apache.catalina.util.LifecycleBase.start(LifecycleBase.java:183)
	at org.apache.catalina.core.StandardService.startInternal(StandardService.java:421)
	at org.apache.catalina.util.LifecycleBase.start(LifecycleBase.java:183)
	at org.apache.catalina.core.StandardServer.startInternal(StandardServer.java:930)
	at org.apache.catalina.util.LifecycleBase.start(LifecycleBase.java:183)
	at org.apache.catalina.startup.Tomcat.start(Tomcat.java:467)
	at org.springframework.boot.web.embedded.tomcat.TomcatWebServer.initialize(TomcatWebServer.java:107)
	at org.springframework.boot.web.embedded.tomcat.TomcatWebServer.<init>(TomcatWebServer.java:88)
	at org.springframework.boot.web.embedded.tomcat.TomcatServletWebServerFactory.getTomcatWebServer(TomcatServletWebServerFactory.java:438)
	at org.springframework.boot.web.embedded.tomcat.TomcatServletWebServerFactory.getWebServer(TomcatServletWebServerFactory.java:191)
	at org.springframework.boot.web.servlet.context.ServletWebServerApplicationContext.createWebServer(ServletWebServerApplicationContext.java:180)
	at org.springframework.boot.web.servlet.context.ServletWebServerApplicationContext.onRefresh(ServletWebServerApplicationContext.java:153)
	at org.springframework.context.support.AbstractApplicationContext.refresh(AbstractApplicationContext.java:544)
	at org.springframework.boot.web.servlet.context.ServletWebServerApplicationContext.refresh(ServletWebServerApplicationContext.java:141)
	at org.springframework.boot.SpringApplication.refresh(SpringApplication.java:747)
	at org.springframework.boot.SpringApplication.refreshContext(SpringApplication.java:397)
	at org.springframework.boot.SpringApplication.run(SpringApplication.java:315)
	at org.springframework.boot.SpringApplication.run(SpringApplication.java:1226)
	at org.springframework.boot.SpringApplication.run(SpringApplication.java:1215)
	at com.fagp.petrel.cms.WebApplication.main(WebApplication.java:32)
	at java.base/jdk.internal.reflect.DirectMethodHandleAccessor.invoke(DirectMethodHandleAccessor.java:103)
	at java.base/java.lang.reflect.Method.invoke(Method.java:580)
	at org.springframework.boot.loader.MainMethodRunner.run(MainMethodRunner.java:48)
	at org.springframework.boot.loader.Launcher.launch(Launcher.java:87)
	at org.springframework.boot.loader.Launcher.launch(Launcher.java:51)
	at org.springframework.boot.loader.WarLauncher.main(WarLauncher.java:58)
Caused by: java.lang.IllegalStateException: Not a file URL
	at org.springframework.boot.loader.jar.Handler.getRootJarFile(Handler.java:304)
	... 56 common frames omitted

2025-11-09 19:34:34.902  WARN 47918 --- [           main] o.a.tomcat.util.scan.StandardJarScanner  : Failed to scan [jar:file:/workspaces/dafuhaozui/petrel/petrel-cms-web-1.0-SNAPSHOT.war!/WEB-INF/lib/jstl-1.2.jar!/] from classloader hierarchy

java.io.IOException: Unable to open root Jar file 'war:file:/workspaces/dafuhaozui/petrel/petrel-cms-web-1.0-SNAPSHOT.war*/WEB-INF/lib/jstl-1.2.jar'
	at org.springframework.boot.loader.jar.Handler.getRootJarFile(Handler.java:316)
	at org.springframework.boot.loader.jar.Handler.getRootJarFileFromUrl(Handler.java:298)
	at org.springframework.boot.loader.jar.Handler.openConnection(Handler.java:84)
	at java.base/java.net.URL.openConnection(URL.java:1258)
	at java.base/java.net.URL.openStream(URL.java:1325)
	at org.apache.tomcat.util.descriptor.tld.TldResourcePath.openStream(TldResourcePath.java:127)
	at org.apache.tomcat.util.descriptor.tld.TldParser.parse(TldParser.java:61)
	at org.apache.jasper.servlet.TldScanner.parseTld(TldScanner.java:279)
	at org.apache.jasper.servlet.TldScanner$TldScannerCallback.scan(TldScanner.java:313)
	at org.apache.tomcat.util.scan.StandardJarScanner.process(StandardJarScanner.java:387)
	at org.apache.tomcat.util.scan.StandardJarScanner.processURLs(StandardJarScanner.java:318)
	at org.apache.tomcat.util.scan.StandardJarScanner.doScanClassPath(StandardJarScanner.java:270)
	at org.apache.tomcat.util.scan.StandardJarScanner.scan(StandardJarScanner.java:233)
	at org.apache.jasper.servlet.TldScanner.scanJars(TldScanner.java:262)
	at org.apache.jasper.servlet.TldScanner.scan(TldScanner.java:104)
	at org.apache.jasper.servlet.JasperInitializer.onStartup(JasperInitializer.java:83)
	at org.apache.catalina.core.StandardContext.startInternal(StandardContext.java:5135)
	at org.apache.catalina.util.LifecycleBase.start(LifecycleBase.java:183)
	at org.apache.catalina.core.ContainerBase$StartChild.call(ContainerBase.java:1384)
	at org.apache.catalina.core.ContainerBase$StartChild.call(ContainerBase.java:1374)
	at java.base/java.util.concurrent.FutureTask.run(FutureTask.java:317)
	at org.apache.tomcat.util.threads.InlineExecutorService.execute(InlineExecutorService.java:75)
	at java.base/java.util.concurrent.AbstractExecutorService.submit(AbstractExecutorService.java:145)
	at org.apache.catalina.core.ContainerBase.startInternal(ContainerBase.java:909)
	at org.apache.catalina.core.StandardHost.startInternal(StandardHost.java:841)
	at org.apache.catalina.util.LifecycleBase.start(LifecycleBase.java:183)
	at org.apache.catalina.core.ContainerBase$StartChild.call(ContainerBase.java:1384)
	at org.apache.catalina.core.ContainerBase$StartChild.call(ContainerBase.java:1374)
	at java.base/java.util.concurrent.FutureTask.run(FutureTask.java:317)
	at org.apache.tomcat.util.threads.InlineExecutorService.execute(InlineExecutorService.java:75)
	at java.base/java.util.concurrent.AbstractExecutorService.submit(AbstractExecutorService.java:145)
	at org.apache.catalina.core.ContainerBase.startInternal(ContainerBase.java:909)
	at org.apache.catalina.core.StandardEngine.startInternal(StandardEngine.java:262)
	at org.apache.catalina.util.LifecycleBase.start(LifecycleBase.java:183)
	at org.apache.catalina.core.StandardService.startInternal(StandardService.java:421)
	at org.apache.catalina.util.LifecycleBase.start(LifecycleBase.java:183)
	at org.apache.catalina.core.StandardServer.startInternal(StandardServer.java:930)
	at org.apache.catalina.util.LifecycleBase.start(LifecycleBase.java:183)
	at org.apache.catalina.startup.Tomcat.start(Tomcat.java:467)
	at org.springframework.boot.web.embedded.tomcat.TomcatWebServer.initialize(TomcatWebServer.java:107)
	at org.springframework.boot.web.embedded.tomcat.TomcatWebServer.<init>(TomcatWebServer.java:88)
	at org.springframework.boot.web.embedded.tomcat.TomcatServletWebServerFactory.getTomcatWebServer(TomcatServletWebServerFactory.java:438)
	at org.springframework.boot.web.embedded.tomcat.TomcatServletWebServerFactory.getWebServer(TomcatServletWebServerFactory.java:191)
	at org.springframework.boot.web.servlet.context.ServletWebServerApplicationContext.createWebServer(ServletWebServerApplicationContext.java:180)
	at org.springframework.boot.web.servlet.context.ServletWebServerApplicationContext.onRefresh(ServletWebServerApplicationContext.java:153)
	at org.springframework.context.support.AbstractApplicationContext.refresh(AbstractApplicationContext.java:544)
	at org.springframework.boot.web.servlet.context.ServletWebServerApplicationContext.refresh(ServletWebServerApplicationContext.java:141)
	at org.springframework.boot.SpringApplication.refresh(SpringApplication.java:747)
	at org.springframework.boot.SpringApplication.refreshContext(SpringApplication.java:397)
	at org.springframework.boot.SpringApplication.run(SpringApplication.java:315)
	at org.springframework.boot.SpringApplication.run(SpringApplication.java:1226)
	at org.springframework.boot.SpringApplication.run(SpringApplication.java:1215)
	at com.fagp.petrel.cms.WebApplication.main(WebApplication.java:32)
	at java.base/jdk.internal.reflect.DirectMethodHandleAccessor.invoke(DirectMethodHandleAccessor.java:103)
	at java.base/java.lang.reflect.Method.invoke(Method.java:580)
	at org.springframework.boot.loader.MainMethodRunner.run(MainMethodRunner.java:48)
	at org.springframework.boot.loader.Launcher.launch(Launcher.java:87)
	at org.springframework.boot.loader.Launcher.launch(Launcher.java:51)
	at org.springframework.boot.loader.WarLauncher.main(WarLauncher.java:58)
Caused by: java.lang.IllegalStateException: Not a file URL
	at org.springframework.boot.loader.jar.Handler.getRootJarFile(Handler.java:304)
	... 58 common frames omitted

2025-11-09 19:34:35.091  WARN 47918 --- [           main] o.a.tomcat.util.scan.StandardJarScanner  : Failed to scan [jar:file:/workspaces/dafuhaozui/petrel/petrel-cms-web-1.0-SNAPSHOT.war!/WEB-INF/lib/spring-security-taglibs-4.2.1.RELEASE.jar!/] from classloader hierarchy

java.io.IOException: Unable to open root Jar file 'war:file:/workspaces/dafuhaozui/petrel/petrel-cms-web-1.0-SNAPSHOT.war*/WEB-INF/lib/spring-security-taglibs-4.2.1.RELEASE.jar'
	at org.springframework.boot.loader.jar.Handler.getRootJarFile(Handler.java:316)
	at org.springframework.boot.loader.jar.Handler.getRootJarFileFromUrl(Handler.java:298)
	at org.springframework.boot.loader.jar.Handler.openConnection(Handler.java:84)
	at java.base/java.net.URL.openConnection(URL.java:1258)
	at java.base/java.net.URL.openStream(URL.java:1325)
	at org.apache.tomcat.util.descriptor.tld.TldResourcePath.openStream(TldResourcePath.java:127)
	at org.apache.tomcat.util.descriptor.tld.TldParser.parse(TldParser.java:61)
	at org.apache.jasper.servlet.TldScanner.parseTld(TldScanner.java:279)
	at org.apache.jasper.servlet.TldScanner$TldScannerCallback.scan(TldScanner.java:313)
	at org.apache.tomcat.util.scan.StandardJarScanner.process(StandardJarScanner.java:387)
	at org.apache.tomcat.util.scan.StandardJarScanner.processURLs(StandardJarScanner.java:318)
	at org.apache.tomcat.util.scan.StandardJarScanner.doScanClassPath(StandardJarScanner.java:270)
	at org.apache.tomcat.util.scan.StandardJarScanner.scan(StandardJarScanner.java:233)
	at org.apache.jasper.servlet.TldScanner.scanJars(TldScanner.java:262)
	at org.apache.jasper.servlet.TldScanner.scan(TldScanner.java:104)
	at org.apache.jasper.servlet.JasperInitializer.onStartup(JasperInitializer.java:83)
	at org.apache.catalina.core.StandardContext.startInternal(StandardContext.java:5135)
	at org.apache.catalina.util.LifecycleBase.start(LifecycleBase.java:183)
	at org.apache.catalina.core.ContainerBase$StartChild.call(ContainerBase.java:1384)
	at org.apache.catalina.core.ContainerBase$StartChild.call(ContainerBase.java:1374)
	at java.base/java.util.concurrent.FutureTask.run(FutureTask.java:317)
	at org.apache.tomcat.util.threads.InlineExecutorService.execute(InlineExecutorService.java:75)
	at java.base/java.util.concurrent.AbstractExecutorService.submit(AbstractExecutorService.java:145)
	at org.apache.catalina.core.ContainerBase.startInternal(ContainerBase.java:909)
	at org.apache.catalina.core.StandardHost.startInternal(StandardHost.java:841)
	at org.apache.catalina.util.LifecycleBase.start(LifecycleBase.java:183)
	at org.apache.catalina.core.ContainerBase$StartChild.call(ContainerBase.java:1384)
	at org.apache.catalina.core.ContainerBase$StartChild.call(ContainerBase.java:1374)
	at java.base/java.util.concurrent.FutureTask.run(FutureTask.java:317)
	at org.apache.tomcat.util.threads.InlineExecutorService.execute(InlineExecutorService.java:75)
	at java.base/java.util.concurrent.AbstractExecutorService.submit(AbstractExecutorService.java:145)
	at org.apache.catalina.core.ContainerBase.startInternal(ContainerBase.java:909)
	at org.apache.catalina.core.StandardEngine.startInternal(StandardEngine.java:262)
	at org.apache.catalina.util.LifecycleBase.start(LifecycleBase.java:183)
	at org.apache.catalina.core.StandardService.startInternal(StandardService.java:421)
	at org.apache.catalina.util.LifecycleBase.start(LifecycleBase.java:183)
	at org.apache.catalina.core.StandardServer.startInternal(StandardServer.java:930)
	at org.apache.catalina.util.LifecycleBase.start(LifecycleBase.java:183)
	at org.apache.catalina.startup.Tomcat.start(Tomcat.java:467)
	at org.springframework.boot.web.embedded.tomcat.TomcatWebServer.initialize(TomcatWebServer.java:107)
	at org.springframework.boot.web.embedded.tomcat.TomcatWebServer.<init>(TomcatWebServer.java:88)
	at org.springframework.boot.web.embedded.tomcat.TomcatServletWebServerFactory.getTomcatWebServer(TomcatServletWebServerFactory.java:438)
	at org.springframework.boot.web.embedded.tomcat.TomcatServletWebServerFactory.getWebServer(TomcatServletWebServerFactory.java:191)
	at org.springframework.boot.web.servlet.context.ServletWebServerApplicationContext.createWebServer(ServletWebServerApplicationContext.java:180)
	at org.springframework.boot.web.servlet.context.ServletWebServerApplicationContext.onRefresh(ServletWebServerApplicationContext.java:153)
	at org.springframework.context.support.AbstractApplicationContext.refresh(AbstractApplicationContext.java:544)
	at org.springframework.boot.web.servlet.context.ServletWebServerApplicationContext.refresh(ServletWebServerApplicationContext.java:141)
	at org.springframework.boot.SpringApplication.refresh(SpringApplication.java:747)
	at org.springframework.boot.SpringApplication.refreshContext(SpringApplication.java:397)
	at org.springframework.boot.SpringApplication.run(SpringApplication.java:315)
	at org.springframework.boot.SpringApplication.run(SpringApplication.java:1226)
	at org.springframework.boot.SpringApplication.run(SpringApplication.java:1215)
	at com.fagp.petrel.cms.WebApplication.main(WebApplication.java:32)
	at java.base/jdk.internal.reflect.DirectMethodHandleAccessor.invoke(DirectMethodHandleAccessor.java:103)
	at java.base/java.lang.reflect.Method.invoke(Method.java:580)
	at org.springframework.boot.loader.MainMethodRunner.run(MainMethodRunner.java:48)
	at org.springframework.boot.loader.Launcher.launch(Launcher.java:87)
	at org.springframework.boot.loader.Launcher.launch(Launcher.java:51)
	at org.springframework.boot.loader.WarLauncher.main(WarLauncher.java:58)
Caused by: java.lang.IllegalStateException: Not a file URL
	at org.springframework.boot.loader.jar.Handler.getRootJarFile(Handler.java:304)
	... 58 common frames omitted

2025-11-09 19:34:35.115  WARN 47918 --- [           main] o.a.tomcat.util.scan.StandardJarScanner  : Failed to scan [jar:file:/workspaces/dafuhaozui/petrel/petrel-cms-web-1.0-SNAPSHOT.war!/WEB-INF/lib/spring-webmvc-5.2.4.RELEASE.jar!/] from classloader hierarchy

java.io.IOException: Unable to open root Jar file 'war:file:/workspaces/dafuhaozui/petrel/petrel-cms-web-1.0-SNAPSHOT.war*/WEB-INF/lib/spring-webmvc-5.2.4.RELEASE.jar'
	at org.springframework.boot.loader.jar.Handler.getRootJarFile(Handler.java:316)
	at org.springframework.boot.loader.jar.Handler.getRootJarFileFromUrl(Handler.java:298)
	at org.springframework.boot.loader.jar.Handler.openConnection(Handler.java:84)
	at java.base/java.net.URL.openConnection(URL.java:1258)
	at java.base/java.net.URL.openStream(URL.java:1325)
	at org.apache.tomcat.util.descriptor.tld.TldResourcePath.openStream(TldResourcePath.java:127)
	at org.apache.tomcat.util.descriptor.tld.TldParser.parse(TldParser.java:61)
	at org.apache.jasper.servlet.TldScanner.parseTld(TldScanner.java:279)
	at org.apache.jasper.servlet.TldScanner$TldScannerCallback.scan(TldScanner.java:313)
	at org.apache.tomcat.util.scan.StandardJarScanner.process(StandardJarScanner.java:387)
	at org.apache.tomcat.util.scan.StandardJarScanner.processURLs(StandardJarScanner.java:318)
	at org.apache.tomcat.util.scan.StandardJarScanner.doScanClassPath(StandardJarScanner.java:270)
	at org.apache.tomcat.util.scan.StandardJarScanner.scan(StandardJarScanner.java:233)
	at org.apache.jasper.servlet.TldScanner.scanJars(TldScanner.java:262)
	at org.apache.jasper.servlet.TldScanner.scan(TldScanner.java:104)
	at org.apache.jasper.servlet.JasperInitializer.onStartup(JasperInitializer.java:83)
	at org.apache.catalina.core.StandardContext.startInternal(StandardContext.java:5135)
	at org.apache.catalina.util.LifecycleBase.start(LifecycleBase.java:183)
	at org.apache.catalina.core.ContainerBase$StartChild.call(ContainerBase.java:1384)
	at org.apache.catalina.core.ContainerBase$StartChild.call(ContainerBase.java:1374)
	at java.base/java.util.concurrent.FutureTask.run(FutureTask.java:317)
	at org.apache.tomcat.util.threads.InlineExecutorService.execute(InlineExecutorService.java:75)
	at java.base/java.util.concurrent.AbstractExecutorService.submit(AbstractExecutorService.java:145)
	at org.apache.catalina.core.ContainerBase.startInternal(ContainerBase.java:909)
	at org.apache.catalina.core.StandardHost.startInternal(StandardHost.java:841)
	at org.apache.catalina.util.LifecycleBase.start(LifecycleBase.java:183)
	at org.apache.catalina.core.ContainerBase$StartChild.call(ContainerBase.java:1384)
	at org.apache.catalina.core.ContainerBase$StartChild.call(ContainerBase.java:1374)
	at java.base/java.util.concurrent.FutureTask.run(FutureTask.java:317)
	at org.apache.tomcat.util.threads.InlineExecutorService.execute(InlineExecutorService.java:75)
	at java.base/java.util.concurrent.AbstractExecutorService.submit(AbstractExecutorService.java:145)
	at org.apache.catalina.core.ContainerBase.startInternal(ContainerBase.java:909)
	at org.apache.catalina.core.StandardEngine.startInternal(StandardEngine.java:262)
	at org.apache.catalina.util.LifecycleBase.start(LifecycleBase.java:183)
	at org.apache.catalina.core.StandardService.startInternal(StandardService.java:421)
	at org.apache.catalina.util.LifecycleBase.start(LifecycleBase.java:183)
	at org.apache.catalina.core.StandardServer.startInternal(StandardServer.java:930)
	at org.apache.catalina.util.LifecycleBase.start(LifecycleBase.java:183)
	at org.apache.catalina.startup.Tomcat.start(Tomcat.java:467)
	at org.springframework.boot.web.embedded.tomcat.TomcatWebServer.initialize(TomcatWebServer.java:107)
	at org.springframework.boot.web.embedded.tomcat.TomcatWebServer.<init>(TomcatWebServer.java:88)
	at org.springframework.boot.web.embedded.tomcat.TomcatServletWebServerFactory.getTomcatWebServer(TomcatServletWebServerFactory.java:438)
	at org.springframework.boot.web.embedded.tomcat.TomcatServletWebServerFactory.getWebServer(TomcatServletWebServerFactory.java:191)
	at org.springframework.boot.web.servlet.context.ServletWebServerApplicationContext.createWebServer(ServletWebServerApplicationContext.java:180)
	at org.springframework.boot.web.servlet.context.ServletWebServerApplicationContext.onRefresh(ServletWebServerApplicationContext.java:153)
	at org.springframework.context.support.AbstractApplicationContext.refresh(AbstractApplicationContext.java:544)
	at org.springframework.boot.web.servlet.context.ServletWebServerApplicationContext.refresh(ServletWebServerApplicationContext.java:141)
	at org.springframework.boot.SpringApplication.refresh(SpringApplication.java:747)
	at org.springframework.boot.SpringApplication.refreshContext(SpringApplication.java:397)
	at org.springframework.boot.SpringApplication.run(SpringApplication.java:315)
	at org.springframework.boot.SpringApplication.run(SpringApplication.java:1226)
	at org.springframework.boot.SpringApplication.run(SpringApplication.java:1215)
	at com.fagp.petrel.cms.WebApplication.main(WebApplication.java:32)
	at java.base/jdk.internal.reflect.DirectMethodHandleAccessor.invoke(DirectMethodHandleAccessor.java:103)
	at java.base/java.lang.reflect.Method.invoke(Method.java:580)
	at org.springframework.boot.loader.MainMethodRunner.run(MainMethodRunner.java:48)
	at org.springframework.boot.loader.Launcher.launch(Launcher.java:87)
	at org.springframework.boot.loader.Launcher.launch(Launcher.java:51)
	at org.springframework.boot.loader.WarLauncher.main(WarLauncher.java:58)
Caused by: java.lang.IllegalStateException: Not a file URL
	at org.springframework.boot.loader.jar.Handler.getRootJarFile(Handler.java:304)
	... 58 common frames omitted

2025-11-09 19:34:35.159  INFO 47918 --- [           main] org.apache.jasper.servlet.TldScanner     : At least one JAR was scanned for TLDs yet contained no TLDs. Enable debug logging for this logger for a complete list of JARs that were scanned but no TLDs were found in them. Skipping unneeded JARs during scanning can improve startup time and JSP compilation time.
2025-11-09 19:34:35.164  INFO 47918 --- [           main] o.a.c.c.C.[Tomcat].[localhost].[/]       : Initializing Spring embedded WebApplicationContext
2025-11-09 19:34:35.164  INFO 47918 --- [           main] o.s.web.context.ContextLoader            : Root WebApplicationContext: initialization completed in 8106 ms
2025-11-09 19:37:00.068 ERROR 47918 --- [           main] com.alibaba.druid.pool.DruidDataSource   : init datasource error, url: jdbc:mysql://39.100.69.180:3306/petrel_core?useUnicode=true&characterEncoding=utf-8&useSSL=true&serverTimezone=UTC&serverTimezone=Asia/Shanghai

com.mysql.cj.jdbc.exceptions.CommunicationsException: Communications link failure

The last packet sent successfully to the server was 0 milliseconds ago. The driver has not received any packets from the server.
	at com.mysql.cj.jdbc.exceptions.SQLError.createCommunicationsException(SQLError.java:174) ~[mysql-connector-java-8.0.19.jar!/:8.0.19]
	at com.mysql.cj.jdbc.exceptions.SQLExceptionsMapping.translateException(SQLExceptionsMapping.java:64) ~[mysql-connector-java-8.0.19.jar!/:8.0.19]
	at com.mysql.cj.jdbc.ConnectionImpl.createNewIO(ConnectionImpl.java:836) ~[mysql-connector-java-8.0.19.jar!/:8.0.19]
	at com.mysql.cj.jdbc.ConnectionImpl.<init>(ConnectionImpl.java:456) ~[mysql-connector-java-8.0.19.jar!/:8.0.19]
	at com.mysql.cj.jdbc.ConnectionImpl.getInstance(ConnectionImpl.java:246) ~[mysql-connector-java-8.0.19.jar!/:8.0.19]
	at com.mysql.cj.jdbc.NonRegisteringDriver.connect(NonRegisteringDriver.java:197) ~[mysql-connector-java-8.0.19.jar!/:8.0.19]
	at com.alibaba.druid.filter.FilterChainImpl.connection_connect(FilterChainImpl.java:156) ~[druid-1.1.22.jar!/:1.1.22]
	at com.alibaba.druid.filter.stat.StatFilter.connection_connect(StatFilter.java:218) ~[druid-1.1.22.jar!/:1.1.22]
	at com.alibaba.druid.filter.FilterChainImpl.connection_connect(FilterChainImpl.java:150) ~[druid-1.1.22.jar!/:1.1.22]
	at com.alibaba.druid.pool.DruidAbstractDataSource.createPhysicalConnection(DruidAbstractDataSource.java:1646) ~[druid-1.1.22.jar!/:1.1.22]
	at com.alibaba.druid.pool.DruidAbstractDataSource.createPhysicalConnection(DruidAbstractDataSource.java:1710) ~[druid-1.1.22.jar!/:1.1.22]
	at com.alibaba.druid.pool.DruidDataSource.init(DruidDataSource.java:923) ~[druid-1.1.22.jar!/:1.1.22]
	at com.baomidou.dynamic.datasource.creator.DruidDataSourceCreator.createDataSource(DruidDataSourceCreator.java:158) ~[dynamic-datasource-spring-boot-starter-3.2.1.jar!/:3.2.1]
	at com.baomidou.dynamic.datasource.creator.DataSourceCreator.createDruidDataSource(DataSourceCreator.java:174) ~[dynamic-datasource-spring-boot-starter-3.2.1.jar!/:3.2.1]
	at com.baomidou.dynamic.datasource.creator.DataSourceCreator.createDataSource(DataSourceCreator.java:90) ~[dynamic-datasource-spring-boot-starter-3.2.1.jar!/:3.2.1]
	at com.baomidou.dynamic.datasource.provider.AbstractDataSourceProvider.createDataSourceMap(AbstractDataSourceProvider.java:45) ~[dynamic-datasource-spring-boot-starter-3.2.1.jar!/:3.2.1]
	at com.baomidou.dynamic.datasource.provider.YmlDynamicDataSourceProvider.loadDataSources(YmlDynamicDataSourceProvider.java:43) ~[dynamic-datasource-spring-boot-starter-3.2.1.jar!/:3.2.1]
	at com.baomidou.dynamic.datasource.DynamicRoutingDataSource.afterPropertiesSet(DynamicRoutingDataSource.java:229) ~[dynamic-datasource-spring-boot-starter-3.2.1.jar!/:3.2.1]
	at org.springframework.beans.factory.support.AbstractAutowireCapableBeanFactory.invokeInitMethods(AbstractAutowireCapableBeanFactory.java:1855) ~[spring-beans-5.2.4.RELEASE.jar!/:5.2.4.RELEASE]
	at org.springframework.beans.factory.support.AbstractAutowireCapableBeanFactory.initializeBean(AbstractAutowireCapableBeanFactory.java:1792) ~[spring-beans-5.2.4.RELEASE.jar!/:5.2.4.RELEASE]
	at org.springframework.beans.factory.support.AbstractAutowireCapableBeanFactory.doCreateBean(AbstractAutowireCapableBeanFactory.java:595) ~[spring-beans-5.2.4.RELEASE.jar!/:5.2.4.RELEASE]
	at org.springframework.beans.factory.support.AbstractAutowireCapableBeanFactory.createBean(AbstractAutowireCapableBeanFactory.java:517) ~[spring-beans-5.2.4.RELEASE.jar!/:5.2.4.RELEASE]
	at org.springframework.beans.factory.support.AbstractBeanFactory.lambda$doGetBean$0(AbstractBeanFactory.java:323) ~[spring-beans-5.2.4.RELEASE.jar!/:5.2.4.RELEASE]
	at org.springframework.beans.factory.support.DefaultSingletonBeanRegistry.getSingleton(DefaultSingletonBeanRegistry.java:222) ~[spring-beans-5.2.4.RELEASE.jar!/:5.2.4.RELEASE]
	at org.springframework.beans.factory.support.AbstractBeanFactory.doGetBean(AbstractBeanFactory.java:321) ~[spring-beans-5.2.4.RELEASE.jar!/:5.2.4.RELEASE]
	at org.springframework.beans.factory.support.AbstractBeanFactory.getBean(AbstractBeanFactory.java:202) ~[spring-beans-5.2.4.RELEASE.jar!/:5.2.4.RELEASE]
	at org.springframework.beans.factory.config.DependencyDescriptor.resolveCandidate(DependencyDescriptor.java:276) ~[spring-beans-5.2.4.RELEASE.jar!/:5.2.4.RELEASE]
	at org.springframework.beans.factory.support.DefaultListableBeanFactory.addCandidateEntry(DefaultListableBeanFactory.java:1503) ~[spring-beans-5.2.4.RELEASE.jar!/:5.2.4.RELEASE]
	at org.springframework.beans.factory.support.DefaultListableBeanFactory.findAutowireCandidates(DefaultListableBeanFactory.java:1467) ~[spring-beans-5.2.4.RELEASE.jar!/:5.2.4.RELEASE]
	at org.springframework.beans.factory.support.DefaultListableBeanFactory.resolveMultipleBeans(DefaultListableBeanFactory.java:1386) ~[spring-beans-5.2.4.RELEASE.jar!/:5.2.4.RELEASE]
	at org.springframework.beans.factory.support.DefaultListableBeanFactory.doResolveDependency(DefaultListableBeanFactory.java:1245) ~[spring-beans-5.2.4.RELEASE.jar!/:5.2.4.RELEASE]
	at org.springframework.beans.factory.support.DefaultListableBeanFactory.resolveDependency(DefaultListableBeanFactory.java:1207) ~[spring-beans-5.2.4.RELEASE.jar!/:5.2.4.RELEASE]
	at org.springframework.beans.factory.support.ConstructorResolver.resolveAutowiredArgument(ConstructorResolver.java:885) ~[spring-beans-5.2.4.RELEASE.jar!/:5.2.4.RELEASE]
	at org.springframework.beans.factory.support.ConstructorResolver.createArgumentArray(ConstructorResolver.java:789) ~[spring-beans-5.2.4.RELEASE.jar!/:5.2.4.RELEASE]
	at org.springframework.beans.factory.support.ConstructorResolver.autowireConstructor(ConstructorResolver.java:228) ~[spring-beans-5.2.4.RELEASE.jar!/:5.2.4.RELEASE]
	at org.springframework.beans.factory.support.AbstractAutowireCapableBeanFactory.autowireConstructor(AbstractAutowireCapableBeanFactory.java:1358) ~[spring-beans-5.2.4.RELEASE.jar!/:5.2.4.RELEASE]
	at org.springframework.beans.factory.support.AbstractAutowireCapableBeanFactory.createBeanInstance(AbstractAutowireCapableBeanFactory.java:1204) ~[spring-beans-5.2.4.RELEASE.jar!/:5.2.4.RELEASE]
	at org.springframework.beans.factory.support.AbstractAutowireCapableBeanFactory.doCreateBean(AbstractAutowireCapableBeanFactory.java:557) ~[spring-beans-5.2.4.RELEASE.jar!/:5.2.4.RELEASE]
	at org.springframework.beans.factory.support.AbstractAutowireCapableBeanFactory.createBean(AbstractAutowireCapableBeanFactory.java:517) ~[spring-beans-5.2.4.RELEASE.jar!/:5.2.4.RELEASE]
	at org.springframework.beans.factory.support.AbstractBeanFactory.lambda$doGetBean$0(AbstractBeanFactory.java:323) ~[spring-beans-5.2.4.RELEASE.jar!/:5.2.4.RELEASE]
	at org.springframework.beans.factory.support.DefaultSingletonBeanRegistry.getSingleton(DefaultSingletonBeanRegistry.java:222) ~[spring-beans-5.2.4.RELEASE.jar!/:5.2.4.RELEASE]
	at org.springframework.beans.factory.support.AbstractBeanFactory.doGetBean(AbstractBeanFactory.java:321) ~[spring-beans-5.2.4.RELEASE.jar!/:5.2.4.RELEASE]
	at org.springframework.beans.factory.support.AbstractBeanFactory.getBean(AbstractBeanFactory.java:202) ~[spring-beans-5.2.4.RELEASE.jar!/:5.2.4.RELEASE]
	at org.springframework.beans.factory.support.ConstructorResolver.instantiateUsingFactoryMethod(ConstructorResolver.java:409) ~[spring-beans-5.2.4.RELEASE.jar!/:5.2.4.RELEASE]
	at org.springframework.beans.factory.support.AbstractAutowireCapableBeanFactory.instantiateUsingFactoryMethod(AbstractAutowireCapableBeanFactory.java:1338) ~[spring-beans-5.2.4.RELEASE.jar!/:5.2.4.RELEASE]
	at org.springframework.beans.factory.support.AbstractAutowireCapableBeanFactory.createBeanInstance(AbstractAutowireCapableBeanFactory.java:1177) ~[spring-beans-5.2.4.RELEASE.jar!/:5.2.4.RELEASE]
	at org.springframework.beans.factory.support.AbstractAutowireCapableBeanFactory.doCreateBean(AbstractAutowireCapableBeanFactory.java:557) ~[spring-beans-5.2.4.RELEASE.jar!/:5.2.4.RELEASE]
	at org.springframework.beans.factory.support.AbstractAutowireCapableBeanFactory.createBean(AbstractAutowireCapableBeanFactory.java:517) ~[spring-beans-5.2.4.RELEASE.jar!/:5.2.4.RELEASE]
	at org.springframework.beans.factory.support.AbstractBeanFactory.lambda$doGetBean$0(AbstractBeanFactory.java:323) ~[spring-beans-5.2.4.RELEASE.jar!/:5.2.4.RELEASE]
	at org.springframework.beans.factory.support.DefaultSingletonBeanRegistry.getSingleton(DefaultSingletonBeanRegistry.java:222) ~[spring-beans-5.2.4.RELEASE.jar!/:5.2.4.RELEASE]
	at org.springframework.beans.factory.support.AbstractBeanFactory.doGetBean(AbstractBeanFactory.java:321) ~[spring-beans-5.2.4.RELEASE.jar!/:5.2.4.RELEASE]
	at org.springframework.beans.factory.support.AbstractBeanFactory.getBean(AbstractBeanFactory.java:202) ~[spring-beans-5.2.4.RELEASE.jar!/:5.2.4.RELEASE]
	at org.springframework.beans.factory.support.DefaultListableBeanFactory.getBeansOfType(DefaultListableBeanFactory.java:617) ~[spring-beans-5.2.4.RELEASE.jar!/:5.2.4.RELEASE]
	at org.springframework.beans.factory.support.DefaultListableBeanFactory.getBeansOfType(DefaultListableBeanFactory.java:605) ~[spring-beans-5.2.4.RELEASE.jar!/:5.2.4.RELEASE]
	at org.springframework.context.support.AbstractApplicationContext.getBeansOfType(AbstractApplicationContext.java:1242) ~[spring-context-5.2.4.RELEASE.jar!/:5.2.4.RELEASE]
	at org.springframework.boot.actuate.autoconfigure.health.HealthEndpointConfiguration.healthContributorRegistry(HealthEndpointConfiguration.java:78) ~[spring-boot-actuator-autoconfigure-2.2.5.RELEASE.jar!/:2.2.5.RELEASE]
	at java.base/jdk.internal.reflect.DirectMethodHandleAccessor.invoke(DirectMethodHandleAccessor.java:103) ~[na:na]
	at java.base/java.lang.reflect.Method.invoke(Method.java:580) ~[na:na]
	at org.springframework.beans.factory.support.SimpleInstantiationStrategy.instantiate(SimpleInstantiationStrategy.java:154) ~[spring-beans-5.2.4.RELEASE.jar!/:5.2.4.RELEASE]
	at org.springframework.beans.factory.support.ConstructorResolver.instantiate(ConstructorResolver.java:651) ~[spring-beans-5.2.4.RELEASE.jar!/:5.2.4.RELEASE]
	at org.springframework.beans.factory.support.ConstructorResolver.instantiateUsingFactoryMethod(ConstructorResolver.java:636) ~[spring-beans-5.2.4.RELEASE.jar!/:5.2.4.RELEASE]
	at org.springframework.beans.factory.support.AbstractAutowireCapableBeanFactory.instantiateUsingFactoryMethod(AbstractAutowireCapableBeanFactory.java:1338) ~[spring-beans-5.2.4.RELEASE.jar!/:5.2.4.RELEASE]
	at org.springframework.beans.factory.support.AbstractAutowireCapableBeanFactory.createBeanInstance(AbstractAutowireCapableBeanFactory.java:1177) ~[spring-beans-5.2.4.RELEASE.jar!/:5.2.4.RELEASE]
	at org.springframework.beans.factory.support.AbstractAutowireCapableBeanFactory.doCreateBean(AbstractAutowireCapableBeanFactory.java:557) ~[spring-beans-5.2.4.RELEASE.jar!/:5.2.4.RELEASE]
	at org.springframework.beans.factory.support.AbstractAutowireCapableBeanFactory.createBean(AbstractAutowireCapableBeanFactory.java:517) ~[spring-beans-5.2.4.RELEASE.jar!/:5.2.4.RELEASE]
	at org.springframework.beans.factory.support.AbstractBeanFactory.lambda$doGetBean$0(AbstractBeanFactory.java:323) ~[spring-beans-5.2.4.RELEASE.jar!/:5.2.4.RELEASE]
	at org.springframework.beans.factory.support.DefaultSingletonBeanRegistry.getSingleton(DefaultSingletonBeanRegistry.java:222) ~[spring-beans-5.2.4.RELEASE.jar!/:5.2.4.RELEASE]
	at org.springframework.beans.factory.support.AbstractBeanFactory.doGetBean(AbstractBeanFactory.java:321) ~[spring-beans-5.2.4.RELEASE.jar!/:5.2.4.RELEASE]
	at org.springframework.beans.factory.support.AbstractBeanFactory.getBean(AbstractBeanFactory.java:202) ~[spring-beans-5.2.4.RELEASE.jar!/:5.2.4.RELEASE]
	at org.springframework.beans.factory.config.DependencyDescriptor.resolveCandidate(DependencyDescriptor.java:276) ~[spring-beans-5.2.4.RELEASE.jar!/:5.2.4.RELEASE]
	at org.springframework.beans.factory.support.DefaultListableBeanFactory.doResolveDependency(DefaultListableBeanFactory.java:1287) ~[spring-beans-5.2.4.RELEASE.jar!/:5.2.4.RELEASE]
	at org.springframework.beans.factory.support.DefaultListableBeanFactory.resolveDependency(DefaultListableBeanFactory.java:1207) ~[spring-beans-5.2.4.RELEASE.jar!/:5.2.4.RELEASE]
	at org.springframework.beans.factory.support.ConstructorResolver.resolveAutowiredArgument(ConstructorResolver.java:885) ~[spring-beans-5.2.4.RELEASE.jar!/:5.2.4.RELEASE]
	at org.springframework.beans.factory.support.ConstructorResolver.createArgumentArray(ConstructorResolver.java:789) ~[spring-beans-5.2.4.RELEASE.jar!/:5.2.4.RELEASE]
	at org.springframework.beans.factory.support.ConstructorResolver.instantiateUsingFactoryMethod(ConstructorResolver.java:539) ~[spring-beans-5.2.4.RELEASE.jar!/:5.2.4.RELEASE]
	at org.springframework.beans.factory.support.AbstractAutowireCapableBeanFactory.instantiateUsingFactoryMethod(AbstractAutowireCapableBeanFactory.java:1338) ~[spring-beans-5.2.4.RELEASE.jar!/:5.2.4.RELEASE]
	at org.springframework.beans.factory.support.AbstractAutowireCapableBeanFactory.createBeanInstance(AbstractAutowireCapableBeanFactory.java:1177) ~[spring-beans-5.2.4.RELEASE.jar!/:5.2.4.RELEASE]
	at org.springframework.beans.factory.support.AbstractAutowireCapableBeanFactory.doCreateBean(AbstractAutowireCapableBeanFactory.java:557) ~[spring-beans-5.2.4.RELEASE.jar!/:5.2.4.RELEASE]
	at org.springframework.beans.factory.support.AbstractAutowireCapableBeanFactory.createBean(AbstractAutowireCapableBeanFactory.java:517) ~[spring-beans-5.2.4.RELEASE.jar!/:5.2.4.RELEASE]
	at org.springframework.beans.factory.support.AbstractBeanFactory.lambda$doGetBean$0(AbstractBeanFactory.java:323) ~[spring-beans-5.2.4.RELEASE.jar!/:5.2.4.RELEASE]
	at org.springframework.beans.factory.support.DefaultSingletonBeanRegistry.getSingleton(DefaultSingletonBeanRegistry.java:222) ~[spring-beans-5.2.4.RELEASE.jar!/:5.2.4.RELEASE]
	at org.springframework.beans.factory.support.AbstractBeanFactory.doGetBean(AbstractBeanFactory.java:321) ~[spring-beans-5.2.4.RELEASE.jar!/:5.2.4.RELEASE]
	at org.springframework.beans.factory.support.AbstractBeanFactory.getBean(AbstractBeanFactory.java:202) ~[spring-beans-5.2.4.RELEASE.jar!/:5.2.4.RELEASE]
	at org.springframework.context.support.AbstractApplicationContext.getBean(AbstractApplicationContext.java:1108) ~[spring-context-5.2.4.RELEASE.jar!/:5.2.4.RELEASE]
	at org.springframework.boot.actuate.endpoint.annotation.EndpointDiscoverer.createEndpointBean(EndpointDiscoverer.java:143) ~[spring-boot-actuator-2.2.5.RELEASE.jar!/:2.2.5.RELEASE]
	at org.springframework.boot.actuate.endpoint.annotation.EndpointDiscoverer.createEndpointBeans(EndpointDiscoverer.java:133) ~[spring-boot-actuator-2.2.5.RELEASE.jar!/:2.2.5.RELEASE]
	at org.springframework.boot.actuate.endpoint.annotation.EndpointDiscoverer.discoverEndpoints(EndpointDiscoverer.java:122) ~[spring-boot-actuator-2.2.5.RELEASE.jar!/:2.2.5.RELEASE]
	at org.springframework.boot.actuate.endpoint.annotation.EndpointDiscoverer.getEndpoints(EndpointDiscoverer.java:116) ~[spring-boot-actuator-2.2.5.RELEASE.jar!/:2.2.5.RELEASE]
	at org.springframework.boot.actuate.autoconfigure.endpoint.web.ServletEndpointManagementContextConfiguration$WebMvcServletEndpointManagementContextConfiguration.servletEndpointRegistrar(ServletEndpointManagementContextConfiguration.java:65) ~[spring-boot-actuator-autoconfigure-2.2.5.RELEASE.jar!/:2.2.5.RELEASE]
	at java.base/jdk.internal.reflect.DirectMethodHandleAccessor.invoke(DirectMethodHandleAccessor.java:103) ~[na:na]
	at java.base/java.lang.reflect.Method.invoke(Method.java:580) ~[na:na]
	at org.springframework.beans.factory.support.SimpleInstantiationStrategy.instantiate(SimpleInstantiationStrategy.java:154) ~[spring-beans-5.2.4.RELEASE.jar!/:5.2.4.RELEASE]
	at org.springframework.beans.factory.support.ConstructorResolver.instantiate(ConstructorResolver.java:651) ~[spring-beans-5.2.4.RELEASE.jar!/:5.2.4.RELEASE]
	at org.springframework.beans.factory.support.ConstructorResolver.instantiateUsingFactoryMethod(ConstructorResolver.java:636) ~[spring-beans-5.2.4.RELEASE.jar!/:5.2.4.RELEASE]
	at org.springframework.beans.factory.support.AbstractAutowireCapableBeanFactory.instantiateUsingFactoryMethod(AbstractAutowireCapableBeanFactory.java:1338) ~[spring-beans-5.2.4.RELEASE.jar!/:5.2.4.RELEASE]
	at org.springframework.beans.factory.support.AbstractAutowireCapableBeanFactory.createBeanInstance(AbstractAutowireCapableBeanFactory.java:1177) ~[spring-beans-5.2.4.RELEASE.jar!/:5.2.4.RELEASE]
	at org.springframework.beans.factory.support.AbstractAutowireCapableBeanFactory.doCreateBean(AbstractAutowireCapableBeanFactory.java:557) ~[spring-beans-5.2.4.RELEASE.jar!/:5.2.4.RELEASE]
	at org.springframework.beans.factory.support.AbstractAutowireCapableBeanFactory.createBean(AbstractAutowireCapableBeanFactory.java:517) ~[spring-beans-5.2.4.RELEASE.jar!/:5.2.4.RELEASE]
	at org.springframework.beans.factory.support.AbstractBeanFactory.lambda$doGetBean$0(AbstractBeanFactory.java:323) ~[spring-beans-5.2.4.RELEASE.jar!/:5.2.4.RELEASE]
	at org.springframework.beans.factory.support.DefaultSingletonBeanRegistry.getSingleton(DefaultSingletonBeanRegistry.java:222) ~[spring-beans-5.2.4.RELEASE.jar!/:5.2.4.RELEASE]
	at org.springframework.beans.factory.support.AbstractBeanFactory.doGetBean(AbstractBeanFactory.java:321) ~[spring-beans-5.2.4.RELEASE.jar!/:5.2.4.RELEASE]
	at org.springframework.beans.factory.support.AbstractBeanFactory.getBean(AbstractBeanFactory.java:207) ~[spring-beans-5.2.4.RELEASE.jar!/:5.2.4.RELEASE]
	at org.springframework.boot.web.servlet.ServletContextInitializerBeans.getOrderedBeansOfType(ServletContextInitializerBeans.java:211) ~[spring-boot-2.2.5.RELEASE.jar!/:2.2.5.RELEASE]
	at org.springframework.boot.web.servlet.ServletContextInitializerBeans.getOrderedBeansOfType(ServletContextInitializerBeans.java:202) ~[spring-boot-2.2.5.RELEASE.jar!/:2.2.5.RELEASE]
	at org.springframework.boot.web.servlet.ServletContextInitializerBeans.addServletContextInitializerBeans(ServletContextInitializerBeans.java:96) ~[spring-boot-2.2.5.RELEASE.jar!/:2.2.5.RELEASE]
	at org.springframework.boot.web.servlet.ServletContextInitializerBeans.<init>(ServletContextInitializerBeans.java:85) ~[spring-boot-2.2.5.RELEASE.jar!/:2.2.5.RELEASE]
	at org.springframework.boot.web.servlet.context.ServletWebServerApplicationContext.getServletContextInitializerBeans(ServletWebServerApplicationContext.java:253) ~[spring-boot-2.2.5.RELEASE.jar!/:2.2.5.RELEASE]
	at org.springframework.boot.web.servlet.context.ServletWebServerApplicationContext.selfInitialize(ServletWebServerApplicationContext.java:227) ~[spring-boot-2.2.5.RELEASE.jar!/:2.2.5.RELEASE]
	at org.springframework.boot.web.embedded.tomcat.TomcatStarter.onStartup(TomcatStarter.java:53) ~[spring-boot-2.2.5.RELEASE.jar!/:2.2.5.RELEASE]
	at org.apache.catalina.core.StandardContext.startInternal(StandardContext.java:5135) ~[tomcat-embed-core-9.0.31.jar!/:9.0.31]
	at org.apache.catalina.util.LifecycleBase.start(LifecycleBase.java:183) ~[tomcat-embed-core-9.0.31.jar!/:9.0.31]
	at org.apache.catalina.core.ContainerBase$StartChild.call(ContainerBase.java:1384) ~[tomcat-embed-core-9.0.31.jar!/:9.0.31]
	at org.apache.catalina.core.ContainerBase$StartChild.call(ContainerBase.java:1374) ~[tomcat-embed-core-9.0.31.jar!/:9.0.31]
	at java.base/java.util.concurrent.FutureTask.run(FutureTask.java:317) ~[na:na]
	at org.apache.tomcat.util.threads.InlineExecutorService.execute(InlineExecutorService.java:75) ~[tomcat-embed-core-9.0.31.jar!/:9.0.31]
	at java.base/java.util.concurrent.AbstractExecutorService.submit(AbstractExecutorService.java:145) ~[na:na]
	at org.apache.catalina.core.ContainerBase.startInternal(ContainerBase.java:909) ~[tomcat-embed-core-9.0.31.jar!/:9.0.31]
	at org.apache.catalina.core.StandardHost.startInternal(StandardHost.java:841) ~[tomcat-embed-core-9.0.31.jar!/:9.0.31]
	at org.apache.catalina.util.LifecycleBase.start(LifecycleBase.java:183) ~[tomcat-embed-core-9.0.31.jar!/:9.0.31]
	at org.apache.catalina.core.ContainerBase$StartChild.call(ContainerBase.java:1384) ~[tomcat-embed-core-9.0.31.jar!/:9.0.31]
	at org.apache.catalina.core.ContainerBase$StartChild.call(ContainerBase.java:1374) ~[tomcat-embed-core-9.0.31.jar!/:9.0.31]
	at java.base/java.util.concurrent.FutureTask.run(FutureTask.java:317) ~[na:na]
	at org.apache.tomcat.util.threads.InlineExecutorService.execute(InlineExecutorService.java:75) ~[tomcat-embed-core-9.0.31.jar!/:9.0.31]
	at java.base/java.util.concurrent.AbstractExecutorService.submit(AbstractExecutorService.java:145) ~[na:na]
	at org.apache.catalina.core.ContainerBase.startInternal(ContainerBase.java:909) ~[tomcat-embed-core-9.0.31.jar!/:9.0.31]
	at org.apache.catalina.core.StandardEngine.startInternal(StandardEngine.java:262) ~[tomcat-embed-core-9.0.31.jar!/:9.0.31]
	at org.apache.catalina.util.LifecycleBase.start(LifecycleBase.java:183) ~[tomcat-embed-core-9.0.31.jar!/:9.0.31]
	at org.apache.catalina.core.StandardService.startInternal(StandardService.java:421) ~[tomcat-embed-core-9.0.31.jar!/:9.0.31]
	at org.apache.catalina.util.LifecycleBase.start(LifecycleBase.java:183) ~[tomcat-embed-core-9.0.31.jar!/:9.0.31]
	at org.apache.catalina.core.StandardServer.startInternal(StandardServer.java:930) ~[tomcat-embed-core-9.0.31.jar!/:9.0.31]
	at org.apache.catalina.util.LifecycleBase.start(LifecycleBase.java:183) ~[tomcat-embed-core-9.0.31.jar!/:9.0.31]
	at org.apache.catalina.startup.Tomcat.start(Tomcat.java:467) ~[tomcat-embed-core-9.0.31.jar!/:9.0.31]
	at org.springframework.boot.web.embedded.tomcat.TomcatWebServer.initialize(TomcatWebServer.java:107) ~[spring-boot-2.2.5.RELEASE.jar!/:2.2.5.RELEASE]
	at org.springframework.boot.web.embedded.tomcat.TomcatWebServer.<init>(TomcatWebServer.java:88) ~[spring-boot-2.2.5.RELEASE.jar!/:2.2.5.RELEASE]
	at org.springframework.boot.web.embedded.tomcat.TomcatServletWebServerFactory.getTomcatWebServer(TomcatServletWebServerFactory.java:438) ~[spring-boot-2.2.5.RELEASE.jar!/:2.2.5.RELEASE]
	at org.springframework.boot.web.embedded.tomcat.TomcatServletWebServerFactory.getWebServer(TomcatServletWebServerFactory.java:191) ~[spring-boot-2.2.5.RELEASE.jar!/:2.2.5.RELEASE]
	at org.springframework.boot.web.servlet.context.ServletWebServerApplicationContext.createWebServer(ServletWebServerApplicationContext.java:180) ~[spring-boot-2.2.5.RELEASE.jar!/:2.2.5.RELEASE]
	at org.springframework.boot.web.servlet.context.ServletWebServerApplicationContext.onRefresh(ServletWebServerApplicationContext.java:153) ~[spring-boot-2.2.5.RELEASE.jar!/:2.2.5.RELEASE]
	at org.springframework.context.support.AbstractApplicationContext.refresh(AbstractApplicationContext.java:544) ~[spring-context-5.2.4.RELEASE.jar!/:5.2.4.RELEASE]
	at org.springframework.boot.web.servlet.context.ServletWebServerApplicationContext.refresh(ServletWebServerApplicationContext.java:141) ~[spring-boot-2.2.5.RELEASE.jar!/:2.2.5.RELEASE]
	at org.springframework.boot.SpringApplication.refresh(SpringApplication.java:747) ~[spring-boot-2.2.5.RELEASE.jar!/:2.2.5.RELEASE]
	at org.springframework.boot.SpringApplication.refreshContext(SpringApplication.java:397) ~[spring-boot-2.2.5.RELEASE.jar!/:2.2.5.RELEASE]
	at org.springframework.boot.SpringApplication.run(SpringApplication.java:315) ~[spring-boot-2.2.5.RELEASE.jar!/:2.2.5.RELEASE]
	at org.springframework.boot.SpringApplication.run(SpringApplication.java:1226) ~[spring-boot-2.2.5.RELEASE.jar!/:2.2.5.RELEASE]
	at org.springframework.boot.SpringApplication.run(SpringApplication.java:1215) ~[spring-boot-2.2.5.RELEASE.jar!/:2.2.5.RELEASE]
	at com.fagp.petrel.cms.WebApplication.main(WebApplication.java:32) ~[classes!/:na]
	at java.base/jdk.internal.reflect.DirectMethodHandleAccessor.invoke(DirectMethodHandleAccessor.java:103) ~[na:na]
	at java.base/java.lang.reflect.Method.invoke(Method.java:580) ~[na:na]
	at org.springframework.boot.loader.MainMethodRunner.run(MainMethodRunner.java:48) ~[petrel-cms-web-1.0-SNAPSHOT.war:na]
	at org.springframework.boot.loader.Launcher.launch(Launcher.java:87) ~[petrel-cms-web-1.0-SNAPSHOT.war:na]
	at org.springframework.boot.loader.Launcher.launch(Launcher.java:51) ~[petrel-cms-web-1.0-SNAPSHOT.war:na]
	at org.springframework.boot.loader.WarLauncher.main(WarLauncher.java:58) ~[petrel-cms-web-1.0-SNAPSHOT.war:na]
Caused by: com.mysql.cj.exceptions.CJCommunicationsException: Communications link failure

The last packet sent successfully to the server was 0 milliseconds ago. The driver has not received any packets from the server.
	at java.base/jdk.internal.reflect.DirectConstructorHandleAccessor.newInstance(DirectConstructorHandleAccessor.java:62) ~[na:na]
	at java.base/java.lang.reflect.Constructor.newInstanceWithCaller(Constructor.java:502) ~[na:na]
	at java.base/java.lang.reflect.Constructor.newInstance(Constructor.java:486) ~[na:na]
	at com.mysql.cj.exceptions.ExceptionFactory.createException(ExceptionFactory.java:61) ~[mysql-connector-java-8.0.19.jar!/:8.0.19]
	at com.mysql.cj.exceptions.ExceptionFactory.createException(ExceptionFactory.java:105) ~[mysql-connector-java-8.0.19.jar!/:8.0.19]
	at com.mysql.cj.exceptions.ExceptionFactory.createException(ExceptionFactory.java:151) ~[mysql-connector-java-8.0.19.jar!/:8.0.19]
	at com.mysql.cj.exceptions.ExceptionFactory.createCommunicationsException(ExceptionFactory.java:167) ~[mysql-connector-java-8.0.19.jar!/:8.0.19]
	at com.mysql.cj.protocol.a.NativeSocketConnection.connect(NativeSocketConnection.java:91) ~[mysql-connector-java-8.0.19.jar!/:8.0.19]
	at com.mysql.cj.NativeSession.connect(NativeSession.java:144) ~[mysql-connector-java-8.0.19.jar!/:8.0.19]
	at com.mysql.cj.jdbc.ConnectionImpl.connectOneTryOnly(ConnectionImpl.java:956) ~[mysql-connector-java-8.0.19.jar!/:8.0.19]
	at com.mysql.cj.jdbc.ConnectionImpl.createNewIO(ConnectionImpl.java:826) ~[mysql-connector-java-8.0.19.jar!/:8.0.19]
	... 149 common frames omitted
Caused by: java.net.ConnectException: Connection timed out
	at java.base/sun.nio.ch.Net.connect0(Native Method) ~[na:na]
	at java.base/sun.nio.ch.Net.connect(Net.java:589) ~[na:na]
	at java.base/sun.nio.ch.Net.connect(Net.java:578) ~[na:na]
	at java.base/sun.nio.ch.NioSocketImpl.connect(NioSocketImpl.java:583) ~[na:na]
	at java.base/java.net.SocksSocketImpl.connect(SocksSocketImpl.java:327) ~[na:na]
	at java.base/java.net.Socket.connect(Socket.java:751) ~[na:na]
	at com.mysql.cj.protocol.StandardSocketFactory.connect(StandardSocketFactory.java:155) ~[mysql-connector-java-8.0.19.jar!/:8.0.19]
	at com.mysql.cj.protocol.a.NativeSocketConnection.connect(NativeSocketConnection.java:65) ~[mysql-connector-java-8.0.19.jar!/:8.0.19]
	... 152 common frames omitted

2025-11-09 19:37:00.085 ERROR 47918 --- [           main] com.alibaba.druid.pool.DruidDataSource   : {dataSource-1} init error

com.mysql.cj.jdbc.exceptions.CommunicationsException: Communications link failure

The last packet sent successfully to the server was 0 milliseconds ago. The driver has not received any packets from the server.
	at com.mysql.cj.jdbc.exceptions.SQLError.createCommunicationsException(SQLError.java:174) ~[mysql-connector-java-8.0.19.jar!/:8.0.19]
	at com.mysql.cj.jdbc.exceptions.SQLExceptionsMapping.translateException(SQLExceptionsMapping.java:64) ~[mysql-connector-java-8.0.19.jar!/:8.0.19]
	at com.mysql.cj.jdbc.ConnectionImpl.createNewIO(ConnectionImpl.java:836) ~[mysql-connector-java-8.0.19.jar!/:8.0.19]
	at com.mysql.cj.jdbc.ConnectionImpl.<init>(ConnectionImpl.java:456) ~[mysql-connector-java-8.0.19.jar!/:8.0.19]
	at com.mysql.cj.jdbc.ConnectionImpl.getInstance(ConnectionImpl.java:246) ~[mysql-connector-java-8.0.19.jar!/:8.0.19]
	at com.mysql.cj.jdbc.NonRegisteringDriver.connect(NonRegisteringDriver.java:197) ~[mysql-connector-java-8.0.19.jar!/:8.0.19]
	at com.alibaba.druid.filter.FilterChainImpl.connection_connect(FilterChainImpl.java:156) ~[druid-1.1.22.jar!/:1.1.22]
	at com.alibaba.druid.filter.stat.StatFilter.connection_connect(StatFilter.java:218) ~[druid-1.1.22.jar!/:1.1.22]
	at com.alibaba.druid.filter.FilterChainImpl.connection_connect(FilterChainImpl.java:150) ~[druid-1.1.22.jar!/:1.1.22]
	at com.alibaba.druid.pool.DruidAbstractDataSource.createPhysicalConnection(DruidAbstractDataSource.java:1646) ~[druid-1.1.22.jar!/:1.1.22]
	at com.alibaba.druid.pool.DruidAbstractDataSource.createPhysicalConnection(DruidAbstractDataSource.java:1710) ~[druid-1.1.22.jar!/:1.1.22]
	at com.alibaba.druid.pool.DruidDataSource.init(DruidDataSource.java:923) ~[druid-1.1.22.jar!/:1.1.22]
	at com.baomidou.dynamic.datasource.creator.DruidDataSourceCreator.createDataSource(DruidDataSourceCreator.java:158) ~[dynamic-datasource-spring-boot-starter-3.2.1.jar!/:3.2.1]
	at com.baomidou.dynamic.datasource.creator.DataSourceCreator.createDruidDataSource(DataSourceCreator.java:174) ~[dynamic-datasource-spring-boot-starter-3.2.1.jar!/:3.2.1]
	at com.baomidou.dynamic.datasource.creator.DataSourceCreator.createDataSource(DataSourceCreator.java:90) ~[dynamic-datasource-spring-boot-starter-3.2.1.jar!/:3.2.1]
	at com.baomidou.dynamic.datasource.provider.AbstractDataSourceProvider.createDataSourceMap(AbstractDataSourceProvider.java:45) ~[dynamic-datasource-spring-boot-starter-3.2.1.jar!/:3.2.1]
	at com.baomidou.dynamic.datasource.provider.YmlDynamicDataSourceProvider.loadDataSources(YmlDynamicDataSourceProvider.java:43) ~[dynamic-datasource-spring-boot-starter-3.2.1.jar!/:3.2.1]
	at com.baomidou.dynamic.datasource.DynamicRoutingDataSource.afterPropertiesSet(DynamicRoutingDataSource.java:229) ~[dynamic-datasource-spring-boot-starter-3.2.1.jar!/:3.2.1]
	at org.springframework.beans.factory.support.AbstractAutowireCapableBeanFactory.invokeInitMethods(AbstractAutowireCapableBeanFactory.java:1855) ~[spring-beans-5.2.4.RELEASE.jar!/:5.2.4.RELEASE]
	at org.springframework.beans.factory.support.AbstractAutowireCapableBeanFactory.initializeBean(AbstractAutowireCapableBeanFactory.java:1792) ~[spring-beans-5.2.4.RELEASE.jar!/:5.2.4.RELEASE]
	at org.springframework.beans.factory.support.AbstractAutowireCapableBeanFactory.doCreateBean(AbstractAutowireCapableBeanFactory.java:595) ~[spring-beans-5.2.4.RELEASE.jar!/:5.2.4.RELEASE]
	at org.springframework.beans.factory.support.AbstractAutowireCapableBeanFactory.createBean(AbstractAutowireCapableBeanFactory.java:517) ~[spring-beans-5.2.4.RELEASE.jar!/:5.2.4.RELEASE]
	at org.springframework.beans.factory.support.AbstractBeanFactory.lambda$doGetBean$0(AbstractBeanFactory.java:323) ~[spring-beans-5.2.4.RELEASE.jar!/:5.2.4.RELEASE]
	at org.springframework.beans.factory.support.DefaultSingletonBeanRegistry.getSingleton(DefaultSingletonBeanRegistry.java:222) ~[spring-beans-5.2.4.RELEASE.jar!/:5.2.4.RELEASE]
	at org.springframework.beans.factory.support.AbstractBeanFactory.doGetBean(AbstractBeanFactory.java:321) ~[spring-beans-5.2.4.RELEASE.jar!/:5.2.4.RELEASE]
	at org.springframework.beans.factory.support.AbstractBeanFactory.getBean(AbstractBeanFactory.java:202) ~[spring-beans-5.2.4.RELEASE.jar!/:5.2.4.RELEASE]
	at org.springframework.beans.factory.config.DependencyDescriptor.resolveCandidate(DependencyDescriptor.java:276) ~[spring-beans-5.2.4.RELEASE.jar!/:5.2.4.RELEASE]
	at org.springframework.beans.factory.support.DefaultListableBeanFactory.addCandidateEntry(DefaultListableBeanFactory.java:1503) ~[spring-beans-5.2.4.RELEASE.jar!/:5.2.4.RELEASE]
	at org.springframework.beans.factory.support.DefaultListableBeanFactory.findAutowireCandidates(DefaultListableBeanFactory.java:1467) ~[spring-beans-5.2.4.RELEASE.jar!/:5.2.4.RELEASE]
	at org.springframework.beans.factory.support.DefaultListableBeanFactory.resolveMultipleBeans(DefaultListableBeanFactory.java:1386) ~[spring-beans-5.2.4.RELEASE.jar!/:5.2.4.RELEASE]
	at org.springframework.beans.factory.support.DefaultListableBeanFactory.doResolveDependency(DefaultListableBeanFactory.java:1245) ~[spring-beans-5.2.4.RELEASE.jar!/:5.2.4.RELEASE]
	at org.springframework.beans.factory.support.DefaultListableBeanFactory.resolveDependency(DefaultListableBeanFactory.java:1207) ~[spring-beans-5.2.4.RELEASE.jar!/:5.2.4.RELEASE]
	at org.springframework.beans.factory.support.ConstructorResolver.resolveAutowiredArgument(ConstructorResolver.java:885) ~[spring-beans-5.2.4.RELEASE.jar!/:5.2.4.RELEASE]
	at org.springframework.beans.factory.support.ConstructorResolver.createArgumentArray(ConstructorResolver.java:789) ~[spring-beans-5.2.4.RELEASE.jar!/:5.2.4.RELEASE]
	at org.springframework.beans.factory.support.ConstructorResolver.autowireConstructor(ConstructorResolver.java:228) ~[spring-beans-5.2.4.RELEASE.jar!/:5.2.4.RELEASE]
	at org.springframework.beans.factory.support.AbstractAutowireCapableBeanFactory.autowireConstructor(AbstractAutowireCapableBeanFactory.java:1358) ~[spring-beans-5.2.4.RELEASE.jar!/:5.2.4.RELEASE]
	at org.springframework.beans.factory.support.AbstractAutowireCapableBeanFactory.createBeanInstance(AbstractAutowireCapableBeanFactory.java:1204) ~[spring-beans-5.2.4.RELEASE.jar!/:5.2.4.RELEASE]
	at org.springframework.beans.factory.support.AbstractAutowireCapableBeanFactory.doCreateBean(AbstractAutowireCapableBeanFactory.java:557) ~[spring-beans-5.2.4.RELEASE.jar!/:5.2.4.RELEASE]
	at org.springframework.beans.factory.support.AbstractAutowireCapableBeanFactory.createBean(AbstractAutowireCapableBeanFactory.java:517) ~[spring-beans-5.2.4.RELEASE.jar!/:5.2.4.RELEASE]
	at org.springframework.beans.factory.support.AbstractBeanFactory.lambda$doGetBean$0(AbstractBeanFactory.java:323) ~[spring-beans-5.2.4.RELEASE.jar!/:5.2.4.RELEASE]
	at org.springframework.beans.factory.support.DefaultSingletonBeanRegistry.getSingleton(DefaultSingletonBeanRegistry.java:222) ~[spring-beans-5.2.4.RELEASE.jar!/:5.2.4.RELEASE]
	at org.springframework.beans.factory.support.AbstractBeanFactory.doGetBean(AbstractBeanFactory.java:321) ~[spring-beans-5.2.4.RELEASE.jar!/:5.2.4.RELEASE]
	at org.springframework.beans.factory.support.AbstractBeanFactory.getBean(AbstractBeanFactory.java:202) ~[spring-beans-5.2.4.RELEASE.jar!/:5.2.4.RELEASE]
	at org.springframework.beans.factory.support.ConstructorResolver.instantiateUsingFactoryMethod(ConstructorResolver.java:409) ~[spring-beans-5.2.4.RELEASE.jar!/:5.2.4.RELEASE]
	at org.springframework.beans.factory.support.AbstractAutowireCapableBeanFactory.instantiateUsingFactoryMethod(AbstractAutowireCapableBeanFactory.java:1338) ~[spring-beans-5.2.4.RELEASE.jar!/:5.2.4.RELEASE]
	at org.springframework.beans.factory.support.AbstractAutowireCapableBeanFactory.createBeanInstance(AbstractAutowireCapableBeanFactory.java:1177) ~[spring-beans-5.2.4.RELEASE.jar!/:5.2.4.RELEASE]
	at org.springframework.beans.factory.support.AbstractAutowireCapableBeanFactory.doCreateBean(AbstractAutowireCapableBeanFactory.java:557) ~[spring-beans-5.2.4.RELEASE.jar!/:5.2.4.RELEASE]
	at org.springframework.beans.factory.support.AbstractAutowireCapableBeanFactory.createBean(AbstractAutowireCapableBeanFactory.java:517) ~[spring-beans-5.2.4.RELEASE.jar!/:5.2.4.RELEASE]
	at org.springframework.beans.factory.support.AbstractBeanFactory.lambda$doGetBean$0(AbstractBeanFactory.java:323) ~[spring-beans-5.2.4.RELEASE.jar!/:5.2.4.RELEASE]
	at org.springframework.beans.factory.support.DefaultSingletonBeanRegistry.getSingleton(DefaultSingletonBeanRegistry.java:222) ~[spring-beans-5.2.4.RELEASE.jar!/:5.2.4.RELEASE]
	at org.springframework.beans.factory.support.AbstractBeanFactory.doGetBean(AbstractBeanFactory.java:321) ~[spring-beans-5.2.4.RELEASE.jar!/:5.2.4.RELEASE]
	at org.springframework.beans.factory.support.AbstractBeanFactory.getBean(AbstractBeanFactory.java:202) ~[spring-beans-5.2.4.RELEASE.jar!/:5.2.4.RELEASE]
	at org.springframework.beans.factory.support.DefaultListableBeanFactory.getBeansOfType(DefaultListableBeanFactory.java:617) ~[spring-beans-5.2.4.RELEASE.jar!/:5.2.4.RELEASE]
	at org.springframework.beans.factory.support.DefaultListableBeanFactory.getBeansOfType(DefaultListableBeanFactory.java:605) ~[spring-beans-5.2.4.RELEASE.jar!/:5.2.4.RELEASE]
	at org.springframework.context.support.AbstractApplicationContext.getBeansOfType(AbstractApplicationContext.java:1242) ~[spring-context-5.2.4.RELEASE.jar!/:5.2.4.RELEASE]
	at org.springframework.boot.actuate.autoconfigure.health.HealthEndpointConfiguration.healthContributorRegistry(HealthEndpointConfiguration.java:78) ~[spring-boot-actuator-autoconfigure-2.2.5.RELEASE.jar!/:2.2.5.RELEASE]
	at java.base/jdk.internal.reflect.DirectMethodHandleAccessor.invoke(DirectMethodHandleAccessor.java:103) ~[na:na]
	at java.base/java.lang.reflect.Method.invoke(Method.java:580) ~[na:na]
	at org.springframework.beans.factory.support.SimpleInstantiationStrategy.instantiate(SimpleInstantiationStrategy.java:154) ~[spring-beans-5.2.4.RELEASE.jar!/:5.2.4.RELEASE]
	at org.springframework.beans.factory.support.ConstructorResolver.instantiate(ConstructorResolver.java:651) ~[spring-beans-5.2.4.RELEASE.jar!/:5.2.4.RELEASE]
	at org.springframework.beans.factory.support.ConstructorResolver.instantiateUsingFactoryMethod(ConstructorResolver.java:636) ~[spring-beans-5.2.4.RELEASE.jar!/:5.2.4.RELEASE]
	at org.springframework.beans.factory.support.AbstractAutowireCapableBeanFactory.instantiateUsingFactoryMethod(AbstractAutowireCapableBeanFactory.java:1338) ~[spring-beans-5.2.4.RELEASE.jar!/:5.2.4.RELEASE]
	at org.springframework.beans.factory.support.AbstractAutowireCapableBeanFactory.createBeanInstance(AbstractAutowireCapableBeanFactory.java:1177) ~[spring-beans-5.2.4.RELEASE.jar!/:5.2.4.RELEASE]
	at org.springframework.beans.factory.support.AbstractAutowireCapableBeanFactory.doCreateBean(AbstractAutowireCapableBeanFactory.java:557) ~[spring-beans-5.2.4.RELEASE.jar!/:5.2.4.RELEASE]
	at org.springframework.beans.factory.support.AbstractAutowireCapableBeanFactory.createBean(AbstractAutowireCapableBeanFactory.java:517) ~[spring-beans-5.2.4.RELEASE.jar!/:5.2.4.RELEASE]
	at org.springframework.beans.factory.support.AbstractBeanFactory.lambda$doGetBean$0(AbstractBeanFactory.java:323) ~[spring-beans-5.2.4.RELEASE.jar!/:5.2.4.RELEASE]
	at org.springframework.beans.factory.support.DefaultSingletonBeanRegistry.getSingleton(DefaultSingletonBeanRegistry.java:222) ~[spring-beans-5.2.4.RELEASE.jar!/:5.2.4.RELEASE]
	at org.springframework.beans.factory.support.AbstractBeanFactory.doGetBean(AbstractBeanFactory.java:321) ~[spring-beans-5.2.4.RELEASE.jar!/:5.2.4.RELEASE]
	at org.springframework.beans.factory.support.AbstractBeanFactory.getBean(AbstractBeanFactory.java:202) ~[spring-beans-5.2.4.RELEASE.jar!/:5.2.4.RELEASE]
	at org.springframework.beans.factory.config.DependencyDescriptor.resolveCandidate(DependencyDescriptor.java:276) ~[spring-beans-5.2.4.RELEASE.jar!/:5.2.4.RELEASE]
	at org.springframework.beans.factory.support.DefaultListableBeanFactory.doResolveDependency(DefaultListableBeanFactory.java:1287) ~[spring-beans-5.2.4.RELEASE.jar!/:5.2.4.RELEASE]
	at org.springframework.beans.factory.support.DefaultListableBeanFactory.resolveDependency(DefaultListableBeanFactory.java:1207) ~[spring-beans-5.2.4.RELEASE.jar!/:5.2.4.RELEASE]
	at org.springframework.beans.factory.support.ConstructorResolver.resolveAutowiredArgument(ConstructorResolver.java:885) ~[spring-beans-5.2.4.RELEASE.jar!/:5.2.4.RELEASE]
	at org.springframework.beans.factory.support.ConstructorResolver.createArgumentArray(ConstructorResolver.java:789) ~[spring-beans-5.2.4.RELEASE.jar!/:5.2.4.RELEASE]
	at org.springframework.beans.factory.support.ConstructorResolver.instantiateUsingFactoryMethod(ConstructorResolver.java:539) ~[spring-beans-5.2.4.RELEASE.jar!/:5.2.4.RELEASE]
	at org.springframework.beans.factory.support.AbstractAutowireCapableBeanFactory.instantiateUsingFactoryMethod(AbstractAutowireCapableBeanFactory.java:1338) ~[spring-beans-5.2.4.RELEASE.jar!/:5.2.4.RELEASE]
	at org.springframework.beans.factory.support.AbstractAutowireCapableBeanFactory.createBeanInstance(AbstractAutowireCapableBeanFactory.java:1177) ~[spring-beans-5.2.4.RELEASE.jar!/:5.2.4.RELEASE]
	at org.springframework.beans.factory.support.AbstractAutowireCapableBeanFactory.doCreateBean(AbstractAutowireCapableBeanFactory.java:557) ~[spring-beans-5.2.4.RELEASE.jar!/:5.2.4.RELEASE]
	at org.springframework.beans.factory.support.AbstractAutowireCapableBeanFactory.createBean(AbstractAutowireCapableBeanFactory.java:517) ~[spring-beans-5.2.4.RELEASE.jar!/:5.2.4.RELEASE]
	at org.springframework.beans.factory.support.AbstractBeanFactory.lambda$doGetBean$0(AbstractBeanFactory.java:323) ~[spring-beans-5.2.4.RELEASE.jar!/:5.2.4.RELEASE]
	at org.springframework.beans.factory.support.DefaultSingletonBeanRegistry.getSingleton(DefaultSingletonBeanRegistry.java:222) ~[spring-beans-5.2.4.RELEASE.jar!/:5.2.4.RELEASE]
	at org.springframework.beans.factory.support.AbstractBeanFactory.doGetBean(AbstractBeanFactory.java:321) ~[spring-beans-5.2.4.RELEASE.jar!/:5.2.4.RELEASE]
	at org.springframework.beans.factory.support.AbstractBeanFactory.getBean(AbstractBeanFactory.java:202) ~[spring-beans-5.2.4.RELEASE.jar!/:5.2.4.RELEASE]
	at org.springframework.context.support.AbstractApplicationContext.getBean(AbstractApplicationContext.java:1108) ~[spring-context-5.2.4.RELEASE.jar!/:5.2.4.RELEASE]
	at org.springframework.boot.actuate.endpoint.annotation.EndpointDiscoverer.createEndpointBean(EndpointDiscoverer.java:143) ~[spring-boot-actuator-2.2.5.RELEASE.jar!/:2.2.5.RELEASE]
	at org.springframework.boot.actuate.endpoint.annotation.EndpointDiscoverer.createEndpointBeans(EndpointDiscoverer.java:133) ~[spring-boot-actuator-2.2.5.RELEASE.jar!/:2.2.5.RELEASE]
	at org.springframework.boot.actuate.endpoint.annotation.EndpointDiscoverer.discoverEndpoints(EndpointDiscoverer.java:122) ~[spring-boot-actuator-2.2.5.RELEASE.jar!/:2.2.5.RELEASE]
	at org.springframework.boot.actuate.endpoint.annotation.EndpointDiscoverer.getEndpoints(EndpointDiscoverer.java:116) ~[spring-boot-actuator-2.2.5.RELEASE.jar!/:2.2.5.RELEASE]
	at org.springframework.boot.actuate.autoconfigure.endpoint.web.ServletEndpointManagementContextConfiguration$WebMvcServletEndpointManagementContextConfiguration.servletEndpointRegistrar(ServletEndpointManagementContextConfiguration.java:65) ~[spring-boot-actuator-autoconfigure-2.2.5.RELEASE.jar!/:2.2.5.RELEASE]
	at java.base/jdk.internal.reflect.DirectMethodHandleAccessor.invoke(DirectMethodHandleAccessor.java:103) ~[na:na]
	at java.base/java.lang.reflect.Method.invoke(Method.java:580) ~[na:na]
	at org.springframework.beans.factory.support.SimpleInstantiationStrategy.instantiate(SimpleInstantiationStrategy.java:154) ~[spring-beans-5.2.4.RELEASE.jar!/:5.2.4.RELEASE]
	at org.springframework.beans.factory.support.ConstructorResolver.instantiate(ConstructorResolver.java:651) ~[spring-beans-5.2.4.RELEASE.jar!/:5.2.4.RELEASE]
	at org.springframework.beans.factory.support.ConstructorResolver.instantiateUsingFactoryMethod(ConstructorResolver.java:636) ~[spring-beans-5.2.4.RELEASE.jar!/:5.2.4.RELEASE]
	at org.springframework.beans.factory.support.AbstractAutowireCapableBeanFactory.instantiateUsingFactoryMethod(AbstractAutowireCapableBeanFactory.java:1338) ~[spring-beans-5.2.4.RELEASE.jar!/:5.2.4.RELEASE]
	at org.springframework.beans.factory.support.AbstractAutowireCapableBeanFactory.createBeanInstance(AbstractAutowireCapableBeanFactory.java:1177) ~[spring-beans-5.2.4.RELEASE.jar!/:5.2.4.RELEASE]
	at org.springframework.beans.factory.support.AbstractAutowireCapableBeanFactory.doCreateBean(AbstractAutowireCapableBeanFactory.java:557) ~[spring-beans-5.2.4.RELEASE.jar!/:5.2.4.RELEASE]
	at org.springframework.beans.factory.support.AbstractAutowireCapableBeanFactory.createBean(AbstractAutowireCapableBeanFactory.java:517) ~[spring-beans-5.2.4.RELEASE.jar!/:5.2.4.RELEASE]
	at org.springframework.beans.factory.support.AbstractBeanFactory.lambda$doGetBean$0(AbstractBeanFactory.java:323) ~[spring-beans-5.2.4.RELEASE.jar!/:5.2.4.RELEASE]
	at org.springframework.beans.factory.support.DefaultSingletonBeanRegistry.getSingleton(DefaultSingletonBeanRegistry.java:222) ~[spring-beans-5.2.4.RELEASE.jar!/:5.2.4.RELEASE]
	at org.springframework.beans.factory.support.AbstractBeanFactory.doGetBean(AbstractBeanFactory.java:321) ~[spring-beans-5.2.4.RELEASE.jar!/:5.2.4.RELEASE]
	at org.springframework.beans.factory.support.AbstractBeanFactory.getBean(AbstractBeanFactory.java:207) ~[spring-beans-5.2.4.RELEASE.jar!/:5.2.4.RELEASE]
	at org.springframework.boot.web.servlet.ServletContextInitializerBeans.getOrderedBeansOfType(ServletContextInitializerBeans.java:211) ~[spring-boot-2.2.5.RELEASE.jar!/:2.2.5.RELEASE]
	at org.springframework.boot.web.servlet.ServletContextInitializerBeans.getOrderedBeansOfType(ServletContextInitializerBeans.java:202) ~[spring-boot-2.2.5.RELEASE.jar!/:2.2.5.RELEASE]
	at org.springframework.boot.web.servlet.ServletContextInitializerBeans.addServletContextInitializerBeans(ServletContextInitializerBeans.java:96) ~[spring-boot-2.2.5.RELEASE.jar!/:2.2.5.RELEASE]
	at org.springframework.boot.web.servlet.ServletContextInitializerBeans.<init>(ServletContextInitializerBeans.java:85) ~[spring-boot-2.2.5.RELEASE.jar!/:2.2.5.RELEASE]
	at org.springframework.boot.web.servlet.context.ServletWebServerApplicationContext.getServletContextInitializerBeans(ServletWebServerApplicationContext.java:253) ~[spring-boot-2.2.5.RELEASE.jar!/:2.2.5.RELEASE]
	at org.springframework.boot.web.servlet.context.ServletWebServerApplicationContext.selfInitialize(ServletWebServerApplicationContext.java:227) ~[spring-boot-2.2.5.RELEASE.jar!/:2.2.5.RELEASE]
	at org.springframework.boot.web.embedded.tomcat.TomcatStarter.onStartup(TomcatStarter.java:53) ~[spring-boot-2.2.5.RELEASE.jar!/:2.2.5.RELEASE]
	at org.apache.catalina.core.StandardContext.startInternal(StandardContext.java:5135) ~[tomcat-embed-core-9.0.31.jar!/:9.0.31]
	at org.apache.catalina.util.LifecycleBase.start(LifecycleBase.java:183) ~[tomcat-embed-core-9.0.31.jar!/:9.0.31]
	at org.apache.catalina.core.ContainerBase$StartChild.call(ContainerBase.java:1384) ~[tomcat-embed-core-9.0.31.jar!/:9.0.31]
	at org.apache.catalina.core.ContainerBase$StartChild.call(ContainerBase.java:1374) ~[tomcat-embed-core-9.0.31.jar!/:9.0.31]
	at java.base/java.util.concurrent.FutureTask.run(FutureTask.java:317) ~[na:na]
	at org.apache.tomcat.util.threads.InlineExecutorService.execute(InlineExecutorService.java:75) ~[tomcat-embed-core-9.0.31.jar!/:9.0.31]
	at java.base/java.util.concurrent.AbstractExecutorService.submit(AbstractExecutorService.java:145) ~[na:na]
	at org.apache.catalina.core.ContainerBase.startInternal(ContainerBase.java:909) ~[tomcat-embed-core-9.0.31.jar!/:9.0.31]
	at org.apache.catalina.core.StandardHost.startInternal(StandardHost.java:841) ~[tomcat-embed-core-9.0.31.jar!/:9.0.31]
	at org.apache.catalina.util.LifecycleBase.start(LifecycleBase.java:183) ~[tomcat-embed-core-9.0.31.jar!/:9.0.31]
	at org.apache.catalina.core.ContainerBase$StartChild.call(ContainerBase.java:1384) ~[tomcat-embed-core-9.0.31.jar!/:9.0.31]
	at org.apache.catalina.core.ContainerBase$StartChild.call(ContainerBase.java:1374) ~[tomcat-embed-core-9.0.31.jar!/:9.0.31]
	at java.base/java.util.concurrent.FutureTask.run(FutureTask.java:317) ~[na:na]
	at org.apache.tomcat.util.threads.InlineExecutorService.execute(InlineExecutorService.java:75) ~[tomcat-embed-core-9.0.31.jar!/:9.0.31]
	at java.base/java.util.concurrent.AbstractExecutorService.submit(AbstractExecutorService.java:145) ~[na:na]
	at org.apache.catalina.core.ContainerBase.startInternal(ContainerBase.java:909) ~[tomcat-embed-core-9.0.31.jar!/:9.0.31]
	at org.apache.catalina.core.StandardEngine.startInternal(StandardEngine.java:262) ~[tomcat-embed-core-9.0.31.jar!/:9.0.31]
	at org.apache.catalina.util.LifecycleBase.start(LifecycleBase.java:183) ~[tomcat-embed-core-9.0.31.jar!/:9.0.31]
	at org.apache.catalina.core.StandardService.startInternal(StandardService.java:421) ~[tomcat-embed-core-9.0.31.jar!/:9.0.31]
	at org.apache.catalina.util.LifecycleBase.start(LifecycleBase.java:183) ~[tomcat-embed-core-9.0.31.jar!/:9.0.31]
	at org.apache.catalina.core.StandardServer.startInternal(StandardServer.java:930) ~[tomcat-embed-core-9.0.31.jar!/:9.0.31]
	at org.apache.catalina.util.LifecycleBase.start(LifecycleBase.java:183) ~[tomcat-embed-core-9.0.31.jar!/:9.0.31]
	at org.apache.catalina.startup.Tomcat.start(Tomcat.java:467) ~[tomcat-embed-core-9.0.31.jar!/:9.0.31]
	at org.springframework.boot.web.embedded.tomcat.TomcatWebServer.initialize(TomcatWebServer.java:107) ~[spring-boot-2.2.5.RELEASE.jar!/:2.2.5.RELEASE]
	at org.springframework.boot.web.embedded.tomcat.TomcatWebServer.<init>(TomcatWebServer.java:88) ~[spring-boot-2.2.5.RELEASE.jar!/:2.2.5.RELEASE]
	at org.springframework.boot.web.embedded.tomcat.TomcatServletWebServerFactory.getTomcatWebServer(TomcatServletWebServerFactory.java:438) ~[spring-boot-2.2.5.RELEASE.jar!/:2.2.5.RELEASE]
	at org.springframework.boot.web.embedded.tomcat.TomcatServletWebServerFactory.getWebServer(TomcatServletWebServerFactory.java:191) ~[spring-boot-2.2.5.RELEASE.jar!/:2.2.5.RELEASE]
	at org.springframework.boot.web.servlet.context.ServletWebServerApplicationContext.createWebServer(ServletWebServerApplicationContext.java:180) ~[spring-boot-2.2.5.RELEASE.jar!/:2.2.5.RELEASE]
	at org.springframework.boot.web.servlet.context.ServletWebServerApplicationContext.onRefresh(ServletWebServerApplicationContext.java:153) ~[spring-boot-2.2.5.RELEASE.jar!/:2.2.5.RELEASE]
	at org.springframework.context.support.AbstractApplicationContext.refresh(AbstractApplicationContext.java:544) ~[spring-context-5.2.4.RELEASE.jar!/:5.2.4.RELEASE]
	at org.springframework.boot.web.servlet.context.ServletWebServerApplicationContext.refresh(ServletWebServerApplicationContext.java:141) ~[spring-boot-2.2.5.RELEASE.jar!/:2.2.5.RELEASE]
	at org.springframework.boot.SpringApplication.refresh(SpringApplication.java:747) ~[spring-boot-2.2.5.RELEASE.jar!/:2.2.5.RELEASE]
	at org.springframework.boot.SpringApplication.refreshContext(SpringApplication.java:397) ~[spring-boot-2.2.5.RELEASE.jar!/:2.2.5.RELEASE]
	at org.springframework.boot.SpringApplication.run(SpringApplication.java:315) ~[spring-boot-2.2.5.RELEASE.jar!/:2.2.5.RELEASE]
	at org.springframework.boot.SpringApplication.run(SpringApplication.java:1226) ~[spring-boot-2.2.5.RELEASE.jar!/:2.2.5.RELEASE]
	at org.springframework.boot.SpringApplication.run(SpringApplication.java:1215) ~[spring-boot-2.2.5.RELEASE.jar!/:2.2.5.RELEASE]
	at com.fagp.petrel.cms.WebApplication.main(WebApplication.java:32) ~[classes!/:na]
	at java.base/jdk.internal.reflect.DirectMethodHandleAccessor.invoke(DirectMethodHandleAccessor.java:103) ~[na:na]
	at java.base/java.lang.reflect.Method.invoke(Method.java:580) ~[na:na]
	at org.springframework.boot.loader.MainMethodRunner.run(MainMethodRunner.java:48) ~[petrel-cms-web-1.0-SNAPSHOT.war:na]
	at org.springframework.boot.loader.Launcher.launch(Launcher.java:87) ~[petrel-cms-web-1.0-SNAPSHOT.war:na]
	at org.springframework.boot.loader.Launcher.launch(Launcher.java:51) ~[petrel-cms-web-1.0-SNAPSHOT.war:na]
	at org.springframework.boot.loader.WarLauncher.main(WarLauncher.java:58) ~[petrel-cms-web-1.0-SNAPSHOT.war:na]
Caused by: com.mysql.cj.exceptions.CJCommunicationsException: Communications link failure

The last packet sent successfully to the server was 0 milliseconds ago. The driver has not received any packets from the server.
	at java.base/jdk.internal.reflect.DirectConstructorHandleAccessor.newInstance(DirectConstructorHandleAccessor.java:62) ~[na:na]
	at java.base/java.lang.reflect.Constructor.newInstanceWithCaller(Constructor.java:502) ~[na:na]
	at java.base/java.lang.reflect.Constructor.newInstance(Constructor.java:486) ~[na:na]
	at com.mysql.cj.exceptions.ExceptionFactory.createException(ExceptionFactory.java:61) ~[mysql-connector-java-8.0.19.jar!/:8.0.19]
	at com.mysql.cj.exceptions.ExceptionFactory.createException(ExceptionFactory.java:105) ~[mysql-connector-java-8.0.19.jar!/:8.0.19]
	at com.mysql.cj.exceptions.ExceptionFactory.createException(ExceptionFactory.java:151) ~[mysql-connector-java-8.0.19.jar!/:8.0.19]
	at com.mysql.cj.exceptions.ExceptionFactory.createCommunicationsException(ExceptionFactory.java:167) ~[mysql-connector-java-8.0.19.jar!/:8.0.19]
	at com.mysql.cj.protocol.a.NativeSocketConnection.connect(NativeSocketConnection.java:91) ~[mysql-connector-java-8.0.19.jar!/:8.0.19]
	at com.mysql.cj.NativeSession.connect(NativeSession.java:144) ~[mysql-connector-java-8.0.19.jar!/:8.0.19]
	at com.mysql.cj.jdbc.ConnectionImpl.connectOneTryOnly(ConnectionImpl.java:956) ~[mysql-connector-java-8.0.19.jar!/:8.0.19]
	at com.mysql.cj.jdbc.ConnectionImpl.createNewIO(ConnectionImpl.java:826) ~[mysql-connector-java-8.0.19.jar!/:8.0.19]
	... 149 common frames omitted
Caused by: java.net.ConnectException: Connection timed out
	at java.base/sun.nio.ch.Net.connect0(Native Method) ~[na:na]
	at java.base/sun.nio.ch.Net.connect(Net.java:589) ~[na:na]
	at java.base/sun.nio.ch.Net.connect(Net.java:578) ~[na:na]
	at java.base/sun.nio.ch.NioSocketImpl.connect(NioSocketImpl.java:583) ~[na:na]
	at java.base/java.net.SocksSocketImpl.connect(SocksSocketImpl.java:327) ~[na:na]
	at java.base/java.net.Socket.connect(Socket.java:751) ~[na:na]
	at com.mysql.cj.protocol.StandardSocketFactory.connect(StandardSocketFactory.java:155) ~[mysql-connector-java-8.0.19.jar!/:8.0.19]
	at com.mysql.cj.protocol.a.NativeSocketConnection.connect(NativeSocketConnection.java:65) ~[mysql-connector-java-8.0.19.jar!/:8.0.19]
	... 152 common frames omitted

2025-11-09 19:37:00.087  INFO 47918 --- [           main] com.alibaba.druid.pool.DruidDataSource   : {dataSource-1,petrel_core} inited
2025-11-09 19:37:00.092 ERROR 47918 --- [           main] o.s.b.web.embedded.tomcat.TomcatStarter  : Error starting Tomcat context. Exception: org.springframework.beans.factory.BeanCreationException. Message: Error creating bean with name 'servletEndpointRegistrar' defined in class path resource [org/springframework/boot/actuate/autoconfigure/endpoint/web/ServletEndpointManagementContextConfiguration$WebMvcServletEndpointManagementContextConfiguration.class]: Bean instantiation via factory method failed; nested exception is org.springframework.beans.BeanInstantiationException: Failed to instantiate [org.springframework.boot.actuate.endpoint.web.ServletEndpointRegistrar]: Factory method 'servletEndpointRegistrar' threw exception; nested exception is org.springframework.beans.factory.UnsatisfiedDependencyException: Error creating bean with name 'healthEndpoint' defined in class path resource [org/springframework/boot/actuate/autoconfigure/health/HealthEndpointConfiguration.class]: Unsatisfied dependency expressed through method 'healthEndpoint' parameter 0; nested exception is org.springframework.beans.factory.BeanCreationException: Error creating bean with name 'healthContributorRegistry' defined in class path resource [org/springframework/boot/actuate/autoconfigure/health/HealthEndpointConfiguration.class]: Bean instantiation via factory method failed; nested exception is org.springframework.beans.BeanInstantiationException: Failed to instantiate [org.springframework.boot.actuate.health.HealthContributorRegistry]: Factory method 'healthContributorRegistry' threw exception; nested exception is org.springframework.beans.factory.UnsatisfiedDependencyException: Error creating bean with name 'org.springframework.boot.actuate.autoconfigure.jdbc.DataSourceHealthContributorAutoConfiguration': Unsatisfied dependency expressed through constructor parameter 0; nested exception is org.springframework.beans.factory.BeanCreationException: Error creating bean with name 'dataSource' defined in class path resource [com/baomidou/dynamic/datasource/spring/boot/autoconfigure/DynamicDataSourceAutoConfiguration.class]: Invocation of init method failed; nested exception is com.baomidou.dynamic.datasource.exception.ErrorCreateDataSourceException: druid create error
2025-11-09 19:37:00.200  INFO 47918 --- [           main] o.apache.catalina.core.StandardService   : Stopping service [Tomcat]
2025-11-09 19:37:00.226  WARN 47918 --- [           main] o.a.c.loader.WebappClassLoaderBase       : The web application [ROOT] appears to have started a thread named [spring.cloud.inetutils] but has failed to stop it. This is very likely to create a memory leak. Stack trace of thread:
 java.base/jdk.internal.misc.Unsafe.park(Native Method)
 java.base/java.util.concurrent.locks.LockSupport.park(LockSupport.java:371)
 java.base/java.util.concurrent.locks.AbstractQueuedSynchronizer$ConditionNode.block(AbstractQueuedSynchronizer.java:519)
 java.base/java.util.concurrent.ForkJoinPool.unmanagedBlock(ForkJoinPool.java:3780)
 java.base/java.util.concurrent.ForkJoinPool.managedBlock(ForkJoinPool.java:3725)
 java.base/java.util.concurrent.locks.AbstractQueuedSynchronizer$ConditionObject.await(AbstractQueuedSynchronizer.java:1712)
 java.base/java.util.concurrent.LinkedBlockingQueue.take(LinkedBlockingQueue.java:435)
 java.base/java.util.concurrent.ThreadPoolExecutor.getTask(ThreadPoolExecutor.java:1070)
 java.base/java.util.concurrent.ThreadPoolExecutor.runWorker(ThreadPoolExecutor.java:1130)
 java.base/java.util.concurrent.ThreadPoolExecutor$Worker.run(ThreadPoolExecutor.java:642)
 java.base/java.lang.Thread.run(Thread.java:1583)
2025-11-09 19:37:00.227  WARN 47918 --- [           main] o.a.c.loader.WebappClassLoaderBase       : The web application [ROOT] appears to have started a thread named [lettuce-eventExecutorLoop-1-1] but has failed to stop it. This is very likely to create a memory leak. Stack trace of thread:
 java.base/jdk.internal.misc.Unsafe.park(Native Method)
 java.base/java.util.concurrent.locks.LockSupport.parkNanos(LockSupport.java:269)
 java.base/java.util.concurrent.locks.AbstractQueuedSynchronizer$ConditionObject.awaitNanos(AbstractQueuedSynchronizer.java:1763)
 java.base/java.util.concurrent.LinkedBlockingQueue.poll(LinkedBlockingQueue.java:460)
 io.netty.util.concurrent.SingleThreadEventExecutor.takeTask(SingleThreadEventExecutor.java:256)
 io.netty.util.concurrent.DefaultEventExecutor.run(DefaultEventExecutor.java:64)
 io.netty.util.concurrent.SingleThreadEventExecutor$4.run(SingleThreadEventExecutor.java:989)
 io.netty.util.internal.ThreadExecutorMap$2.run(ThreadExecutorMap.java:74)
 io.netty.util.concurrent.FastThreadLocalRunnable.run(FastThreadLocalRunnable.java:30)
 java.base/java.lang.Thread.run(Thread.java:1583)
2025-11-09 19:37:00.230  WARN 47918 --- [           main] o.a.c.loader.WebappClassLoaderBase       : The web application [ROOT] appears to have started a thread named [logback-1] but has failed to stop it. This is very likely to create a memory leak. Stack trace of thread:
 java.base/jdk.internal.misc.Unsafe.park(Native Method)
 java.base/java.util.concurrent.locks.LockSupport.park(LockSupport.java:371)
 java.base/java.util.concurrent.locks.AbstractQueuedSynchronizer$ConditionNode.block(AbstractQueuedSynchronizer.java:519)
 java.base/java.util.concurrent.ForkJoinPool.unmanagedBlock(ForkJoinPool.java:3780)
 java.base/java.util.concurrent.ForkJoinPool.managedBlock(ForkJoinPool.java:3725)
 java.base/java.util.concurrent.locks.AbstractQueuedSynchronizer$ConditionObject.await(AbstractQueuedSynchronizer.java:1712)
 java.base/java.util.concurrent.ScheduledThreadPoolExecutor$DelayedWorkQueue.take(ScheduledThreadPoolExecutor.java:1177)
 java.base/java.util.concurrent.ScheduledThreadPoolExecutor$DelayedWorkQueue.take(ScheduledThreadPoolExecutor.java:899)
 java.base/java.util.concurrent.ThreadPoolExecutor.getTask(ThreadPoolExecutor.java:1070)
 java.base/java.util.concurrent.ThreadPoolExecutor.runWorker(ThreadPoolExecutor.java:1130)
 java.base/java.util.concurrent.ThreadPoolExecutor$Worker.run(ThreadPoolExecutor.java:642)
 java.base/java.lang.Thread.run(Thread.java:1583)
2025-11-09 19:37:00.231  WARN 47918 --- [           main] o.a.c.loader.WebappClassLoaderBase       : The web application [ROOT] appears to have started a thread named [com.alibaba.nacos.naming.client.listener] but has failed to stop it. This is very likely to create a memory leak. Stack trace of thread:
 java.base/jdk.internal.misc.Unsafe.park(Native Method)
 java.base/java.util.concurrent.locks.LockSupport.parkNanos(LockSupport.java:269)
 java.base/java.util.concurrent.locks.AbstractQueuedSynchronizer$ConditionObject.awaitNanos(AbstractQueuedSynchronizer.java:1763)
 java.base/java.util.concurrent.LinkedBlockingQueue.poll(LinkedBlockingQueue.java:460)
 com.alibaba.nacos.client.naming.core.EventDispatcher$Notifier.run(EventDispatcher.java:118)
 java.base/java.util.concurrent.ThreadPoolExecutor.runWorker(ThreadPoolExecutor.java:1144)
 java.base/java.util.concurrent.ThreadPoolExecutor$Worker.run(ThreadPoolExecutor.java:642)
 java.base/java.lang.Thread.run(Thread.java:1583)
2025-11-09 19:37:00.231  WARN 47918 --- [           main] o.a.c.loader.WebappClassLoaderBase       : The web application [ROOT] appears to have started a thread named [com.alibaba.nacos.client.naming.updater] but has failed to stop it. This is very likely to create a memory leak. Stack trace of thread:
 java.base/sun.nio.ch.Net.poll(Native Method)
 java.base/sun.nio.ch.NioSocketImpl.park(NioSocketImpl.java:191)
 java.base/sun.nio.ch.NioSocketImpl.timedFinishConnect(NioSocketImpl.java:548)
 java.base/sun.nio.ch.NioSocketImpl.connect(NioSocketImpl.java:592)
 java.base/java.net.Socket.connect(Socket.java:751)
 java.base/sun.net.NetworkClient.doConnect(NetworkClient.java:178)
 java.base/sun.net.www.http.HttpClient.openServer(HttpClient.java:531)
 java.base/sun.net.www.http.HttpClient.openServer(HttpClient.java:636)
 java.base/sun.net.www.http.HttpClient.<init>(HttpClient.java:282)
 java.base/sun.net.www.http.HttpClient.New(HttpClient.java:386)
 java.base/sun.net.www.http.HttpClient.New(HttpClient.java:408)
 java.base/sun.net.www.protocol.http.HttpURLConnection.getNewHttpClient(HttpURLConnection.java:1320)
 java.base/sun.net.www.protocol.http.HttpURLConnection.plainConnect0(HttpURLConnection.java:1253)
 java.base/sun.net.www.protocol.http.HttpURLConnection.plainConnect(HttpURLConnection.java:1139)
 java.base/sun.net.www.protocol.http.HttpURLConnection.connect(HttpURLConnection.java:1068)
 java.base/sun.net.www.protocol.http.HttpURLConnection.getOutputStream0(HttpURLConnection.java:1462)
 java.base/sun.net.www.protocol.http.HttpURLConnection.getOutputStream(HttpURLConnection.java:1433)
 com.alibaba.nacos.client.naming.net.HttpClient.request(HttpClient.java:82)
 com.alibaba.nacos.client.security.SecurityProxy.login(SecurityProxy.java:121)
 com.alibaba.nacos.client.security.SecurityProxy.login(SecurityProxy.java:98)
 com.alibaba.nacos.client.naming.net.NamingProxy$3.run(NamingProxy.java:128)
 java.base/java.util.concurrent.Executors$RunnableAdapter.call(Executors.java:572)
 java.base/java.util.concurrent.FutureTask.runAndReset(FutureTask.java:358)
 java.base/java.util.concurrent.ScheduledThreadPoolExecutor$ScheduledFutureTask.run(ScheduledThreadPoolExecutor.java:305)
 java.base/java.util.concurrent.ThreadPoolExecutor.runWorker(ThreadPoolExecutor.java:1144)
 java.base/java.util.concurrent.ThreadPoolExecutor$Worker.run(ThreadPoolExecutor.java:642)
 java.base/java.lang.Thread.run(Thread.java:1583)
2025-11-09 19:37:00.231  WARN 47918 --- [           main] o.a.c.loader.WebappClassLoaderBase       : The web application [ROOT] appears to have started a thread named [com.alibaba.nacos.client.naming.updater] but has failed to stop it. This is very likely to create a memory leak. Stack trace of thread:
 java.base/jdk.internal.misc.Unsafe.park(Native Method)
 java.base/java.util.concurrent.locks.LockSupport.parkNanos(LockSupport.java:269)
 java.base/java.util.concurrent.locks.AbstractQueuedSynchronizer$ConditionObject.awaitNanos(AbstractQueuedSynchronizer.java:1763)
 java.base/java.util.concurrent.ScheduledThreadPoolExecutor$DelayedWorkQueue.take(ScheduledThreadPoolExecutor.java:1182)
 java.base/java.util.concurrent.ScheduledThreadPoolExecutor$DelayedWorkQueue.take(ScheduledThreadPoolExecutor.java:899)
 java.base/java.util.concurrent.ThreadPoolExecutor.getTask(ThreadPoolExecutor.java:1070)
 java.base/java.util.concurrent.ThreadPoolExecutor.runWorker(ThreadPoolExecutor.java:1130)
 java.base/java.util.concurrent.ThreadPoolExecutor$Worker.run(ThreadPoolExecutor.java:642)
 java.base/java.lang.Thread.run(Thread.java:1583)
2025-11-09 19:37:00.231  WARN 47918 --- [           main] o.a.c.loader.WebappClassLoaderBase       : The web application [ROOT] appears to have started a thread named [com.alibaba.nacos.naming.failover] but has failed to stop it. This is very likely to create a memory leak. Stack trace of thread:
 java.base/jdk.internal.misc.Unsafe.park(Native Method)
 java.base/java.util.concurrent.locks.LockSupport.parkNanos(LockSupport.java:269)
 java.base/java.util.concurrent.locks.AbstractQueuedSynchronizer$ConditionObject.awaitNanos(AbstractQueuedSynchronizer.java:1763)
 java.base/java.util.concurrent.ScheduledThreadPoolExecutor$DelayedWorkQueue.take(ScheduledThreadPoolExecutor.java:1182)
 java.base/java.util.concurrent.ScheduledThreadPoolExecutor$DelayedWorkQueue.take(ScheduledThreadPoolExecutor.java:899)
 java.base/java.util.concurrent.ThreadPoolExecutor.getTask(ThreadPoolExecutor.java:1070)
 java.base/java.util.concurrent.ThreadPoolExecutor.runWorker(ThreadPoolExecutor.java:1130)
 java.base/java.util.concurrent.ThreadPoolExecutor$Worker.run(ThreadPoolExecutor.java:642)
 java.base/java.lang.Thread.run(Thread.java:1583)
2025-11-09 19:37:00.232  WARN 47918 --- [           main] o.a.c.loader.WebappClassLoaderBase       : The web application [ROOT] appears to have started a thread named [com.alibaba.nacos.naming.push.receiver] but has failed to stop it. This is very likely to create a memory leak. Stack trace of thread:
 java.base/sun.nio.ch.DatagramChannelImpl.receive0(Native Method)
 java.base/sun.nio.ch.DatagramChannelImpl.receiveIntoNativeBuffer(DatagramChannelImpl.java:814)
 java.base/sun.nio.ch.DatagramChannelImpl.receive(DatagramChannelImpl.java:790)
 java.base/sun.nio.ch.DatagramChannelImpl.tryBlockingReceive(DatagramChannelImpl.java:751)
 java.base/sun.nio.ch.DatagramChannelImpl.blockingReceive(DatagramChannelImpl.java:692)
 java.base/sun.nio.ch.DatagramSocketAdaptor.receive(DatagramSocketAdaptor.java:204)
 java.base/java.net.DatagramSocket.receive(DatagramSocket.java:714)
 com.alibaba.nacos.client.naming.core.PushReceiver.run(PushReceiver.java:73)
 java.base/java.util.concurrent.Executors$RunnableAdapter.call(Executors.java:572)
 java.base/java.util.concurrent.FutureTask.run(FutureTask.java:317)
 java.base/java.util.concurrent.ScheduledThreadPoolExecutor$ScheduledFutureTask.run(ScheduledThreadPoolExecutor.java:304)
 java.base/java.util.concurrent.ThreadPoolExecutor.runWorker(ThreadPoolExecutor.java:1144)
 java.base/java.util.concurrent.ThreadPoolExecutor$Worker.run(ThreadPoolExecutor.java:642)
 java.base/java.lang.Thread.run(Thread.java:1583)
2025-11-09 19:37:00.233  WARN 47918 --- [           main] o.a.c.loader.WebappClassLoaderBase       : The web application [ROOT] appears to have started a thread named [logback-2] but has failed to stop it. This is very likely to create a memory leak. Stack trace of thread:
 java.base/jdk.internal.misc.Unsafe.park(Native Method)
 java.base/java.util.concurrent.locks.LockSupport.park(LockSupport.java:371)
 java.base/java.util.concurrent.locks.AbstractQueuedSynchronizer$ConditionNode.block(AbstractQueuedSynchronizer.java:519)
 java.base/java.util.concurrent.ForkJoinPool.unmanagedBlock(ForkJoinPool.java:3780)
 java.base/java.util.concurrent.ForkJoinPool.managedBlock(ForkJoinPool.java:3725)
 java.base/java.util.concurrent.locks.AbstractQueuedSynchronizer$ConditionObject.await(AbstractQueuedSynchronizer.java:1712)
 java.base/java.util.concurrent.ScheduledThreadPoolExecutor$DelayedWorkQueue.take(ScheduledThreadPoolExecutor.java:1177)
 java.base/java.util.concurrent.ScheduledThreadPoolExecutor$DelayedWorkQueue.take(ScheduledThreadPoolExecutor.java:899)
 java.base/java.util.concurrent.ThreadPoolExecutor.getTask(ThreadPoolExecutor.java:1070)
 java.base/java.util.concurrent.ThreadPoolExecutor.runWorker(ThreadPoolExecutor.java:1130)
 java.base/java.util.concurrent.ThreadPoolExecutor$Worker.run(ThreadPoolExecutor.java:642)
 java.base/java.lang.Thread.run(Thread.java:1583)
2025-11-09 19:37:00.233  WARN 47918 --- [           main] o.a.c.loader.WebappClassLoaderBase       : The web application [ROOT] appears to have started a thread named [logback-3] but has failed to stop it. This is very likely to create a memory leak. Stack trace of thread:
 java.base/jdk.internal.misc.Unsafe.park(Native Method)
 java.base/java.util.concurrent.locks.LockSupport.parkNanos(LockSupport.java:269)
 java.base/java.util.concurrent.locks.AbstractQueuedSynchronizer$ConditionObject.awaitNanos(AbstractQueuedSynchronizer.java:1763)
 java.base/java.util.concurrent.ScheduledThreadPoolExecutor$DelayedWorkQueue.take(ScheduledThreadPoolExecutor.java:1182)
 java.base/java.util.concurrent.ScheduledThreadPoolExecutor$DelayedWorkQueue.take(ScheduledThreadPoolExecutor.java:899)
 java.base/java.util.concurrent.ThreadPoolExecutor.getTask(ThreadPoolExecutor.java:1070)
 java.base/java.util.concurrent.ThreadPoolExecutor.runWorker(ThreadPoolExecutor.java:1130)
 java.base/java.util.concurrent.ThreadPoolExecutor$Worker.run(ThreadPoolExecutor.java:642)
 java.base/java.lang.Thread.run(Thread.java:1583)
2025-11-09 19:37:00.235  WARN 47918 --- [           main] o.a.c.loader.WebappClassLoaderBase       : The web application [ROOT] appears to have started a thread named [logback-4] but has failed to stop it. This is very likely to create a memory leak. Stack trace of thread:
 java.base/jdk.internal.misc.Unsafe.park(Native Method)
 java.base/java.util.concurrent.locks.LockSupport.park(LockSupport.java:371)
 java.base/java.util.concurrent.locks.AbstractQueuedSynchronizer$ConditionNode.block(AbstractQueuedSynchronizer.java:519)
 java.base/java.util.concurrent.ForkJoinPool.unmanagedBlock(ForkJoinPool.java:3780)
 java.base/java.util.concurrent.ForkJoinPool.managedBlock(ForkJoinPool.java:3725)
 java.base/java.util.concurrent.locks.AbstractQueuedSynchronizer$ConditionObject.await(AbstractQueuedSynchronizer.java:1712)
 java.base/java.util.concurrent.ScheduledThreadPoolExecutor$DelayedWorkQueue.take(ScheduledThreadPoolExecutor.java:1177)
 java.base/java.util.concurrent.ScheduledThreadPoolExecutor$DelayedWorkQueue.take(ScheduledThreadPoolExecutor.java:899)
 java.base/java.util.concurrent.ThreadPoolExecutor.getTask(ThreadPoolExecutor.java:1070)
 java.base/java.util.concurrent.ThreadPoolExecutor.runWorker(ThreadPoolExecutor.java:1130)
 java.base/java.util.concurrent.ThreadPoolExecutor$Worker.run(ThreadPoolExecutor.java:642)
 java.base/java.lang.Thread.run(Thread.java:1583)
2025-11-09 19:37:00.236  WARN 47918 --- [           main] o.a.c.loader.WebappClassLoaderBase       : The web application [ROOT] appears to have started a thread named [logback-5] but has failed to stop it. This is very likely to create a memory leak. Stack trace of thread:
 java.base/jdk.internal.misc.Unsafe.park(Native Method)
 java.base/java.util.concurrent.locks.LockSupport.park(LockSupport.java:371)
 java.base/java.util.concurrent.locks.AbstractQueuedSynchronizer$ConditionNode.block(AbstractQueuedSynchronizer.java:519)
 java.base/java.util.concurrent.ForkJoinPool.unmanagedBlock(ForkJoinPool.java:3780)
 java.base/java.util.concurrent.ForkJoinPool.managedBlock(ForkJoinPool.java:3725)
 java.base/java.util.concurrent.locks.AbstractQueuedSynchronizer$ConditionObject.await(AbstractQueuedSynchronizer.java:1712)
 java.base/java.util.concurrent.ScheduledThreadPoolExecutor$DelayedWorkQueue.take(ScheduledThreadPoolExecutor.java:1177)
 java.base/java.util.concurrent.ScheduledThreadPoolExecutor$DelayedWorkQueue.take(ScheduledThreadPoolExecutor.java:899)
 java.base/java.util.concurrent.ThreadPoolExecutor.getTask(ThreadPoolExecutor.java:1070)
 java.base/java.util.concurrent.ThreadPoolExecutor.runWorker(ThreadPoolExecutor.java:1130)
 java.base/java.util.concurrent.ThreadPoolExecutor$Worker.run(ThreadPoolExecutor.java:642)
 java.base/java.lang.Thread.run(Thread.java:1583)
2025-11-09 19:37:00.236  WARN 47918 --- [           main] o.a.c.loader.WebappClassLoaderBase       : The web application [ROOT] appears to have started a thread named [Druid-ConnectionPool-Create-1434932926] but has failed to stop it. This is very likely to create a memory leak. Stack trace of thread:
 java.base/sun.nio.ch.Net.connect0(Native Method)
 java.base/sun.nio.ch.Net.connect(Net.java:589)
 java.base/sun.nio.ch.Net.connect(Net.java:578)
 java.base/sun.nio.ch.NioSocketImpl.connect(NioSocketImpl.java:583)
 java.base/java.net.SocksSocketImpl.connect(SocksSocketImpl.java:327)
 java.base/java.net.Socket.connect(Socket.java:751)
 com.mysql.cj.protocol.StandardSocketFactory.connect(StandardSocketFactory.java:155)
 com.mysql.cj.protocol.a.NativeSocketConnection.connect(NativeSocketConnection.java:65)
 com.mysql.cj.NativeSession.connect(NativeSession.java:144)
 com.mysql.cj.jdbc.ConnectionImpl.connectOneTryOnly(ConnectionImpl.java:956)
 com.mysql.cj.jdbc.ConnectionImpl.createNewIO(ConnectionImpl.java:826)
 com.mysql.cj.jdbc.ConnectionImpl.<init>(ConnectionImpl.java:456)
 com.mysql.cj.jdbc.ConnectionImpl.getInstance(ConnectionImpl.java:246)
 com.mysql.cj.jdbc.NonRegisteringDriver.connect(NonRegisteringDriver.java:197)
 com.alibaba.druid.filter.FilterChainImpl.connection_connect(FilterChainImpl.java:156)
 com.alibaba.druid.filter.stat.StatFilter.connection_connect(StatFilter.java:218)
 com.alibaba.druid.filter.FilterChainImpl.connection_connect(FilterChainImpl.java:150)
 com.alibaba.druid.pool.DruidAbstractDataSource.createPhysicalConnection(DruidAbstractDataSource.java:1646)
 com.alibaba.druid.pool.DruidAbstractDataSource.createPhysicalConnection(DruidAbstractDataSource.java:1710)
 com.alibaba.druid.pool.DruidDataSource$CreateConnectionThread.run(DruidDataSource.java:2779)
2025-11-09 19:37:00.237  WARN 47918 --- [           main] o.a.c.loader.WebappClassLoaderBase       : The web application [ROOT] appears to have started a thread named [Druid-ConnectionPool-Destroy-1434932926] but has failed to stop it. This is very likely to create a memory leak. Stack trace of thread:
 java.base/java.lang.Thread.sleep0(Native Method)
 java.base/java.lang.Thread.sleep(Thread.java:509)
 com.alibaba.druid.pool.DruidDataSource$DestroyConnectionThread.run(DruidDataSource.java:2850)
2025-11-09 19:37:00.241  WARN 47918 --- [           main] ConfigServletWebServerApplicationContext : Exception encountered during context initialization - cancelling refresh attempt: org.springframework.context.ApplicationContextException: Unable to start web server; nested exception is org.springframework.boot.web.server.WebServerException: Unable to start embedded Tomcat
2025-11-09 19:37:00.373  INFO 47918 --- [           main] .c.NacosValueAnnotationBeanPostProcessor : class com.alibaba.nacos.spring.context.annotation.config.NacosValueAnnotationBeanPostProcessor was destroying!
2025-11-09 19:37:00.373  INFO 47918 --- [           main] AnnotationNacosInjectedBeanPostProcessor : class com.alibaba.nacos.spring.beans.factory.annotation.AnnotationNacosInjectedBeanPostProcessor was destroying!
2025-11-09 19:37:00.395  INFO 47918 --- [           main] ConditionEvaluationReportLoggingListener : 

Error starting ApplicationContext. To display the conditions report re-run your application with 'debug' enabled.
2025-11-09 19:37:00.401 ERROR 47918 --- [           main] o.s.boot.SpringApplication               : Application run failed

org.springframework.context.ApplicationContextException: Unable to start web server; nested exception is org.springframework.boot.web.server.WebServerException: Unable to start embedded Tomcat
	at org.springframework.boot.web.servlet.context.ServletWebServerApplicationContext.onRefresh(ServletWebServerApplicationContext.java:156) ~[spring-boot-2.2.5.RELEASE.jar!/:2.2.5.RELEASE]
	at org.springframework.context.support.AbstractApplicationContext.refresh(AbstractApplicationContext.java:544) ~[spring-context-5.2.4.RELEASE.jar!/:5.2.4.RELEASE]
	at org.springframework.boot.web.servlet.context.ServletWebServerApplicationContext.refresh(ServletWebServerApplicationContext.java:141) ~[spring-boot-2.2.5.RELEASE.jar!/:2.2.5.RELEASE]
	at org.springframework.boot.SpringApplication.refresh(SpringApplication.java:747) ~[spring-boot-2.2.5.RELEASE.jar!/:2.2.5.RELEASE]
	at org.springframework.boot.SpringApplication.refreshContext(SpringApplication.java:397) ~[spring-boot-2.2.5.RELEASE.jar!/:2.2.5.RELEASE]
	at org.springframework.boot.SpringApplication.run(SpringApplication.java:315) ~[spring-boot-2.2.5.RELEASE.jar!/:2.2.5.RELEASE]
	at org.springframework.boot.SpringApplication.run(SpringApplication.java:1226) ~[spring-boot-2.2.5.RELEASE.jar!/:2.2.5.RELEASE]
	at org.springframework.boot.SpringApplication.run(SpringApplication.java:1215) ~[spring-boot-2.2.5.RELEASE.jar!/:2.2.5.RELEASE]
	at com.fagp.petrel.cms.WebApplication.main(WebApplication.java:32) ~[classes!/:na]
	at java.base/jdk.internal.reflect.DirectMethodHandleAccessor.invoke(DirectMethodHandleAccessor.java:103) ~[na:na]
	at java.base/java.lang.reflect.Method.invoke(Method.java:580) ~[na:na]
	at org.springframework.boot.loader.MainMethodRunner.run(MainMethodRunner.java:48) ~[petrel-cms-web-1.0-SNAPSHOT.war:na]
	at org.springframework.boot.loader.Launcher.launch(Launcher.java:87) ~[petrel-cms-web-1.0-SNAPSHOT.war:na]
	at org.springframework.boot.loader.Launcher.launch(Launcher.java:51) ~[petrel-cms-web-1.0-SNAPSHOT.war:na]
	at org.springframework.boot.loader.WarLauncher.main(WarLauncher.java:58) ~[petrel-cms-web-1.0-SNAPSHOT.war:na]
Caused by: org.springframework.boot.web.server.WebServerException: Unable to start embedded Tomcat
	at org.springframework.boot.web.embedded.tomcat.TomcatWebServer.initialize(TomcatWebServer.java:126) ~[spring-boot-2.2.5.RELEASE.jar!/:2.2.5.RELEASE]
	at org.springframework.boot.web.embedded.tomcat.TomcatWebServer.<init>(TomcatWebServer.java:88) ~[spring-boot-2.2.5.RELEASE.jar!/:2.2.5.RELEASE]
	at org.springframework.boot.web.embedded.tomcat.TomcatServletWebServerFactory.getTomcatWebServer(TomcatServletWebServerFactory.java:438) ~[spring-boot-2.2.5.RELEASE.jar!/:2.2.5.RELEASE]
	at org.springframework.boot.web.embedded.tomcat.TomcatServletWebServerFactory.getWebServer(TomcatServletWebServerFactory.java:191) ~[spring-boot-2.2.5.RELEASE.jar!/:2.2.5.RELEASE]
	at org.springframework.boot.web.servlet.context.ServletWebServerApplicationContext.createWebServer(ServletWebServerApplicationContext.java:180) ~[spring-boot-2.2.5.RELEASE.jar!/:2.2.5.RELEASE]
	at org.springframework.boot.web.servlet.context.ServletWebServerApplicationContext.onRefresh(ServletWebServerApplicationContext.java:153) ~[spring-boot-2.2.5.RELEASE.jar!/:2.2.5.RELEASE]
	... 14 common frames omitted
Caused by: org.springframework.beans.factory.BeanCreationException: Error creating bean with name 'servletEndpointRegistrar' defined in class path resource [org/springframework/boot/actuate/autoconfigure/endpoint/web/ServletEndpointManagementContextConfiguration$WebMvcServletEndpointManagementContextConfiguration.class]: Bean instantiation via factory method failed; nested exception is org.springframework.beans.BeanInstantiationException: Failed to instantiate [org.springframework.boot.actuate.endpoint.web.ServletEndpointRegistrar]: Factory method 'servletEndpointRegistrar' threw exception; nested exception is org.springframework.beans.factory.UnsatisfiedDependencyException: Error creating bean with name 'healthEndpoint' defined in class path resource [org/springframework/boot/actuate/autoconfigure/health/HealthEndpointConfiguration.class]: Unsatisfied dependency expressed through method 'healthEndpoint' parameter 0; nested exception is org.springframework.beans.factory.BeanCreationException: Error creating bean with name 'healthContributorRegistry' defined in class path resource [org/springframework/boot/actuate/autoconfigure/health/HealthEndpointConfiguration.class]: Bean instantiation via factory method failed; nested exception is org.springframework.beans.BeanInstantiationException: Failed to instantiate [org.springframework.boot.actuate.health.HealthContributorRegistry]: Factory method 'healthContributorRegistry' threw exception; nested exception is org.springframework.beans.factory.UnsatisfiedDependencyException: Error creating bean with name 'org.springframework.boot.actuate.autoconfigure.jdbc.DataSourceHealthContributorAutoConfiguration': Unsatisfied dependency expressed through constructor parameter 0; nested exception is org.springframework.beans.factory.BeanCreationException: Error creating bean with name 'dataSource' defined in class path resource [com/baomidou/dynamic/datasource/spring/boot/autoconfigure/DynamicDataSourceAutoConfiguration.class]: Invocation of init method failed; nested exception is com.baomidou.dynamic.datasource.exception.ErrorCreateDataSourceException: druid create error
	at org.springframework.beans.factory.support.ConstructorResolver.instantiate(ConstructorResolver.java:656) ~[spring-beans-5.2.4.RELEASE.jar!/:5.2.4.RELEASE]
	at org.springframework.beans.factory.support.ConstructorResolver.instantiateUsingFactoryMethod(ConstructorResolver.java:636) ~[spring-beans-5.2.4.RELEASE.jar!/:5.2.4.RELEASE]
	at org.springframework.beans.factory.support.AbstractAutowireCapableBeanFactory.instantiateUsingFactoryMethod(AbstractAutowireCapableBeanFactory.java:1338) ~[spring-beans-5.2.4.RELEASE.jar!/:5.2.4.RELEASE]
	at org.springframework.beans.factory.support.AbstractAutowireCapableBeanFactory.createBeanInstance(AbstractAutowireCapableBeanFactory.java:1177) ~[spring-beans-5.2.4.RELEASE.jar!/:5.2.4.RELEASE]
	at org.springframework.beans.factory.support.AbstractAutowireCapableBeanFactory.doCreateBean(AbstractAutowireCapableBeanFactory.java:557) ~[spring-beans-5.2.4.RELEASE.jar!/:5.2.4.RELEASE]
	at org.springframework.beans.factory.support.AbstractAutowireCapableBeanFactory.createBean(AbstractAutowireCapableBeanFactory.java:517) ~[spring-beans-5.2.4.RELEASE.jar!/:5.2.4.RELEASE]
	at org.springframework.beans.factory.support.AbstractBeanFactory.lambda$doGetBean$0(AbstractBeanFactory.java:323) ~[spring-beans-5.2.4.RELEASE.jar!/:5.2.4.RELEASE]
	at org.springframework.beans.factory.support.DefaultSingletonBeanRegistry.getSingleton(DefaultSingletonBeanRegistry.java:222) ~[spring-beans-5.2.4.RELEASE.jar!/:5.2.4.RELEASE]
	at org.springframework.beans.factory.support.AbstractBeanFactory.doGetBean(AbstractBeanFactory.java:321) ~[spring-beans-5.2.4.RELEASE.jar!/:5.2.4.RELEASE]
	at org.springframework.beans.factory.support.AbstractBeanFactory.getBean(AbstractBeanFactory.java:207) ~[spring-beans-5.2.4.RELEASE.jar!/:5.2.4.RELEASE]
	at org.springframework.boot.web.servlet.ServletContextInitializerBeans.getOrderedBeansOfType(ServletContextInitializerBeans.java:211) ~[spring-boot-2.2.5.RELEASE.jar!/:2.2.5.RELEASE]
	at org.springframework.boot.web.servlet.ServletContextInitializerBeans.getOrderedBeansOfType(ServletContextInitializerBeans.java:202) ~[spring-boot-2.2.5.RELEASE.jar!/:2.2.5.RELEASE]
	at org.springframework.boot.web.servlet.ServletContextInitializerBeans.addServletContextInitializerBeans(ServletContextInitializerBeans.java:96) ~[spring-boot-2.2.5.RELEASE.jar!/:2.2.5.RELEASE]
	at org.springframework.boot.web.servlet.ServletContextInitializerBeans.<init>(ServletContextInitializerBeans.java:85) ~[spring-boot-2.2.5.RELEASE.jar!/:2.2.5.RELEASE]
	at org.springframework.boot.web.servlet.context.ServletWebServerApplicationContext.getServletContextInitializerBeans(ServletWebServerApplicationContext.java:253) ~[spring-boot-2.2.5.RELEASE.jar!/:2.2.5.RELEASE]
	at org.springframework.boot.web.servlet.context.ServletWebServerApplicationContext.selfInitialize(ServletWebServerApplicationContext.java:227) ~[spring-boot-2.2.5.RELEASE.jar!/:2.2.5.RELEASE]
	at org.springframework.boot.web.embedded.tomcat.TomcatStarter.onStartup(TomcatStarter.java:53) ~[spring-boot-2.2.5.RELEASE.jar!/:2.2.5.RELEASE]
	at org.apache.catalina.core.StandardContext.startInternal(StandardContext.java:5135) ~[tomcat-embed-core-9.0.31.jar!/:9.0.31]
	at org.apache.catalina.util.LifecycleBase.start(LifecycleBase.java:183) ~[tomcat-embed-core-9.0.31.jar!/:9.0.31]
	at org.apache.catalina.core.ContainerBase$StartChild.call(ContainerBase.java:1384) ~[tomcat-embed-core-9.0.31.jar!/:9.0.31]
	at org.apache.catalina.core.ContainerBase$StartChild.call(ContainerBase.java:1374) ~[tomcat-embed-core-9.0.31.jar!/:9.0.31]
	at java.base/java.util.concurrent.FutureTask.run(FutureTask.java:317) ~[na:na]
	at org.apache.tomcat.util.threads.InlineExecutorService.execute(InlineExecutorService.java:75) ~[tomcat-embed-core-9.0.31.jar!/:9.0.31]
	at java.base/java.util.concurrent.AbstractExecutorService.submit(AbstractExecutorService.java:145) ~[na:na]
	at org.apache.catalina.core.ContainerBase.startInternal(ContainerBase.java:909) ~[tomcat-embed-core-9.0.31.jar!/:9.0.31]
	at org.apache.catalina.core.StandardHost.startInternal(StandardHost.java:841) ~[tomcat-embed-core-9.0.31.jar!/:9.0.31]
	at org.apache.catalina.util.LifecycleBase.start(LifecycleBase.java:183) ~[tomcat-embed-core-9.0.31.jar!/:9.0.31]
	at org.apache.catalina.core.ContainerBase$StartChild.call(ContainerBase.java:1384) ~[tomcat-embed-core-9.0.31.jar!/:9.0.31]
	at org.apache.catalina.core.ContainerBase$StartChild.call(ContainerBase.java:1374) ~[tomcat-embed-core-9.0.31.jar!/:9.0.31]
	at java.base/java.util.concurrent.FutureTask.run(FutureTask.java:317) ~[na:na]
	at org.apache.tomcat.util.threads.InlineExecutorService.execute(InlineExecutorService.java:75) ~[tomcat-embed-core-9.0.31.jar!/:9.0.31]
	at java.base/java.util.concurrent.AbstractExecutorService.submit(AbstractExecutorService.java:145) ~[na:na]
	at org.apache.catalina.core.ContainerBase.startInternal(ContainerBase.java:909) ~[tomcat-embed-core-9.0.31.jar!/:9.0.31]
	at org.apache.catalina.core.StandardEngine.startInternal(StandardEngine.java:262) ~[tomcat-embed-core-9.0.31.jar!/:9.0.31]
	at org.apache.catalina.util.LifecycleBase.start(LifecycleBase.java:183) ~[tomcat-embed-core-9.0.31.jar!/:9.0.31]
	at org.apache.catalina.core.StandardService.startInternal(StandardService.java:421) ~[tomcat-embed-core-9.0.31.jar!/:9.0.31]
	at org.apache.catalina.util.LifecycleBase.start(LifecycleBase.java:183) ~[tomcat-embed-core-9.0.31.jar!/:9.0.31]
	at org.apache.catalina.core.StandardServer.startInternal(StandardServer.java:930) ~[tomcat-embed-core-9.0.31.jar!/:9.0.31]
	at org.apache.catalina.util.LifecycleBase.start(LifecycleBase.java:183) ~[tomcat-embed-core-9.0.31.jar!/:9.0.31]
	at org.apache.catalina.startup.Tomcat.start(Tomcat.java:467) ~[tomcat-embed-core-9.0.31.jar!/:9.0.31]
	at org.springframework.boot.web.embedded.tomcat.TomcatWebServer.initialize(TomcatWebServer.java:107) ~[spring-boot-2.2.5.RELEASE.jar!/:2.2.5.RELEASE]
	... 19 common frames omitted
Caused by: org.springframework.beans.BeanInstantiationException: Failed to instantiate [org.springframework.boot.actuate.endpoint.web.ServletEndpointRegistrar]: Factory method 'servletEndpointRegistrar' threw exception; nested exception is org.springframework.beans.factory.UnsatisfiedDependencyException: Error creating bean with name 'healthEndpoint' defined in class path resource [org/springframework/boot/actuate/autoconfigure/health/HealthEndpointConfiguration.class]: Unsatisfied dependency expressed through method 'healthEndpoint' parameter 0; nested exception is org.springframework.beans.factory.BeanCreationException: Error creating bean with name 'healthContributorRegistry' defined in class path resource [org/springframework/boot/actuate/autoconfigure/health/HealthEndpointConfiguration.class]: Bean instantiation via factory method failed; nested exception is org.springframework.beans.BeanInstantiationException: Failed to instantiate [org.springframework.boot.actuate.health.HealthContributorRegistry]: Factory method 'healthContributorRegistry' threw exception; nested exception is org.springframework.beans.factory.UnsatisfiedDependencyException: Error creating bean with name 'org.springframework.boot.actuate.autoconfigure.jdbc.DataSourceHealthContributorAutoConfiguration': Unsatisfied dependency expressed through constructor parameter 0; nested exception is org.springframework.beans.factory.BeanCreationException: Error creating bean with name 'dataSource' defined in class path resource [com/baomidou/dynamic/datasource/spring/boot/autoconfigure/DynamicDataSourceAutoConfiguration.class]: Invocation of init method failed; nested exception is com.baomidou.dynamic.datasource.exception.ErrorCreateDataSourceException: druid create error
	at org.springframework.beans.factory.support.SimpleInstantiationStrategy.instantiate(SimpleInstantiationStrategy.java:185) ~[spring-beans-5.2.4.RELEASE.jar!/:5.2.4.RELEASE]
	at org.springframework.beans.factory.support.ConstructorResolver.instantiate(ConstructorResolver.java:651) ~[spring-beans-5.2.4.RELEASE.jar!/:5.2.4.RELEASE]
	... 59 common frames omitted
Caused by: org.springframework.beans.factory.UnsatisfiedDependencyException: Error creating bean with name 'healthEndpoint' defined in class path resource [org/springframework/boot/actuate/autoconfigure/health/HealthEndpointConfiguration.class]: Unsatisfied dependency expressed through method 'healthEndpoint' parameter 0; nested exception is org.springframework.beans.factory.BeanCreationException: Error creating bean with name 'healthContributorRegistry' defined in class path resource [org/springframework/boot/actuate/autoconfigure/health/HealthEndpointConfiguration.class]: Bean instantiation via factory method failed; nested exception is org.springframework.beans.BeanInstantiationException: Failed to instantiate [org.springframework.boot.actuate.health.HealthContributorRegistry]: Factory method 'healthContributorRegistry' threw exception; nested exception is org.springframework.beans.factory.UnsatisfiedDependencyException: Error creating bean with name 'org.springframework.boot.actuate.autoconfigure.jdbc.DataSourceHealthContributorAutoConfiguration': Unsatisfied dependency expressed through constructor parameter 0; nested exception is org.springframework.beans.factory.BeanCreationException: Error creating bean with name 'dataSource' defined in class path resource [com/baomidou/dynamic/datasource/spring/boot/autoconfigure/DynamicDataSourceAutoConfiguration.class]: Invocation of init method failed; nested exception is com.baomidou.dynamic.datasource.exception.ErrorCreateDataSourceException: druid create error
	at org.springframework.beans.factory.support.ConstructorResolver.createArgumentArray(ConstructorResolver.java:798) ~[spring-beans-5.2.4.RELEASE.jar!/:5.2.4.RELEASE]
	at org.springframework.beans.factory.support.ConstructorResolver.instantiateUsingFactoryMethod(ConstructorResolver.java:539) ~[spring-beans-5.2.4.RELEASE.jar!/:5.2.4.RELEASE]
	at org.springframework.beans.factory.support.AbstractAutowireCapableBeanFactory.instantiateUsingFactoryMethod(AbstractAutowireCapableBeanFactory.java:1338) ~[spring-beans-5.2.4.RELEASE.jar!/:5.2.4.RELEASE]
	at org.springframework.beans.factory.support.AbstractAutowireCapableBeanFactory.createBeanInstance(AbstractAutowireCapableBeanFactory.java:1177) ~[spring-beans-5.2.4.RELEASE.jar!/:5.2.4.RELEASE]
	at org.springframework.beans.factory.support.AbstractAutowireCapableBeanFactory.doCreateBean(AbstractAutowireCapableBeanFactory.java:557) ~[spring-beans-5.2.4.RELEASE.jar!/:5.2.4.RELEASE]
	at org.springframework.beans.factory.support.AbstractAutowireCapableBeanFactory.createBean(AbstractAutowireCapableBeanFactory.java:517) ~[spring-beans-5.2.4.RELEASE.jar!/:5.2.4.RELEASE]
	at org.springframework.beans.factory.support.AbstractBeanFactory.lambda$doGetBean$0(AbstractBeanFactory.java:323) ~[spring-beans-5.2.4.RELEASE.jar!/:5.2.4.RELEASE]
	at org.springframework.beans.factory.support.DefaultSingletonBeanRegistry.getSingleton(DefaultSingletonBeanRegistry.java:222) ~[spring-beans-5.2.4.RELEASE.jar!/:5.2.4.RELEASE]
	at org.springframework.beans.factory.support.AbstractBeanFactory.doGetBean(AbstractBeanFactory.java:321) ~[spring-beans-5.2.4.RELEASE.jar!/:5.2.4.RELEASE]
	at org.springframework.beans.factory.support.AbstractBeanFactory.getBean(AbstractBeanFactory.java:202) ~[spring-beans-5.2.4.RELEASE.jar!/:5.2.4.RELEASE]
	at org.springframework.context.support.AbstractApplicationContext.getBean(AbstractApplicationContext.java:1108) ~[spring-context-5.2.4.RELEASE.jar!/:5.2.4.RELEASE]
	at org.springframework.boot.actuate.endpoint.annotation.EndpointDiscoverer.createEndpointBean(EndpointDiscoverer.java:143) ~[spring-boot-actuator-2.2.5.RELEASE.jar!/:2.2.5.RELEASE]
	at org.springframework.boot.actuate.endpoint.annotation.EndpointDiscoverer.createEndpointBeans(EndpointDiscoverer.java:133) ~[spring-boot-actuator-2.2.5.RELEASE.jar!/:2.2.5.RELEASE]
	at org.springframework.boot.actuate.endpoint.annotation.EndpointDiscoverer.discoverEndpoints(EndpointDiscoverer.java:122) ~[spring-boot-actuator-2.2.5.RELEASE.jar!/:2.2.5.RELEASE]
	at org.springframework.boot.actuate.endpoint.annotation.EndpointDiscoverer.getEndpoints(EndpointDiscoverer.java:116) ~[spring-boot-actuator-2.2.5.RELEASE.jar!/:2.2.5.RELEASE]
	at org.springframework.boot.actuate.autoconfigure.endpoint.web.ServletEndpointManagementContextConfiguration$WebMvcServletEndpointManagementContextConfiguration.servletEndpointRegistrar(ServletEndpointManagementContextConfiguration.java:65) ~[spring-boot-actuator-autoconfigure-2.2.5.RELEASE.jar!/:2.2.5.RELEASE]
	at java.base/jdk.internal.reflect.DirectMethodHandleAccessor.invoke(DirectMethodHandleAccessor.java:103) ~[na:na]
	at java.base/java.lang.reflect.Method.invoke(Method.java:580) ~[na:na]
	at org.springframework.beans.factory.support.SimpleInstantiationStrategy.instantiate(SimpleInstantiationStrategy.java:154) ~[spring-beans-5.2.4.RELEASE.jar!/:5.2.4.RELEASE]
	... 60 common frames omitted
Caused by: org.springframework.beans.factory.BeanCreationException: Error creating bean with name 'healthContributorRegistry' defined in class path resource [org/springframework/boot/actuate/autoconfigure/health/HealthEndpointConfiguration.class]: Bean instantiation via factory method failed; nested exception is org.springframework.beans.BeanInstantiationException: Failed to instantiate [org.springframework.boot.actuate.health.HealthContributorRegistry]: Factory method 'healthContributorRegistry' threw exception; nested exception is org.springframework.beans.factory.UnsatisfiedDependencyException: Error creating bean with name 'org.springframework.boot.actuate.autoconfigure.jdbc.DataSourceHealthContributorAutoConfiguration': Unsatisfied dependency expressed through constructor parameter 0; nested exception is org.springframework.beans.factory.BeanCreationException: Error creating bean with name 'dataSource' defined in class path resource [com/baomidou/dynamic/datasource/spring/boot/autoconfigure/DynamicDataSourceAutoConfiguration.class]: Invocation of init method failed; nested exception is com.baomidou.dynamic.datasource.exception.ErrorCreateDataSourceException: druid create error
	at org.springframework.beans.factory.support.ConstructorResolver.instantiate(ConstructorResolver.java:656) ~[spring-beans-5.2.4.RELEASE.jar!/:5.2.4.RELEASE]
	at org.springframework.beans.factory.support.ConstructorResolver.instantiateUsingFactoryMethod(ConstructorResolver.java:636) ~[spring-beans-5.2.4.RELEASE.jar!/:5.2.4.RELEASE]
	at org.springframework.beans.factory.support.AbstractAutowireCapableBeanFactory.instantiateUsingFactoryMethod(AbstractAutowireCapableBeanFactory.java:1338) ~[spring-beans-5.2.4.RELEASE.jar!/:5.2.4.RELEASE]
	at org.springframework.beans.factory.support.AbstractAutowireCapableBeanFactory.createBeanInstance(AbstractAutowireCapableBeanFactory.java:1177) ~[spring-beans-5.2.4.RELEASE.jar!/:5.2.4.RELEASE]
	at org.springframework.beans.factory.support.AbstractAutowireCapableBeanFactory.doCreateBean(AbstractAutowireCapableBeanFactory.java:557) ~[spring-beans-5.2.4.RELEASE.jar!/:5.2.4.RELEASE]
	at org.springframework.beans.factory.support.AbstractAutowireCapableBeanFactory.createBean(AbstractAutowireCapableBeanFactory.java:517) ~[spring-beans-5.2.4.RELEASE.jar!/:5.2.4.RELEASE]
	at org.springframework.beans.factory.support.AbstractBeanFactory.lambda$doGetBean$0(AbstractBeanFactory.java:323) ~[spring-beans-5.2.4.RELEASE.jar!/:5.2.4.RELEASE]
	at org.springframework.beans.factory.support.DefaultSingletonBeanRegistry.getSingleton(DefaultSingletonBeanRegistry.java:222) ~[spring-beans-5.2.4.RELEASE.jar!/:5.2.4.RELEASE]
	at org.springframework.beans.factory.support.AbstractBeanFactory.doGetBean(AbstractBeanFactory.java:321) ~[spring-beans-5.2.4.RELEASE.jar!/:5.2.4.RELEASE]
	at org.springframework.beans.factory.support.AbstractBeanFactory.getBean(AbstractBeanFactory.java:202) ~[spring-beans-5.2.4.RELEASE.jar!/:5.2.4.RELEASE]
	at org.springframework.beans.factory.config.DependencyDescriptor.resolveCandidate(DependencyDescriptor.java:276) ~[spring-beans-5.2.4.RELEASE.jar!/:5.2.4.RELEASE]
	at org.springframework.beans.factory.support.DefaultListableBeanFactory.doResolveDependency(DefaultListableBeanFactory.java:1287) ~[spring-beans-5.2.4.RELEASE.jar!/:5.2.4.RELEASE]
	at org.springframework.beans.factory.support.DefaultListableBeanFactory.resolveDependency(DefaultListableBeanFactory.java:1207) ~[spring-beans-5.2.4.RELEASE.jar!/:5.2.4.RELEASE]
	at org.springframework.beans.factory.support.ConstructorResolver.resolveAutowiredArgument(ConstructorResolver.java:885) ~[spring-beans-5.2.4.RELEASE.jar!/:5.2.4.RELEASE]
	at org.springframework.beans.factory.support.ConstructorResolver.createArgumentArray(ConstructorResolver.java:789) ~[spring-beans-5.2.4.RELEASE.jar!/:5.2.4.RELEASE]
	... 78 common frames omitted
Caused by: org.springframework.beans.BeanInstantiationException: Failed to instantiate [org.springframework.boot.actuate.health.HealthContributorRegistry]: Factory method 'healthContributorRegistry' threw exception; nested exception is org.springframework.beans.factory.UnsatisfiedDependencyException: Error creating bean with name 'org.springframework.boot.actuate.autoconfigure.jdbc.DataSourceHealthContributorAutoConfiguration': Unsatisfied dependency expressed through constructor parameter 0; nested exception is org.springframework.beans.factory.BeanCreationException: Error creating bean with name 'dataSource' defined in class path resource [com/baomidou/dynamic/datasource/spring/boot/autoconfigure/DynamicDataSourceAutoConfiguration.class]: Invocation of init method failed; nested exception is com.baomidou.dynamic.datasource.exception.ErrorCreateDataSourceException: druid create error
	at org.springframework.beans.factory.support.SimpleInstantiationStrategy.instantiate(SimpleInstantiationStrategy.java:185) ~[spring-beans-5.2.4.RELEASE.jar!/:5.2.4.RELEASE]
	at org.springframework.beans.factory.support.ConstructorResolver.instantiate(ConstructorResolver.java:651) ~[spring-beans-5.2.4.RELEASE.jar!/:5.2.4.RELEASE]
	... 92 common frames omitted
Caused by: org.springframework.beans.factory.UnsatisfiedDependencyException: Error creating bean with name 'org.springframework.boot.actuate.autoconfigure.jdbc.DataSourceHealthContributorAutoConfiguration': Unsatisfied dependency expressed through constructor parameter 0; nested exception is org.springframework.beans.factory.BeanCreationException: Error creating bean with name 'dataSource' defined in class path resource [com/baomidou/dynamic/datasource/spring/boot/autoconfigure/DynamicDataSourceAutoConfiguration.class]: Invocation of init method failed; nested exception is com.baomidou.dynamic.datasource.exception.ErrorCreateDataSourceException: druid create error
	at org.springframework.beans.factory.support.ConstructorResolver.createArgumentArray(ConstructorResolver.java:798) ~[spring-beans-5.2.4.RELEASE.jar!/:5.2.4.RELEASE]
	at org.springframework.beans.factory.support.ConstructorResolver.autowireConstructor(ConstructorResolver.java:228) ~[spring-beans-5.2.4.RELEASE.jar!/:5.2.4.RELEASE]
	at org.springframework.beans.factory.support.AbstractAutowireCapableBeanFactory.autowireConstructor(AbstractAutowireCapableBeanFactory.java:1358) ~[spring-beans-5.2.4.RELEASE.jar!/:5.2.4.RELEASE]
	at org.springframework.beans.factory.support.AbstractAutowireCapableBeanFactory.createBeanInstance(AbstractAutowireCapableBeanFactory.java:1204) ~[spring-beans-5.2.4.RELEASE.jar!/:5.2.4.RELEASE]
	at org.springframework.beans.factory.support.AbstractAutowireCapableBeanFactory.doCreateBean(AbstractAutowireCapableBeanFactory.java:557) ~[spring-beans-5.2.4.RELEASE.jar!/:5.2.4.RELEASE]
	at org.springframework.beans.factory.support.AbstractAutowireCapableBeanFactory.createBean(AbstractAutowireCapableBeanFactory.java:517) ~[spring-beans-5.2.4.RELEASE.jar!/:5.2.4.RELEASE]
	at org.springframework.beans.factory.support.AbstractBeanFactory.lambda$doGetBean$0(AbstractBeanFactory.java:323) ~[spring-beans-5.2.4.RELEASE.jar!/:5.2.4.RELEASE]
	at org.springframework.beans.factory.support.DefaultSingletonBeanRegistry.getSingleton(DefaultSingletonBeanRegistry.java:222) ~[spring-beans-5.2.4.RELEASE.jar!/:5.2.4.RELEASE]
	at org.springframework.beans.factory.support.AbstractBeanFactory.doGetBean(AbstractBeanFactory.java:321) ~[spring-beans-5.2.4.RELEASE.jar!/:5.2.4.RELEASE]
	at org.springframework.beans.factory.support.AbstractBeanFactory.getBean(AbstractBeanFactory.java:202) ~[spring-beans-5.2.4.RELEASE.jar!/:5.2.4.RELEASE]
	at org.springframework.beans.factory.support.ConstructorResolver.instantiateUsingFactoryMethod(ConstructorResolver.java:409) ~[spring-beans-5.2.4.RELEASE.jar!/:5.2.4.RELEASE]
	at org.springframework.beans.factory.support.AbstractAutowireCapableBeanFactory.instantiateUsingFactoryMethod(AbstractAutowireCapableBeanFactory.java:1338) ~[spring-beans-5.2.4.RELEASE.jar!/:5.2.4.RELEASE]
	at org.springframework.beans.factory.support.AbstractAutowireCapableBeanFactory.createBeanInstance(AbstractAutowireCapableBeanFactory.java:1177) ~[spring-beans-5.2.4.RELEASE.jar!/:5.2.4.RELEASE]
	at org.springframework.beans.factory.support.AbstractAutowireCapableBeanFactory.doCreateBean(AbstractAutowireCapableBeanFactory.java:557) ~[spring-beans-5.2.4.RELEASE.jar!/:5.2.4.RELEASE]
	at org.springframework.beans.factory.support.AbstractAutowireCapableBeanFactory.createBean(AbstractAutowireCapableBeanFactory.java:517) ~[spring-beans-5.2.4.RELEASE.jar!/:5.2.4.RELEASE]
	at org.springframework.beans.factory.support.AbstractBeanFactory.lambda$doGetBean$0(AbstractBeanFactory.java:323) ~[spring-beans-5.2.4.RELEASE.jar!/:5.2.4.RELEASE]
	at org.springframework.beans.factory.support.DefaultSingletonBeanRegistry.getSingleton(DefaultSingletonBeanRegistry.java:222) ~[spring-beans-5.2.4.RELEASE.jar!/:5.2.4.RELEASE]
	at org.springframework.beans.factory.support.AbstractBeanFactory.doGetBean(AbstractBeanFactory.java:321) ~[spring-beans-5.2.4.RELEASE.jar!/:5.2.4.RELEASE]
	at org.springframework.beans.factory.support.AbstractBeanFactory.getBean(AbstractBeanFactory.java:202) ~[spring-beans-5.2.4.RELEASE.jar!/:5.2.4.RELEASE]
	at org.springframework.beans.factory.support.DefaultListableBeanFactory.getBeansOfType(DefaultListableBeanFactory.java:617) ~[spring-beans-5.2.4.RELEASE.jar!/:5.2.4.RELEASE]
	at org.springframework.beans.factory.support.DefaultListableBeanFactory.getBeansOfType(DefaultListableBeanFactory.java:605) ~[spring-beans-5.2.4.RELEASE.jar!/:5.2.4.RELEASE]
	at org.springframework.context.support.AbstractApplicationContext.getBeansOfType(AbstractApplicationContext.java:1242) ~[spring-context-5.2.4.RELEASE.jar!/:5.2.4.RELEASE]
	at org.springframework.boot.actuate.autoconfigure.health.HealthEndpointConfiguration.healthContributorRegistry(HealthEndpointConfiguration.java:78) ~[spring-boot-actuator-autoconfigure-2.2.5.RELEASE.jar!/:2.2.5.RELEASE]
	at java.base/jdk.internal.reflect.DirectMethodHandleAccessor.invoke(DirectMethodHandleAccessor.java:103) ~[na:na]
	at java.base/java.lang.reflect.Method.invoke(Method.java:580) ~[na:na]
	at org.springframework.beans.factory.support.SimpleInstantiationStrategy.instantiate(SimpleInstantiationStrategy.java:154) ~[spring-beans-5.2.4.RELEASE.jar!/:5.2.4.RELEASE]
	... 93 common frames omitted
Caused by: org.springframework.beans.factory.BeanCreationException: Error creating bean with name 'dataSource' defined in class path resource [com/baomidou/dynamic/datasource/spring/boot/autoconfigure/DynamicDataSourceAutoConfiguration.class]: Invocation of init method failed; nested exception is com.baomidou.dynamic.datasource.exception.ErrorCreateDataSourceException: druid create error
	at org.springframework.beans.factory.support.AbstractAutowireCapableBeanFactory.initializeBean(AbstractAutowireCapableBeanFactory.java:1796) ~[spring-beans-5.2.4.RELEASE.jar!/:5.2.4.RELEASE]
	at org.springframework.beans.factory.support.AbstractAutowireCapableBeanFactory.doCreateBean(AbstractAutowireCapableBeanFactory.java:595) ~[spring-beans-5.2.4.RELEASE.jar!/:5.2.4.RELEASE]
	at org.springframework.beans.factory.support.AbstractAutowireCapableBeanFactory.createBean(AbstractAutowireCapableBeanFactory.java:517) ~[spring-beans-5.2.4.RELEASE.jar!/:5.2.4.RELEASE]
	at org.springframework.beans.factory.support.AbstractBeanFactory.lambda$doGetBean$0(AbstractBeanFactory.java:323) ~[spring-beans-5.2.4.RELEASE.jar!/:5.2.4.RELEASE]
	at org.springframework.beans.factory.support.DefaultSingletonBeanRegistry.getSingleton(DefaultSingletonBeanRegistry.java:222) ~[spring-beans-5.2.4.RELEASE.jar!/:5.2.4.RELEASE]
	at org.springframework.beans.factory.support.AbstractBeanFactory.doGetBean(AbstractBeanFactory.java:321) ~[spring-beans-5.2.4.RELEASE.jar!/:5.2.4.RELEASE]
	at org.springframework.beans.factory.support.AbstractBeanFactory.getBean(AbstractBeanFactory.java:202) ~[spring-beans-5.2.4.RELEASE.jar!/:5.2.4.RELEASE]
	at org.springframework.beans.factory.config.DependencyDescriptor.resolveCandidate(DependencyDescriptor.java:276) ~[spring-beans-5.2.4.RELEASE.jar!/:5.2.4.RELEASE]
	at org.springframework.beans.factory.support.DefaultListableBeanFactory.addCandidateEntry(DefaultListableBeanFactory.java:1503) ~[spring-beans-5.2.4.RELEASE.jar!/:5.2.4.RELEASE]
	at org.springframework.beans.factory.support.DefaultListableBeanFactory.findAutowireCandidates(DefaultListableBeanFactory.java:1467) ~[spring-beans-5.2.4.RELEASE.jar!/:5.2.4.RELEASE]
	at org.springframework.beans.factory.support.DefaultListableBeanFactory.resolveMultipleBeans(DefaultListableBeanFactory.java:1386) ~[spring-beans-5.2.4.RELEASE.jar!/:5.2.4.RELEASE]
	at org.springframework.beans.factory.support.DefaultListableBeanFactory.doResolveDependency(DefaultListableBeanFactory.java:1245) ~[spring-beans-5.2.4.RELEASE.jar!/:5.2.4.RELEASE]
	at org.springframework.beans.factory.support.DefaultListableBeanFactory.resolveDependency(DefaultListableBeanFactory.java:1207) ~[spring-beans-5.2.4.RELEASE.jar!/:5.2.4.RELEASE]
	at org.springframework.beans.factory.support.ConstructorResolver.resolveAutowiredArgument(ConstructorResolver.java:885) ~[spring-beans-5.2.4.RELEASE.jar!/:5.2.4.RELEASE]
	at org.springframework.beans.factory.support.ConstructorResolver.createArgumentArray(ConstructorResolver.java:789) ~[spring-beans-5.2.4.RELEASE.jar!/:5.2.4.RELEASE]
	... 118 common frames omitted
Caused by: com.baomidou.dynamic.datasource.exception.ErrorCreateDataSourceException: druid create error
	at com.baomidou.dynamic.datasource.creator.DruidDataSourceCreator.createDataSource(DruidDataSourceCreator.java:160) ~[dynamic-datasource-spring-boot-starter-3.2.1.jar!/:3.2.1]
	at com.baomidou.dynamic.datasource.creator.DataSourceCreator.createDruidDataSource(DataSourceCreator.java:174) ~[dynamic-datasource-spring-boot-starter-3.2.1.jar!/:3.2.1]
	at com.baomidou.dynamic.datasource.creator.DataSourceCreator.createDataSource(DataSourceCreator.java:90) ~[dynamic-datasource-spring-boot-starter-3.2.1.jar!/:3.2.1]
	at com.baomidou.dynamic.datasource.provider.AbstractDataSourceProvider.createDataSourceMap(AbstractDataSourceProvider.java:45) ~[dynamic-datasource-spring-boot-starter-3.2.1.jar!/:3.2.1]
	at com.baomidou.dynamic.datasource.provider.YmlDynamicDataSourceProvider.loadDataSources(YmlDynamicDataSourceProvider.java:43) ~[dynamic-datasource-spring-boot-starter-3.2.1.jar!/:3.2.1]
	at com.baomidou.dynamic.datasource.DynamicRoutingDataSource.afterPropertiesSet(DynamicRoutingDataSource.java:229) ~[dynamic-datasource-spring-boot-starter-3.2.1.jar!/:3.2.1]
	at org.springframework.beans.factory.support.AbstractAutowireCapableBeanFactory.invokeInitMethods(AbstractAutowireCapableBeanFactory.java:1855) ~[spring-beans-5.2.4.RELEASE.jar!/:5.2.4.RELEASE]
	at org.springframework.beans.factory.support.AbstractAutowireCapableBeanFactory.initializeBean(AbstractAutowireCapableBeanFactory.java:1792) ~[spring-beans-5.2.4.RELEASE.jar!/:5.2.4.RELEASE]
	... 132 common frames omitted
Caused by: com.mysql.cj.jdbc.exceptions.CommunicationsException: Communications link failure

The last packet sent successfully to the server was 0 milliseconds ago. The driver has not received any packets from the server.
	at com.mysql.cj.jdbc.exceptions.SQLError.createCommunicationsException(SQLError.java:174) ~[mysql-connector-java-8.0.19.jar!/:8.0.19]
	at com.mysql.cj.jdbc.exceptions.SQLExceptionsMapping.translateException(SQLExceptionsMapping.java:64) ~[mysql-connector-java-8.0.19.jar!/:8.0.19]
	at com.mysql.cj.jdbc.ConnectionImpl.createNewIO(ConnectionImpl.java:836) ~[mysql-connector-java-8.0.19.jar!/:8.0.19]
	at com.mysql.cj.jdbc.ConnectionImpl.<init>(ConnectionImpl.java:456) ~[mysql-connector-java-8.0.19.jar!/:8.0.19]
	at com.mysql.cj.jdbc.ConnectionImpl.getInstance(ConnectionImpl.java:246) ~[mysql-connector-java-8.0.19.jar!/:8.0.19]
	at com.mysql.cj.jdbc.NonRegisteringDriver.connect(NonRegisteringDriver.java:197) ~[mysql-connector-java-8.0.19.jar!/:8.0.19]
	at com.alibaba.druid.filter.FilterChainImpl.connection_connect(FilterChainImpl.java:156) ~[druid-1.1.22.jar!/:1.1.22]
	at com.alibaba.druid.filter.stat.StatFilter.connection_connect(StatFilter.java:218) ~[druid-1.1.22.jar!/:1.1.22]
	at com.alibaba.druid.filter.FilterChainImpl.connection_connect(FilterChainImpl.java:150) ~[druid-1.1.22.jar!/:1.1.22]
	at com.alibaba.druid.pool.DruidAbstractDataSource.createPhysicalConnection(DruidAbstractDataSource.java:1646) ~[druid-1.1.22.jar!/:1.1.22]
	at com.alibaba.druid.pool.DruidAbstractDataSource.createPhysicalConnection(DruidAbstractDataSource.java:1710) ~[druid-1.1.22.jar!/:1.1.22]
	at com.alibaba.druid.pool.DruidDataSource.init(DruidDataSource.java:923) ~[druid-1.1.22.jar!/:1.1.22]
	at com.baomidou.dynamic.datasource.creator.DruidDataSourceCreator.createDataSource(DruidDataSourceCreator.java:158) ~[dynamic-datasource-spring-boot-starter-3.2.1.jar!/:3.2.1]
	... 139 common frames omitted
Caused by: com.mysql.cj.exceptions.CJCommunicationsException: Communications link failure

The last packet sent successfully to the server was 0 milliseconds ago. The driver has not received any packets from the server.
	at java.base/jdk.internal.reflect.DirectConstructorHandleAccessor.newInstance(DirectConstructorHandleAccessor.java:62) ~[na:na]
	at java.base/java.lang.reflect.Constructor.newInstanceWithCaller(Constructor.java:502) ~[na:na]
	at java.base/java.lang.reflect.Constructor.newInstance(Constructor.java:486) ~[na:na]
	at com.mysql.cj.exceptions.ExceptionFactory.createException(ExceptionFactory.java:61) ~[mysql-connector-java-8.0.19.jar!/:8.0.19]
	at com.mysql.cj.exceptions.ExceptionFactory.createException(ExceptionFactory.java:105) ~[mysql-connector-java-8.0.19.jar!/:8.0.19]
	at com.mysql.cj.exceptions.ExceptionFactory.createException(ExceptionFactory.java:151) ~[mysql-connector-java-8.0.19.jar!/:8.0.19]
	at com.mysql.cj.exceptions.ExceptionFactory.createCommunicationsException(ExceptionFactory.java:167) ~[mysql-connector-java-8.0.19.jar!/:8.0.19]
	at com.mysql.cj.protocol.a.NativeSocketConnection.connect(NativeSocketConnection.java:91) ~[mysql-connector-java-8.0.19.jar!/:8.0.19]
	at com.mysql.cj.NativeSession.connect(NativeSession.java:144) ~[mysql-connector-java-8.0.19.jar!/:8.0.19]
	at com.mysql.cj.jdbc.ConnectionImpl.connectOneTryOnly(ConnectionImpl.java:956) ~[mysql-connector-java-8.0.19.jar!/:8.0.19]
	at com.mysql.cj.jdbc.ConnectionImpl.createNewIO(ConnectionImpl.java:826) ~[mysql-connector-java-8.0.19.jar!/:8.0.19]
	... 149 common frames omitted
Caused by: java.net.ConnectException: Connection timed out
	at java.base/sun.nio.ch.Net.connect0(Native Method) ~[na:na]
	at java.base/sun.nio.ch.Net.connect(Net.java:589) ~[na:na]
	at java.base/sun.nio.ch.Net.connect(Net.java:578) ~[na:na]
	at java.base/sun.nio.ch.NioSocketImpl.connect(NioSocketImpl.java:583) ~[na:na]
	at java.base/java.net.SocksSocketImpl.connect(SocksSocketImpl.java:327) ~[na:na]
	at java.base/java.net.Socket.connect(Socket.java:751) ~[na:na]
	at com.mysql.cj.protocol.StandardSocketFactory.connect(StandardSocketFactory.java:155) ~[mysql-connector-java-8.0.19.jar!/:8.0.19]
	at com.mysql.cj.protocol.a.NativeSocketConnection.connect(NativeSocketConnection.java:65) ~[mysql-connector-java-8.0.19.jar!/:8.0.19]
	... 152 common frames omitted

